route,score,source
0-69-12-14-47-17-16-15-11-9-10-53-60-6-7-8-46-45-5-3-1-4-2-70-55-68-61-0,197.0464409374951,seed703_explore_guarded
0-69-52-12-14-47-17-16-15-11-9-10-53-60-6-7-8-46-45-5-3-1-4-2-55-70-61-68-0,216.12100722679534,seed704_explore_guarded
0-69-10-11-12-14-47-17-16-15-59-9-53-60-7-8-46-45-5-3-1-4-6-2-55-70-61-68-0,226.57676050641308,seed704_explore_lns_start2_random_best_rm20_tw8
0-69-57-11-15-16-17-47-14-12-10-9-53-60-6-7-8-46-5-1-3-45-4-2-70-55-68-61-0,231.62721836032966,seed703_explore_lns_start67_late_random_best_rm25_tw15
0-69-12-14-47-17-16-15-11-9-53-60-6-7-8-46-45-5-3-1-4-2-70-55-10-13-0,236.4838101670237,seed701_explore_guarded
0-61-68-69-57-52-10-11-15-12-14-47-17-16-9-53-60-6-7-8-46-5-3-1-45-4-2-70-55-0,244.89399975900915,seed701_explore_lns_start65_random_random_best_rm25_tw12
0-68-69-12-14-47-17-16-15-11-9-53-60-6-7-8-46-45-5-3-1-4-2-70-55-10-13-0,249.3058602885231,seed702_explore_guarded
0-69-12-14-47-17-16-15-11-9-10-53-60-6-7-8-46-45-5-3-1-4-2-55-70-61-68-52-57-65-0,252.29137685034905,seed603_lns_start62_random_regret_rm6_tw12_guarded
0-68-61-70-69-52-59-11-12-14-15-47-17-16-9-10-53-60-6-7-8-5-3-1-45-4-46-2-55-0,256.314768146479,seed701_explore_lns_start2_mixed_best_rm20_tw15
0-22-24-23-52-11-15-16-17-47-14-12-10-9-53-60-6-7-8-46-45-5-3-1-4-2-55-70-61-68-0,260.2130954541261,seed605_lns_start68_late_random_best_rm8_tw15_guarded
0-69-11-15-16-17-47-14-12-60-7-8-46-6-53-9-13-10-55-2-4-45-5-3-1-70-61-68-0,263.2722256986839,seed701_explore_guarded
0-52-57-23-10-11-15-12-14-47-17-16-9-53-60-7-8-5-3-1-45-4-46-6-2-55-70-68-0,266.1255625193427,seed605_lns_start68_late_random_best_rm8_tw15
0-69-23-11-15-16-17-47-14-12-10-9-53-60-6-7-8-46-45-5-3-1-4-2-55-70-61-68-0,268.1476911494236,seed605_lns_start72_late_best_rm6_tw10_guarded
0-69-10-11-14-47-17-16-15-9-53-60-6-7-8-46-45-5-3-1-4-2-55-12-13-59-58-52-0,269.88083366207184,seed605_lns_start30_late_regret_rm4_tw6_guarded
0-69-23-15-11-12-14-47-17-16-9-10-53-60-7-8-46-5-3-1-45-4-2-6-55-70-68-0,272.85225268400825,seed703_explore_lns_start2_mixed_best_rm15_tw12
0-69-11-47-17-16-15-9-53-7-46-45-8-6-60-14-12-55-1-5-3-4-2-70-61-68-0,273.18088297538776,seed702_explore_lns_start70_mixed_best_rm20_tw10
0-68-69-12-14-47-17-16-15-11-9-10-53-60-7-8-5-3-1-45-46-4-6-2-70-55-13-57-52-0,273.8721592072195,seed703_explore_lns_start67_late_best_rm20_tw15
0-69-12-14-47-17-16-15-11-9-53-60-6-7-8-46-45-5-3-1-4-2-70-55-10-13-52-68-61-0,275.44394854099664,seed702_explore_guarded
0-69-23-11-15-12-14-47-17-16-9-53-60-7-8-46-5-3-1-45-4-6-2-55-70-61-68-0,275.77267913028453,seed606_lns_start62_late_regret_rm8_tw12
0-12-14-47-17-16-15-11-10-52-57-23-9-53-60-6-7-8-46-45-5-3-1-4-2-55-70-61-68-0,276.99116407295804,seed602_lns_start62_late_best_rm8_tw6_guarded
0-69-12-14-47-17-16-15-11-9-53-60-2-8-7-6-46-45-5-3-1-4-70-68-55-10-13-59-0,277.3990412605774,seed701_explore_lns_start30_late_regret_rm20_tw15
0-66-65-52-57-23-59-11-15-16-17-47-14-12-10-9-53-60-6-7-8-46-45-5-3-1-4-2-55-70-61-68-0,279.6769899214175,seed602_lns_start2_mixed_random_best_rm8_tw15_guarded
0-68-69-12-14-47-17-16-15-11-9-10-53-60-6-7-8-46-45-1-3-5-4-2-70-55-57-58-52-0,281.3198022398613,seed701_explore_lns_start71_late_random_best_rm15_tw6
0-69-10-11-15-16-9-53-60-2-6-8-5-3-1-45-4-46-7-17-47-14-12-52-57-70-61-68-0,281.3198553571297,seed606_lns_start64_mixed_best_rm8_tw10
0-69-23-59-15-11-16-17-47-14-12-9-53-60-7-8-46-5-3-1-45-4-6-2-55-70-61-68-0,282.18782588467525,seed703_explore_lns_start2_late_random_best_rm20_tw8
0-69-23-11-15-16-47-17-14-12-9-10-53-2-46-8-5-3-1-45-4-6-7-60-70-61-68-0,283.1043144687181,seed702_explore_lns_start67_late_regret_rm10_tw10
0-69-10-11-12-14-47-17-16-15-52-57-9-53-60-7-8-46-6-55-2-4-45-5-3-1-70-68-61-54-0,284.1633279630573,seed704_explore_lns_start65_late_random_best_rm25_tw10
0-68-69-12-14-47-17-16-15-11-9-53-60-6-7-8-46-45-5-3-1-4-2-70-55-10-13-59-58-52-0,285.5794027225423,seed604_lns_start30_late_best_rm5_tw6_guarded
0-69-10-11-14-47-17-16-15-9-53-2-7-8-5-3-1-45-4-6-46-55-68-61-70-60-12-52-65-0,285.70997019918764,seed704_explore_lns_start63_random_best_rm20_tw6
0-69-23-11-15-16-17-47-14-12-10-9-53-60-6-7-8-46-45-5-3-1-4-2-55-70-68-61-54-0,286.8810879409606,seed602_lns_start64_late_random_best_rm6_tw6_guarded
0-69-10-11-14-47-17-16-15-9-53-7-8-5-3-1-45-46-70-55-2-4-6-60-12-13-52-57-0,287.1416983749659,seed704_explore_lns_start70_late_best_rm15_tw6
0-69-57-15-16-17-47-14-11-9-10-12-53-60-7-8-2-1-3-5-45-4-46-6-55-70-39-37-61-68-0,287.3501156872033,seed704_explore_lns_start70_late_regret_rm25_tw10
0-69-57-23-15-11-12-14-47-17-16-9-10-53-7-8-46-5-3-1-45-4-2-6-60-70-61-68-0,288.47729945525856,seed705_explore_lns_start64_late_regret_rm10_tw12
0-69-11-15-9-53-60-7-8-6-46-1-3-5-45-4-2-55-70-61-68-12-14-47-17-16-57-0,288.567372724772,seed703_explore_lns_start64_late_best_rm10_tw10
0-69-52-10-11-15-47-17-16-9-53-2-6-7-8-46-45-5-1-3-4-70-55-14-13-12-60-68-0,288.5970866603733,seed702_explore_lns_start69_late_best_rm15_tw12
0-69-11-15-16-17-47-14-10-9-53-60-6-7-8-46-45-5-3-1-4-2-55-57-13-12-70-68-0,289.8092147825944,seed702_explore_lns_start64_late_regret_rm20_tw10
0-68-70-69-11-14-47-17-16-15-9-53-60-7-8-46-5-45-3-1-4-2-6-12-10-13-59-58-0,292.8627439423326,seed701_explore_lns_start30_random_best_rm25_tw10
0-61-68-69-12-14-47-16-15-10-11-9-53-60-6-7-8-5-3-1-45-4-46-2-70-55-58-57-0,293.5003208359372,seed705_explore_lns_start64_late_best_rm15_tw8
0-69-11-15-16-17-47-14-12-60-6-46-45-8-7-53-9-59-13-10-55-2-4-5-3-1-70-61-68-0,295.00948963217985,seed705_explore_lns_start30_late_random_best_rm15_tw12
0-69-52-10-15-16-47-17-14-11-9-12-53-6-46-8-7-60-55-70-2-4-45-5-3-1-40-39-42-61-68-0,295.0274424814476,seed701_explore_lns_start66_mixed_regret_rm25_tw12
0-69-11-14-47-17-16-15-59-9-53-7-8-46-2-55-10-13-12-60-6-4-45-5-3-1-70-0,296.0050365474379,seed704_explore_lns_start64_mixed_best_rm25_tw8
0-68-61-70-69-10-11-14-47-17-16-15-9-53-60-7-8-46-55-2-1-3-5-45-4-6-52-57-0,296.65281004923094,seed703_explore_lns_start70_late_random_best_rm15_tw6
0-61-68-69-11-15-16-17-47-14-12-10-9-53-60-6-7-8-46-5-1-3-45-4-2-70-55-58-57-0,297.08650595619514,seed703_explore_lns_start68_mixed_best_rm20_tw8
0-61-68-69-11-15-16-17-47-14-12-9-53-60-6-7-8-5-1-3-45-46-4-2-70-55-58-52-0,297.6353626094524,seed701_explore_lns_start67_late_random_best_rm15_tw6
0-12-15-23-10-11-14-47-17-16-9-53-60-6-7-8-46-45-5-3-1-4-2-55-70-61-68-0,298.1680835606818,seed703_explore_lns_start30_late_best_rm15_tw8
0-69-12-11-47-14-17-16-15-9-53-60-7-8-46-45-5-3-1-4-6-2-70-55-10-13-57-68-61-0,298.2995121168888,seed702_explore_lns_start62_late_random_best_rm20_tw12
0-61-68-69-12-14-47-17-16-15-11-9-53-60-6-7-8-46-45-5-3-1-4-2-70-55-10-13-59-58-52-0,298.4618588352497,seed702_explore_guarded
0-69-23-11-15-16-17-47-14-12-10-9-53-60-6-7-8-46-45-5-3-1-4-2-55-70-61-68-65-66-0,298.50982802041665,seed602_lns_start68_random_random_best_rm4_tw6_guarded
0-69-10-11-15-16-17-47-14-12-9-53-60-7-8-6-46-45-5-3-1-4-2-55-70-61-68-52-58-57-0,299.1058191086696,seed703_explore_lns_start71_late_best_rm15_tw15
0-61-68-69-12-14-47-17-16-15-11-9-53-60-7-6-8-46-45-5-3-1-4-2-70-55-10-13-59-58-52-65-0,299.3182277005466,seed703_explore_guarded
0-56-64-66-65-69-12-15-17-47-14-11-23-9-10-53-60-6-7-8-46-45-5-3-1-4-2-55-0,299.7613295603634,seed701_explore_lns_start46_late_regret_rm25_tw6
0-69-10-11-12-14-15-47-17-16-9-53-60-7-8-46-45-1-3-5-4-6-2-55-70-61-68-52-58-0,300.8788822409769,seed702_explore_lns_start67_random_best_rm25_tw8
0-68-61-70-1-3-5-45-6-60-47-17-16-15-11-10-57-23-9-14-12-53-7-8-46-4-2-55-0,300.9159275338185,seed702_explore_lns_start64_late_best_rm15_tw8
0-23-59-11-15-14-47-17-16-9-10-12-53-60-7-8-6-55-2-46-5-45-3-1-4-70-61-68-0,301.43343598889095,seed601_lns_start2_late_best_rm8_tw15
0-68-69-12-14-47-17-16-11-15-9-53-60-6-7-8-46-5-3-1-45-4-2-70-55-10-13-58-57-52-0,301.8025281326282,seed703_explore_lns_start71_random_best_rm25_tw12
0-69-11-15-16-17-14-10-9-53-60-7-8-5-3-1-45-46-6-2-4-70-55-12-13-52-57-68-61-0,302.49023101280267,seed705_explore_lns_start68_late_random_best_rm15_tw10
0-69-12-11-16-15-17-47-14-9-53-60-6-46-8-7-2-1-3-5-45-4-70-68-55-10-13-59-58-0,303.18581931345324,seed702_explore_lns_start30_late_regret_rm20_tw8
0-69-52-11-14-47-17-15-9-53-60-7-8-6-55-12-10-13-46-4-1-3-5-45-2-70-61-68-0,304.0784910240578,seed701_explore_lns_start66_late_regret_rm25_tw10
0-69-12-14-47-17-16-15-11-9-53-60-6-7-8-46-45-5-3-1-4-2-70-55-10-13-59-58-68-61-0,304.18082837624706,seed603_lns_start30_random_regret_rm6_tw6_guarded
0-61-68-52-57-24-23-10-11-15-16-17-47-14-12-53-9-60-7-8-6-46-1-3-5-45-4-2-70-55-0,304.219544466266,seed702_explore_lns_start70_mixed_random_best_rm25_tw6
0-69-23-11-15-14-47-17-16-9-10-53-2-8-46-5-3-1-45-4-7-6-60-12-70-68-0,308.2289115961453,seed607_lns_start71_late_random_best_rm8_tw8
0-69-11-15-52-57-23-19-49-56-67-50-34-31-29-27-26-28-30-32-33-63-51-18-48-21-25-24-22-20-64-66-65-0,309.1806594551958,seed704_explore_lns_start11_late_regret_rm25_tw8
0-69-23-11-15-9-53-60-6-7-8-46-45-5-3-1-4-2-70-55-10-13-16-17-47-14-12-0,309.48760746408374,seed601_lns_start68_late_best_rm8_tw15_guarded
0-69-57-23-11-15-16-17-47-14-12-10-9-53-60-7-8-6-2-1-3-5-45-4-46-55-68-61-70-0,309.4944074534115,seed602_lns_start64_late_random_best_rm6_tw6
0-69-10-11-47-17-15-16-14-12-9-53-60-6-7-8-5-3-1-45-46-4-2-55-70-61-68-52-59-58-57-0,309.5167764341756,seed702_explore_lns_start67_mixed_best_rm25_tw10
0-54-61-68-69-10-11-12-14-47-17-16-15-9-53-60-7-6-8-46-5-1-3-45-4-2-70-55-52-58-57-0,309.88341318384744,seed701_explore_lns_start70_late_random_best_rm25_tw10
0-69-17-15-11-57-23-19-49-56-67-50-34-31-29-27-26-28-30-32-33-63-51-18-48-21-25-24-22-20-64-66-0,310.0300525662872,seed703_explore_lns_start13_mixed_regret_rm25_tw10
0-69-10-11-15-16-59-23-9-17-47-14-53-8-46-4-7-6-2-55-60-12-65-0,310.1990769512572,seed701_explore_lns_start26_late_best_rm20_tw8
0-61-70-68-69-10-11-14-47-17-16-15-9-53-6-8-46-2-1-3-5-45-4-7-60-12-13-58-57-52-65-0,310.7495508055525,seed703_explore_lns_start67_late_best_rm25_tw10
0-69-11-47-17-16-15-9-53-6-46-8-7-60-57-52-12-14-55-2-4-45-5-3-1-70-61-68-0,311.5844330029937,seed704_explore_lns_start63_mixed_best_rm20_tw6
0-69-11-15-52-57-23-48-18-51-67-50-34-31-29-27-26-28-30-32-33-63-49-19-21-25-24-22-20-64-56-66-0,311.65816834167515,seed608_lns_start1_random_best_rm4_tw6_guarded
0-69-12-14-16-15-17-47-11-9-10-53-60-2-46-8-7-6-55-65-57-52-13-59-58-25-22-20-64-0,311.8857058150214,seed701_explore_lns_start25_mixed_best_rm25_tw6
0-69-23-11-15-14-47-17-12-10-9-52-53-7-8-46-45-5-3-1-2-6-4-60-55-70-61-68-0,312.3802690606992,seed703_explore_lns_start71_late_regret_rm20_tw6
0-65-69-23-11-15-16-17-47-14-9-10-53-6-46-8-7-60-55-2-4-45-5-3-1-70-61-68-0,312.9424627132848,seed701_explore_lns_start2_mixed_random_best_rm25_tw6
0-69-11-15-57-24-23-49-20-56-67-50-34-31-29-27-26-28-30-32-33-63-51-19-25-21-48-18-22-64-66-65-0,313.1550926074412,seed701_explore_lns_start8_late_random_best_rm20_tw15
0-68-61-70-69-12-11-15-16-17-47-14-10-9-53-60-8-5-3-1-45-46-7-6-4-2-55-59-58-0,314.02977469808354,seed704_explore_lns_start30_late_best_rm10_tw6
0-69-11-15-52-23-24-56-67-50-34-31-29-27-26-28-30-32-33-63-51-20-22-49-19-18-48-21-25-64-66-65-0,314.8225181482075,seed703_explore_lns_start13_late_random_best_rm15_tw6
0-69-10-11-15-47-14-17-16-9-53-6-8-46-5-3-1-45-2-55-70-4-7-60-12-13-59-58-0,315.14412376645396,seed704_explore_lns_start30_random_best_rm15_tw10
0-65-66-56-64-52-12-14-15-16-17-47-11-10-57-23-59-9-53-60-6-7-8-46-45-5-3-1-4-2-70-55-0,315.34274671183084,seed703_explore_lns_start46_mixed_best_rm25_tw12
0-68-61-70-69-10-11-12-14-15-47-17-16-9-53-60-6-8-45-1-3-5-46-4-2-7-55-58-0,315.41090630707095,seed703_explore_lns_start66_mixed_best_rm25_tw15
0-52-69-23-11-15-16-17-47-14-12-10-9-53-60-6-7-8-46-45-5-3-1-2-4-55-70-61-68-0,315.4615736661565,seed705_explore_lns_start70_late_random_best_rm15_tw8
0-69-10-11-15-16-17-47-14-9-53-60-8-5-6-7-46-45-3-1-4-2-55-12-13-52-57-70-61-68-0,315.6635570449694,seed701_explore_lns_start64_late_best_rm20_tw12
0-69-12-14-47-17-16-15-11-9-53-60-7-8-45-5-3-1-70-61-68-55-6-46-4-2-52-58-57-0,316.1430944877897,seed702_explore_lns_start72_late_best_rm20_tw8
0-69-10-11-14-47-17-16-15-9-53-2-8-45-5-3-1-70-68-55-6-4-46-7-60-12-13-58-57-0,316.4135547810338,seed705_explore_lns_start65_random_best_rm25_tw10
0-69-47-15-11-23-24-22-64-56-67-50-34-31-29-27-26-28-30-32-33-63-51-20-49-19-18-48-21-25-57-66-65-0,317.4123508557783,seed705_explore_lns_start9_mixed_random_best_rm25_tw8
0-68-70-69-12-15-11-16-17-14-47-9-53-60-7-8-5-1-3-45-46-4-6-2-55-10-13-59-58-65-0,318.09923522251114,seed705_explore_lns_start30_late_best_rm25_tw15
0-69-52-59-11-15-16-9-10-53-6-8-7-46-1-3-5-45-4-2-60-14-17-47-13-12-70-68-61-54-0,319.36319506834,seed703_explore_lns_start2_random_random_best_rm25_tw8
0-69-12-11-47-17-16-15-9-53-60-7-8-46-45-5-3-1-55-68-70-2-4-6-14-10-13-58-52-0,319.54501248460514,seed704_explore_lns_start67_late_random_best_rm25_tw6
0-12-14-47-17-16-15-11-69-68-61-44-1-45-5-46-8-7-60-53-9-10-55-2-6-4-3-70-0,320.0571098618919,seed704_explore_lns_start65_late_random_best_rm15_tw12
0-69-11-15-14-12-70-44-1-3-5-8-7-60-53-9-16-17-47-6-46-45-4-2-55-68-61-0,320.10590811668214,seed704_explore_lns_start62_late_best_rm20_tw12
0-69-12-14-47-17-16-15-11-10-9-53-60-7-8-46-45-5-3-1-70-61-68-55-2-4-6-13-58-57-52-0,321.04696468447787,seed701_explore_lns_start63_late_regret_rm20_tw6
0-69-10-11-15-47-17-16-9-53-7-8-5-3-1-45-46-70-68-55-2-4-6-60-12-14-13-58-0,321.10010844698166,seed705_explore_lns_start69_mixed_best_rm25_tw15
0-69-14-17-15-11-57-23-24-56-67-50-34-31-29-27-26-28-30-32-33-63-51-20-22-49-19-18-48-21-25-64-66-65-0,321.10109857361584,seed704_explore_lns_start12_random_best_rm20_tw10
0-61-68-69-60-12-15-17-47-14-11-16-9-53-2-6-7-8-46-45-5-3-1-4-70-55-57-58-52-65-0,321.37243395658027,seed704_explore_lns_start72_late_best_rm25_tw6
0-54-69-14-11-12-47-17-16-15-9-53-60-6-7-8-46-4-2-55-10-13-59-58-25-57-52-65-0,321.3787211609134,seed608_lns_start25_random_best_rm8_tw8
0-69-12-15-16-17-47-14-11-9-53-6-8-46-45-5-3-1-61-68-70-2-4-7-60-10-13-58-57-52-0,322.37626330608117,seed701_explore_lns_start65_late_random_best_rm15_tw15
0-69-10-11-15-59-23-20-64-56-67-50-34-31-29-27-26-28-30-32-33-63-51-22-49-19-18-48-21-25-24-57-52-66-0,322.755889022693,seed701_explore_lns_start10_mixed_best_rm25_tw12
0-61-68-69-70-42-44-43-40-36-35-37-38-39-41-67-50-34-31-29-27-26-28-30-32-33-63-51-18-21-49-20-22-54-0,323.3249564844806,seed702_explore_lns_start46_mixed_best_rm20_tw6
0-68-61-70-1-3-2-69-57-23-15-11-12-14-47-17-9-10-53-60-8-46-5-45-4-7-6-55-0,323.4486220939784,seed702_explore_lns_start70_random_best_rm25_tw8
0-69-11-15-59-23-24-64-56-67-50-34-31-29-27-26-28-30-32-33-63-51-20-22-49-19-18-48-21-25-57-52-65-66-0,323.8689800024542,seed702_explore_lns_start11_late_best_rm25_tw10
0-69-10-11-15-59-23-24-64-56-67-50-34-31-29-27-26-28-30-32-33-63-51-20-22-49-19-18-48-21-25-57-52-65-66-0,324.1135097052041,seed703_explore_lns_start1_mixed_random_best_rm20_tw8
0-69-10-11-15-23-48-18-64-56-67-50-34-31-29-27-26-28-30-32-33-63-51-20-22-49-19-21-25-24-57-52-65-66-0,324.1157244754964,seed704_explore_lns_start7_random_best_rm25_tw6
0-69-12-14-15-11-23-59-9-53-60-6-7-8-46-45-5-3-1-4-2-55-10-13-16-17-47-0,324.49836676149226,seed701_explore_lns_start30_late_best_rm20_tw6
0-69-11-15-59-23-21-51-56-67-50-34-31-29-27-26-28-30-32-33-63-18-48-19-49-20-22-24-57-52-64-66-0,324.56006854997105,seed705_explore_lns_start1_late_random_best_rm10_tw6
0-69-57-15-17-47-14-11-9-53-60-7-8-46-5-3-1-45-70-61-68-55-10-13-6-4-2-0,324.71013608609064,seed704_explore_lns_start64_late_random_best_rm15_tw10
0-68-61-70-69-11-15-47-17-16-9-10-12-53-60-7-8-6-2-1-3-5-45-4-46-55-14-13-58-57-0,324.80841171129055,seed703_explore_lns_start71_mixed_random_best_rm25_tw6
0-52-23-10-11-15-16-9-53-60-6-7-8-5-1-3-45-46-4-2-70-55-17-47-14-12-68-61-0,324.95370205515917,seed603_lns_start62_late_random_best_rm8_tw8
0-65-64-57-23-52-16-15-11-12-14-47-17-10-9-53-60-7-8-5-6-55-1-3-45-4-46-2-70-61-68-0,325.30825995743214,seed704_explore_lns_start62_random_random_best_rm15_tw8
0-69-47-16-15-11-52-23-24-56-67-50-34-31-29-27-26-28-30-32-33-63-51-20-22-49-19-18-48-21-25-57-64-66-0,325.3924710925606,seed704_explore_lns_start18_random_random_best_rm25_tw10
0-68-69-23-59-15-11-9-53-60-6-7-8-46-45-5-3-1-4-2-70-55-10-13-16-17-47-14-12-0,325.4685385512718,seed703_explore_guarded
0-69-17-16-15-11-52-23-21-51-67-50-34-31-29-27-26-28-30-32-33-63-18-48-19-49-20-22-24-57-64-56-66-65-0,326.1186696495165,seed705_explore_lns_start1_mixed_best_rm20_tw12
0-69-11-15-16-59-23-24-64-56-67-50-34-31-29-27-26-28-30-32-33-63-51-20-22-49-19-18-48-21-25-57-52-65-66-0,326.689000548914,seed702_explore_lns_start7_mixed_best_rm20_tw15
0-69-10-11-14-47-17-16-15-9-53-60-7-8-46-45-5-3-1-2-55-68-61-70-4-6-12-13-58-57-52-65-0,327.571372003532,seed701_explore_lns_start69_late_regret_rm20_tw10
0-69-52-57-23-11-9-53-60-6-7-8-46-5-1-3-45-4-2-55-10-13-16-17-47-14-70-61-68-0,327.6852525105328,seed704_explore_lns_start62_late_regret_rm15_tw8
0-69-12-15-11-52-23-49-56-67-50-34-31-29-27-26-28-30-32-33-63-51-20-24-22-19-18-48-21-25-57-64-66-65-0,327.74611277527555,seed704_explore_lns_start12_random_best_rm20_tw6
0-61-68-69-23-11-15-16-17-47-14-12-10-9-53-60-6-7-8-46-45-5-3-1-4-2-70-55-52-57-65-0,327.8052296724697,seed608_lns_start62_mixed_best_rm6_tw8_guarded
0-69-10-15-11-14-12-9-53-60-6-8-46-45-5-3-1-70-61-68-55-2-4-7-47-17-16-13-58-52-0,327.81857182973533,seed704_explore_lns_start66_late_regret_rm20_tw6
0-69-10-11-14-17-16-15-9-53-7-8-5-46-6-45-3-1-70-55-2-4-60-12-13-57-68-61-0,327.90236525938167,seed703_explore_lns_start62_late_random_best_rm25_tw10
0-69-12-16-15-11-10-57-23-49-67-50-34-31-29-27-26-28-30-32-33-63-51-20-24-22-19-18-48-21-25-64-56-66-65-0,327.9347603662451,seed705_explore_lns_start0_random_random_best_rm20_tw6
0-54-41-39-37-35-36-40-43-42-61-68-69-10-11-15-16-9-53-60-6-7-8-5-1-3-45-46-4-2-70-55-12-17-47-14-0,328.19943770799046,seed602_lns_start57_late_regret_rm8_tw15
0-69-11-15-16-17-47-14-12-10-9-53-6-8-46-70-61-68-55-2-1-3-5-45-4-7-60-52-58-57-65-0,328.2751499655533,seed701_explore_lns_start69_late_best_rm25_tw8
0-69-68-61-54-41-42-44-43-40-36-35-37-38-39-70-1-3-5-45-8-7-6-46-4-2-55-60-12-13-16-17-47-14-10-59-58-52-0,328.479359320264,seed701_explore_lns_start15_late_random_best_rm25_tw12
0-68-61-70-2-69-57-23-11-15-16-17-47-14-12-9-53-60-7-8-6-46-45-5-3-1-4-55-0,329.0950498925632,seed602_lns_start68_late_regret_rm8_tw6
0-69-12-16-15-11-10-23-59-9-53-60-7-8-46-4-45-5-3-1-2-6-17-47-14-70-61-68-0,329.1760431537921,seed602_lns_start2_late_random_best_rm8_tw6
0-69-11-15-57-23-24-22-64-56-67-50-34-31-29-27-26-28-30-32-33-63-51-20-49-19-18-48-21-25-58-52-65-0,329.2452147783119,seed704_explore_lns_start0_late_random_best_rm20_tw15
0-69-10-11-15-59-23-21-51-56-67-50-34-31-29-27-26-28-30-32-33-63-18-48-19-49-20-22-24-57-52-64-66-65-0,329.654737262314,seed703_explore_lns_start1_mixed_best_rm15_tw8
0-69-14-47-17-16-15-11-59-9-12-53-6-8-46-45-5-3-70-61-68-55-13-10-60-2-4-7-0,330.04578777903134,seed701_explore_lns_start30_late_random_best_rm15_tw10
0-69-15-16-17-47-14-10-11-9-53-1-3-5-8-46-45-68-61-70-2-4-6-7-60-12-13-59-58-0,330.15964841560043,seed701_explore_lns_start30_random_best_rm20_tw10
0-66-64-56-62-67-54-44-39-38-37-35-36-40-43-42-41-50-34-31-29-27-26-28-30-32-33-63-51-20-22-49-19-18-48-21-25-24-57-65-0,330.33194990079744,seed601_lns_start30_mixed_regret_rm5_tw15_guarded
0-56-62-23-11-15-12-14-47-17-16-9-53-60-7-8-5-1-3-45-4-46-6-2-70-68-52-57-0,330.51301843485766,seed701_explore_lns_start66_late_regret_rm20_tw12
0-69-11-15-59-23-24-57-9-53-60-6-7-8-46-45-5-3-1-4-2-70-55-10-13-16-17-47-14-12-0,330.8520779325803,seed606_lns_start30_late_best_rm5_tw10_guarded
0-69-60-16-15-11-23-64-56-67-50-34-31-29-27-26-28-30-32-33-63-51-20-22-49-19-18-48-21-25-24-57-66-65-0,330.8547266972284,seed702_explore_lns_start1_random_random_best_rm25_tw8
0-68-61-70-60-69-57-23-11-15-14-47-17-16-9-10-53-7-8-46-5-3-1-45-4-2-6-55-0,330.8612240752822,seed606_lns_start70_late_random_best_rm8_tw6
0-69-12-14-15-16-17-11-9-53-2-6-8-46-45-5-3-1-70-68-55-4-7-60-47-10-13-59-58-57-52-0,330.90410226951985,seed704_explore_lns_start35_late_regret_rm25_tw8
0-69-10-11-15-14-47-17-16-9-53-60-46-8-7-6-2-70-68-55-1-3-5-45-4-12-13-58-57-52-65-0,330.93088024101047,seed702_explore_lns_start65_late_random_best_rm20_tw6
0-69-11-15-59-23-18-51-56-67-50-34-31-29-27-26-28-30-32-33-63-20-22-49-19-48-21-25-24-57-64-66-65-0,331.31448642580864,seed701_explore_lns_start13_late_random_best_rm15_tw15
0-61-68-69-23-52-15-11-14-47-17-16-9-53-60-6-7-8-46-5-3-1-45-4-2-70-55-12-0,331.4468488828574,seed603_lns_start63_late_random_best_rm8_tw6
0-52-57-23-59-11-15-47-17-16-10-9-14-12-53-7-8-46-55-1-3-5-45-4-2-6-60-70-61-68-0,332.42591420749915,seed602_lns_start2_mixed_random_best_rm8_tw15
0-56-64-20-49-19-21-23-48-18-51-62-67-50-34-31-29-27-26-28-30-32-33-63-57-52-13-59-58-25-24-22-66-0,333.2624038925509,seed604_lns_start58_mixed_random_best_rm5_tw15_guarded
0-69-23-11-15-14-47-17-16-9-53-60-7-8-5-3-1-45-4-46-6-2-70-68-12-10-52-57-0,333.3215503100986,seed601_lns_start68_late_best_rm8_tw10
0-69-23-11-15-9-53-60-6-7-8-46-45-5-3-1-4-2-55-10-13-16-17-47-14-12-70-61-68-0,333.45206794092854,seed702_explore_guarded
0-69-11-14-15-16-17-47-9-10-53-60-7-8-46-5-3-1-45-6-55-68-61-70-2-4-12-13-58-0,333.7384345801951,seed705_explore_lns_start30_mixed_random_best_rm20_tw12
0-69-11-10-15-16-14-53-9-47-17-8-46-45-5-3-1-70-55-2-4-7-6-60-12-13-58-57-0,333.76052855637477,seed701_explore_lns_start69_mixed_best_rm20_tw8
0-68-61-70-2-45-5-3-1-42-44-43-40-36-35-37-38-39-41-54-67-50-34-31-29-27-26-28-30-32-33-63-51-18-21-48-19-49-20-22-24-57-64-56-66-0,334.0496465674884,seed703_explore_lns_start26_late_regret_rm20_tw10
0-69-11-17-16-15-59-23-9-47-14-53-7-8-46-5-3-1-45-4-2-6-60-12-70-61-68-0,334.4679586792592,seed608_lns_start2_random_best_rm8_tw6
0-69-23-11-15-16-17-47-14-12-9-53-60-6-7-8-46-5-3-1-45-4-2-70-55-52-57-68-61-0,334.52149679445125,seed705_explore_lns_start67_random_random_best_rm20_tw12
0-69-57-23-15-11-9-53-60-6-7-8-46-45-5-3-1-4-2-55-10-13-16-17-47-14-12-70-61-68-0,334.5558440907584,seed705_explore_guarded
0-69-47-17-15-11-10-23-21-51-67-50-34-31-29-27-26-28-30-32-33-63-18-48-19-49-20-22-24-57-52-64-56-66-65-0,334.736665715389,seed702_explore_lns_start1_mixed_best_rm20_tw8
0-66-56-64-57-52-69-59-15-16-17-47-14-11-10-9-53-60-7-8-46-45-5-3-1-4-6-2-55-12-13-65-0,334.8161802035008,seed703_explore_lns_start46_mixed_best_rm20_tw15
0-69-11-15-16-23-57-52-9-10-53-60-6-8-2-45-5-3-1-4-46-7-17-47-14-12-70-61-68-0,334.98941038793765,seed608_lns_start63_mixed_best_rm8_tw15
0-10-12-14-15-11-57-23-59-16-47-17-9-53-6-7-8-46-5-3-1-45-4-2-55-60-70-61-68-0,335.1413669179898,seed607_lns_start2_mixed_random_best_rm8_tw10
0-12-14-47-17-69-10-11-15-16-59-23-9-53-60-6-7-8-46-5-3-1-45-4-2-55-70-61-68-0,335.76101295317494,seed603_lns_start2_mixed_regret_rm6_tw8
0-65-69-12-16-15-11-57-23-24-64-67-50-34-31-29-27-26-28-30-32-33-63-51-19-25-21-48-18-49-22-20-56-66-0,335.816578914827,seed705_explore_lns_start1_random_random_best_rm25_tw10
0-69-60-15-11-52-23-20-56-67-50-34-31-29-27-26-28-30-32-33-63-51-22-49-19-18-48-21-25-24-57-64-66-65-0,336.2680503611895,seed705_explore_lns_start1_mixed_regret_rm10_tw12
0-69-23-59-15-11-9-53-60-6-7-8-46-45-5-3-1-4-2-55-10-13-16-17-47-14-12-70-61-68-0,336.6109489066171,seed608_lns_start30_late_best_rm6_tw10_guarded
0-69-7-14-11-15-9-10-53-8-46-45-5-3-1-70-55-2-4-6-60-47-17-16-13-52-68-61-0,336.69996645467546,seed701_explore_lns_start67_late_random_best_rm20_tw8
0-69-23-11-15-14-47-17-16-9-52-53-7-8-46-5-3-1-45-4-2-6-60-12-10-70-61-68-0,336.73521708362443,seed601_lns_start68_late_regret_rm6_tw8
0-66-64-56-62-67-41-44-39-38-37-35-36-40-43-42-54-50-34-31-29-27-26-28-30-32-33-63-51-20-22-49-19-18-48-21-25-24-57-52-65-0,336.78818682639707,seed703_explore_lns_start30_late_regret_rm25_tw10
0-69-14-17-15-11-59-23-51-67-50-34-31-29-27-26-28-30-32-33-63-18-48-21-19-49-20-22-24-57-52-64-56-66-0,336.86565435891225,seed703_explore_lns_start55_random_random_best_rm20_tw15
0-69-11-15-52-23-24-22-64-56-67-50-34-31-29-27-26-28-30-32-33-63-51-20-49-19-18-48-21-25-58-57-66-65-0,336.89508578188304,seed703_explore_lns_start8_late_best_rm15_tw6
0-69-11-47-17-16-15-9-12-53-60-7-8-46-6-68-61-1-3-5-45-4-2-55-10-14-13-58-52-0,337.79379836993473,seed705_explore_lns_start69_late_random_best_rm20_tw15
0-69-11-15-16-59-57-23-21-67-50-34-31-29-27-26-28-30-32-33-63-51-18-48-19-49-25-24-22-20-64-56-66-65-0,337.82873933461576,seed701_explore_lns_start0_mixed_random_best_rm20_tw8
0-68-61-70-1-5-46-6-69-10-11-15-14-47-17-16-9-53-7-8-45-3-4-2-60-12-58-57-52-0,338.0794773511244,seed602_lns_start67_random_random_best_rm6_tw6
0-56-64-20-49-19-21-23-48-18-51-62-67-50-34-31-29-27-26-28-30-32-33-63-57-52-13-59-58-25-24-22-66-65-0,338.1125429021439,seed602_lns_start57_mixed_regret_rm5_tw15_guarded
0-35-39-61-68-69-12-14-17-47-16-15-11-59-9-10-53-60-6-7-8-5-45-4-2-55-1-3-46-70-0,338.52813782572645,seed702_explore_lns_start2_mixed_regret_rm15_tw8
0-35-36-61-68-69-10-11-12-14-17-16-15-9-47-53-6-7-8-5-1-3-45-4-46-2-70-55-60-52-0,339.10539393148605,seed702_explore_lns_start71_late_regret_rm25_tw12
0-69-11-15-16-23-57-52-9-60-8-2-53-12-14-47-17-7-6-46-4-45-5-3-1-70-61-68-0,339.674943348762,seed601_lns_start63_mixed_random_best_rm4_tw10
0-54-69-10-11-14-17-47-16-15-9-53-60-7-8-6-4-46-2-55-12-13-59-25-58-57-52-0,340.92349351274845,seed703_explore_lns_start26_late_best_rm25_tw12
0-70-1-3-5-45-6-69-12-15-11-14-47-17-16-9-53-60-7-8-46-2-4-55-10-13-58-52-0,341.07672445800347,seed701_explore_lns_start69_late_best_rm15_tw15
0-57-23-11-15-14-47-17-16-9-53-60-6-7-8-46-5-3-1-45-4-2-70-55-12-10-58-52-0,341.0820959970063,seed608_lns_start72_late_best_rm8_tw6
0-69-64-23-15-11-9-53-60-7-8-6-46-45-5-3-1-4-2-55-10-13-16-17-47-14-12-70-61-0,341.30920612535607,seed705_explore_lns_start2_late_random_best_rm25_tw10
0-69-24-23-15-11-16-9-10-53-60-7-8-46-45-5-3-1-4-2-55-12-14-47-17-6-70-61-68-0,341.354840293741,seed702_explore_lns_start2_mixed_regret_rm25_tw12
0-69-10-11-15-16-59-23-57-9-17-47-12-53-8-7-6-46-45-5-3-1-4-2-55-60-14-13-0,341.3803267548673,seed604_lns_start30_late_regret_rm5_tw6_guarded
0-54-41-39-37-36-40-43-42-61-68-69-10-11-15-16-9-53-60-6-8-46-2-55-70-1-3-5-45-4-7-17-47-14-12-0,341.5058567314809,seed705_explore_lns_start59_late_regret_rm15_tw12
0-68-69-23-11-15-16-17-47-14-9-53-2-46-8-5-3-1-45-4-6-7-60-12-13-59-58-52-0,341.9816716008857,seed603_lns_start68_late_regret_rm8_tw8_guarded
0-69-60-12-15-11-52-23-24-67-50-34-31-29-27-26-28-30-32-33-63-51-20-22-49-19-18-48-21-25-57-64-56-66-65-0,342.01171709478115,seed704_explore_lns_start9_random_best_rm20_tw8
0-69-11-15-16-23-21-57-52-9-60-8-2-53-12-14-47-17-7-6-46-4-45-5-3-1-70-61-68-0,342.4949638952218,seed601_lns_start62_mixed_random_best_rm6_tw10
0-69-12-14-47-17-11-15-52-57-59-9-10-53-60-6-8-5-3-1-45-46-4-2-55-13-16-7-70-68-0,342.7092376423803,seed704_explore_lns_start34_late_random_best_rm25_tw8
0-69-60-17-15-11-10-23-51-67-50-34-31-29-27-26-28-30-32-33-63-56-64-20-25-21-48-18-19-49-22-24-57-65-0,343.17703982530725,seed705_explore_lns_start13_mixed_random_best_rm25_tw8
0-61-68-69-23-11-15-16-17-47-14-12-9-10-53-60-8-2-6-7-46-1-3-5-45-4-70-55-52-57-0,343.4037173051314,seed601_lns_start72_late_random_best_rm8_tw8
0-69-68-44-15-11-14-47-17-16-9-53-6-7-8-46-45-5-3-1-4-2-70-55-10-13-12-60-0,343.5473611797819,seed705_explore_lns_start2_late_best_rm15_tw6
0-68-69-23-11-15-16-17-47-14-9-53-6-7-8-46-4-45-5-3-1-2-60-12-10-58-57-52-0,343.5751489496031,seed603_lns_start63_late_random_best_rm8_tw8_guarded
0-68-69-10-11-15-16-17-12-9-53-60-7-8-46-6-61-70-1-3-5-45-4-2-55-47-13-59-58-0,343.81702060505665,seed705_explore_lns_start30_late_random_best_rm25_tw15
0-69-60-12-47-15-11-23-56-67-50-34-31-29-27-26-28-30-32-33-63-51-18-48-19-49-21-25-24-22-20-57-64-66-0,344.20710120155394,seed703_explore_lns_start11_random_best_rm25_tw10
0-69-11-15-59-23-24-22-64-56-67-50-34-31-29-27-26-28-30-32-33-63-51-20-49-19-18-48-21-25-58-52-57-66-65-0,345.1611714950455,seed703_explore_lns_start8_late_regret_rm25_tw6
0-69-11-15-59-23-24-56-67-50-34-31-29-27-26-28-30-32-33-63-51-20-22-49-19-18-48-21-25-58-57-64-66-65-0,345.58435553895714,seed702_explore_lns_start18_late_random_best_rm15_tw12
0-69-23-11-15-16-9-14-12-53-60-8-46-5-1-3-45-4-2-55-10-13-17-47-7-6-68-0,345.61088308481277,seed703_explore_lns_start2_late_regret_rm15_tw10
0-66-23-10-11-15-59-9-53-60-7-8-6-2-46-5-3-45-4-61-55-13-16-17-47-14-12-0,345.75496366830976,seed704_explore_lns_start2_mixed_best_rm25_tw8
0-56-51-63-33-32-30-28-26-27-29-31-34-50-62-67-23-59-9-10-13-52-57-24-25-21-48-18-19-49-20-22-64-66-0,346.52883370472335,seed701_explore_lns_start21_late_best_rm20_tw10
0-56-64-18-48-19-49-22-24-57-52-65-69-11-15-16-17-47-14-12-10-9-53-60-7-8-46-6-2-4-45-5-3-1-42-36-35-37-39-41-54-61-68-0,346.8320991122782,seed701_explore_lns_start56_mixed_random_best_rm25_tw12
0-69-10-11-15-52-57-23-49-56-67-50-34-31-29-27-26-28-30-32-33-63-51-20-22-24-19-18-48-21-25-58-64-66-65-0,347.1336005858639,seed701_explore_lns_start14_mixed_random_best_rm25_tw6
0-23-59-11-15-16-17-47-14-9-53-1-3-46-8-5-45-4-7-6-2-55-13-12-60-70-61-68-0,347.1393298453905,seed703_explore_lns_start30_late_best_rm15_tw10
0-69-11-12-14-47-17-16-15-59-9-53-6-7-8-46-45-5-3-1-70-61-55-2-4-60-10-13-58-52-65-0,347.3844515143127,seed704_explore_lns_start30_random_best_rm25_tw8
0-69-12-11-15-14-47-17-16-59-9-53-8-55-10-13-60-46-4-45-5-3-1-7-6-2-70-68-61-54-0,347.434038132125,seed705_explore_lns_start2_late_regret_rm20_tw8
0-69-14-15-11-10-52-57-23-59-9-53-2-46-8-5-3-1-45-4-6-7-60-47-17-16-13-12-70-61-68-0,347.505490415205,seed703_explore_lns_start30_mixed_best_rm20_tw15
0-69-57-23-15-11-14-47-17-9-53-7-8-46-1-3-5-45-4-6-2-55-10-13-12-60-70-61-68-0,347.5934087896942,seed704_explore_lns_start72_mixed_best_rm20_tw15
0-69-12-17-15-11-10-23-20-56-67-50-34-31-28-26-27-29-30-32-33-63-51-22-49-19-18-48-21-25-24-57-52-64-66-65-0,347.92133071200936,seed703_explore_lns_start0_random_regret_rm25_tw10
0-66-64-56-62-67-54-44-39-38-37-35-36-40-43-42-41-50-34-31-29-27-26-28-30-32-33-63-51-20-22-49-19-18-48-21-25-58-65-0,347.9450474989075,seed701_explore_guarded
0-69-11-15-59-23-24-57-9-53-60-7-8-46-6-2-1-3-5-45-4-70-68-55-10-13-16-17-47-14-12-0,347.9939203314282,seed704_explore_guarded
0-66-56-64-57-52-69-12-14-47-17-16-15-11-9-53-60-6-7-8-46-45-5-3-1-4-2-55-10-13-25-24-22-65-0,348.129081505968,seed704_explore_lns_start46_mixed_random_best_rm25_tw15
0-66-64-56-62-67-54-44-39-38-37-35-36-40-43-42-41-50-34-31-29-27-26-28-30-32-33-63-51-20-22-49-19-18-48-21-25-58-52-65-0,348.39235014299646,seed601_lns_start30_late_best_rm3_tw12_guarded
0-69-11-15-59-23-24-57-52-9-53-60-7-8-46-6-2-1-3-5-45-4-70-68-55-10-13-16-17-47-14-12-0,348.5156966691377,seed701_explore_guarded
0-24-23-57-11-15-16-47-17-14-12-10-9-53-60-6-8-45-68-55-2-4-5-3-1-46-7-13-0,348.5769117968446,seed703_explore_lns_start67_random_best_rm25_tw8
0-70-41-61-68-69-11-12-14-15-9-53-6-7-8-46-45-5-3-1-4-2-55-17-16-13-58-57-52-65-0,348.67461657672175,seed702_explore_lns_start65_late_regret_rm25_tw10
0-54-62-69-12-11-15-47-17-16-9-10-53-60-7-46-8-6-4-2-55-14-13-59-58-57-52-65-0,348.69664981477916,seed701_explore_lns_start25_mixed_random_best_rm20_tw12
0-69-23-11-15-16-9-53-60-6-8-55-70-2-1-3-5-45-4-46-7-17-47-14-12-10-52-57-0,349.18767311627414,seed704_explore_lns_start65_mixed_best_rm20_tw6
0-69-23-11-15-47-17-16-9-53-7-8-46-2-70-55-10-13-14-12-60-6-4-45-5-3-1-68-0,349.3007207390169,seed705_explore_lns_start2_mixed_best_rm15_tw8
0-69-11-52-10-47-15-16-9-12-53-7-8-46-45-5-3-1-70-55-2-4-6-60-14-17-13-58-57-65-0,349.6183445241021,seed702_explore_lns_start72_late_best_rm25_tw15
0-69-66-64-56-62-67-54-44-39-38-37-35-36-40-43-42-41-50-34-31-29-27-26-28-30-32-33-63-51-20-22-49-19-18-48-21-25-24-57-52-0,349.6201855485296,seed703_explore_lns_start30_late_best_rm25_tw10
0-10-12-14-47-17-16-15-11-69-68-61-38-39-44-42-70-6-46-8-7-60-53-55-2-4-45-5-3-1-43-40-36-35-37-41-54-0,350.51026249315055,seed603_lns_start57_random_random_best_rm3_tw15_guarded
0-68-69-57-23-15-11-9-10-12-53-60-7-6-46-45-5-3-1-4-55-14-47-17-16-13-59-58-52-0,350.5994062848839,seed601_lns_start40_late_random_best_rm6_tw15
0-69-12-16-15-11-52-57-23-9-53-60-7-8-46-2-6-1-3-5-45-4-70-68-55-10-13-17-47-14-0,350.67203467364243,seed701_explore_lns_start65_random_random_best_rm25_tw10
0-56-52-57-23-59-15-11-16-17-47-14-12-9-53-60-2-6-8-7-46-5-45-4-3-1-55-10-13-65-0,350.8486165092865,seed705_explore_lns_start46_mixed_random_best_rm25_tw8
0-69-23-11-15-47-14-12-10-9-53-2-6-7-8-46-45-5-3-1-4-55-60-17-16-13-59-58-52-0,351.2253317406578,seed705_explore_guarded
0-69-57-23-11-14-47-17-16-9-53-7-8-6-55-10-13-12-60-46-4-45-5-3-1-2-70-61-68-0,351.6227728192428,seed704_explore_lns_start72_mixed_random_best_rm25_tw15
0-69-11-15-16-59-23-24-56-67-50-34-31-29-27-26-28-30-32-33-63-51-20-22-49-19-18-48-21-25-58-52-57-64-66-0,351.7727812270909,seed703_explore_lns_start13_mixed_regret_rm20_tw8
0-66-64-56-62-67-54-44-39-38-37-35-36-40-43-42-41-50-34-31-29-27-26-28-30-32-33-63-51-20-22-24-49-19-18-48-21-25-58-52-65-0,351.78679886753247,seed601_lns_start30_mixed_best_rm5_tw15_guarded
0-69-11-15-59-23-49-56-67-50-34-31-29-27-26-28-30-32-33-63-51-20-24-22-19-18-48-21-25-58-52-57-64-66-0,351.82241570499076,seed705_explore_lns_start14_late_best_rm25_tw8
0-62-68-61-42-44-39-38-37-35-36-40-43-1-3-5-45-46-8-7-6-2-4-55-50-34-31-29-27-26-28-30-32-33-63-56-0,351.89851217521937,seed601_lns_start61_late_random_best_rm6_tw12
0-66-64-56-62-67-54-44-39-38-37-35-36-40-43-42-41-50-34-31-29-27-26-28-30-32-33-63-51-20-22-24-49-19-18-48-21-25-58-57-65-0,352.30857520524194,seed703_explore_lns_start2_mixed_random_best_rm25_tw10
0-65-57-24-22-20-49-19-18-48-21-23-51-62-67-56-53-12-14-47-17-16-10-9-52-63-33-32-30-28-26-27-29-31-34-50-0,352.53136084841697,seed701_explore_lns_start6_mixed_best_rm25_tw6
0-69-23-11-15-47-14-12-10-9-53-2-6-7-8-5-3-1-45-46-4-55-60-17-16-13-59-58-65-0,352.93145650264404,seed705_explore_lns_start30_late_regret_rm20_tw12
0-66-64-56-62-41-42-44-43-40-36-35-37-38-39-67-50-34-31-29-27-26-28-30-32-33-63-51-20-22-24-49-19-18-48-21-25-58-52-57-65-0,353.01500790949075,seed603_lns_start2_late_random_best_rm4_tw12_guarded
0-69-65-52-10-11-15-17-47-60-7-5-46-8-6-53-9-16-14-12-55-70-1-3-45-4-2-36-61-68-0,353.31281978926603,seed705_explore_lns_start71_late_regret_rm25_tw6
0-36-69-12-14-47-17-16-15-11-9-53-60-7-8-4-2-55-10-13-59-58-25-57-52-65-0,353.3847805635125,seed703_explore_lns_start25_random_best_rm20_tw6
0-15-11-69-61-42-44-43-40-36-35-37-38-39-41-70-2-8-5-1-3-45-46-4-6-7-60-13-58-25-66-0,353.6083140604246,seed704_explore_lns_start6_late_regret_rm10_tw10
0-66-64-23-10-11-15-14-47-17-16-9-53-60-7-8-46-5-3-1-4-55-59-13-12-70-61-68-0,353.85957815564876,seed705_explore_lns_start30_late_random_best_rm25_tw6
0-68-69-23-11-15-16-9-17-47-14-12-53-60-7-6-46-45-5-3-1-4-55-10-13-59-58-52-0,354.12847148032813,seed606_lns_start34_late_regret_rm8_tw15
0-65-66-56-64-51-20-22-49-19-18-48-21-23-24-57-52-11-16-17-47-14-12-10-9-53-60-7-8-46-6-2-4-45-5-3-1-70-42-43-40-36-35-37-39-41-54-61-0,354.1772754657975,seed703_explore_lns_start56_mixed_best_rm20_tw12
0-12-14-47-17-69-10-11-15-16-59-23-9-53-60-6-7-8-46-45-5-3-1-4-2-55-70-68-61-54-0,354.17778797934363,seed603_lns_start2_mixed_regret_rm6_tw8_guarded
0-69-11-15-23-21-51-56-67-50-34-31-29-27-26-28-30-32-33-63-18-48-19-49-20-22-24-25-58-57-64-66-65-0,354.5174589117276,seed702_explore_lns_start11_late_best_rm20_tw10
0-69-11-15-59-23-24-57-9-53-60-6-7-8-46-45-5-3-1-4-2-55-10-13-16-17-47-14-12-70-61-68-0,354.81653840942505,seed601_lns_start30_late_best_rm3_tw12_guarded
0-69-11-15-59-23-24-57-52-9-53-60-6-7-8-46-45-5-3-1-4-2-55-10-13-16-17-47-14-12-70-61-68-0,355.33831474713446,seed701_explore_guarded
0-54-42-43-61-68-69-10-11-12-14-47-17-16-15-9-53-60-6-46-8-7-1-3-5-45-4-2-70-55-57-58-52-0,355.3416425712482,seed704_explore_lns_start70_random_random_best_rm25_tw6
0-69-10-11-15-23-22-24-57-52-9-53-2-6-7-8-46-45-5-3-1-4-55-60-12-14-13-70-61-68-0,355.6079046347782,seed701_explore_lns_start63_mixed_best_rm25_tw6
0-65-69-60-11-14-47-17-16-15-12-10-9-53-7-8-46-2-70-68-55-57-52-13-6-4-45-5-3-1-61-0,355.70031219847266,seed705_explore_lns_start72_late_best_rm20_tw6
0-66-64-56-62-67-54-44-39-38-37-35-36-40-43-42-41-50-34-31-29-27-26-28-30-32-33-63-51-20-22-24-49-19-18-48-21-25-59-65-0,355.83883600210606,seed702_explore_lns_start67_late_best_rm20_tw6
0-69-23-11-15-16-17-14-9-53-7-8-6-55-10-13-12-60-2-4-1-3-5-45-46-70-61-68-0,355.85525284967986,seed704_explore_lns_start2_mixed_regret_rm15_tw12
0-68-69-12-14-16-15-11-57-23-59-9-53-60-7-8-5-3-1-45-46-6-2-4-70-55-47-17-13-10-0,355.9461243711853,seed704_explore_guarded
0-69-14-47-15-11-52-23-18-51-67-50-34-31-29-27-26-28-30-32-33-63-56-64-24-22-20-49-19-48-21-25-58-57-66-0,356.0312732320959,seed703_explore_lns_start0_random_best_rm25_tw8
0-66-56-62-50-67-54-44-39-38-37-35-36-40-43-42-41-34-31-29-27-26-28-30-32-33-63-51-20-22-24-49-19-18-48-21-25-58-59-52-65-0,356.15998610257196,seed703_explore_lns_start71_late_best_rm20_tw8
0-69-10-11-15-59-23-52-9-53-7-8-46-45-5-3-1-4-6-2-55-13-16-17-47-14-12-60-70-61-68-0,356.2611067303819,seed703_explore_lns_start2_mixed_random_best_rm25_tw10
0-68-69-52-23-15-11-9-16-17-47-14-12-53-60-7-6-46-5-3-1-4-55-10-13-59-58-57-0,356.281521225586,seed602_lns_start38_mixed_random_best_rm8_tw8
0-70-69-23-11-15-16-9-10-53-60-7-8-6-2-46-45-5-3-1-4-55-12-14-47-17-13-57-0,356.3833797823421,seed705_explore_lns_start69_mixed_random_best_rm15_tw8
0-69-60-14-15-11-23-64-56-67-50-34-31-29-27-26-28-30-32-33-63-51-20-24-22-49-19-18-48-21-25-58-57-52-65-66-0,357.0880593117052,seed701_explore_lns_start12_mixed_regret_rm20_tw6
0-69-57-23-11-15-16-9-53-60-7-8-17-47-14-12-10-55-6-4-1-3-5-45-46-2-70-68-0,357.4651459017728,seed601_lns_start64_late_best_rm8_tw8
0-68-61-70-1-3-5-45-69-42-44-43-40-36-35-37-38-39-41-54-67-50-34-31-29-27-26-28-30-32-33-63-51-18-21-48-19-49-20-22-24-64-56-66-0,357.67244225560546,seed606_lns_start25_mixed_regret_rm5_tw8
0-66-64-56-62-67-54-44-39-38-37-35-36-40-43-42-41-50-34-31-29-27-26-28-30-32-33-63-51-20-22-24-49-19-18-48-21-25-58-57-52-65-0,357.7103903399965,seed703_explore_lns_start2_late_regret_rm25_tw6
0-68-69-14-17-16-15-11-52-23-9-10-53-7-8-45-5-3-1-4-60-47-12-13-58-57-0,357.9686613982724,seed701_explore_lns_start37_late_best_rm25_tw10
0-66-56-64-52-69-11-12-14-47-17-16-15-9-53-60-7-6-8-46-2-1-3-5-45-4-55-10-13-25-57-65-0,358.14091118370357,seed701_explore_lns_start46_mixed_best_rm15_tw6
0-12-14-47-17-69-57-23-15-16-11-59-9-10-53-60-6-7-8-46-5-3-1-45-4-2-70-55-68-61-0,358.3663664688633,seed705_explore_lns_start30_mixed_random_best_rm25_tw8
0-69-60-14-12-15-11-23-51-67-50-34-31-29-27-26-28-30-32-33-63-56-66-64-22-20-49-19-18-48-21-25-24-57-52-65-0,358.44760916649426,seed703_explore_lns_start13_random_random_best_rm25_tw6
0-66-64-56-62-67-54-44-39-38-37-35-36-40-43-42-41-50-34-31-29-27-26-28-30-32-33-63-51-20-22-24-49-19-18-48-21-25-58-59-65-0,358.47994454346684,seed701_explore_lns_start71_late_best_rm20_tw8
0-66-64-56-62-67-54-44-39-38-37-35-36-40-43-42-41-50-34-31-29-27-26-28-30-32-33-63-51-20-22-24-49-19-18-48-21-25-58-59-52-65-0,358.6342153573535,seed703_explore_lns_start65_late_regret_rm25_tw6
0-68-61-70-60-12-14-47-17-16-15-11-69-44-41-38-37-35-36-40-43-46-8-7-6-55-2-4-45-5-3-1-42-39-54-0,358.9049879253315,seed703_explore_lns_start21_late_random_best_rm15_tw12
0-69-23-11-15-16-17-47-14-12-9-53-60-7-8-46-45-5-3-1-2-4-6-70-55-10-13-52-68-61-0,358.9986122466813,seed702_explore_lns_start68_late_best_rm20_tw8
0-66-56-64-63-62-67-54-44-39-38-37-35-36-40-43-42-41-50-34-31-29-27-26-28-30-32-33-51-20-22-49-19-18-48-21-25-24-52-65-0,359.0221329974951,seed608_lns_start30_mixed_best_rm6_tw10
0-54-62-23-59-15-11-52-9-10-60-7-8-46-2-4-6-55-13-16-17-47-14-12-65-0,359.2185052417192,seed705_explore_lns_start26_late_regret_rm20_tw10
0-69-60-14-15-11-52-23-56-67-50-34-31-29-27-26-28-30-32-33-63-51-64-65-57-24-25-21-48-18-19-49-20-22-66-0,359.2506882084113,seed703_explore_lns_start16_random_best_rm20_tw10
0-69-11-15-59-23-21-48-18-51-67-50-34-31-29-27-26-28-30-32-33-63-19-49-20-22-24-25-58-52-57-56-66-65-0,359.5050728943392,seed704_explore_lns_start15_late_random_best_rm25_tw15
0-65-66-56-63-62-67-41-44-39-38-37-35-36-40-43-42-61-54-50-34-31-29-27-26-28-30-32-33-51-19-25-21-48-18-49-20-22-24-64-0,359.8370543987979,seed704_explore_lns_start62_mixed_random_best_rm25_tw6
0-66-64-24-23-21-20-51-62-67-65-53-60-9-52-22-49-19-48-18-63-33-32-30-28-26-27-29-31-34-50-56-0,360.1165050753589,seed703_explore_lns_start76_late_best_rm25_tw10
0-69-23-11-15-16-17-47-14-12-10-9-53-60-7-8-2-6-46-1-3-5-45-4-70-61-68-58-57-0,360.1167954044993,seed604_lns_start64_late_random_best_rm5_tw15
0-69-66-64-56-62-67-41-44-39-38-37-35-36-40-43-42-61-54-50-34-31-29-27-26-28-30-32-33-63-51-20-22-49-19-18-48-21-25-24-57-52-65-0,360.20517911542356,seed704_explore_lns_start30_late_random_best_rm20_tw12
0-66-64-56-62-67-42-44-43-40-38-37-35-36-39-41-61-54-50-34-31-29-27-26-28-30-32-33-63-51-20-22-49-19-18-48-21-25-58-52-65-0,360.3790195183697,seed704_explore_guarded
0-69-11-15-24-22-23-59-9-53-7-8-6-46-5-3-45-4-2-55-10-13-16-17-47-14-12-60-70-61-68-0,360.4359499606813,seed702_explore_lns_start30_mixed_random_best_rm20_tw12
0-69-15-16-11-23-9-12-14-47-17-53-60-7-6-46-45-5-3-1-4-2-55-10-13-59-58-0,360.53408514854436,seed601_lns_start24_late_regret_rm8_tw15
0-68-69-10-11-15-23-59-16-17-47-9-53-7-8-6-46-45-5-3-1-4-2-55-60-12-14-13-0,360.63989373506325,seed607_lns_start30_late_regret_rm8_tw10_guarded
0-56-51-63-33-32-30-28-26-27-29-31-34-50-62-67-23-22-24-57-52-53-10-9-13-59-25-21-48-18-19-49-20-64-66-65-0,360.8948307109245,seed702_explore_lns_start22_late_regret_rm20_tw8
0-69-47-15-11-57-24-23-19-51-67-50-34-31-29-27-26-28-30-32-33-63-56-64-22-20-49-18-48-21-25-58-52-65-66-0,360.93134743146254,seed701_explore_lns_start7_random_best_rm15_tw12
0-69-23-52-15-11-14-47-17-16-9-10-53-7-6-8-46-4-2-55-60-12-13-59-58-25-57-65-0,361.06824612957416,seed703_explore_lns_start25_late_random_best_rm15_tw12
0-54-69-11-15-59-23-57-9-53-60-6-8-7-46-4-2-55-10-13-16-17-47-14-12-52-65-0,361.4476536637782,seed705_explore_lns_start26_mixed_best_rm25_tw15
0-69-23-11-15-16-10-9-12-53-60-6-8-46-2-55-68-70-1-3-5-45-4-7-17-47-14-52-57-0,361.5177695405658,seed606_lns_start65_late_best_rm6_tw12
0-66-64-56-62-67-42-44-39-38-37-35-36-40-43-41-61-54-50-34-31-29-27-26-28-30-32-33-63-51-20-22-49-19-18-48-21-25-58-65-0,361.9157907641914,seed701_explore_guarded
0-66-64-56-62-67-41-44-39-38-37-35-36-40-43-42-61-54-50-34-31-29-27-26-28-30-32-33-63-51-20-22-24-49-19-18-48-21-25-58-52-65-0,362.04931692319644,seed704_explore_guarded
0-69-10-11-15-59-23-21-20-56-67-50-34-31-29-27-26-28-30-32-33-63-51-18-48-19-49-22-24-25-58-52-57-64-66-65-0,362.1901487316466,seed705_explore_lns_start15_random_regret_rm15_tw12
0-69-10-11-15-16-59-23-57-9-17-47-53-6-8-46-45-5-3-1-70-55-2-4-7-60-12-14-13-0,362.2476614834869,seed602_lns_start30_late_regret_rm6_tw8_guarded
0-69-11-17-16-15-59-23-9-10-14-53-6-8-5-3-1-45-46-7-47-13-12-60-2-4-70-68-0,362.25637627447884,seed606_lns_start30_late_random_best_rm5_tw10
0-69-24-23-15-11-16-17-47-14-9-53-6-7-8-5-3-1-45-46-4-2-55-68-61-70-60-12-10-52-57-65-0,362.2907985462338,seed703_explore_lns_start68_random_random_best_rm20_tw10
0-61-70-1-3-5-45-69-68-42-44-43-40-36-35-37-38-39-41-67-50-34-31-29-27-26-28-30-32-33-63-51-20-22-24-25-21-48-18-19-49-64-56-66-0,362.54365540756174,seed605_lns_start25_mixed_regret_rm6_tw15
0-66-64-56-62-67-54-44-39-38-37-35-36-40-43-42-41-50-34-31-29-27-26-28-30-32-33-63-51-20-22-24-49-19-18-48-21-25-58-59-57-65-0,362.8912397852328,seed704_explore_lns_start65_random_random_best_rm25_tw15
0-69-23-11-15-17-47-14-9-53-1-3-5-8-7-4-2-55-13-12-60-6-46-45-70-61-68-0,363.4764920463936,seed705_explore_lns_start30_late_regret_rm15_tw15
0-68-69-12-47-17-16-15-11-23-57-9-10-53-60-7-6-1-3-5-45-4-55-14-13-59-58-52-0,363.479164768662,seed604_lns_start34_mixed_best_rm8_tw12
0-54-61-68-70-60-15-11-69-41-42-44-39-38-37-35-36-40-43-1-3-5-8-7-6-46-45-4-2-55-10-13-16-17-47-14-12-0,364.29732189421804,seed608_lns_start79_late_regret_rm8_tw8_guarded
0-66-56-64-20-23-21-51-62-67-50-34-31-29-27-26-28-30-32-33-63-18-48-19-49-22-24-57-52-16-13-59-58-25-65-0,364.41360302213957,seed704_explore_lns_start43_mixed_best_rm25_tw15
0-68-69-23-11-15-14-47-17-16-9-53-60-6-7-8-5-3-1-45-46-4-2-70-55-12-10-58-57-0,364.4683026194032,seed605_lns_start72_late_best_rm8_tw12
0-69-12-17-16-15-11-57-23-52-9-53-60-7-8-46-2-70-55-10-13-47-14-6-4-45-5-3-1-0,364.5981951253656,seed704_explore_lns_start64_late_best_rm10_tw6
0-56-64-62-50-67-54-44-39-38-37-35-36-40-43-42-41-34-31-29-27-26-28-30-32-33-63-51-20-22-24-49-19-18-48-21-25-58-59-52-65-0,364.6163891521475,seed701_explore_lns_start63_late_random_best_rm25_tw8
0-52-23-57-11-15-16-17-47-14-9-53-60-6-8-45-70-68-55-2-46-4-5-3-1-7-13-12-10-0,364.6169575595489,seed703_explore_lns_start70_mixed_best_rm20_tw6
0-68-69-14-47-17-16-15-11-23-57-9-12-53-60-7-6-46-45-5-3-1-4-55-10-13-59-58-52-65-0,364.63525606465527,seed704_explore_lns_start32_late_random_best_rm20_tw10
0-69-23-11-15-16-17-12-9-53-60-6-7-8-5-3-1-45-46-4-2-55-70-61-68-57-58-52-0,364.76594992131686,seed608_lns_start70_random_best_rm8_tw15
0-33-32-30-28-26-27-29-31-34-50-62-63-51-18-48-21-23-20-64-67-56-66-52-9-13-59-58-25-19-49-22-24-57-65-0,364.7886550330444,seed605_lns_start58_random_random_best_rm4_tw8_guarded
0-66-56-64-62-67-54-44-39-38-37-35-36-40-43-42-41-50-34-31-29-27-26-28-30-32-33-63-51-20-22-24-49-19-18-48-21-25-58-59-52-0,365.0845546832062,seed704_explore_lns_start63_late_best_rm25_tw6
0-69-12-11-15-16-17-47-14-9-59-53-8-46-45-5-3-1-55-2-6-4-7-60-10-13-58-68-61-0,365.65443699584785,seed702_explore_lns_start30_late_random_best_rm20_tw8
0-69-23-11-15-16-17-47-14-9-53-7-8-6-46-45-4-2-55-52-13-12-60-5-3-1-70-68-0,366.264704504134,seed701_explore_lns_start69_late_random_best_rm15_tw8
0-69-11-17-16-15-59-23-9-53-2-46-8-7-6-60-47-14-12-10-13-55-4-45-5-3-1-70-0,366.28209899254296,seed606_lns_start30_late_best_rm5_tw10
0-62-51-23-15-11-56-67-50-34-31-29-27-26-28-30-32-33-63-18-48-21-19-49-20-22-24-57-52-64-66-65-0,366.6637898104481,seed704_explore_lns_start0_random_random_best_rm25_tw8
0-54-62-69-68-61-41-42-44-43-40-36-35-37-38-39-70-2-8-5-3-1-45-46-4-6-7-60-13-58-25-66-0,366.93465307222056,seed601_lns_start5_late_regret_rm8_tw6
0-66-56-64-62-67-54-44-39-38-37-35-36-40-43-42-41-50-34-31-29-27-26-28-30-32-33-63-51-20-22-24-49-19-18-48-21-25-59-57-65-0,367.0229460809547,seed702_explore_lns_start72_late_best_rm25_tw6
0-68-61-70-1-3-2-69-59-11-47-17-16-15-9-10-53-60-6-8-5-45-46-7-4-55-12-14-13-57-52-0,367.2634643530195,seed704_explore_lns_start62_random_best_rm25_tw10
0-56-62-23-52-15-11-65-67-50-34-31-29-27-26-28-30-32-33-63-51-20-22-49-19-18-48-21-25-24-57-64-66-0,367.4239391922801,seed702_explore_lns_start1_late_best_rm25_tw10
0-69-23-59-15-11-14-47-17-16-9-53-60-6-8-46-45-5-3-1-61-68-70-2-4-7-12-10-52-57-0,367.8598866400499,seed605_lns_start64_mixed_random_best_rm8_tw10
0-69-60-16-15-11-10-23-24-67-50-34-31-29-27-26-28-30-32-33-63-51-20-22-49-19-18-48-21-25-58-52-57-64-56-66-0,368.15091177040114,seed701_explore_lns_start18_mixed_random_best_rm20_tw15
0-69-52-23-15-11-10-9-16-17-47-14-12-53-60-7-6-55-1-3-5-45-4-46-13-59-58-57-0,368.4466788384108,seed601_lns_start32_late_best_rm4_tw6
0-69-23-11-15-16-17-47-14-10-9-53-7-2-46-8-5-3-1-45-4-6-55-57-13-12-60-70-68-0,368.47570568882844,seed703_explore_lns_start64_late_random_best_rm15_tw12
0-66-64-56-62-50-67-41-44-42-39-38-37-35-36-40-43-70-68-61-54-34-31-29-27-26-28-30-32-33-63-51-20-22-49-19-18-48-21-25-24-57-65-0,368.53863513933135,seed705_explore_guarded
0-69-11-15-17-47-14-7-46-45-1-3-5-8-6-60-53-10-9-55-68-61-70-2-4-12-13-58-57-52-65-0,368.7144958683972,seed702_explore_lns_start64_late_random_best_rm25_tw8
0-69-23-11-15-14-47-17-16-9-53-60-7-8-46-45-5-3-1-2-6-70-61-68-55-12-10-58-52-0,368.9796708551108,seed604_lns_start72_late_regret_rm8_tw15
0-68-70-1-3-5-45-2-69-61-42-44-43-40-36-35-37-38-39-41-54-67-50-34-31-29-27-26-28-30-32-33-63-51-18-21-48-19-49-20-22-24-64-56-66-0,369.31042752475634,seed701_explore_lns_start26_late_regret_rm20_tw6
0-66-56-64-63-62-67-41-44-39-38-37-35-36-40-43-42-61-54-50-34-31-29-27-26-28-30-32-33-51-20-22-49-19-18-48-21-25-24-57-52-65-0,369.312534098611,seed601_lns_start30_late_best_rm8_tw15
0-69-10-11-15-59-23-9-53-60-6-7-8-46-45-5-3-1-4-2-55-13-16-17-47-14-12-70-68-61-54-0,369.6641057112147,seed603_lns_start2_late_random_best_rm4_tw12_guarded
0-1-2-69-10-11-12-14-47-17-16-15-9-53-46-8-7-60-55-3-5-45-4-6-13-59-58-0,369.787543461903,seed705_explore_lns_start30_mixed_best_rm25_tw15
0-61-70-68-69-23-11-15-16-47-17-14-9-53-2-6-8-46-5-3-1-45-4-7-60-12-10-58-52-0,370.03895488290476,seed704_explore_lns_start72_late_best_rm10_tw12
0-65-52-57-24-22-20-49-19-18-48-21-23-51-63-62-67-56-64-9-16-17-47-14-12-53-55-34-31-29-27-26-28-30-32-33-50-0,370.27175897550023,seed702_explore_lns_start3_random_best_rm25_tw6
0-65-66-64-56-62-67-54-44-39-38-37-35-36-40-43-42-41-50-34-31-29-27-26-28-30-32-33-63-51-20-22-49-19-18-48-21-25-24-57-52-12-0,370.3212661128277,seed701_explore_lns_start30_late_best_rm20_tw12
0-69-23-11-15-14-16-17-47-9-10-53-60-6-7-8-46-5-3-1-45-4-2-70-55-12-13-52-57-68-61-0,370.4151810921496,seed705_explore_lns_start68_late_random_best_rm20_tw12
0-69-23-11-15-14-47-17-16-9-53-60-6-7-8-46-45-5-3-1-2-70-61-68-55-12-10-58-57-52-0,370.49038555430946,seed602_lns_start67_random_random_best_rm5_tw6
0-69-23-11-15-16-17-14-9-53-7-8-6-2-70-68-61-55-13-12-60-46-4-45-5-3-1-0,370.5169421413841,seed703_explore_lns_start65_late_regret_rm15_tw15
0-69-12-15-11-24-23-51-64-67-50-34-31-29-27-26-28-30-32-33-63-20-22-49-19-18-48-21-25-58-57-52-65-66-56-0,370.5647810373888,seed705_explore_lns_start16_mixed_best_rm25_tw8
0-68-69-10-15-11-16-17-47-14-7-46-45-1-3-5-8-53-9-12-60-6-4-55-13-59-58-57-52-65-0,370.60181369418825,seed703_explore_lns_start38_mixed_random_best_rm25_tw10
0-61-68-69-23-11-15-9-10-53-60-6-7-8-5-3-1-45-46-4-2-70-55-12-14-47-17-16-59-58-65-0,370.7266947029751,seed702_explore_lns_start30_mixed_best_rm25_tw12
0-66-64-56-62-50-67-54-44-39-38-37-35-36-40-43-42-41-34-31-29-27-26-28-30-32-33-63-51-20-22-24-49-19-18-48-21-25-58-59-52-57-65-0,370.81408769441947,seed701_explore_guarded
0-35-39-61-68-69-10-11-15-59-9-53-7-8-46-45-5-3-1-4-6-2-55-13-16-17-47-14-12-60-70-0,371.2251565986507,seed701_explore_lns_start2_late_regret_rm25_tw15
0-61-70-68-69-23-11-15-14-47-17-16-9-53-2-6-8-46-5-3-1-45-4-7-60-12-10-58-0,371.29396785590075,seed605_lns_start62_late_random_best_rm6_tw6
0-69-23-11-15-12-14-47-17-16-9-53-60-6-7-8-5-3-1-45-46-4-2-55-70-61-68-57-58-52-0,371.5585004575369,seed705_explore_lns_start72_mixed_random_best_rm10_tw12
0-70-15-11-69-68-61-41-42-44-39-38-37-35-36-40-43-1-8-5-3-45-46-4-2-6-7-60-13-58-25-66-0,371.59576573868134,seed601_lns_start6_late_regret_rm8_tw12
0-42-43-61-68-69-12-11-47-14-17-16-15-9-10-53-60-7-8-5-2-1-3-45-46-6-4-70-55-57-58-52-0,371.6218438523141,seed702_explore_lns_start71_random_best_rm25_tw15
0-66-64-56-62-50-67-41-44-39-38-37-35-36-40-43-42-61-54-34-31-29-27-26-28-30-32-33-63-51-20-22-24-49-19-18-48-21-25-59-0,371.70969331904024,seed702_explore_lns_start68_late_random_best_rm20_tw8
0-68-61-41-69-70-42-44-43-40-36-35-37-38-39-54-67-50-34-31-29-27-26-28-30-32-33-63-51-20-22-24-49-19-18-48-21-25-58-59-0,372.3481657938289,seed702_explore_lns_start46_mixed_random_best_rm25_tw10
0-68-61-70-69-57-23-15-11-14-47-17-16-9-53-2-6-8-5-3-1-45-4-46-7-60-12-10-58-52-0,372.46982552089565,seed608_lns_start71_late_random_best_rm8_tw6
0-66-64-56-62-50-67-41-44-39-38-37-35-36-40-43-42-61-54-34-31-29-27-26-28-30-32-33-63-51-20-22-24-49-19-18-48-21-25-59-65-0,372.4792475225106,seed703_explore_lns_start67_late_random_best_rm25_tw10
0-65-66-56-64-20-22-23-18-63-62-67-50-34-31-29-27-26-28-30-32-33-51-57-52-17-13-59-58-25-21-48-19-49-24-0,372.5470378853745,seed602_lns_start57_mixed_regret_rm5_tw10
0-66-64-56-62-50-67-41-44-39-38-37-35-36-40-43-42-61-54-34-31-29-27-26-28-30-32-33-63-51-20-22-24-49-19-18-48-21-25-59-52-65-0,372.63351833639723,seed703_explore_lns_start67_late_regret_rm20_tw10
0-69-66-64-56-62-67-54-44-39-38-37-35-36-40-43-42-41-50-34-31-29-27-26-28-30-32-33-63-51-20-22-24-49-19-18-48-21-25-58-59-65-0,372.6888405676744,seed703_explore_lns_start70_late_random_best_rm25_tw10
0-69-14-15-11-23-21-51-56-67-50-34-31-29-27-26-28-30-32-33-63-18-48-19-20-49-22-24-25-58-57-52-64-66-65-0,373.085383530519,seed701_explore_lns_start17_random_random_best_rm20_tw15
0-54-41-43-42-37-35-36-40-44-39-38-61-68-70-53-9-60-6-8-46-2-1-3-5-45-4-7-55-10-13-16-17-47-14-12-52-65-0,373.2295482104652,seed703_explore_lns_start0_mixed_best_rm20_tw8
0-66-64-56-62-50-67-41-44-42-39-38-37-35-36-40-43-70-68-61-54-34-31-29-27-26-28-30-32-33-63-51-20-22-49-19-18-48-21-25-24-57-52-0,373.61797476285597,seed705_explore_lns_start30_late_regret_rm20_tw12
0-69-11-15-16-59-23-57-9-17-47-53-6-8-7-60-12-14-13-10-55-2-4-46-45-5-3-1-70-61-68-0,373.7543047840268,seed703_explore_guarded
0-68-2-60-69-12-14-15-16-17-47-11-9-10-53-7-5-8-6-55-1-3-45-4-46-13-59-58-57-52-0,374.08600263514944,seed702_explore_lns_start34_late_best_rm25_tw10
0-66-64-56-62-50-67-41-44-39-38-37-35-36-40-43-42-61-54-34-31-29-27-26-28-30-32-33-63-51-20-22-24-49-19-18-48-21-25-58-57-52-65-0,374.350801860401,seed702_explore_lns_start2_late_random_best_rm20_tw6
0-65-52-57-22-20-49-19-18-48-21-23-51-63-62-67-56-64-9-10-16-17-47-14-53-55-33-32-30-28-26-27-29-31-34-50-0,374.61426925490537,seed701_explore_lns_start6_mixed_best_rm25_tw10
0-65-24-22-20-49-19-18-48-21-23-51-63-62-67-56-53-12-47-17-16-10-9-59-52-57-64-33-32-30-28-26-27-29-31-34-50-0,374.62885286583105,seed702_explore_lns_start4_mixed_regret_rm25_tw8
0-66-56-64-62-50-67-54-44-39-38-37-35-36-40-43-42-41-34-31-29-27-26-28-30-32-33-63-51-20-22-24-49-19-18-48-21-25-59-52-57-65-0,374.94579399014134,seed705_explore_lns_start64_late_regret_rm20_tw15
0-68-69-23-11-15-16-9-10-53-60-6-8-46-45-5-3-1-70-55-2-4-7-12-13-58-57-0,375.04781394787324,seed702_explore_lns_start69_mixed_random_best_rm25_tw8
0-66-64-56-62-50-67-41-44-39-38-37-35-36-40-43-42-61-54-34-31-29-27-26-28-30-32-33-63-51-20-22-24-49-19-18-48-21-25-58-59-65-0,375.1203560638714,seed702_explore_lns_start71_late_random_best_rm20_tw8
0-69-57-23-15-11-10-9-53-7-46-45-8-2-6-5-3-1-4-55-60-12-17-13-52-70-61-68-0,375.23964143104115,seed705_explore_lns_start65_late_best_rm25_tw12
0-66-64-56-62-50-67-41-44-39-38-37-35-36-40-43-42-61-54-34-31-29-27-26-28-30-32-33-63-51-20-22-24-49-19-18-48-21-25-58-59-52-65-0,375.27462687775807,seed702_explore_lns_start65_late_best_rm20_tw8
0-66-64-63-33-32-30-28-26-27-29-31-34-50-62-51-18-23-67-56-57-52-10-9-13-59-25-21-48-19-49-20-22-24-65-0,375.75036719564037,seed603_lns_start22_late_random_best_rm8_tw6
0-61-68-69-23-11-15-14-47-17-16-9-53-60-6-7-8-46-5-3-1-45-4-2-70-55-12-10-58-57-0,375.8364286026334,seed603_lns_start62_random_best_rm6_tw6
0-68-61-70-69-11-17-47-16-15-9-53-8-5-3-1-45-46-6-12-60-7-4-2-55-10-13-59-58-65-0,375.88790756410657,seed704_explore_lns_start30_late_random_best_rm20_tw6
0-1-3-45-46-6-69-10-11-15-16-17-47-14-9-53-7-8-5-68-55-2-4-60-12-13-59-58-0,376.06476828348787,seed704_explore_lns_start30_late_best_rm25_tw8
0-70-12-15-11-10-69-68-61-41-44-42-39-38-35-36-40-43-1-8-7-6-46-5-3-45-4-2-60-13-58-25-66-0,376.1418004733285,seed703_explore_lns_start3_random_regret_rm25_tw10
0-69-11-15-59-23-9-53-60-2-6-8-5-46-7-55-13-16-17-47-14-4-45-3-1-70-61-68-0,376.416341466457,seed608_lns_start30_late_best_rm6_tw10
0-69-23-11-15-16-14-47-9-53-6-8-46-45-5-3-1-70-55-2-4-7-60-12-10-52-57-68-61-0,376.41977325421266,seed602_lns_start62_random_random_best_rm6_tw12
0-34-31-29-27-26-28-30-32-33-23-20-62-50-67-56-66-65-53-9-52-57-24-22-49-19-21-48-18-63-51-64-0,376.6574748114581,seed705_explore_lns_start42_late_regret_rm25_tw10
0-69-23-11-15-16-17-47-14-9-53-60-7-8-6-55-52-12-13-10-4-1-3-5-45-46-2-70-68-0,377.00832668954683,seed702_explore_lns_start63_late_random_best_rm20_tw10
0-56-64-20-22-24-23-62-67-54-44-39-38-37-35-36-40-43-42-41-50-34-31-29-27-26-28-30-32-33-63-51-49-19-18-48-21-25-57-66-0,377.34184273371494,seed703_explore_guarded
0-69-11-15-59-23-57-9-16-47-53-6-8-46-45-5-3-1-4-2-55-10-13-14-12-60-7-70-61-68-0,377.3885960123452,seed703_explore_lns_start2_mixed_best_rm20_tw6
0-65-52-57-22-20-49-19-18-48-21-23-51-62-67-64-9-10-16-17-47-14-12-53-55-68-50-34-31-29-27-26-28-30-32-33-63-56-0,377.5104495345912,seed703_explore_lns_start3_mixed_random_best_rm20_tw10
0-61-68-69-23-11-15-16-17-47-14-9-53-2-6-7-8-46-5-3-1-45-4-70-55-60-12-10-58-52-0,377.65358380439426,seed702_explore_lns_start72_random_regret_rm15_tw12
0-69-11-14-17-16-15-59-9-47-53-46-8-7-6-55-4-60-12-10-13-52-58-25-18-49-22-57-65-0,377.89380164632524,seed705_explore_lns_start25_mixed_random_best_rm20_tw8
0-69-65-23-15-11-16-17-47-14-12-10-9-53-7-8-46-2-55-57-13-60-6-4-45-5-3-1-70-68-0,378.21515889520913,seed704_explore_lns_start63_late_best_rm20_tw15
0-65-66-64-56-62-67-54-44-39-38-37-35-36-40-43-42-41-50-34-31-29-27-26-28-30-32-33-63-51-20-22-24-49-19-18-48-21-25-59-14-0,378.34345056432716,seed702_explore_lns_start64_late_random_best_rm25_tw12
0-66-56-64-20-22-24-23-62-67-54-44-39-38-37-35-36-40-43-42-41-50-34-31-29-27-26-28-30-32-33-63-51-49-19-18-48-21-25-57-65-0,379.246538405929,seed604_lns_start30_mixed_random_best_rm8_tw10_guarded
0-65-66-64-56-62-50-67-42-44-43-40-38-37-35-36-39-41-54-34-31-29-27-26-28-30-32-33-63-51-20-22-49-19-18-48-21-25-24-57-60-0,379.2751123135782,seed705_explore_lns_start30_mixed_best_rm20_tw12
0-69-15-11-60-44-42-41-39-38-37-36-35-40-43-8-5-1-3-45-4-46-7-6-2-70-61-68-52-58-25-24-66-0,379.4440114393093,seed704_explore_lns_start4_late_regret_rm20_tw6
0-68-69-10-11-15-16-23-24-57-9-53-60-6-8-5-3-1-45-46-7-4-55-12-14-47-17-13-59-58-52-0,379.5467162617441,seed702_explore_lns_start35_mixed_random_best_rm25_tw10
0-69-12-14-15-11-10-57-23-9-16-47-53-7-8-46-45-5-3-1-70-61-68-55-2-4-6-60-13-52-0,379.55802628705413,seed702_explore_lns_start62_late_best_rm20_tw15
0-69-23-59-15-11-12-14-47-17-16-9-10-53-60-8-46-45-5-3-1-4-7-6-2-55-70-61-68-52-58-57-65-0,379.7604182921945,seed602_lns_start62_mixed_random_best_rm8_tw12_guarded
0-66-64-56-62-50-67-42-44-39-38-37-35-36-40-43-41-61-54-34-31-29-27-26-28-30-32-33-63-51-20-22-49-19-18-48-21-25-58-59-57-65-0,379.8454277907212,seed704_explore_lns_start2_mixed_random_best_rm25_tw6
0-69-23-11-15-47-17-16-9-53-60-6-7-8-5-3-1-45-46-4-2-55-70-61-68-12-14-58-52-0,379.8762414401785,seed601_lns_start71_mixed_random_best_rm8_tw12
0-66-56-64-24-22-20-49-19-18-48-21-23-51-67-62-63-33-32-30-28-26-27-29-31-34-50-54-61-68-55-4-45-5-1-42-43-40-36-35-37-39-41-0,380.2202422692991,seed704_explore_lns_start25_late_best_rm25_tw15
0-69-23-11-15-14-47-17-16-9-53-60-7-8-46-5-3-1-45-4-2-6-55-68-70-12-10-58-57-52-0,380.36938907785157,seed604_lns_start70_mixed_best_rm8_tw10
0-69-11-47-17-15-59-23-9-53-7-8-5-3-1-45-46-55-2-4-6-60-12-13-10-70-61-68-0,380.5377841704015,seed606_lns_start30_random_best_rm4_tw12
0-65-66-56-64-62-67-54-44-39-38-37-35-36-40-43-42-41-50-34-31-29-27-26-28-30-32-33-63-51-20-22-49-19-18-48-21-25-24-57-52-60-0,380.58284400835396,seed607_lns_start30_random_random_best_rm8_tw8
0-68-61-54-41-42-43-44-40-36-35-37-38-39-70-53-9-60-7-8-46-45-5-3-1-4-6-2-55-10-13-16-17-47-14-12-59-58-0,380.6059485380509,seed602_lns_start1_late_random_best_rm4_tw12
0-68-61-66-64-56-62-67-54-44-39-38-37-35-36-40-43-42-41-50-34-31-29-27-26-28-30-32-33-63-51-20-22-49-19-18-48-21-25-58-52-65-0,380.7092843919186,seed606_lns_start30_late_best_rm5_tw10_guarded
0-54-41-37-35-36-40-43-44-42-39-38-61-68-53-9-60-7-8-46-5-1-3-45-4-6-2-70-55-13-16-17-47-14-12-10-58-0,380.8406528439283,seed603_lns_start0_late_best_rm6_tw10
0-65-69-57-23-15-12-47-17-16-9-53-6-7-8-45-5-46-2-55-10-13-60-4-3-1-70-61-68-0,380.86107069232264,seed701_explore_lns_start68_late_random_best_rm20_tw12
0-65-69-12-17-15-11-10-57-23-24-67-50-34-31-29-27-26-28-30-32-33-63-51-20-22-49-19-18-48-21-25-58-59-52-64-56-66-0,380.9828193323812,seed704_explore_lns_start15_mixed_random_best_rm25_tw10
0-69-23-11-15-14-47-17-16-9-53-60-70-8-45-1-3-5-46-7-6-4-2-55-12-10-13-59-58-0,381.25969229071654,seed703_explore_lns_start30_late_best_rm25_tw10
0-65-66-64-56-62-50-67-54-44-39-38-37-35-36-40-43-42-41-34-31-29-27-26-28-30-32-33-63-51-20-22-24-49-19-18-48-21-25-58-59-10-12-0,381.34710861502407,seed701_explore_lns_start69_late_regret_rm20_tw8
0-12-14-47-17-16-15-11-10-52-57-23-9-53-1-3-5-8-6-55-2-4-45-46-7-60-13-70-61-68-0,381.7137112957014,seed703_explore_lns_start70_late_random_best_rm25_tw10
0-65-56-62-50-67-54-44-39-38-37-35-36-40-43-42-41-34-31-29-27-26-28-30-32-33-63-51-20-22-49-19-18-48-21-25-24-57-52-16-14-0,382.02307009704856,seed704_explore_lns_start30_late_best_rm20_tw12
0-64-23-57-11-15-14-47-17-16-9-10-53-7-8-5-3-1-45-46-55-68-4-6-60-12-13-59-58-52-65-0,382.0821605604875,seed703_explore_lns_start37_late_best_rm25_tw8
0-68-70-61-54-62-67-42-44-39-38-37-35-36-40-43-41-50-34-31-29-27-26-28-30-32-33-63-51-20-22-24-49-19-18-48-21-25-58-59-0,382.24677484395505,seed703_explore_lns_start46_mixed_best_rm10_tw10
0-66-64-63-33-32-30-28-26-27-29-31-34-50-62-51-18-23-56-67-53-10-9-13-59-21-48-19-49-20-22-24-57-52-65-0,382.4700265043149,seed601_lns_start21_late_best_rm6_tw8
0-61-68-69-23-11-15-14-47-17-16-9-53-60-6-7-8-5-3-1-45-46-4-2-70-55-12-10-58-57-52-0,382.4960025083035,seed608_lns_start62_mixed_best_rm6_tw8
0-66-56-64-20-23-18-63-62-67-50-34-31-29-27-26-28-30-32-33-51-57-52-10-13-24-22-49-19-48-21-25-58-59-65-0,382.5535048168435,seed602_lns_start58_mixed_regret_rm8_tw6
0-61-68-69-23-11-15-14-47-17-16-9-53-2-6-7-8-5-3-1-45-46-4-70-55-60-12-10-58-0,382.80809171400176,seed602_lns_start64_late_random_best_rm6_tw10
0-61-70-1-3-5-45-69-68-42-44-43-40-36-35-37-38-39-41-67-50-34-31-29-27-26-28-30-32-33-63-51-18-21-48-19-49-20-22-24-57-52-64-56-66-65-0,382.8700387575003,seed701_explore_lns_start25_late_regret_rm20_tw6
0-54-61-70-68-69-23-11-15-16-9-53-6-7-8-46-1-3-5-45-4-2-60-17-47-14-12-10-58-57-0,382.91140283710126,seed702_explore_lns_start66_mixed_random_best_rm10_tw12
0-69-15-11-57-23-22-24-59-9-16-53-7-8-46-2-45-5-3-1-4-6-55-10-12-14-47-17-60-70-61-68-0,383.45363738827274,seed703_explore_lns_start30_mixed_random_best_rm25_tw10
0-69-10-11-47-17-16-15-23-9-14-12-53-7-8-46-5-3-1-45-4-2-6-60-58-59-70-68-0,383.52153496973614,seed603_lns_start30_late_random_best_rm5_tw12
0-60-12-14-47-17-16-15-11-69-70-38-44-3-46-8-7-6-2-53-9-13-10-52-57-25-58-59-65-0,383.673405847874,seed704_explore_lns_start25_late_best_rm25_tw15
0-65-69-57-23-15-11-16-17-47-14-9-53-6-7-8-45-5-3-1-46-2-55-10-13-12-60-4-70-61-68-0,383.6833574732995,seed704_explore_lns_start63_late_best_rm25_tw6
0-54-41-39-37-35-36-40-43-42-61-68-69-11-15-16-17-47-14-12-53-60-6-7-8-46-1-3-5-45-4-2-70-55-10-13-59-58-25-57-52-65-0,383.8333646516128,seed705_explore_lns_start76_late_best_rm20_tw15
0-65-66-64-56-62-50-67-54-44-39-38-37-35-36-40-43-42-41-34-31-29-27-26-28-30-32-33-63-51-20-22-24-49-19-18-48-21-25-58-59-14-0,384.42411095377753,seed703_explore_lns_start64_random_best_rm15_tw12
0-54-62-23-11-15-16-9-14-53-60-6-8-46-55-2-4-7-17-47-12-10-59-52-57-0,384.6234661325109,seed608_lns_start26_late_regret_rm8_tw6
0-66-56-64-20-22-24-23-62-67-54-44-39-38-37-35-36-40-43-42-41-50-34-31-29-27-26-28-30-32-33-63-51-49-19-18-48-21-25-57-52-65-0,384.64835354068356,seed601_lns_start30_late_random_best_rm6_tw10_guarded
0-54-62-23-11-15-16-9-14-53-60-6-8-46-55-2-4-7-17-47-12-10-59-52-57-65-0,384.6893702851792,seed605_lns_start25_late_regret_rm6_tw15
0-64-23-57-52-15-11-12-14-47-17-16-9-53-60-45-8-7-2-6-46-5-3-4-55-10-13-1-70-61-68-0,384.8079955820414,seed704_explore_lns_start68_late_random_best_rm25_tw6
0-66-56-64-63-62-67-41-44-39-38-37-35-36-40-43-42-61-54-50-34-31-29-27-26-28-30-32-33-51-20-22-24-49-19-18-48-21-25-58-65-0,384.91826528650256,seed702_explore_lns_start65_mixed_random_best_rm25_tw12
0-61-70-60-12-10-52-57-23-15-11-9-16-17-53-8-5-3-1-45-6-7-46-4-2-55-14-47-13-0,384.96760782385047,seed702_explore_lns_start69_late_random_best_rm25_tw15
0-65-69-23-52-15-11-12-14-47-17-16-9-10-53-6-8-7-60-55-68-70-2-4-46-45-5-3-1-35-39-61-0,385.2930059790881,seed702_explore_lns_start62_late_regret_rm25_tw8
0-65-52-57-22-20-49-19-18-48-21-23-51-63-62-67-56-64-9-10-16-17-47-12-53-60-55-34-31-29-27-26-28-30-32-33-50-0,385.46551050063454,seed702_explore_lns_start6_random_random_best_rm25_tw10
0-69-23-59-15-11-14-47-17-16-9-53-6-8-46-45-5-3-1-70-55-2-4-7-60-12-10-52-57-68-61-0,385.7614460404365,seed607_lns_start71_mixed_regret_rm6_tw12
0-68-69-23-12-15-11-14-47-17-16-9-53-60-7-8-2-70-6-46-45-5-3-1-4-55-10-13-52-57-65-0,385.83139039079947,seed702_explore_lns_start72_mixed_random_best_rm25_tw10
0-66-56-64-63-62-67-41-44-39-38-37-35-36-40-43-42-61-54-50-34-31-29-27-26-28-30-32-33-51-20-22-24-49-19-18-48-21-25-58-57-65-0,385.887344268301,seed703_explore_lns_start70_mixed_random_best_rm25_tw10
0-66-64-20-21-23-62-67-38-44-9-24-22-49-19-48-18-51-63-33-32-30-28-26-27-29-31-34-50-56-0,386.07397598382113,seed705_explore_lns_start76_late_best_rm20_tw15
0-61-70-69-11-15-14-6-46-45-1-3-5-8-7-60-12-10-9-53-55-68-2-4-47-17-16-13-58-52-65-0,386.2064752710368,seed702_explore_lns_start68_late_best_rm20_tw15
0-69-14-47-17-15-11-10-23-57-52-9-12-53-6-8-2-70-55-13-60-4-1-3-5-45-46-7-61-68-0,386.42114057277547,seed704_explore_lns_start70_late_best_rm20_tw8
0-69-11-47-17-15-59-23-9-10-53-60-6-8-46-45-5-3-1-43-61-68-70-55-2-4-7-14-12-0,386.46839075944547,seed601_lns_start2_mixed_regret_rm8_tw12
0-69-10-11-15-52-23-59-9-53-2-3-5-8-45-46-6-55-70-1-4-7-60-12-13-16-17-47-14-68-0,386.4795305434126,seed705_explore_lns_start2_mixed_random_best_rm20_tw8
0-68-23-57-11-15-47-17-16-9-53-60-6-8-46-45-5-3-1-70-55-2-4-7-12-14-10-13-58-0,387.21247242116783,seed705_explore_lns_start63_mixed_random_best_rm25_tw12
0-12-14-47-17-16-15-11-10-69-38-44-70-53-9-60-7-8-46-45-5-3-1-4-6-2-55-68-61-42-43-40-36-35-37-39-41-54-0,387.29654120761063,seed602_lns_start57_mixed_regret_rm5_tw15_guarded
0-68-61-70-69-23-11-15-47-17-16-9-53-2-6-7-8-5-3-1-45-46-4-55-60-12-14-58-57-0,387.3934039453998,seed605_lns_start69_late_random_best_rm8_tw8
0-61-70-68-62-67-54-44-39-38-37-35-36-40-43-42-41-50-34-31-29-27-26-28-30-32-33-63-51-20-22-24-49-19-18-48-21-25-58-59-65-0,387.5409012883228,seed604_lns_start46_mixed_random_best_rm8_tw15
0-66-56-64-20-23-62-67-54-44-39-38-37-35-36-40-43-42-41-50-34-31-29-27-26-28-30-32-33-63-51-22-49-19-18-48-21-25-24-57-52-0,387.8798365532427,seed701_explore_lns_start30_late_best_rm25_tw15
0-54-15-11-69-61-42-44-43-40-36-35-37-38-39-41-70-2-8-5-3-1-45-46-4-6-7-60-13-58-25-0,387.89662148950543,seed701_explore_lns_start6_late_best_rm20_tw12
0-66-56-64-63-62-67-54-44-39-38-37-35-36-40-43-42-41-50-34-31-29-27-26-28-30-32-33-51-20-22-49-19-18-48-21-25-24-57-52-10-65-0,387.935636796536,seed601_lns_start30_late_random_best_rm6_tw10
0-10-47-17-16-15-23-57-11-9-14-53-60-7-8-46-45-5-3-1-4-6-2-55-12-13-52-65-70-61-68-0,387.9423459411734,seed705_explore_lns_start62_random_best_rm25_tw15
0-69-23-11-15-16-17-47-14-10-9-53-6-8-46-45-5-3-1-70-61-68-55-2-4-7-60-12-13-59-58-52-0,388.1850119813139,seed601_lns_start30_mixed_regret_rm5_tw15_guarded
0-65-66-64-56-62-50-67-54-44-39-38-37-35-36-40-43-42-41-34-31-29-27-26-28-30-32-33-63-51-20-22-24-49-19-18-48-21-25-58-59-16-14-0,388.360760972677,seed702_explore_lns_start71_random_best_rm15_tw8
0-68-69-21-23-15-16-11-9-53-60-7-6-1-3-5-45-46-4-55-10-13-17-47-14-12-59-58-57-52-0,388.5552177458599,seed607_lns_start40_mixed_regret_rm5_tw15
0-65-66-64-56-62-50-67-54-44-39-38-37-35-36-40-43-42-41-34-31-29-27-26-28-30-32-33-63-51-20-22-24-49-19-18-48-21-25-59-16-17-12-0,388.68151504152667,seed703_explore_lns_start71_late_best_rm25_tw10
0-56-66-65-69-23-11-15-16-17-47-14-12-10-9-53-60-7-8-45-5-3-1-6-46-4-2-70-55-52-57-25-64-0,389.0461134377423,seed701_explore_lns_start46_late_best_rm25_tw8
0-66-56-64-20-22-24-23-62-67-41-44-39-38-37-35-36-40-43-42-61-54-50-34-31-29-27-26-28-30-32-33-63-51-49-19-18-48-21-25-57-65-0,389.509056461593,seed602_lns_start30_mixed_regret_rm5_tw15_guarded
0-66-64-56-63-62-67-41-44-39-38-37-35-36-40-43-42-61-54-50-34-31-29-27-26-28-30-32-33-51-20-22-24-49-19-18-48-21-25-58-59-52-0,389.5857458607868,seed704_explore_lns_start63_late_best_rm20_tw15
0-69-23-11-15-16-17-9-53-60-7-8-46-6-12-52-57-13-10-55-2-4-45-5-3-1-70-61-68-0,389.92701621781475,seed703_explore_lns_start63_late_regret_rm20_tw6
0-68-70-69-61-54-62-42-44-40-36-35-37-38-39-41-43-8-46-5-1-3-45-4-2-6-7-13-58-25-66-0,389.991888537325,seed605_lns_start5_random_regret_rm6_tw15
0-69-23-11-15-14-47-17-16-9-53-6-8-46-45-5-3-1-61-68-70-2-4-7-60-10-58-57-52-0,390.35261872268086,seed605_lns_start71_random_random_best_rm6_tw6
0-68-69-11-15-59-23-57-52-9-53-60-7-8-6-46-45-5-3-1-4-2-55-10-13-16-17-47-14-12-58-65-0,390.39147705115016,seed702_explore_lns_start39_late_random_best_rm25_tw12
0-10-16-15-11-12-68-61-14-17-47-9-53-60-2-6-8-7-46-45-5-3-1-4-70-55-13-59-58-57-52-0,390.4131307547787,seed701_explore_lns_start62_mixed_random_best_rm25_tw12
0-65-57-24-22-20-49-19-48-21-23-18-51-62-67-64-52-53-10-9-16-17-47-14-12-55-50-34-31-29-27-26-28-30-32-33-63-56-0,390.6541890826203,seed703_explore_lns_start4_random_random_best_rm25_tw8
0-68-61-70-69-17-16-15-11-49-23-57-9-53-60-7-8-46-45-5-3-1-55-2-4-6-47-14-12-10-52-0,390.81004338602634,seed702_explore_lns_start69_mixed_random_best_rm25_tw15
0-66-64-51-63-33-32-30-28-26-27-29-31-34-50-62-67-41-44-39-38-37-35-36-40-42-54-56-52-13-59-25-21-48-18-19-49-20-22-24-57-65-0,390.89369937723745,seed703_explore_lns_start65_mixed_random_best_rm15_tw6
0-64-24-22-49-19-18-48-21-23-20-62-67-56-66-65-53-59-9-10-12-14-47-17-16-13-57-51-63-33-32-30-28-26-27-29-31-34-50-0,390.9298867656229,seed705_explore_lns_start6_mixed_random_best_rm25_tw15
0-69-11-15-23-21-20-64-56-67-50-34-31-29-27-26-28-30-32-33-63-51-18-48-19-49-24-57-52-13-59-58-25-22-66-0,391.16346502469327,seed702_explore_lns_start14_late_best_rm25_tw12
0-66-56-64-63-62-67-41-44-39-38-37-35-36-40-43-42-61-54-50-34-31-29-27-26-28-30-32-33-51-20-22-24-49-19-18-48-21-25-58-59-0,391.2891594030555,seed702_explore_lns_start72_mixed_random_best_rm25_tw10
0-69-10-11-12-14-17-16-15-59-9-53-7-8-46-45-5-3-1-70-55-47-13-60-6-4-2-58-52-0,391.39664574374694,seed702_explore_lns_start66_mixed_best_rm25_tw15
0-66-64-56-62-50-67-42-44-39-38-37-35-36-40-43-41-2-70-61-54-34-31-29-27-26-28-30-32-33-63-51-20-25-21-48-18-19-49-22-65-0,392.0112277405899,seed702_explore_lns_start35_mixed_random_best_rm25_tw10
0-66-56-51-63-33-32-30-28-26-27-29-31-34-50-62-67-41-44-39-38-37-35-36-40-43-42-54-65-13-59-18-48-21-25-19-49-20-22-24-64-0,392.3362377463484,seed704_explore_lns_start71_mixed_regret_rm15_tw8
0-54-62-66-69-11-15-14-47-17-16-59-9-53-60-7-8-46-4-6-2-55-12-10-13-58-25-57-52-65-0,392.42537237717255,seed605_lns_start26_mixed_random_best_rm5_tw10
0-68-61-54-41-43-42-40-36-35-37-38-39-44-1-3-5-45-46-8-60-53-9-10-16-17-47-12-55-70-2-4-7-6-14-13-59-58-65-0,392.46214218558447,seed606_lns_start0_late_random_best_rm6_tw15
0-65-66-56-64-62-50-67-54-44-39-38-37-35-36-40-43-42-41-34-31-29-27-26-28-30-32-33-63-51-20-22-24-49-19-18-48-21-25-59-16-47-0,393.7787609978141,seed703_explore_lns_start65_random_best_rm15_tw10
0-65-57-23-51-62-67-56-66-53-9-59-52-64-50-34-31-29-27-26-28-30-32-33-63-18-48-21-25-19-49-20-22-24-0,393.85464155326326,seed702_explore_lns_start87_late_best_rm25_tw8
0-69-24-23-15-11-14-47-17-16-9-53-2-6-8-5-55-70-1-3-45-4-46-7-60-12-10-52-57-68-61-0,393.9522458654538,seed604_lns_start69_random_regret_rm8_tw6
0-69-23-11-15-17-47-14-12-10-9-53-60-8-46-45-5-3-1-55-2-4-7-6-70-61-68-57-58-52-0,394.43745387707355,seed607_lns_start63_mixed_random_best_rm4_tw12
0-68-70-61-69-62-54-41-42-44-43-40-36-35-37-38-39-50-34-31-29-27-26-28-30-32-33-63-51-20-22-24-49-19-18-48-21-25-58-59-0,394.5580705646211,seed703_explore_lns_start46_mixed_random_best_rm25_tw6
0-54-70-15-11-69-68-61-41-44-43-40-36-35-37-38-39-42-1-8-5-3-45-46-4-2-6-7-60-13-58-25-66-0,394.7218206664493,seed701_explore_lns_start5_late_regret_rm10_tw10
0-69-11-15-23-21-48-18-22-20-67-50-34-31-29-27-26-28-30-32-33-63-51-49-19-24-57-13-59-58-25-64-56-66-0,394.86229844084403,seed703_explore_lns_start1_late_best_rm20_tw10
0-65-10-12-14-47-17-16-15-11-69-68-38-44-70-53-9-60-7-8-46-45-5-3-1-4-6-2-55-61-42-43-40-36-35-37-39-41-54-0,394.9701021320858,seed605_lns_start57_mixed_best_rm8_tw12_guarded
0-64-51-63-33-30-28-26-27-29-31-32-34-50-62-67-23-21-48-18-19-49-20-22-24-57-9-10-14-13-52-59-58-25-56-66-65-0,395.022550765653,seed701_explore_lns_start57_random_regret_rm20_tw8
0-69-14-47-17-16-23-57-52-9-53-7-8-46-5-1-3-45-70-68-55-2-4-6-60-12-13-59-58-0,395.111756526546,seed702_explore_lns_start69_mixed_random_best_rm25_tw12
0-69-10-11-17-16-15-23-9-47-14-53-6-8-5-3-1-45-46-55-2-4-7-60-12-13-59-58-0,395.2802625572855,seed605_lns_start30_late_regret_rm4_tw6
0-56-51-64-66-65-69-62-67-54-44-39-38-37-35-36-40-43-42-41-50-34-31-29-27-26-28-30-32-33-63-18-25-21-48-19-49-20-22-24-0,395.28091232623314,seed602_lns_start30_mixed_random_best_rm6_tw6
0-69-10-11-47-17-14-15-16-59-57-9-53-70-46-8-5-1-3-45-55-4-7-12-13-60-2-6-61-68-0,395.7308629678336,seed704_explore_lns_start66_mixed_random_best_rm20_tw10
0-69-23-11-15-14-47-17-16-9-53-70-6-8-7-60-46-45-5-3-1-4-2-55-12-10-13-59-58-65-0,395.76015305224536,seed703_explore_lns_start30_late_best_rm25_tw8
0-66-56-62-50-67-54-44-39-38-37-35-36-40-43-42-41-34-31-29-27-26-28-30-32-33-63-51-22-24-13-25-21-48-18-19-49-20-64-0,395.82344252530163,seed602_lns_start62_mixed_random_best_rm8_tw12_guarded
0-68-61-69-11-47-17-16-15-23-9-14-12-53-60-8-5-3-1-45-46-7-6-2-70-55-10-13-59-58-0,396.2271667178745,seed604_lns_start30_late_regret_rm5_tw15
0-69-23-11-15-16-14-47-9-53-8-46-45-5-3-1-61-68-70-4-7-6-2-60-12-10-58-57-52-0,396.495248336612,seed602_lns_start67_random_best_rm3_tw12
0-66-56-62-41-42-44-43-40-36-35-37-38-39-67-50-34-31-29-27-26-28-30-32-33-63-51-20-22-24-57-52-13-59-58-25-21-48-18-19-49-64-65-0,396.7330867367004,seed604_lns_start64_late_random_best_rm8_tw10_guarded
0-66-56-64-51-63-50-62-67-41-44-42-39-38-37-35-36-40-43-70-68-61-54-34-31-29-27-26-28-30-32-33-20-22-49-19-18-48-21-25-24-57-52-65-0,396.8373036672046,seed605_lns_start30_late_regret_rm4_tw6
0-65-66-56-64-62-50-67-54-44-39-38-37-35-36-40-43-42-41-34-31-29-27-26-28-30-32-33-63-51-20-22-24-49-19-18-48-21-25-58-59-60-0,397.5836019407341,seed704_explore_lns_start68_late_regret_rm25_tw15
0-69-11-15-16-59-23-9-17-47-53-7-8-46-45-5-3-1-55-13-14-70-2-4-6-61-68-0,397.6917598281257,seed606_lns_start30_late_random_best_rm6_tw12
0-68-61-70-60-69-14-47-17-16-15-11-23-9-10-53-6-7-8-5-3-1-45-46-4-2-12-13-59-58-0,397.767219567417,seed704_explore_lns_start30_mixed_random_best_rm25_tw6
0-66-64-56-51-18-48-23-62-67-42-44-43-39-38-37-36-35-40-41-61-54-50-34-30-28-26-27-29-31-32-33-63-49-20-22-24-57-52-65-0,398.23808009169596,seed705_explore_lns_start30_random_random_best_rm25_tw8
0-69-11-15-16-17-6-5-8-53-60-12-9-10-7-46-45-3-1-4-2-55-14-47-13-59-52-70-61-68-0,398.37549747019494,seed701_explore_lns_start30_mixed_random_best_rm25_tw10
0-66-64-56-63-50-62-67-41-44-39-38-37-35-36-40-43-42-61-54-34-31-29-27-26-28-30-32-33-51-20-22-24-49-19-18-48-21-25-58-59-57-65-0,398.5370066210142,seed702_explore_lns_start63_late_random_best_rm20_tw10
0-56-66-69-62-67-54-44-39-38-37-35-36-40-43-42-41-50-34-31-29-27-26-28-30-32-33-63-51-20-22-24-49-19-18-48-21-25-58-59-65-0,398.5964270023268,seed704_explore_lns_start68_late_random_best_rm25_tw6
0-65-66-64-56-63-62-67-54-44-39-38-37-35-36-40-43-42-41-50-34-31-29-27-26-28-30-32-33-51-20-22-24-49-19-18-48-21-25-58-59-12-0,398.6137523267681,seed702_explore_lns_start70_late_random_best_rm25_tw6
0-54-62-69-11-15-14-47-17-16-59-9-53-60-2-46-8-7-6-4-55-12-10-13-58-25-57-52-65-0,398.6443318294421,seed603_lns_start25_mixed_best_rm8_tw10
0-68-61-70-69-11-15-12-14-6-1-3-5-45-46-8-53-9-60-7-4-2-55-10-13-47-17-16-59-58-65-0,398.754105118432,seed701_explore_lns_start30_late_best_rm25_tw15
0-65-66-56-64-63-62-67-54-44-39-38-37-35-36-40-43-42-41-50-34-31-29-27-26-28-30-32-33-51-20-22-49-19-18-48-21-25-24-57-52-14-0,398.9330186006375,seed602_lns_start30_mixed_random_best_rm6_tw12
0-68-70-69-11-15-16-23-10-14-47-17-9-53-60-8-7-6-2-1-3-5-45-4-46-12-13-59-58-0,399.0504539673565,seed602_lns_start30_late_random_best_rm6_tw8
0-52-57-24-22-20-49-19-18-48-21-23-51-63-62-67-56-64-65-53-9-12-14-47-17-16-13-10-55-34-31-29-27-26-28-30-32-33-50-0,399.0935631704624,seed702_explore_lns_start3_mixed_best_rm25_tw15
0-56-51-63-33-32-30-28-26-27-29-31-34-50-62-67-23-24-64-66-65-53-10-9-13-57-22-20-49-19-18-48-21-25-58-59-52-0,399.23268685245125,seed703_explore_lns_start21_late_random_best_rm20_tw6
0-69-23-11-15-17-47-14-9-53-6-8-46-45-5-3-1-40-61-68-70-55-2-4-7-60-12-10-52-57-0,399.24951582741676,seed601_lns_start70_random_regret_rm4_tw8
0-69-23-11-15-17-47-14-10-9-53-46-45-5-8-7-6-2-55-70-1-3-4-12-16-13-52-57-68-61-0,399.30916857072214,seed704_explore_lns_start68_late_regret_rm25_tw15
0-66-56-64-24-23-48-18-51-62-67-54-41-39-38-37-35-36-40-43-42-50-34-31-29-27-26-28-30-32-33-63-20-22-49-19-21-25-58-59-52-65-0,399.37856695713407,seed704_explore_lns_start71_late_random_best_rm25_tw15
0-69-12-47-17-16-15-11-23-9-14-53-60-7-8-46-5-3-70-1-45-4-6-2-55-10-13-58-57-52-65-0,399.54021619231366,seed704_explore_lns_start67_late_best_rm20_tw15
0-68-69-11-15-23-57-14-47-17-16-9-53-60-8-46-45-5-3-1-6-7-4-55-12-10-13-59-58-52-0,400.04054035256155,seed703_explore_lns_start32_late_random_best_rm25_tw8
0-66-24-22-20-49-23-19-51-62-67-53-9-57-64-56-50-34-31-29-27-26-28-30-32-33-63-18-48-21-25-58-59-52-65-0,400.15345421886224,seed608_lns_start79_late_regret_rm8_tw8_guarded
0-69-23-11-15-14-47-17-16-9-53-2-46-8-5-3-1-45-70-61-68-55-4-6-7-60-12-10-59-58-52-0,400.1755538140253,seed608_lns_start63_mixed_best_rm8_tw6
0-56-64-51-63-33-32-30-28-26-27-29-31-34-50-62-67-54-44-40-36-37-38-39-42-41-4-55-13-59-58-25-21-48-18-19-49-20-22-66-0,400.56632855959526,seed704_explore_lns_start62_mixed_regret_rm25_tw8
0-54-61-68-70-15-11-69-41-44-43-40-37-35-36-38-39-42-2-6-8-5-1-3-45-4-46-7-60-58-25-66-0,400.72706245002,seed704_explore_lns_start3_late_regret_rm10_tw6
0-65-66-56-62-50-67-54-44-39-38-37-35-36-40-43-42-41-34-31-29-27-26-28-30-32-33-63-51-20-22-24-13-25-21-48-18-19-49-64-0,400.74181056135313,seed602_lns_start62_mixed_random_best_rm8_tw12
0-66-64-63-33-32-30-28-26-27-29-31-34-50-62-51-18-23-20-67-56-65-10-9-13-52-57-24-22-49-19-48-21-25-58-59-0,401.47388075319185,seed602_lns_start21_late_regret_rm6_tw12
0-68-61-54-41-37-35-36-40-43-44-42-39-38-70-10-9-53-60-6-7-8-46-45-5-3-1-4-2-55-12-13-16-17-47-14-59-58-64-65-0,401.4783198674391,seed701_explore_lns_start0_mixed_best_rm25_tw12
0-68-61-70-69-62-67-41-44-39-38-37-35-36-40-43-42-54-50-34-31-29-27-26-28-30-32-33-63-51-49-19-18-48-21-25-58-24-22-20-64-66-0,401.57601217843586,seed705_explore_lns_start46_mixed_random_best_rm25_tw8
0-66-65-69-56-62-67-42-44-39-38-37-35-36-40-43-41-61-54-50-34-31-29-27-26-28-30-32-33-63-51-20-22-24-49-19-18-48-21-25-58-59-52-0,402.23967926621606,seed702_explore_lns_start70_late_random_best_rm25_tw8
0-10-15-11-69-68-61-42-44-37-38-41-6-46-8-7-53-12-14-47-17-60-55-2-4-45-5-3-1-70-43-40-36-35-39-54-0,402.5336492216944,seed603_lns_start58_random_best_rm3_tw6
0-66-56-64-24-23-48-18-51-62-50-67-54-39-38-37-35-36-40-43-42-41-34-31-29-27-26-28-30-32-33-63-20-22-49-19-21-25-58-59-52-0,402.535086286626,seed703_explore_lns_start66_late_random_best_rm20_tw15
0-68-61-70-1-3-5-2-69-23-11-15-47-14-9-53-60-7-8-46-45-4-6-55-10-13-58-57-52-0,402.5985516953804,seed703_explore_lns_start71_late_best_rm25_tw10
0-2-69-23-11-15-16-9-53-7-8-46-70-61-68-55-1-3-5-45-4-6-60-12-13-17-47-14-0,402.6194611595814,seed703_explore_lns_start2_mixed_best_rm20_tw8
0-69-11-15-23-21-49-51-56-67-50-34-31-29-27-26-28-30-32-33-63-18-48-19-20-22-24-57-52-13-58-25-64-66-65-0,402.7282971287012,seed704_explore_lns_start0_late_best_rm20_tw6
0-69-11-17-16-15-59-23-9-47-14-53-7-8-46-5-3-1-45-4-2-6-60-12-58-10-70-61-68-0,402.7385036276762,seed607_lns_start30_late_regret_rm3_tw8
0-60-12-14-47-17-16-15-11-69-44-70-53-9-6-7-8-46-5-3-1-45-4-2-55-10-13-58-57-52-0,402.88754445487405,seed702_explore_lns_start69_random_best_rm20_tw10
0-68-61-66-64-56-62-50-67-54-44-39-38-37-35-36-40-43-42-41-34-31-29-27-26-28-30-32-33-63-51-20-22-24-49-19-18-48-21-25-58-59-52-57-65-0,403.13102194334164,seed601_lns_start68_late_best_rm8_tw15_guarded
0-66-56-64-63-50-62-67-54-44-39-38-37-35-36-40-43-42-41-61-68-34-31-29-27-26-28-30-32-33-51-20-22-24-49-19-18-48-21-25-58-52-65-0,403.22719301499734,seed602_lns_start30_late_regret_rm6_tw8_guarded
0-60-14-15-11-23-10-47-17-16-9-53-2-46-8-5-3-1-70-55-13-12-7-6-4-45-61-68-0,403.3540132199737,seed702_explore_lns_start71_late_random_best_rm20_tw15
0-56-64-66-69-62-67-54-44-39-38-37-35-36-40-43-42-41-50-34-31-29-27-26-28-30-32-33-63-51-20-22-24-49-19-18-48-21-25-58-59-0,403.7406539017275,seed705_explore_lns_start62_random_best_rm25_tw15
0-68-61-54-62-41-42-44-43-40-36-35-37-38-39-67-50-34-31-29-27-26-28-30-32-33-63-51-20-24-22-49-19-18-48-21-13-59-58-0,403.84641278121813,seed701_explore_lns_start46_late_best_rm25_tw8
0-14-47-17-16-15-11-10-57-64-23-9-12-53-6-7-8-5-3-45-46-2-4-55-60-13-1-70-68-0,404.03779736794314,seed702_explore_lns_start70_late_random_best_rm25_tw8
0-56-51-63-50-62-67-42-44-39-38-37-35-36-40-43-41-2-70-61-54-34-31-29-27-26-28-30-32-33-49-19-18-48-21-25-24-22-20-64-66-0,404.40123115145224,seed703_explore_lns_start40_mixed_random_best_rm25_tw12
0-68-61-70-6-69-57-23-15-11-47-17-16-9-53-7-8-46-45-5-3-1-55-2-4-60-10-13-12-0,404.4104087408737,seed701_explore_lns_start68_mixed_random_best_rm20_tw8
0-68-61-42-43-39-41-54-62-37-35-36-40-38-44-70-46-8-7-6-60-53-10-9-16-17-47-14-13-12-55-2-4-45-5-3-1-0,404.4822076678456,seed703_explore_lns_start8_late_regret_rm25_tw6
0-66-56-64-20-23-62-67-54-44-39-38-37-35-36-40-43-42-41-61-68-50-34-31-29-27-26-28-30-32-33-63-51-22-49-19-18-48-21-25-24-57-65-0,404.50142501610003,seed702_explore_lns_start66_mixed_best_rm25_tw15
0-66-56-64-20-23-62-67-61-44-39-38-37-35-36-40-43-42-41-54-50-34-31-29-27-26-28-30-32-33-63-51-22-49-19-18-48-21-25-24-57-52-65-0,404.7112461667808,seed704_explore_lns_start30_late_random_best_rm25_tw12
0-65-66-64-56-63-62-67-54-44-39-38-37-35-36-40-43-42-41-50-34-31-29-27-26-28-30-32-33-51-20-22-24-49-19-18-48-21-25-58-59-16-0,404.73734646857037,seed704_explore_lns_start70_late_best_rm20_tw8
0-61-68-12-14-47-17-16-15-59-23-11-9-53-60-6-8-46-7-2-45-5-3-1-4-70-55-10-13-58-0,404.8779673079681,seed604_lns_start30_late_best_rm8_tw8
0-54-39-41-61-12-14-16-15-11-10-69-68-42-44-40-36-35-37-38-43-46-8-6-2-55-70-1-3-5-45-4-7-60-47-17-0,404.9956093171669,seed701_explore_lns_start22_mixed_best_rm25_tw8
0-68-61-69-11-15-23-22-24-57-52-9-16-14-53-6-8-2-70-55-10-12-17-47-60-7-4-1-3-5-45-46-0,405.0955682800012,seed705_explore_lns_start69_random_random_best_rm15_tw10
0-65-66-56-64-63-62-67-54-44-39-38-37-35-36-40-43-42-41-50-34-31-29-27-26-28-30-32-33-51-20-49-19-18-48-21-25-58-59-16-17-47-0,405.1385890542632,seed701_explore_lns_start63_mixed_best_rm25_tw6
0-54-41-39-35-43-61-70-69-10-11-15-16-17-47-14-12-60-53-9-59-13-52-57-24-48-18-19-49-25-58-51-64-56-0,405.30214471593456,seed705_explore_lns_start61_late_regret_rm25_tw10
0-65-66-56-64-51-62-67-54-44-39-38-37-35-36-40-43-42-41-50-34-31-29-27-26-28-30-32-33-63-20-22-24-49-19-18-48-21-25-58-59-17-0,405.30723028030263,seed702_explore_lns_start62_late_best_rm20_tw15
0-69-12-15-11-10-52-57-23-59-9-16-53-60-8-46-45-5-3-1-70-55-14-47-17-7-6-4-2-43-61-68-0,405.56878317663404,seed703_explore_lns_start30_mixed_random_best_rm25_tw10
0-65-66-64-51-63-62-67-42-44-43-39-38-37-36-35-40-41-54-34-31-29-27-26-28-30-32-33-50-56-52-59-25-21-48-19-49-20-22-24-57-0,405.63428862229307,seed608_lns_start30_random_random_best_rm5_tw10
0-64-24-21-23-62-67-38-44-8-65-57-22-20-49-19-48-18-51-63-33-32-30-28-26-27-29-31-34-50-56-66-0,405.7157272399983,seed705_explore_lns_start60_late_random_best_rm20_tw10
0-68-61-70-1-5-45-6-69-23-11-15-14-17-16-9-53-60-7-8-46-2-3-4-55-10-13-57-52-0,405.7458867488991,seed702_explore_lns_start67_random_best_rm25_tw10
0-60-69-23-11-15-16-9-47-14-53-7-8-6-2-46-1-3-5-45-4-70-55-13-52-57-68-61-0,405.78162919180977,seed702_explore_lns_start71_late_random_best_rm15_tw6
0-65-66-56-64-62-50-67-54-44-39-38-37-35-36-40-43-42-41-34-31-29-27-26-28-30-32-33-63-51-20-22-24-49-19-18-48-21-25-58-59-16-52-0,405.8819706397968,seed704_explore_lns_start70_mixed_regret_rm20_tw15
0-69-23-11-15-17-47-14-10-9-53-60-2-6-8-5-3-1-45-46-7-70-61-68-55-4-12-13-58-0,406.064035511857,seed604_lns_start30_mixed_random_best_rm8_tw15
0-68-61-70-69-10-11-15-16-23-9-17-47-53-7-8-46-45-5-3-1-4-2-6-55-60-14-12-59-58-0,406.4620360104073,seed606_lns_start30_late_random_best_rm8_tw6
0-68-61-42-1-70-69-23-11-15-14-47-17-16-9-53-60-7-8-46-45-3-5-4-2-6-55-12-10-52-57-0,406.74575898008163,seed602_lns_start66_random_regret_rm8_tw10
0-68-61-70-46-69-23-11-15-16-17-47-14-12-9-53-6-7-8-5-3-1-45-4-2-55-10-13-59-58-52-0,406.87729135583453,seed705_explore_lns_start30_mixed_best_rm20_tw12
0-66-56-64-51-63-50-62-67-41-44-39-38-37-35-36-40-43-42-61-54-34-31-29-27-26-28-30-32-33-20-22-24-49-19-18-48-21-25-58-59-52-57-65-0,406.9118007598532,seed702_explore_lns_start2_late_random_best_rm10_tw8
0-61-35-43-70-68-69-24-23-15-11-14-47-17-16-9-53-2-8-5-3-1-45-46-7-6-60-12-10-52-57-65-0,406.9675147187119,seed704_explore_lns_start62_mixed_regret_rm25_tw8
0-68-61-70-1-3-5-2-69-23-11-15-17-14-12-9-53-60-7-8-46-45-4-6-55-10-13-58-57-52-0,407.00141564220155,seed703_explore_lns_start65_random_best_rm15_tw10
0-69-12-16-15-11-10-57-23-59-9-53-7-8-46-45-5-3-1-60-6-4-2-55-52-13-14-47-17-70-68-0,407.1082302559295,seed705_explore_lns_start39_late_random_best_rm25_tw15
0-64-51-66-69-56-62-67-54-44-39-38-37-35-36-40-43-42-41-50-34-31-29-27-26-28-30-32-33-63-20-22-49-19-18-48-21-25-24-57-52-65-0,407.4740842223266,seed604_lns_start30_late_best_rm8_tw8
0-65-66-20-22-21-23-62-67-42-44-38-37-36-40-2-6-7-8-46-45-5-3-1-4-55-68-50-34-31-29-27-26-28-30-32-33-63-0,407.49387130654446,seed705_explore_lns_start61_late_regret_rm25_tw10
0-69-47-17-16-15-11-52-23-57-9-14-12-53-60-7-6-46-45-5-3-1-4-55-10-13-59-58-25-24-22-51-63-0,407.74123282335785,seed704_explore_lns_start39_mixed_regret_rm25_tw15
0-66-64-56-50-62-68-61-67-54-44-39-38-37-35-36-40-43-42-41-34-31-29-27-26-28-30-32-33-63-51-20-22-49-19-18-48-21-25-24-57-52-65-0,407.80244572245243,seed704_explore_lns_start30_mixed_random_best_rm25_tw8
0-68-61-54-41-37-35-36-40-43-42-44-39-38-70-1-45-3-5-8-7-53-9-10-60-2-6-46-4-55-12-14-47-17-13-16-59-58-52-65-0,408.1236137449622,seed606_lns_start1_late_best_rm8_tw12
0-66-56-64-20-24-23-62-67-54-44-39-38-37-35-36-40-43-42-41-50-34-31-29-27-26-28-30-32-33-63-51-22-49-19-18-48-21-25-59-65-0,408.1426046922217,seed702_explore_lns_start68_late_random_best_rm25_tw10
0-69-23-59-15-11-12-14-47-17-16-9-10-53-60-8-46-45-5-3-1-55-2-4-7-6-70-61-68-57-58-52-0,408.1695406873253,seed601_lns_start68_mixed_random_best_rm6_tw15
0-66-56-64-20-24-23-62-67-54-44-39-38-37-35-36-40-43-42-41-50-34-31-29-27-26-28-30-32-33-63-51-22-49-19-18-48-21-25-59-52-65-0,408.2968755061084,seed705_explore_lns_start71_late_random_best_rm20_tw15
0-65-69-11-15-23-16-17-47-14-9-53-7-46-8-6-55-2-4-60-12-10-13-59-58-57-52-0,408.5039610072533,seed603_lns_start25_late_random_best_rm5_tw12
0-62-42-44-43-40-36-35-37-38-39-70-2-8-60-53-9-10-12-14-16-17-47-52-65-55-6-7-46-4-45-5-3-1-41-54-61-68-0,408.6484544269834,seed703_explore_lns_start1_late_best_rm20_tw10
0-64-51-63-33-32-30-28-26-27-29-31-34-50-62-19-23-20-67-56-66-65-53-9-13-57-24-22-49-18-48-21-25-58-59-52-0,408.8076306313267,seed701_explore_lns_start22_mixed_best_rm25_tw8
0-69-12-47-17-16-15-11-44-37-38-46-8-60-53-2-55-6-7-4-45-5-3-1-70-68-61-42-43-40-36-35-39-41-54-0,409.01383873657016,seed701_explore_lns_start57_random_regret_rm20_tw8
0-66-64-56-62-50-67-41-44-39-38-37-35-36-40-42-54-34-31-29-27-26-28-30-32-33-63-51-20-22-24-13-58-25-21-48-18-19-49-65-0,409.16249271440034,seed703_explore_lns_start30_mixed_random_best_rm25_tw10
0-68-61-70-69-10-11-15-16-23-22-24-9-17-47-53-7-8-46-45-1-3-4-6-2-55-12-14-13-58-57-52-0,409.34775808766506,seed701_explore_lns_start66_mixed_random_best_rm25_tw12
0-52-57-66-64-56-62-23-11-15-16-17-47-14-12-9-53-60-7-8-5-45-4-2-55-10-13-46-3-1-0,409.4816588474205,seed704_explore_lns_start46_late_random_best_rm20_tw12
0-65-66-56-64-63-50-62-67-54-44-39-38-37-35-36-40-43-42-41-34-31-29-27-26-28-30-32-33-51-20-22-24-49-19-18-48-21-25-58-59-47-14-0,409.48794124639977,seed703_explore_lns_start63_late_regret_rm20_tw6
0-24-22-20-49-19-23-21-48-51-62-67-65-53-9-52-57-64-50-33-32-30-28-26-27-29-31-34-63-18-25-58-59-0,409.5014142268913,seed608_lns_start79_late_regret_rm8_tw8
0-54-62-23-11-15-16-9-17-47-14-53-8-46-6-55-2-4-7-60-12-10-13-59-58-25-0,409.51881661890263,seed701_explore_lns_start25_late_regret_rm20_tw6
0-65-66-56-64-63-50-62-67-54-44-39-38-37-35-36-40-43-42-41-34-31-29-27-26-28-30-32-33-51-20-22-24-49-19-18-48-21-25-58-59-47-12-0,409.5208716684757,seed702_explore_lns_start67_random_best_rm25_tw10
0-66-64-52-12-14-47-17-16-15-11-57-23-67-56-65-9-53-60-8-46-45-5-3-1-4-7-6-2-55-10-13-0,409.7334453277672,seed703_explore_lns_start46_mixed_random_best_rm25_tw6
0-66-56-64-20-49-23-62-67-54-44-39-38-37-35-36-40-43-42-41-50-34-31-29-27-26-28-30-32-33-63-51-22-24-19-18-48-21-25-58-57-52-65-0,409.8739897403795,seed704_explore_lns_start2_random_regret_rm25_tw6
0-66-56-64-20-23-62-67-54-44-39-38-37-35-36-40-43-42-41-61-68-50-34-31-29-27-26-28-30-32-33-63-51-22-49-19-18-48-21-25-24-57-52-65-0,409.9032401508546,seed702_explore_lns_start30_mixed_best_rm25_tw10
0-54-69-11-17-16-15-59-23-9-47-14-53-60-8-46-7-6-2-55-12-10-13-52-25-57-65-0,409.90501453594146,seed603_lns_start25_late_random_best_rm4_tw8
0-60-69-57-23-15-11-9-10-14-47-53-8-6-55-52-13-12-7-4-1-3-5-45-46-2-70-61-68-0,409.9834080341682,seed701_explore_lns_start68_mixed_best_rm20_tw10
0-54-41-39-37-35-36-40-43-42-61-68-69-11-15-16-17-47-14-12-10-9-53-70-6-7-46-45-5-3-1-4-2-55-60-13-59-58-25-52-0,410.00598857991525,seed705_explore_lns_start60_late_random_best_rm20_tw10
0-66-64-51-63-62-67-54-44-39-38-37-35-36-40-43-42-41-34-31-29-27-26-28-30-32-33-50-56-65-13-59-58-25-21-48-18-19-49-20-0,410.18651372856493,seed705_explore_lns_start69_random_random_best_rm15_tw10
0-66-64-56-62-69-11-15-23-67-50-34-31-29-27-26-28-30-32-33-63-51-18-48-21-19-49-20-22-24-57-52-65-0,410.36499719496464,seed601_lns_start1_late_best_rm5_tw12
0-54-41-43-42-62-37-35-36-40-44-39-38-1-46-8-7-6-60-53-9-12-14-47-17-16-13-55-2-4-45-5-3-70-61-68-0,410.5948374284817,seed705_explore_lns_start15_random_regret_rm15_tw12
0-65-66-56-64-63-50-62-67-54-44-39-38-37-35-36-40-43-42-41-34-31-29-27-26-28-30-32-33-51-20-22-49-19-18-48-21-25-24-57-52-16-47-0,410.6496233820581,seed604_lns_start30_mixed_regret_rm6_tw8
0-66-56-64-51-63-50-62-67-54-44-39-38-37-35-36-40-43-42-41-61-68-34-31-29-27-26-28-30-32-33-20-22-24-49-19-18-48-21-25-58-57-52-65-0,410.7375195168074,seed601_lns_start30_late_regret_rm4_tw8
0-68-69-14-15-11-10-52-57-23-9-17-12-53-6-8-46-45-5-3-1-70-55-2-4-7-60-47-16-13-59-58-0,410.7606943279655,seed704_explore_lns_start62_mixed_random_best_rm25_tw6
0-66-56-64-20-24-23-62-67-54-44-39-38-37-35-36-40-43-42-41-50-34-31-29-27-26-28-30-32-33-63-51-22-49-19-18-48-21-25-58-59-65-0,410.7837132335825,seed701_explore_lns_start68_late_best_rm25_tw6
0-54-41-37-35-36-40-42-69-15-11-70-44-38-39-43-1-3-5-45-8-46-4-2-6-7-60-13-58-25-66-0,410.82549233768555,seed704_explore_lns_start4_late_random_best_rm20_tw6
0-69-11-17-16-15-59-23-53-9-14-8-5-46-60-47-13-10-55-2-4-1-3-45-7-6-70-61-68-0,410.8346404936372,seed608_lns_start30_random_regret_rm3_tw6
0-66-56-64-20-24-23-62-67-54-44-39-38-37-35-36-40-43-42-41-50-34-31-29-27-26-28-30-32-33-63-51-22-49-19-18-48-21-25-58-59-52-65-0,410.9379840474691,seed701_explore_lns_start69_late_regret_rm25_tw12
0-66-56-64-22-49-19-18-48-21-23-62-67-42-44-43-40-38-37-35-36-39-41-54-50-34-31-29-27-26-28-30-32-33-63-51-20-24-25-58-59-57-65-0,410.9688132824607,seed702_explore_guarded
0-54-61-68-70-60-12-15-11-69-41-44-42-39-38-37-35-36-40-43-1-45-46-8-5-3-2-7-6-4-55-10-13-16-17-47-14-66-56-0,411.13529329972675,seed608_lns_start79_late_regret_rm8_tw8
0-65-66-56-64-51-63-62-67-54-44-39-38-37-35-36-40-43-42-41-50-34-31-29-27-26-28-30-32-33-20-22-24-49-19-18-48-21-25-58-59-16-47-14-0,411.1382921565975,seed705_explore_lns_start65_late_best_rm25_tw12
0-68-61-70-69-10-11-14-17-16-15-23-9-53-60-2-6-8-5-1-3-45-46-7-4-55-12-47-13-59-58-0,411.52195103560837,seed608_lns_start30_late_random_best_rm5_tw6
0-52-57-24-22-20-49-19-18-48-21-23-51-63-62-67-56-64-65-53-10-9-59-16-17-47-14-12-55-34-31-29-27-26-28-30-32-33-50-0,411.57123020488154,seed602_lns_start4_late_best_rm8_tw12
0-20-23-19-51-62-67-53-9-52-57-64-50-34-31-29-27-26-28-30-32-33-63-18-48-21-49-22-24-25-58-59-0,411.9885258668031,seed602_lns_start89_late_regret_rm6_tw10
0-66-56-64-51-63-50-62-67-41-44-42-39-38-37-35-36-40-43-70-61-54-34-31-29-27-26-28-30-32-33-20-22-24-49-19-18-48-21-25-58-57-52-65-0,412.21756063306566,seed607_lns_start30_late_regret_rm8_tw10_guarded
0-66-64-56-20-24-23-62-67-54-44-39-38-37-35-36-40-43-42-41-50-34-31-29-27-26-28-30-32-33-63-51-22-49-19-18-48-21-25-59-0,412.45936446751665,seed705_explore_lns_start71_late_best_rm25_tw6
0-66-56-64-20-24-23-62-67-54-44-39-38-37-35-36-40-43-42-41-50-34-31-29-27-26-28-30-32-33-63-51-22-49-19-18-48-21-25-59-57-65-0,412.5538999339877,seed701_explore_lns_start65_late_best_rm25_tw12
0-66-56-64-51-63-50-62-67-41-44-42-39-38-37-35-36-40-43-70-68-61-54-34-31-29-27-26-28-30-32-33-20-22-24-49-19-18-48-21-25-58-52-65-0,412.8903374991851,seed604_lns_start30_late_regret_rm5_tw6_guarded
0-66-56-64-51-63-50-62-67-54-44-39-38-37-35-36-40-43-42-41-34-31-29-27-26-28-30-32-33-20-22-24-49-19-18-48-21-25-58-57-52-10-65-0,412.9324163347938,seed607_lns_start2_mixed_best_rm8_tw6
0-68-70-1-3-5-2-69-23-16-15-11-14-47-17-9-53-60-7-45-8-46-4-6-55-12-10-13-58-57-0,413.15194181150304,seed703_explore_lns_start67_late_regret_rm20_tw10
0-69-23-11-15-47-17-16-10-9-53-60-2-6-8-5-3-1-45-46-7-70-61-68-55-4-12-14-13-58-0,413.1674963839465,seed601_lns_start30_mixed_regret_rm5_tw15
0-69-11-15-52-57-21-23-19-51-67-66-65-9-64-56-50-34-31-29-27-26-28-30-32-33-63-18-48-25-49-20-22-24-0,413.17865326898425,seed704_explore_lns_start8_late_best_rm20_tw8
0-10-12-14-47-17-16-15-11-52-57-24-23-19-64-67-65-53-9-59-21-48-18-49-22-20-51-63-33-32-30-28-26-27-29-31-34-50-56-0,413.21533320580477,seed601_lns_start6_random_random_best_rm4_tw15
0-65-64-56-62-66-11-15-23-51-67-50-34-31-29-27-26-28-30-32-33-63-20-24-22-49-19-18-48-21-25-58-59-52-57-0,413.24294878317403,seed704_explore_lns_start1_late_best_rm25_tw10
0-64-20-19-23-21-48-18-62-67-56-53-9-52-57-51-63-33-32-30-28-26-27-29-31-34-50-22-24-49-25-58-59-0,413.46363841519377,seed605_lns_start85_late_regret_rm6_tw6
0-54-62-41-42-44-43-40-36-35-37-38-39-61-68-70-53-8-5-3-1-45-46-6-7-4-2-55-60-12-13-16-17-47-14-10-59-58-0,413.47697926914736,seed704_explore_lns_start16_late_best_rm20_tw8
0-56-64-66-69-68-62-67-54-44-39-38-37-35-36-40-43-42-41-50-34-31-29-27-26-28-30-32-33-63-51-20-22-24-49-19-18-48-21-25-58-59-65-0,413.89398612582113,seed702_explore_lns_start69_late_random_best_rm25_tw15
0-66-56-64-52-12-14-47-17-16-15-11-62-23-57-9-53-60-8-7-6-46-45-5-3-1-4-2-55-10-13-65-0,413.9239219323924,seed702_explore_lns_start46_mixed_random_best_rm25_tw10
0-56-62-69-11-15-23-67-50-34-31-29-27-26-28-30-32-33-63-51-20-22-49-19-18-48-21-25-24-57-64-66-0,414.11270156198606,seed704_explore_lns_start0_mixed_regret_rm25_tw15
0-65-66-56-64-51-63-50-62-67-54-44-39-38-37-35-36-40-43-42-41-34-31-29-27-26-28-30-32-33-20-22-24-49-19-18-48-21-25-58-59-16-17-0,414.14249623609567,seed701_explore_lns_start68_mixed_best_rm20_tw10
0-54-41-37-35-36-40-43-61-68-69-11-15-70-44-38-39-42-1-3-5-45-46-8-4-7-6-2-60-13-59-58-25-66-0,414.30642218404256,seed703_explore_lns_start4_random_random_best_rm25_tw8
0-56-62-69-11-15-23-67-50-34-31-29-27-26-28-30-32-33-63-51-20-22-49-19-18-48-21-25-24-57-52-66-0,414.7743725212841,seed701_explore_lns_start0_mixed_best_rm25_tw12
0-69-11-15-16-17-47-14-44-35-38-1-46-8-53-12-60-7-6-5-3-45-4-2-70-55-68-61-41-39-40-36-37-43-42-54-0,414.83657281559726,seed604_lns_start57_random_regret_rm8_tw12
0-52-57-24-22-20-49-19-18-48-21-23-51-63-62-67-56-64-65-53-10-9-59-16-17-47-14-12-55-54-34-31-29-27-26-28-30-32-33-50-0,415.207248716442,seed602_lns_start6_late_regret_rm8_tw15
0-52-57-24-22-20-49-19-18-48-21-23-51-63-62-67-56-64-65-53-10-9-59-16-17-47-14-12-55-68-54-34-31-29-27-26-28-30-32-33-50-0,415.207248716442,seed702_explore_lns_start5_late_best_rm15_tw12
0-65-66-56-64-51-63-50-62-67-54-44-39-38-37-35-36-40-43-42-41-34-31-29-27-26-28-30-32-33-20-22-49-19-18-48-21-25-24-57-52-10-60-68-0,415.2411182805318,seed602_lns_start30_late_random_best_rm8_tw8
0-56-51-63-50-62-67-54-44-39-38-37-35-36-40-43-42-41-34-31-29-27-26-28-30-32-33-64-13-59-58-25-21-48-18-19-49-20-22-66-0,415.476437599977,seed701_explore_lns_start71_mixed_random_best_rm25_tw10
0-66-56-64-20-22-24-23-62-67-54-44-39-38-37-35-36-40-43-42-41-50-34-31-29-27-26-28-30-32-33-63-51-49-19-18-48-21-25-58-59-52-57-65-0,415.52570248261344,seed701_explore_guarded
0-65-66-56-62-54-42-44-40-36-35-37-38-39-41-67-50-34-31-29-27-26-28-30-32-33-63-51-20-22-52-47-16-13-59-58-25-21-48-18-19-49-24-0,415.7393921530782,seed702_explore_lns_start2_mixed_random_best_rm25_tw6
0-65-64-56-63-50-62-67-42-44-39-38-37-35-36-40-43-41-2-70-61-54-34-31-29-27-26-28-30-32-33-51-19-25-21-48-18-49-20-22-24-66-0,415.9629613222733,seed703_explore_lns_start32_late_random_best_rm25_tw8
0-69-12-11-15-16-23-9-53-60-2-6-8-5-3-1-45-46-7-70-61-68-55-4-47-13-59-58-0,416.1554696153699,seed605_lns_start30_random_random_best_rm8_tw15
0-69-57-23-15-11-14-47-17-16-9-10-53-7-8-5-3-1-45-46-6-2-68-61-70-55-4-60-12-13-58-52-0,416.1909886808279,seed702_explore_lns_start62_late_best_rm20_tw10
0-54-62-37-35-36-40-43-44-42-39-38-41-61-68-70-53-8-7-6-46-45-1-3-5-4-2-55-60-12-13-58-59-16-17-47-14-0,416.2114013212902,seed705_explore_lns_start0_mixed_best_rm25_tw15
0-69-12-14-15-11-57-23-59-9-53-7-8-46-45-5-3-1-2-55-10-60-6-4-13-16-17-47-52-0,416.36250385323154,seed704_explore_lns_start33_late_best_rm25_tw12
0-56-51-63-50-62-67-41-44-39-38-37-35-36-40-43-42-54-33-32-30-28-26-27-29-31-34-55-65-22-24-25-21-48-18-19-49-20-64-66-0,416.44815304684874,seed702_explore_lns_start62_random_random_best_rm25_tw6
0-66-64-51-63-50-62-67-42-44-39-38-37-35-36-40-43-41-34-31-29-27-26-28-30-32-33-56-65-13-59-25-21-48-18-19-49-20-22-24-0,416.6336717200972,seed606_lns_start62_random_best_rm8_tw12
0-68-61-42-43-39-41-54-62-37-35-36-40-38-44-1-3-5-45-46-8-7-60-53-9-10-12-14-16-17-47-13-55-70-2-4-6-65-0,416.9610674193998,seed705_explore_lns_start14_late_best_rm25_tw8
0-68-61-41-39-42-44-43-40-36-35-37-38-54-64-9-53-8-5-3-1-45-46-7-6-2-4-70-55-60-12-13-16-17-47-14-10-59-58-0,417.0067613768564,seed603_lns_start0_late_best_rm6_tw8
0-66-56-50-34-31-29-27-26-28-30-32-33-62-67-38-44-43-8-2-70-68-61-41-39-37-35-36-40-42-54-64-18-48-21-19-49-20-65-0,417.0236511991821,seed704_explore_lns_start39_mixed_regret_rm25_tw15
0-69-10-11-15-23-21-18-51-67-64-52-9-66-56-50-34-31-29-27-26-28-30-32-33-63-19-25-48-49-20-22-24-57-65-0,417.0351366503071,seed705_explore_lns_start0_mixed_best_rm25_tw15
0-65-66-56-64-63-50-62-67-54-44-39-38-37-35-36-40-43-42-41-34-31-29-27-26-28-30-32-33-51-20-22-24-49-19-18-48-21-25-58-57-52-12-0,417.0475616291346,seed608_lns_start30_random_regret_rm3_tw6
0-68-61-54-41-39-40-43-44-42-36-35-37-38-70-53-9-60-7-8-46-45-5-3-1-2-6-4-55-12-14-47-17-13-16-10-59-58-25-0,417.1759573118517,seed604_lns_start1_late_random_best_rm8_tw8
0-54-41-39-42-69-70-43-40-36-35-37-38-44-61-68-53-9-7-8-46-5-3-1-45-2-6-4-55-60-12-10-13-16-17-47-14-0,417.3276477907418,seed704_explore_lns_start1_late_best_rm25_tw10
0-66-64-56-20-24-23-62-67-54-44-39-38-37-35-36-40-43-42-41-50-34-31-29-27-26-28-30-32-33-63-51-22-49-19-18-48-21-25-59-57-0,417.57430976008465,seed702_explore_lns_start68_late_best_rm20_tw15
0-68-69-11-15-52-22-21-23-59-9-16-17-47-14-53-60-6-1-3-5-45-55-46-4-7-12-10-13-58-57-0,417.60525161126833,seed601_lns_start35_mixed_regret_rm6_tw15
0-66-56-64-20-24-23-62-67-41-44-39-38-37-35-36-40-43-42-61-54-50-34-31-29-27-26-28-30-32-33-63-51-22-49-19-18-48-21-25-59-0,417.6355685444153,seed702_explore_lns_start65_late_random_best_rm20_tw6
0-68-61-43-40-39-41-54-62-42-44-36-35-37-38-70-2-46-8-7-60-53-10-9-59-16-17-47-14-12-55-6-4-45-5-3-1-0,417.6482433380565,seed704_explore_lns_start0_late_best_rm20_tw6
0-65-66-56-64-51-63-62-67-42-44-43-40-38-37-35-36-39-41-70-68-61-54-50-34-31-29-27-26-28-30-32-33-20-22-24-49-19-18-48-21-25-58-0,417.74855079730025,seed704_explore_lns_start33_late_best_rm25_tw12
0-68-69-10-11-15-16-59-23-48-20-52-9-17-47-12-53-60-6-1-3-5-45-55-46-4-7-14-13-58-57-0,417.9114494603772,seed603_lns_start34_mixed_regret_rm8_tw15
0-56-64-51-63-33-32-30-28-26-27-29-31-34-50-62-67-42-44-43-40-38-37-35-36-39-41-54-66-13-57-24-22-20-49-19-18-48-21-25-58-59-52-65-0,417.95820146950103,seed607_lns_start71_late_random_best_rm8_tw8_guarded
0-65-66-56-64-51-63-50-62-67-54-44-39-38-37-35-36-40-43-42-41-34-31-29-27-26-28-30-32-33-20-22-24-49-19-18-48-21-25-58-59-10-17-12-0,418.03913708850735,seed702_explore_lns_start71_late_random_best_rm15_tw6
0-52-57-24-22-20-49-19-18-48-21-23-51-63-62-67-56-64-65-53-10-9-59-16-17-47-14-12-55-68-61-34-31-29-27-26-28-30-32-33-50-0,418.22706814877415,seed704_explore_lns_start4_late_random_best_rm20_tw6
0-66-56-64-20-24-23-62-67-41-44-39-38-37-35-36-40-43-42-61-54-50-34-31-29-27-26-28-30-32-33-63-51-22-49-19-18-48-21-25-59-65-0,418.4051227478857,seed703_explore_lns_start71_random_best_rm25_tw12
0-66-56-62-54-41-42-44-43-40-36-37-38-67-50-34-31-29-27-26-28-30-32-33-63-51-64-13-59-24-22-20-49-19-18-48-21-25-58-57-0,418.4482273225099,seed702_explore_lns_start62_late_regret_rm25_tw8
0-65-66-56-64-51-63-50-62-67-54-44-39-38-37-35-36-40-43-42-41-34-31-29-27-26-28-30-32-33-20-22-24-49-19-18-48-21-25-58-59-10-52-57-0,418.49517594446297,seed703_explore_lns_start2_mixed_best_rm20_tw8
0-66-64-51-63-50-62-67-54-44-39-38-37-35-36-40-43-42-41-34-31-29-27-26-28-30-32-33-56-65-13-59-58-25-21-48-18-19-49-20-22-0,418.68169277944145,seed604_lns_start69_random_regret_rm8_tw6
0-69-10-11-17-15-23-9-53-60-2-6-8-5-3-1-45-46-7-70-61-68-55-4-12-14-13-59-58-0,418.8693098520694,seed604_lns_start30_mixed_regret_rm6_tw8
0-69-11-15-14-12-70-61-44-1-8-7-60-53-9-16-17-47-46-45-5-3-6-4-2-55-10-13-57-65-68-0,418.89026775842734,seed703_explore_lns_start66_late_random_best_rm20_tw15
0-68-61-70-1-3-2-69-12-47-17-15-11-57-23-9-16-14-53-6-8-5-45-4-46-7-60-10-13-59-58-52-0,418.95325923849873,seed702_explore_lns_start62_random_random_best_rm25_tw6
0-68-70-61-41-42-43-40-37-35-36-44-39-38-54-56-9-53-6-7-8-46-5-1-3-45-4-2-55-60-12-13-16-17-47-14-10-59-58-65-0,419.2799129662415,seed607_lns_start1_late_regret_rm5_tw10
0-65-66-56-64-51-63-50-62-67-54-44-39-38-37-35-36-40-43-42-41-34-31-29-27-26-28-30-32-33-20-22-24-49-19-18-48-21-25-58-57-52-10-12-0,419.3756497454258,seed601_lns_start30_late_random_best_rm6_tw8
0-68-45-5-3-1-70-61-43-44-42-62-67-41-38-39-40-36-35-37-50-34-31-29-27-26-28-30-32-33-63-51-18-21-48-19-49-20-22-24-64-56-66-0,419.45174251357923,seed603_lns_start26_mixed_random_best_rm8_tw10
0-68-61-70-1-3-5-45-6-14-47-17-16-15-11-10-23-9-53-7-8-46-55-2-4-60-12-13-59-58-65-0,419.61166090399325,seed703_explore_lns_start30_late_best_rm25_tw10
0-66-56-64-20-23-62-67-54-44-39-38-37-35-36-40-43-42-41-70-50-34-31-29-27-26-28-30-32-33-63-51-22-49-19-18-48-21-25-24-57-52-65-0,419.84217861725233,seed702_explore_lns_start30_late_random_best_rm20_tw8
0-66-64-63-33-32-30-28-26-27-29-31-34-50-62-51-18-23-20-67-56-59-9-16-13-57-24-22-49-19-48-21-25-58-52-65-0,419.9495555015568,seed603_lns_start58_random_best_rm3_tw6
0-69-64-56-62-50-67-54-44-39-38-37-35-36-40-43-42-41-34-31-29-27-26-28-30-32-33-63-51-22-24-13-58-25-21-48-18-19-49-20-0,420.19237005718986,seed602_lns_start2_mixed_random_best_rm8_tw15_guarded
0-65-66-56-64-63-50-62-67-54-44-39-38-37-35-36-40-43-42-41-34-31-29-27-26-28-30-32-33-51-20-22-24-49-19-18-48-21-25-58-57-52-60-0,420.53632468757826,seed603_lns_start30_late_best_rm5_tw15
0-66-64-69-56-62-50-67-61-44-39-38-37-35-36-40-43-42-41-54-34-31-29-27-26-28-30-32-33-63-51-20-22-24-49-19-18-48-21-25-59-52-65-0,420.7891340414308,seed705_explore_lns_start63_mixed_random_best_rm25_tw12
0-61-68-69-11-17-15-59-23-16-9-12-53-7-8-2-70-55-10-13-47-14-6-4-45-1-3-5-46-0,421.0371211175965,seed603_lns_start30_late_best_rm5_tw15
0-65-66-64-56-62-50-67-54-44-39-38-37-35-36-40-43-42-41-34-31-29-27-26-28-30-32-33-63-51-20-49-19-18-48-21-25-59-60-5-0,421.05024083607486,seed701_explore_lns_start66_mixed_random_best_rm25_tw12
0-54-37-35-36-40-43-70-15-11-69-61-42-44-39-38-41-2-46-8-5-3-1-45-4-6-7-60-13-59-58-25-24-66-0,421.11262769512814,seed703_explore_lns_start3_mixed_random_best_rm20_tw10
0-68-70-2-69-12-47-17-16-15-11-23-57-9-53-60-7-8-45-46-6-1-3-5-4-55-10-14-13-58-52-65-0,421.3055630937221,seed702_explore_lns_start68_late_random_best_rm20_tw8
0-68-54-66-56-63-50-62-67-42-44-39-38-37-35-36-40-43-41-34-31-29-27-26-28-30-32-33-51-20-22-24-49-19-18-48-21-25-58-59-52-57-65-0,421.32907232829297,seed705_explore_lns_start2_late_random_best_rm25_tw10
0-65-66-56-64-57-52-14-47-17-16-15-11-69-23-9-53-7-8-2-55-10-13-12-60-6-46-4-45-5-3-1-0,421.40853649135227,seed705_explore_lns_start46_random_best_rm25_tw8
0-68-12-14-47-17-69-10-11-15-16-23-57-9-53-60-7-8-5-3-1-45-46-4-6-55-13-59-58-52-65-0,421.4354720686805,seed703_explore_lns_start40_mixed_random_best_rm25_tw12
0-64-69-57-23-15-11-10-53-9-14-17-8-6-2-70-55-12-60-7-46-4-45-5-3-1-43-61-68-0,421.4990400243356,seed702_explore_lns_start2_mixed_random_best_rm25_tw6
0-68-45-5-3-1-70-61-42-43-44-67-62-54-41-38-39-40-36-35-37-50-34-31-29-27-26-28-30-32-33-63-51-18-21-48-19-49-20-22-24-64-56-66-0,421.7029597433909,seed703_explore_lns_start25_late_random_best_rm15_tw12
0-66-64-56-20-24-23-62-67-54-44-39-38-37-35-36-40-43-42-41-50-34-31-29-27-26-28-30-32-33-63-51-22-49-19-18-48-21-25-59-52-57-65-0,422.12350997385005,seed701_explore_lns_start30_late_random_best_rm20_tw15
0-68-61-70-6-7-69-23-15-17-11-9-10-53-60-2-8-46-45-5-3-1-55-4-47-12-13-52-57-0,422.39130872269664,seed702_explore_lns_start71_random_best_rm15_tw8
0-68-70-61-41-42-43-40-37-35-36-44-39-38-54-56-66-9-53-7-8-5-1-3-45-46-4-6-2-55-60-12-13-16-17-47-14-10-59-58-0,422.4275148651688,seed605_lns_start0_late_regret_rm5_tw15
0-68-61-39-42-70-69-11-17-16-15-59-23-9-47-14-53-7-8-46-55-1-3-5-45-4-2-6-60-12-10-0,422.4669077787001,seed602_lns_start2_mixed_regret_rm6_tw12
0-66-64-57-52-69-56-62-67-54-44-39-38-37-35-36-40-43-42-41-50-34-31-29-27-26-28-30-32-33-63-51-20-22-24-49-19-18-48-21-25-58-59-65-0,422.58993891425547,seed702_explore_lns_start71_late_random_best_rm20_tw15
0-54-68-60-14-15-11-69-61-42-44-43-37-35-36-40-38-39-41-70-8-7-6-2-1-3-5-45-4-46-55-13-58-25-66-0,422.629629525158,seed702_explore_lns_start4_mixed_regret_rm25_tw8
0-68-61-70-69-11-15-16-59-23-9-53-60-6-7-8-46-2-45-5-3-1-4-55-14-17-47-13-58-12-0,422.632331960291,seed601_lns_start30_late_random_best_rm6_tw10
0-65-66-56-64-51-63-50-62-67-54-44-39-38-37-35-36-40-43-42-41-34-31-29-27-26-28-30-32-33-20-22-49-19-18-48-21-25-24-57-52-59-16-0,423.21732618361796,seed702_explore_lns_start30_late_random_best_rm15_tw10
0-66-56-64-51-63-50-62-67-54-44-39-38-37-35-36-40-43-42-41-34-31-29-27-26-28-30-32-33-55-52-57-25-21-48-18-19-49-20-22-24-65-0,423.32916974013517,seed602_lns_start30_late_best_rm5_tw15
0-66-65-10-15-11-62-67-44-42-43-40-38-36-35-37-39-41-61-54-50-34-31-29-27-26-28-30-32-33-63-51-19-25-21-48-18-49-20-22-24-64-56-0,423.37866152501545,seed702_explore_lns_start69_mixed_random_best_rm25_tw12
0-6-70-61-68-69-67-54-44-39-38-37-35-36-40-43-42-41-50-34-31-29-27-26-28-30-32-33-63-51-20-22-24-49-19-18-48-21-25-58-59-65-0,423.9314256531056,seed704_explore_lns_start46_late_random_best_rm20_tw12
0-69-11-15-47-70-44-1-45-8-7-6-9-53-55-2-4-3-5-46-60-12-13-16-17-14-10-57-68-61-0,423.94534797109225,seed704_explore_lns_start71_late_random_best_rm25_tw15
0-65-66-64-51-63-50-62-67-54-44-39-38-37-35-36-40-43-42-41-34-31-29-27-26-28-30-32-33-56-10-13-59-25-21-48-18-19-49-20-22-24-0,424.1049751346151,seed606_lns_start63_mixed_regret_rm8_tw15
0-66-64-56-63-18-48-21-23-62-67-54-44-39-38-37-35-36-40-43-42-41-50-34-31-29-27-26-28-30-32-33-51-20-22-24-49-19-25-58-52-65-0,424.18329522878884,seed704_explore_lns_start66_mixed_random_best_rm20_tw10
0-57-24-22-20-49-19-18-48-21-23-51-63-62-67-56-64-66-65-53-9-10-12-14-47-17-16-59-52-55-68-34-31-29-27-26-28-30-32-33-50-0,424.2025340008636,seed701_explore_lns_start6_late_best_rm20_tw12
0-66-64-51-63-50-62-67-41-44-39-38-37-35-36-40-43-42-54-34-31-29-27-26-28-30-32-33-56-65-13-59-58-25-21-48-18-19-20-22-24-0,424.73155247285365,seed702_explore_lns_start69_mixed_random_best_rm25_tw15
0-66-56-64-20-24-23-62-67-61-44-39-38-37-35-36-40-43-42-41-54-50-34-31-29-27-26-28-30-32-33-63-51-22-49-19-18-48-21-25-59-52-65-0,424.8058096084166,seed702_explore_lns_start68_late_random_best_rm20_tw6
0-65-66-56-64-20-23-62-67-54-44-39-38-37-35-36-40-43-42-41-50-34-31-29-27-26-28-30-32-33-63-51-49-19-18-48-21-25-58-57-24-22-0,424.8947307519123,seed701_explore_lns_start30_mixed_random_best_rm25_tw10
0-65-66-56-64-20-24-23-62-67-41-44-39-38-37-35-36-40-43-42-61-54-50-34-31-29-27-26-28-30-32-33-63-51-22-49-19-18-48-21-25-58-59-0,425.1268160953691,seed701_explore_lns_start71_late_regret_rm20_tw10
0-56-66-65-69-23-62-67-44-42-43-40-38-36-35-37-39-41-54-50-34-31-29-27-26-28-30-32-33-63-51-19-25-21-48-18-49-20-22-24-64-0,425.12928293483026,seed701_explore_lns_start62_mixed_random_best_rm25_tw12
0-68-61-43-70-69-23-11-15-14-47-17-16-9-53-60-8-5-3-1-45-46-7-6-4-2-55-12-10-58-0,425.2716869197309,seed703_explore_lns_start65_mixed_random_best_rm15_tw6
0-54-69-10-11-15-16-59-23-52-9-47-12-53-6-8-7-2-46-4-55-60-14-17-13-58-25-57-65-0,425.4651664702699,seed603_lns_start26_mixed_random_best_rm8_tw10
0-65-66-56-64-63-50-62-67-54-44-39-38-37-35-36-40-43-42-41-34-31-29-27-26-28-30-32-33-51-20-22-24-49-19-18-48-21-25-58-52-17-0,425.53018079347726,seed703_explore_lns_start2_mixed_best_rm20_tw6
0-66-64-56-62-68-61-67-54-44-43-42-39-38-37-35-36-40-41-50-34-31-29-27-26-28-30-32-33-63-51-20-22-24-49-19-18-48-21-25-58-59-65-0,425.6500737083526,seed703_explore_lns_start68_late_best_rm25_tw8
0-66-56-64-20-22-24-23-62-67-41-44-39-38-37-35-36-40-43-42-61-54-50-34-31-29-27-26-28-30-32-33-63-51-49-19-18-48-21-25-58-59-52-57-65-0,425.78822053827736,seed703_explore_guarded
0-69-23-52-15-11-9-16-53-2-46-8-6-60-17-47-14-55-4-7-12-10-13-59-58-57-0,425.86967172938256,seed605_lns_start26_late_best_rm6_tw10
0-65-66-64-56-62-69-11-15-23-67-50-34-31-29-27-26-28-30-32-33-63-51-20-22-25-21-48-18-19-49-24-57-52-0,426.4003136202726,seed608_lns_start0_mixed_best_rm6_tw12
0-54-37-35-36-40-43-70-15-11-10-69-68-42-44-39-38-41-61-2-46-8-5-3-1-45-4-6-7-60-13-59-58-25-66-0,426.6608456717476,seed702_explore_lns_start3_random_best_rm25_tw6
0-2-45-6-69-56-62-67-54-44-39-38-37-35-36-40-43-42-41-50-34-31-29-27-26-28-30-32-33-63-51-20-22-24-49-19-18-48-21-25-58-57-52-65-0,426.8195105446967,seed705_explore_lns_start30_late_random_best_rm25_tw6
0-61-60-65-66-56-64-63-62-67-54-44-39-38-37-35-36-40-43-42-41-50-34-31-29-27-26-28-30-32-33-51-20-22-49-19-18-48-21-25-24-57-52-0,426.90681185360614,seed607_lns_start30_late_random_best_rm5_tw8
0-66-56-64-51-18-48-21-23-62-67-41-44-39-38-37-35-36-40-43-42-61-54-50-34-31-29-27-26-28-30-32-33-63-20-22-24-49-19-25-58-57-52-65-0,427.0602548819488,seed701_explore_lns_start30_late_best_rm25_tw6
0-68-2-69-11-47-17-16-15-23-9-53-6-7-8-5-1-3-45-46-4-70-55-10-13-14-12-59-58-0,427.42238760729646,seed607_lns_start30_late_random_best_rm5_tw8
0-66-56-64-51-63-50-62-67-54-44-39-38-37-35-36-40-43-42-41-34-31-29-27-26-28-30-32-33-20-22-57-13-25-21-48-18-19-49-24-65-0,427.6785837365483,seed608_lns_start63_mixed_best_rm8_tw6
0-52-57-24-22-20-49-19-18-48-21-23-51-63-62-67-56-64-65-53-59-9-12-14-47-17-16-13-10-55-34-31-29-27-26-28-30-32-33-50-0,427.6885833948262,seed605_lns_start4_late_best_rm8_tw12
0-65-66-64-56-63-50-62-67-42-44-43-40-38-37-35-36-39-41-34-31-29-27-26-28-30-32-33-51-22-24-57-52-13-58-25-21-48-18-19-49-20-0,428.3093718206201,seed603_lns_start2_mixed_regret_rm6_tw8_guarded
0-65-66-64-56-63-50-62-67-41-44-42-39-38-37-35-36-40-43-1-54-34-31-29-27-26-28-30-32-33-51-20-49-19-18-48-21-25-58-57-52-0,428.3418079817208,seed702_explore_lns_start30_mixed_random_best_rm20_tw12
0-66-56-64-20-24-23-62-67-54-44-39-38-37-35-36-40-43-42-41-50-34-31-29-27-26-28-30-32-33-63-51-22-49-19-18-48-21-25-59-16-0,428.538379648733,seed702_explore_lns_start64_late_random_best_rm25_tw8
0-66-64-56-51-18-48-21-23-24-62-67-68-61-41-39-38-37-35-36-40-43-42-54-50-34-31-29-27-26-28-30-32-33-63-20-22-49-19-25-59-65-0,428.6533391247833,seed702_explore_lns_start69_random_best_rm20_tw10
0-66-56-64-51-62-50-67-54-44-39-38-37-35-36-40-43-42-41-34-31-29-27-26-28-30-32-33-63-65-52-13-58-25-21-48-18-19-49-20-0,428.73808269030326,seed703_explore_lns_start30_mixed_random_best_rm25_tw10
0-68-2-69-11-47-17-16-15-23-9-53-60-6-7-8-5-1-3-45-46-4-70-55-10-13-14-12-59-58-0,428.8199136276049,seed604_lns_start30_late_best_rm5_tw6
0-61-1-3-5-45-46-2-69-23-11-15-47-17-16-9-10-53-7-8-6-55-68-70-4-60-12-13-57-52-0,429.0018036563178,seed703_explore_lns_start64_random_best_rm15_tw12
0-66-64-56-63-50-62-67-41-44-39-38-37-35-36-40-43-42-54-34-31-29-27-26-28-30-32-33-51-22-24-13-59-58-25-21-48-18-19-49-20-0,429.06070141333146,seed608_lns_start62_mixed_best_rm6_tw8_guarded
0-66-56-64-57-52-69-11-14-47-17-16-15-23-9-53-7-8-2-55-10-13-12-60-6-46-4-45-5-3-1-0,429.12707766332136,seed604_lns_start46_mixed_random_best_rm8_tw15
0-68-45-5-3-1-70-61-42-43-44-67-62-54-41-38-39-40-36-35-37-50-34-31-29-27-26-28-30-32-33-63-51-20-22-24-25-21-48-18-19-49-64-56-66-0,429.5510863325297,seed603_lns_start25_late_random_best_rm5_tw12
0-56-51-63-33-32-30-28-26-27-29-31-34-50-62-67-41-44-43-38-37-35-36-40-39-42-61-68-70-1-3-5-45-4-24-22-20-49-19-18-48-21-58-64-66-0,429.6262552099783,seed603_lns_start25_late_random_best_rm4_tw8
0-66-56-64-51-18-48-21-23-62-67-54-44-39-38-37-35-36-40-43-42-41-50-34-31-29-27-26-28-30-32-33-63-20-22-49-19-25-24-57-52-14-0,429.85397506993775,seed704_explore_lns_start30_late_random_best_rm20_tw6
0-68-61-43-40-41-54-62-42-44-36-35-37-38-39-70-53-10-9-60-8-7-6-46-1-3-5-45-4-2-55-13-17-47-14-12-65-0,429.92204051380776,seed703_explore_lns_start13_mixed_regret_rm20_tw8
0-19-59-15-11-69-12-14-47-17-16-9-53-60-7-8-46-45-5-3-1-2-6-4-70-68-55-10-13-58-25-21-0,429.93634254343084,seed705_explore_lns_start30_random_random_best_rm25_tw8
0-66-64-56-51-18-48-21-23-62-67-41-44-39-38-37-35-36-40-43-42-61-54-50-34-31-29-27-26-28-30-32-33-63-20-22-24-49-19-25-59-57-65-0,430.111961753941,seed704_explore_lns_start67_late_random_best_rm25_tw6
0-66-56-64-63-62-41-40-36-35-37-38-43-44-54-67-50-34-31-29-27-26-28-30-32-33-51-20-22-24-57-52-13-58-25-21-48-18-19-49-65-0,430.25260870679165,seed602_lns_start2_mixed_regret_rm6_tw12
0-54-41-37-35-36-40-43-60-15-11-69-68-61-44-38-39-42-2-6-7-8-46-45-5-3-1-4-70-55-12-14-47-17-16-58-0,430.4224045056729,seed704_explore_lns_start21_late_random_best_rm15_tw12
0-66-56-64-63-50-62-68-61-67-54-44-39-38-41-42-43-40-36-35-37-34-31-29-27-26-28-30-32-33-51-20-22-49-19-18-48-21-25-24-57-52-0,430.96539664626715,seed703_explore_lns_start30_late_best_rm25_tw8
0-54-41-37-35-36-40-43-42-70-15-11-69-68-44-39-38-61-1-5-3-45-8-46-4-7-6-2-55-10-13-16-17-47-14-12-60-65-66-0,431.61096312188084,seed605_lns_start85_late_regret_rm6_tw6
0-54-37-35-36-42-68-69-15-11-44-43-40-38-39-41-61-70-2-46-8-5-3-1-45-4-6-7-60-12-13-59-58-25-24-66-0,431.6706130795188,seed701_explore_lns_start6_mixed_best_rm25_tw10
0-65-64-56-51-63-50-62-67-54-44-39-38-37-35-36-40-43-42-41-34-31-29-27-26-28-30-32-33-20-22-24-57-13-59-25-21-48-18-19-49-66-0,432.31491671747295,seed607_lns_start67_mixed_random_best_rm8_tw6
0-65-57-64-56-62-23-52-15-11-14-47-17-16-9-10-53-60-6-8-7-46-45-5-3-1-4-2-55-12-13-59-58-25-48-19-24-66-0,432.39007292097943,seed702_explore_lns_start46_mixed_best_rm20_tw6
0-66-56-64-63-18-48-21-23-62-67-54-44-39-38-37-35-36-40-43-42-41-50-34-31-29-27-26-28-30-32-33-51-20-22-24-49-19-25-58-59-0,432.41164974964863,seed705_explore_lns_start72_late_best_rm20_tw6
0-68-61-70-1-3-5-45-69-23-11-15-16-17-47-14-12-10-9-53-6-8-46-55-2-4-7-60-13-58-52-0,432.59470360811275,seed702_explore_lns_start72_late_best_rm25_tw6
0-14-17-10-65-66-56-64-51-63-50-62-67-54-44-39-38-37-35-36-40-43-42-41-34-31-29-27-26-28-30-32-33-20-22-24-49-19-18-48-21-25-57-52-0,432.71659470329894,seed605_lns_start30_random_random_best_rm8_tw15
0-65-66-56-64-51-63-50-62-67-54-44-39-38-37-35-36-40-43-42-41-34-31-29-27-26-28-30-32-33-20-22-24-52-13-59-25-21-48-18-19-49-0,433.15836402933456,seed603_lns_start70_mixed_random_best_rm5_tw12
0-70-56-62-61-42-44-43-40-36-35-37-38-67-54-41-39-50-34-31-29-27-26-28-30-32-33-63-51-19-25-21-48-18-49-20-22-24-64-66-0,433.47297262882586,seed702_explore_lns_start39_late_random_best_rm25_tw12
0-54-37-35-36-39-42-15-11-69-68-44-43-40-38-41-61-70-2-6-8-5-1-3-45-46-4-7-14-13-59-58-25-24-66-0,433.47873330466064,seed702_explore_lns_start6_random_random_best_rm25_tw10
0-54-56-51-62-50-67-41-44-42-43-40-39-38-37-36-35-34-31-29-27-26-28-30-32-33-63-64-57-52-13-25-21-48-18-19-49-20-22-24-66-0,433.74950286343915,seed702_explore_lns_start30_mixed_best_rm25_tw12
0-66-56-64-50-62-68-61-67-54-44-39-38-37-35-36-40-43-42-41-34-31-29-27-26-28-30-32-33-63-51-20-22-24-49-19-18-48-21-25-59-0,433.7543096300225,seed704_explore_lns_start67_late_best_rm20_tw15
0-65-66-56-64-51-63-50-62-67-54-44-39-38-37-35-36-40-43-42-41-34-31-29-27-26-28-30-32-33-20-22-24-13-59-58-25-21-48-18-19-49-0,433.9220739644773,seed605_lns_start63_mixed_random_best_rm6_tw15
0-66-57-69-23-11-15-16-17-47-14-12-9-10-53-8-2-68-70-55-13-60-6-4-7-46-45-5-3-1-61-0,434.11969204906666,seed701_explore_lns_start63_late_random_best_rm25_tw8
0-54-41-39-37-35-36-40-43-15-11-69-61-42-44-38-68-70-2-6-7-8-46-5-1-3-45-4-60-59-58-25-66-0,434.237787643467,seed702_explore_lns_start3_mixed_best_rm25_tw15
0-66-65-52-64-56-51-63-62-67-54-44-39-38-37-35-36-40-43-42-41-50-34-31-29-27-26-28-30-32-33-20-22-24-49-19-18-48-21-25-58-59-14-0,434.33745390888436,seed701_explore_lns_start68_mixed_random_best_rm20_tw8
0-68-45-5-3-1-70-61-42-43-44-67-62-54-41-38-39-40-36-35-37-50-34-31-29-27-26-28-30-32-33-63-51-20-22-24-25-21-48-18-19-49-64-56-66-65-0,434.4012253421227,seed605_lns_start26_late_best_rm6_tw10
0-62-69-11-15-23-67-50-34-31-29-27-26-28-30-32-33-63-51-64-52-57-25-21-48-18-19-49-20-22-24-66-0,434.617898948187,seed607_lns_start1_late_regret_rm5_tw10
0-54-61-68-69-23-11-15-14-47-17-16-9-53-60-6-7-8-45-5-3-1-55-2-46-4-70-12-10-58-57-52-0,435.54583930468334,seed606_lns_start62_random_best_rm8_tw12
0-68-70-61-20-49-19-23-62-67-54-44-39-38-37-35-36-40-43-42-41-50-34-31-29-27-26-28-30-32-33-63-51-18-48-21-58-59-0,435.6256268421052,seed704_explore_lns_start46_mixed_random_best_rm25_tw15
0-62-69-11-15-23-67-50-34-31-29-27-26-28-30-32-33-63-51-64-52-57-25-21-48-18-19-49-20-22-24-65-0,435.7355873381345,seed605_lns_start0_late_regret_rm5_tw15
0-65-57-22-20-49-19-18-48-21-23-51-63-62-50-67-56-64-53-59-9-10-12-14-47-17-16-13-55-54-34-31-29-27-26-28-30-32-33-0,435.90881954259237,seed704_explore_lns_start4_late_regret_rm20_tw6
0-69-12-11-15-16-59-23-9-53-7-46-8-2-61-55-70-45-5-3-1-4-6-13-14-47-17-58-0,436.1801248950145,seed602_lns_start30_late_random_best_rm8_tw8
0-65-66-56-63-18-23-62-67-42-44-41-39-38-37-36-35-40-43-70-61-54-50-34-31-29-27-26-28-30-32-33-51-20-24-25-21-48-19-49-22-64-0,436.21368435137356,seed702_explore_lns_start34_late_best_rm25_tw10
0-65-66-56-63-18-23-62-67-54-44-39-38-37-35-36-40-43-42-41-50-34-31-29-27-26-28-30-32-33-51-20-22-24-58-25-21-48-19-49-64-0,436.23519289310286,seed704_explore_lns_start62_random_best_rm25_tw10
0-68-70-61-22-24-23-62-67-41-44-39-38-37-35-36-40-43-42-54-50-34-31-29-27-26-28-30-32-33-63-51-20-49-19-18-48-21-25-58-0,436.8324506639451,seed703_explore_lns_start46_mixed_best_rm20_tw15
0-66-56-64-22-49-19-18-48-21-23-62-67-41-44-39-38-37-35-36-40-43-42-61-68-54-50-34-31-29-27-26-28-30-32-33-63-51-20-24-25-58-59-52-57-65-0,436.90318676179237,seed701_explore_guarded
0-7-69-10-11-15-52-24-23-47-17-16-9-53-8-2-55-60-14-13-12-6-46-4-45-5-3-1-70-68-0,437.7824316703768,seed704_explore_lns_start2_mixed_random_best_rm25_tw6
0-43-40-36-35-37-54-62-69-41-42-44-39-38-61-68-70-6-7-8-46-5-3-1-45-4-2-55-60-13-58-25-66-0,438.20442694789205,seed601_lns_start6_random_random_best_rm4_tw15
0-56-62-69-11-15-23-67-50-34-31-29-27-26-28-30-32-33-63-51-52-57-24-25-21-48-18-19-49-20-22-64-66-0,438.2726064228871,seed606_lns_start0_late_random_best_rm6_tw15
0-54-65-66-64-56-62-41-42-44-43-40-36-35-37-38-39-67-50-34-31-29-27-26-28-30-32-33-63-51-20-22-52-13-59-58-25-21-48-18-19-49-24-0,438.45091491910426,seed705_explore_lns_start65_late_best_rm25_tw15
0-66-56-64-51-63-62-41-42-44-43-40-36-35-37-38-39-67-50-33-32-30-28-26-27-29-31-34-54-55-13-59-25-21-48-18-19-49-20-22-24-65-0,438.8651611259642,seed601_lns_start65_late_regret_rm6_tw6
0-65-66-56-64-51-18-48-21-23-62-67-41-44-39-38-37-35-36-40-43-42-61-54-50-34-31-29-27-26-28-30-32-33-63-20-22-24-49-19-25-59-52-57-0,438.8675267038461,seed703_explore_lns_start64_late_random_best_rm20_tw12
0-16-14-69-23-11-15-17-47-9-53-60-8-2-6-7-46-1-3-5-45-4-70-55-10-13-57-52-68-61-0,438.9516119087904,seed702_explore_lns_start70_late_random_best_rm25_tw6
0-65-66-56-64-51-63-50-62-67-41-44-39-38-37-35-36-40-43-42-54-34-31-29-27-26-28-30-32-33-20-22-24-57-13-52-25-21-48-18-19-49-0,438.99344296669364,seed603_lns_start30_late_random_best_rm5_tw8
0-66-56-64-51-63-50-62-67-54-44-42-38-37-35-36-40-43-8-2-70-61-41-39-34-31-29-27-26-28-30-32-33-18-25-21-19-49-22-24-65-0,439.0507361989285,seed603_lns_start34_mixed_regret_rm8_tw15
0-56-64-51-63-62-41-42-44-43-40-36-35-37-38-39-67-50-33-32-30-28-26-27-29-31-34-54-61-70-55-10-57-25-21-48-18-19-49-20-22-24-66-65-0,439.19203103914094,seed603_lns_start68_late_regret_rm8_tw8_guarded
0-66-64-56-63-18-48-21-23-62-67-42-44-41-39-38-37-35-36-40-43-70-61-54-50-34-31-29-27-26-28-30-32-33-51-20-22-49-19-25-24-57-52-65-0,439.25807835618923,seed704_explore_lns_start30_late_best_rm25_tw8
0-54-41-37-35-36-40-43-42-70-15-11-69-68-44-39-38-61-1-5-3-45-8-46-7-6-4-2-55-60-10-13-16-17-47-14-12-65-66-56-0,439.3031735547469,seed602_lns_start89_late_regret_rm6_tw10
0-65-66-64-56-50-63-51-23-62-67-61-44-42-43-40-38-37-35-36-39-41-54-34-31-29-27-26-28-30-32-33-18-25-21-48-19-49-20-22-24-0,439.6226643344583,seed704_explore_lns_start35_late_regret_rm25_tw8
0-12-14-47-17-69-23-11-15-16-9-7-8-6-53-59-13-60-55-2-4-45-5-3-1-46-70-61-68-0,439.6246925157083,seed607_lns_start2_mixed_best_rm8_tw6
0-69-23-11-15-47-17-16-10-9-53-60-2-6-8-5-3-1-45-46-7-70-61-68-55-4-12-14-13-58-18-0,440.6028966550939,seed608_lns_start30_random_random_best_rm5_tw10
0-66-56-64-63-18-48-21-23-62-67-54-44-39-38-37-35-36-40-43-42-41-61-70-68-50-34-31-29-27-26-28-30-32-33-51-20-22-49-19-25-24-57-65-0,440.72902934022204,seed702_explore_lns_start30_mixed_best_rm25_tw10
0-64-20-49-51-63-50-62-67-54-44-39-38-37-35-36-40-43-42-41-34-31-29-27-26-28-30-32-33-56-57-52-13-59-58-25-21-48-18-19-22-24-0,441.8801546440165,seed607_lns_start67_random_regret_rm3_tw8_guarded
0-56-64-51-18-48-23-62-67-42-44-39-38-37-35-36-40-43-41-2-70-61-54-50-34-31-29-27-26-28-30-32-33-63-25-21-19-49-20-22-24-66-0,442.03160625738786,seed703_explore_lns_start38_mixed_random_best_rm25_tw10
0-66-56-64-51-63-62-41-42-44-43-40-36-35-37-38-39-67-50-33-32-30-28-26-27-29-31-34-54-55-13-52-57-25-21-48-18-19-49-20-22-24-65-0,442.20113741893795,seed607_lns_start30_late_regret_rm3_tw8
0-65-66-56-64-51-63-50-62-67-54-44-42-38-37-35-36-40-43-8-2-70-61-41-39-34-31-29-27-26-28-30-32-33-18-48-25-19-49-20-24-0,442.2098841673545,seed601_lns_start35_mixed_regret_rm6_tw15
0-54-41-42-70-60-15-11-69-68-61-44-43-40-36-35-37-38-39-2-46-8-7-6-45-5-3-1-4-55-12-14-47-17-16-58-25-0,442.25876062394354,seed602_lns_start21_random_regret_rm8_tw15
0-66-56-64-51-63-62-41-42-44-43-40-36-35-37-38-39-67-50-33-32-30-28-26-27-29-31-34-54-55-13-59-25-21-48-18-19-49-20-22-24-57-65-0,442.30344127764346,seed602_lns_start64_late_random_best_rm6_tw15
0-64-69-57-23-15-11-9-53-60-6-8-17-47-7-46-45-5-3-1-4-2-55-10-13-16-14-12-70-61-68-0,442.53603996178373,seed703_explore_lns_start71_late_best_rm20_tw8
0-61-41-62-54-42-44-43-40-36-35-37-38-39-1-45-8-53-9-10-60-7-6-3-5-46-4-2-55-68-70-12-14-47-17-16-65-0,442.72738127440044,seed702_explore_lns_start14_late_best_rm25_tw12
0-68-70-61-24-23-62-67-54-44-39-38-37-35-36-40-43-42-41-50-34-31-29-27-26-28-30-32-33-63-51-20-22-49-19-18-48-21-58-59-0,442.9382348267013,seed701_explore_lns_start46_mixed_best_rm15_tw6
0-56-64-24-22-20-49-23-62-67-44-40-36-35-37-38-39-41-50-34-31-29-27-26-28-30-32-33-63-51-13-59-25-21-48-18-19-66-65-0,443.41302075574885,seed704_explore_lns_start70_random_random_best_rm25_tw6
0-69-11-17-16-15-59-23-9-47-12-53-60-8-46-5-3-1-45-6-55-2-4-7-10-13-58-70-61-68-0,443.57747889255023,seed602_lns_start30_mixed_random_best_rm6_tw12
0-65-66-52-57-64-56-51-63-50-62-67-54-44-39-38-37-35-36-40-43-42-41-34-31-29-27-26-28-30-32-33-20-22-24-49-19-18-48-21-25-58-59-47-0,443.8432865389904,seed704_explore_lns_start2_mixed_regret_rm15_tw12
0-54-41-37-35-36-40-43-42-70-15-11-69-68-44-39-38-61-1-3-5-45-8-46-4-7-6-2-55-60-52-58-25-0,443.8710898230676,seed705_explore_lns_start6_mixed_random_best_rm25_tw15
0-57-52-12-14-47-17-16-15-11-23-59-9-53-60-6-8-45-5-3-1-70-55-2-46-4-7-10-13-58-68-61-0,444.02638499909193,seed604_lns_start30_mixed_random_best_rm6_tw10
0-62-69-11-15-23-67-50-34-31-29-27-26-28-30-32-33-63-51-56-66-52-57-25-21-48-18-19-49-20-22-24-65-0,444.08863366911135,seed603_lns_start0_late_best_rm6_tw8
0-66-56-64-51-63-62-41-42-44-43-40-36-35-37-38-39-67-50-33-32-30-28-26-27-29-31-34-54-61-55-13-52-57-25-21-48-18-19-49-20-22-24-65-0,444.1928656072788,seed603_lns_start30_late_random_best_rm5_tw12
0-66-56-64-51-63-62-41-42-44-43-40-36-35-37-38-39-67-50-34-31-29-27-26-28-30-32-33-54-55-12-13-59-25-21-48-18-19-49-20-22-24-65-0,444.22243692701056,seed605_lns_start71_random_random_best_rm6_tw6
0-54-41-61-60-12-15-11-69-68-44-43-40-36-35-37-38-39-42-70-7-8-46-45-5-3-1-2-6-4-55-14-47-17-16-13-58-10-0,444.2338928824306,seed702_explore_lns_start87_late_best_rm25_tw8
0-61-66-56-64-51-63-50-62-67-54-44-39-38-37-35-36-40-43-42-41-34-31-29-27-26-28-30-32-33-20-22-24-49-19-18-48-21-25-58-59-10-57-65-0,444.66937163625136,seed701_explore_lns_start69_late_random_best_rm15_tw8
0-61-68-69-42-44-43-40-36-35-37-38-39-41-54-53-9-8-5-3-1-45-46-70-55-2-4-6-7-60-12-13-16-17-47-14-10-59-58-0,444.9312822896216,seed704_explore_lns_start1_late_best_rm25_tw12
0-66-56-64-51-63-18-48-21-23-62-67-41-44-39-38-37-35-36-40-43-42-61-54-50-34-31-29-27-26-28-30-32-33-20-22-24-49-19-25-58-59-52-65-0,445.18472785201567,seed702_explore_lns_start64_late_regret_rm20_tw10
0-54-66-56-64-62-50-67-42-44-39-38-37-35-36-40-43-41-34-31-29-27-26-28-30-32-33-63-51-20-22-24-13-58-25-21-48-18-19-49-65-0,445.3226431308091,seed607_lns_start71_mixed_regret_rm6_tw12
0-56-64-51-63-62-41-42-44-43-40-36-35-37-38-39-67-50-33-32-30-28-26-27-29-31-34-54-61-70-55-13-59-25-21-48-18-19-49-20-22-24-66-65-0,445.6137184979865,seed603_lns_start63_late_random_best_rm8_tw8_guarded
0-68-61-54-62-41-42-39-36-35-37-40-43-44-38-2-8-53-9-55-4-45-46-7-14-13-16-47-60-6-5-3-1-70-0,445.7329935273601,seed704_explore_lns_start15_mixed_random_best_rm25_tw10
0-68-70-1-3-5-45-46-6-14-47-17-16-15-11-23-9-53-8-7-12-60-4-2-55-10-13-59-58-0,446.13990015295155,seed704_explore_lns_start30_late_random_best_rm20_tw12
0-62-23-11-15-16-9-10-53-60-7-8-17-47-14-6-46-4-55-12-13-59-25-58-57-52-65-0,446.5070631356498,seed701_explore_lns_start26_late_regret_rm20_tw6
0-65-66-52-57-64-56-51-63-50-62-67-54-44-39-38-37-35-36-40-43-42-41-34-31-29-27-26-28-30-32-33-20-22-24-49-19-18-48-21-25-58-59-47-10-0,446.5725084792572,seed703_explore_lns_start65_late_regret_rm15_tw15
0-66-64-65-15-56-62-67-54-44-39-38-37-35-36-40-43-42-41-50-34-31-29-27-26-28-30-32-33-63-51-20-22-24-49-19-18-48-21-25-58-59-52-0,446.6425217060437,seed701_explore_lns_start63_late_random_best_rm20_tw15
0-66-56-64-51-63-18-48-21-23-24-62-67-54-41-39-38-37-35-36-40-43-42-61-50-34-31-29-27-26-28-30-32-33-20-22-49-19-25-58-59-52-57-65-0,446.9832996160338,seed701_explore_lns_start2_late_best_rm15_tw12
0-68-57-51-63-23-56-62-67-44-42-39-38-37-35-36-40-43-41-54-50-34-31-29-27-26-28-30-32-33-18-25-21-48-19-49-20-22-24-64-66-0,447.00224624319225,seed704_explore_lns_start30_random_best_rm25_tw8
0-64-66-69-11-47-17-15-59-23-9-53-60-7-8-5-3-1-45-6-46-4-2-55-10-12-13-58-70-61-68-0,447.13521611528404,seed704_explore_lns_start30_late_best_rm20_tw12
0-66-56-64-63-62-68-61-67-54-44-39-38-37-35-36-40-43-42-41-50-34-31-29-27-26-28-30-32-33-51-20-22-24-49-19-18-48-21-25-58-59-52-65-0,447.1386732044286,seed608_lns_start67_late_best_rm8_tw6
0-56-62-69-11-15-23-67-50-34-31-29-27-26-28-30-32-33-63-51-20-24-22-49-19-18-48-21-25-58-59-57-64-66-0,447.27754272188537,seed703_explore_lns_start0_mixed_best_rm20_tw8
0-54-61-68-12-14-47-17-16-15-11-69-70-41-42-44-39-38-37-35-36-40-43-1-8-5-45-6-55-2-4-3-46-7-60-10-13-59-58-25-0,447.53987280502565,seed705_explore_lns_start42_late_regret_rm25_tw10
0-65-66-56-64-51-63-50-62-67-54-44-39-38-37-35-36-43-42-41-34-31-29-27-26-28-30-32-33-20-22-24-16-13-59-58-25-21-48-18-19-49-0,447.8918406753699,seed601_lns_start70_random_regret_rm4_tw8
0-6-69-23-11-15-16-17-47-14-53-9-60-7-8-46-45-5-3-1-55-57-52-13-2-4-70-61-68-0,447.972108980469,seed701_explore_lns_start69_late_regret_rm20_tw8
0-56-69-51-63-62-67-42-44-39-38-37-35-36-40-43-41-2-70-61-54-50-34-31-29-27-26-28-30-32-33-18-25-21-48-19-49-20-22-24-66-0,448.4278193249044,seed703_explore_lns_start37_late_best_rm25_tw8
0-56-20-49-19-21-48-18-51-63-50-62-67-54-44-43-40-39-38-36-35-37-41-34-31-29-27-26-28-30-32-33-64-66-65-13-59-58-25-24-22-0,448.8272834785727,seed602_lns_start66_random_regret_rm8_tw10
0-68-61-70-3-5-45-7-69-23-11-15-16-17-47-9-10-53-6-8-46-1-55-2-4-60-12-13-58-57-52-0,448.8539133629726,seed702_explore_lns_start64_late_random_best_rm25_tw12
0-60-12-10-65-66-56-64-63-50-62-67-54-44-39-38-37-35-36-40-43-42-41-34-31-29-27-26-28-30-32-33-51-20-22-24-49-19-18-48-21-25-58-57-52-0,449.67131836277684,seed606_lns_start30_late_random_best_rm6_tw12
0-65-66-56-64-51-63-62-41-42-44-43-40-36-35-37-38-39-67-50-34-31-29-27-26-28-30-32-33-55-13-59-25-21-48-18-19-49-20-22-24-52-0,449.9445930709456,seed702_explore_lns_start66_mixed_random_best_rm10_tw12
0-69-57-52-11-15-23-9-53-60-2-8-7-6-68-55-70-1-3-5-45-4-46-13-16-17-47-14-12-10-58-0,450.3124551154789,seed703_explore_lns_start67_late_random_best_rm25_tw10
0-65-57-24-22-20-49-19-18-48-21-23-51-63-62-67-56-64-53-14-47-17-16-9-59-52-55-54-37-34-31-29-27-26-28-30-32-33-50-0,450.47028091020945,seed703_explore_lns_start3_random_regret_rm25_tw10
0-54-62-41-42-44-43-40-36-35-37-38-39-45-8-9-53-68-61-70-1-3-5-46-4-7-6-2-55-12-13-17-47-14-59-65-0,450.80836256607375,seed701_explore_lns_start18_mixed_random_best_rm20_tw15
0-61-70-1-3-5-45-69-68-42-44-43-40-36-35-37-38-39-41-67-50-34-31-29-27-26-28-30-32-33-63-51-20-22-49-19-18-48-21-13-58-25-24-64-56-66-0,451.0929388996032,seed605_lns_start25_late_regret_rm6_tw15
0-66-56-64-51-63-18-48-21-23-62-67-42-44-43-40-38-37-35-36-39-41-61-54-50-34-31-29-27-26-28-30-32-33-20-22-24-49-19-25-58-59-57-65-0,451.1659035996043,seed701_explore_lns_start41_late_regret_rm25_tw10
0-56-64-66-65-69-62-50-67-54-44-39-38-37-35-36-40-43-42-41-34-31-29-27-26-28-30-32-33-63-51-13-59-58-25-21-48-18-19-49-20-22-0,451.1678896426877,seed704_explore_lns_start72_mixed_random_best_rm20_tw10
0-64-66-65-69-56-62-50-67-54-44-39-38-37-35-36-40-43-42-41-34-31-29-27-26-28-30-32-33-63-51-20-22-24-13-58-25-21-48-18-19-49-0,451.46764505605154,seed602_lns_start2_mixed_random_best_rm8_tw15
0-66-56-64-63-18-48-21-23-62-67-54-44-39-38-37-35-36-40-43-42-41-61-68-50-34-31-29-27-26-28-30-32-33-51-20-22-24-49-19-25-59-0,451.4714692946698,seed702_explore_lns_start72_late_best_rm25_tw15
0-66-56-64-51-63-62-41-42-44-43-40-36-35-37-38-39-67-50-33-32-30-28-26-27-29-31-34-54-4-52-57-25-21-48-18-19-49-20-22-24-65-0,451.79093707861944,seed604_lns_start30_late_regret_rm5_tw15
0-65-66-56-64-51-63-18-48-21-23-62-67-54-44-39-38-37-35-36-40-43-42-41-61-70-68-50-34-31-29-27-26-28-30-32-33-20-22-49-19-25-24-57-52-0,452.24524300268575,seed705_explore_lns_start30_mixed_best_rm25_tw15
0-68-61-70-1-3-5-45-23-51-67-38-44-42-43-40-36-35-37-39-41-50-34-31-29-27-26-28-30-32-33-63-18-48-21-19-49-20-22-24-64-56-66-0,453.38919147066764,seed603_lns_start25_mixed_best_rm8_tw10
0-54-41-39-40-43-62-42-44-36-35-37-38-70-46-8-7-6-60-53-9-12-17-47-14-16-59-13-55-2-4-45-5-3-1-61-68-0,453.89469505928406,seed701_explore_lns_start14_mixed_random_best_rm25_tw6
0-68-61-54-62-41-42-44-43-40-36-35-37-38-39-70-8-9-53-60-7-6-46-45-5-3-1-4-2-55-10-13-16-17-47-14-12-58-0,454.0247230037037,seed704_explore_lns_start17_late_best_rm20_tw6
0-54-62-41-42-44-43-40-36-35-37-38-39-8-7-9-53-68-61-70-1-3-5-45-46-4-6-2-55-10-13-59-16-17-47-14-12-60-0,454.2323689112852,seed701_explore_lns_start9_late_random_best_rm20_tw15
0-61-66-56-64-51-63-50-62-67-54-44-39-38-37-35-36-40-43-42-41-34-31-29-27-26-28-30-32-33-55-52-57-25-21-48-18-19-49-20-22-24-65-0,454.38642447803363,seed602_lns_start30_late_random_best_rm6_tw8
0-66-56-64-51-63-20-24-19-48-21-23-62-67-44-40-36-35-37-38-39-54-50-33-32-30-28-26-27-29-31-34-41-42-43-1-3-5-45-2-70-68-61-0,454.3865043983597,seed705_explore_lns_start25_mixed_random_best_rm20_tw8
0-56-63-64-66-69-62-67-61-44-39-38-37-35-36-40-43-42-41-54-50-34-31-29-27-26-28-30-32-33-51-20-22-24-49-19-18-48-21-25-58-59-65-0,454.72860241111806,seed703_explore_lns_start70_mixed_best_rm20_tw6
0-14-16-65-66-56-64-51-63-50-62-67-54-44-39-38-37-35-36-40-43-42-41-34-31-29-27-26-28-30-32-33-20-22-24-49-19-18-48-21-25-58-57-52-0,454.82052606326187,seed606_lns_start30_random_best_rm4_tw12
0-43-40-42-54-64-62-41-44-36-35-37-38-39-61-68-8-60-53-9-10-12-14-47-17-16-13-55-2-4-45-5-3-1-46-7-6-70-0,455.0759426736567,seed704_explore_lns_start15_late_random_best_rm25_tw15
0-54-66-56-64-63-62-41-42-44-43-40-36-35-37-38-39-67-50-34-31-29-27-26-28-30-32-33-51-20-22-52-13-59-25-21-48-18-19-49-24-57-65-0,455.80028661814015,seed602_lns_start64_late_random_best_rm6_tw10
0-61-70-1-3-5-45-69-68-42-44-43-40-36-35-37-38-39-41-67-50-34-31-29-27-26-28-30-32-33-63-51-20-22-49-19-18-48-21-13-58-25-24-64-56-66-65-0,455.94307790919623,seed608_lns_start26_late_regret_rm8_tw6
0-68-61-54-62-41-42-44-43-40-36-35-37-38-39-70-8-9-53-7-6-46-45-5-3-1-4-2-55-12-47-17-13-16-10-59-58-0,456.2787387160784,seed703_explore_lns_start16_random_best_rm20_tw10
0-65-66-56-64-20-49-19-23-62-67-41-44-43-38-37-35-36-54-50-34-31-29-27-26-28-30-32-33-63-51-57-13-59-58-25-21-48-18-22-24-0,456.29605311359404,seed701_explore_lns_start66_mixed_regret_rm25_tw12
0-66-56-64-51-63-50-62-41-42-44-43-40-36-35-37-38-39-67-33-32-30-28-26-27-29-31-34-54-55-17-13-59-25-21-48-18-19-49-20-22-24-65-0,456.7712738665007,seed602_lns_start67_random_best_rm3_tw12
0-61-65-66-56-64-51-63-50-62-67-54-44-39-38-37-35-36-40-43-42-41-34-31-29-27-26-28-30-32-33-20-22-24-49-19-18-48-21-25-59-17-47-14-52-0,457.31211566293223,seed702_explore_lns_start69_mixed_random_best_rm25_tw8
0-68-61-54-62-41-42-40-43-44-36-35-37-38-39-70-8-53-9-59-14-55-10-13-16-17-47-60-4-1-3-5-45-46-7-6-2-0,457.9960512431198,seed705_explore_lns_start16_mixed_best_rm25_tw8
0-56-66-64-14-11-62-67-44-39-38-37-35-36-40-43-42-41-54-50-34-31-29-27-26-28-30-32-33-63-51-20-22-24-49-19-18-48-21-25-58-59-52-0,458.2450561416865,seed701_explore_lns_start68_late_random_best_rm20_tw12
0-64-51-66-65-69-56-62-50-67-54-44-39-38-37-35-36-40-43-42-41-34-31-29-27-26-28-30-32-33-63-20-22-24-49-19-18-48-21-25-58-57-52-10-0,458.5478770384874,seed703_explore_lns_start30_late_best_rm15_tw10
0-65-66-57-64-56-20-24-23-62-67-54-44-39-38-37-35-36-40-43-42-41-50-34-31-29-27-26-28-30-32-33-63-51-22-49-19-18-48-21-25-58-59-12-0,459.02029818529286,seed701_explore_lns_start67_late_random_best_rm20_tw8
0-54-66-56-64-51-63-50-62-67-41-42-44-39-38-37-35-36-40-43-8-2-70-61-34-31-29-27-26-28-30-32-33-18-48-21-25-19-49-20-22-24-65-0,459.17733991806523,seed605_lns_start34_mixed_best_rm6_tw6
0-54-66-56-64-51-63-50-62-67-42-44-39-38-37-35-36-40-43-8-2-70-61-41-34-31-29-27-26-28-30-32-33-18-48-25-19-49-20-22-24-65-0,459.28572091111454,seed607_lns_start40_mixed_regret_rm5_tw15
0-54-65-66-64-56-63-62-41-42-44-43-40-36-35-37-38-39-67-50-34-31-29-27-26-28-30-32-33-51-20-22-57-52-13-58-25-21-48-18-19-49-24-0,459.39649872543515,seed701_explore_lns_start2_mixed_random_best_rm10_tw15
0-54-66-64-56-63-50-62-67-42-44-39-38-37-35-36-40-43-8-2-70-61-41-34-31-29-27-26-28-30-32-33-51-20-25-21-48-18-19-49-22-24-0,460.21607023651114,seed704_explore_lns_start32_late_random_best_rm20_tw10
0-65-66-56-64-51-63-18-48-21-23-62-67-54-44-39-38-37-35-36-40-43-42-41-61-68-50-34-31-29-27-26-28-30-32-33-20-22-24-49-19-25-58-57-52-0,460.2269763637397,seed704_explore_lns_start64_mixed_best_rm25_tw8
0-65-68-70-1-69-64-56-62-50-67-54-44-39-38-37-35-36-40-43-42-41-34-31-29-27-26-28-30-32-33-63-51-20-22-24-49-19-18-48-21-25-58-57-52-0,460.30409382214725,seed704_explore_lns_start2_mixed_best_rm25_tw8
0-54-42-43-70-60-14-15-11-69-68-41-38-39-44-46-8-7-6-53-9-16-17-47-12-55-2-4-45-5-3-1-40-37-35-36-61-0,460.51991472912516,seed602_lns_start58_mixed_regret_rm8_tw6
0-68-61-70-1-3-5-45-23-20-67-42-44-43-38-37-35-36-40-39-41-50-34-31-29-27-26-28-30-32-33-63-51-18-48-21-25-19-49-22-24-64-56-66-0,460.7044400906804,seed701_explore_lns_start25_mixed_random_best_rm20_tw12
0-65-66-56-64-51-63-50-62-41-42-44-43-40-36-35-37-38-39-67-33-32-30-28-26-27-29-31-34-54-55-13-59-25-21-48-18-19-49-20-22-24-52-0,460.7451291151771,seed601_lns_start62_late_best_rm4_tw10
0-54-65-66-56-64-63-62-41-42-44-43-40-36-35-37-38-39-67-50-34-31-29-27-26-28-30-32-33-51-20-22-57-13-59-58-25-21-48-18-19-49-24-0,461.006394022218,seed605_lns_start71_late_random_best_rm8_tw15
0-65-66-64-56-50-62-23-67-54-44-39-38-37-35-36-40-43-42-41-34-31-29-27-26-28-30-32-33-63-51-20-22-49-19-18-48-21-25-24-57-52-14-0,461.00872198819866,seed705_explore_lns_start30_late_random_best_rm25_tw15
0-65-66-56-64-22-20-49-19-21-48-18-51-63-50-62-67-41-44-39-38-37-35-36-40-43-42-54-34-31-29-27-26-28-30-32-33-57-52-13-59-58-25-0,461.3610488641448,seed702_explore_lns_start2_mixed_regret_rm25_tw12
0-68-41-43-42-54-62-37-35-36-40-44-39-38-8-53-47-17-16-9-59-10-12-13-55-2-4-45-5-3-1-46-7-6-70-61-0,461.50296841783205,seed701_explore_lns_start12_mixed_regret_rm20_tw6
0-70-43-40-36-35-37-62-54-41-42-44-39-38-61-68-53-9-6-7-8-5-3-1-45-46-4-2-55-59-13-16-17-47-10-12-60-0,462.2445010118546,seed701_explore_lns_start17_random_random_best_rm20_tw15
0-61-54-66-64-56-50-63-23-62-67-42-44-43-40-39-38-37-36-35-41-34-31-29-27-26-28-30-32-33-51-20-22-49-19-18-48-21-25-24-57-52-0,462.3284958816475,seed705_explore_lns_start30_late_best_rm25_tw15
0-54-41-39-36-35-37-40-43-42-62-38-44-1-3-8-53-14-17-16-9-59-10-12-13-60-55-4-45-5-46-2-6-7-70-61-68-0,462.4750396037469,seed701_explore_lns_start7_random_best_rm15_tw12
0-66-56-64-63-51-49-23-62-67-38-44-42-43-40-36-35-37-39-41-61-68-54-50-34-31-29-27-26-28-30-32-33-20-22-24-19-18-48-21-25-59-52-65-0,462.6874635564655,seed701_explore_lns_start69_mixed_best_rm20_tw8
0-61-43-40-39-54-62-41-37-35-36-38-44-42-68-53-9-60-7-8-45-5-3-1-2-6-46-4-70-55-12-10-13-16-17-59-65-0,462.819259111938,seed703_explore_lns_start0_random_best_rm25_tw8
0-54-66-56-64-63-62-41-42-44-43-40-36-35-37-38-39-67-50-34-31-29-27-26-28-30-32-33-51-20-22-24-13-16-59-25-21-48-18-19-49-65-0,463.4235797072424,seed607_lns_start63_mixed_random_best_rm4_tw12
0-65-66-56-64-20-22-49-19-24-21-48-23-18-62-67-44-42-39-38-50-34-31-29-27-26-28-30-32-33-63-51-61-41-37-35-36-40-43-1-3-5-45-70-68-0,463.62113039843433,seed703_explore_lns_start26_late_best_rm25_tw12
0-66-64-51-63-18-23-62-67-54-44-39-38-37-35-36-40-43-42-41-34-31-29-27-26-28-30-32-33-50-56-65-13-25-21-48-19-49-20-22-24-0,463.7883474185431,seed702_explore_lns_start67_mixed_best_rm25_tw10
0-66-64-24-22-20-19-18-48-23-62-67-54-44-41-39-38-40-36-35-37-34-31-29-27-26-28-30-32-33-50-63-65-13-59-25-21-49-51-56-0,463.82374452810893,seed702_explore_lns_start71_random_best_rm25_tw15
0-65-52-57-24-22-20-49-19-18-48-21-23-59-15-11-10-67-56-64-53-9-16-17-47-14-12-60-55-50-34-31-29-27-26-28-30-32-33-63-51-0,463.84671722730945,seed601_lns_start5_mixed_best_rm5_tw6
0-70-5-69-10-11-47-17-16-15-23-9-53-60-6-8-46-45-3-1-61-68-55-2-4-7-14-13-59-58-0,463.9728692156912,seed701_explore_lns_start30_late_best_rm20_tw12
0-65-66-64-56-63-62-41-42-44-43-40-36-35-37-38-39-67-54-50-34-31-29-27-26-28-30-32-33-51-20-22-52-13-58-25-21-48-18-19-49-24-0,463.99170988857765,seed705_explore_lns_start30_mixed_random_best_rm25_tw8
0-54-66-56-64-63-50-62-41-42-44-43-40-36-35-37-38-39-67-34-31-29-27-26-28-30-32-33-51-20-22-52-10-13-59-25-21-48-18-19-49-24-65-0,464.01024339973884,seed605_lns_start69_late_random_best_rm8_tw8
0-66-56-64-51-20-23-62-67-41-44-39-38-37-35-36-40-43-42-54-50-34-31-29-27-26-28-30-32-33-63-13-59-25-21-48-18-19-49-22-24-0,464.44854105299044,seed703_explore_lns_start71_late_best_rm20_tw6
0-63-51-21-23-62-67-38-44-43-40-34-31-29-27-26-28-30-32-33-50-70-55-13-59-58-25-20-66-0,464.4924601438959,seed701_explore_lns_start56_mixed_random_best_rm25_tw12
0-54-41-39-36-35-37-61-68-69-10-11-15-70-42-44-43-40-38-1-3-5-46-8-7-6-45-4-2-55-12-13-16-17-47-14-59-58-25-57-0,464.5868951678827,seed703_explore_lns_start76_late_best_rm25_tw10
0-66-64-63-20-22-24-49-19-18-48-21-23-51-62-67-44-38-35-34-31-29-27-26-28-30-32-33-50-56-65-57-52-13-59-58-25-0,464.62654156564736,seed705_explore_lns_start59_late_regret_rm15_tw12
0-54-41-37-35-36-40-43-70-15-11-69-44-38-39-42-61-68-53-7-8-46-5-1-3-45-4-6-2-55-60-12-14-47-17-16-58-65-0,464.6755222926691,seed701_explore_lns_start21_late_best_rm20_tw10
0-54-41-61-68-69-42-44-43-40-36-35-37-38-39-70-53-10-9-7-8-5-1-3-45-46-6-4-2-55-60-12-14-13-47-17-16-59-58-25-0,464.71372628083117,seed704_explore_lns_start0_random_random_best_rm25_tw8
0-66-56-64-51-18-48-21-23-62-67-41-44-43-40-37-38-39-42-54-50-34-31-29-27-26-28-30-32-33-63-65-13-59-58-25-19-49-20-22-24-57-0,464.7415691838153,seed702_explore_lns_start71_late_regret_rm25_tw12
0-61-70-1-3-5-45-21-23-51-67-42-44-43-40-38-36-35-37-39-41-50-34-31-29-27-26-28-30-32-33-63-18-48-19-49-20-22-24-64-56-68-0,464.8259814507539,seed605_lns_start26_mixed_random_best_rm5_tw10
0-65-66-64-56-51-19-18-48-21-23-49-63-62-67-54-39-38-37-35-36-40-43-42-41-34-31-29-27-26-28-30-32-33-50-57-52-13-59-58-25-24-22-20-0,464.89817287339247,seed702_explore_lns_start71_late_best_rm25_tw6
0-65-66-56-64-51-50-63-18-23-62-67-41-44-38-37-36-40-43-42-54-34-31-29-27-26-28-30-32-33-20-22-24-49-19-48-21-25-58-57-52-0,465.3108675264697,seed701_explore_lns_start2_late_regret_rm25_tw15
0-68-45-5-3-1-70-61-43-44-42-62-67-41-38-39-40-36-35-37-50-34-31-29-27-26-28-30-32-33-63-51-20-24-49-19-18-48-21-25-58-22-64-56-66-0,465.53328899980687,seed705_explore_lns_start26_mixed_best_rm25_tw15
0-54-66-56-64-63-50-62-41-42-44-43-40-36-35-37-38-39-67-34-31-29-27-26-28-30-32-33-51-20-22-24-10-13-59-58-25-21-48-18-19-49-65-0,465.6294236417255,seed603_lns_start62_late_random_best_rm8_tw12
0-56-64-51-63-33-32-30-28-26-27-29-31-34-50-62-67-44-40-36-35-37-38-39-43-42-41-54-66-61-70-2-46-6-55-59-25-21-48-18-19-49-20-22-24-65-0,466.0855765065624,seed701_explore_lns_start37_late_best_rm25_tw10
0-66-56-62-69-11-15-23-67-50-34-31-29-27-26-28-30-32-33-63-51-64-57-52-59-25-21-48-18-19-49-20-22-24-65-0,466.21715315590626,seed603_lns_start0_late_best_rm6_tw10
0-66-56-64-51-63-62-41-42-44-43-40-36-35-37-38-39-67-50-33-32-30-28-26-27-29-31-34-54-4-13-59-25-21-48-18-19-49-20-22-24-65-0,466.25527571065527,seed602_lns_start67_random_random_best_rm5_tw6
0-68-61-40-36-35-37-54-62-41-42-44-39-38-43-1-3-5-45-8-53-9-16-17-47-7-46-6-4-2-70-55-10-13-59-58-0,466.6292028410246,seed703_explore_lns_start13_random_random_best_rm25_tw6
0-65-66-56-64-20-49-19-21-48-18-51-63-50-62-67-54-44-42-39-38-37-35-36-40-41-34-31-29-27-26-28-30-32-33-57-52-16-13-58-25-22-24-0,467.1118480713004,seed601_lns_start2_mixed_regret_rm8_tw12
0-65-52-57-24-22-20-49-19-18-48-21-23-59-15-11-10-67-56-64-53-9-12-14-47-17-16-55-50-34-31-29-27-26-28-30-32-33-63-51-0,467.3669837643891,seed601_lns_start5_late_regret_rm8_tw6
0-15-69-62-67-44-38-27-26-28-29-34-31-30-32-33-63-50-68-55-13-59-58-25-0,468.63223926812645,seed703_explore_lns_start56_mixed_best_rm20_tw12
0-65-66-56-51-20-22-49-19-18-48-21-23-62-67-41-44-39-38-37-35-36-40-43-42-54-50-34-31-29-27-26-28-30-32-33-63-64-52-13-59-58-25-24-57-0,469.01255010727454,seed703_explore_guarded
0-65-66-56-50-64-22-23-51-62-67-44-38-34-31-29-27-26-28-30-32-33-63-20-57-52-13-59-58-25-21-48-18-19-49-24-0,469.0587035191084,seed702_explore_lns_start59_late_regret_rm10_tw10
0-65-66-64-56-63-18-48-21-23-62-67-54-44-39-38-37-35-36-40-43-42-41-70-50-34-31-29-27-26-28-30-32-33-51-20-22-24-49-19-25-59-57-0,469.0707290148327,seed705_explore_lns_start69_late_random_best_rm20_tw15
0-66-64-56-63-50-62-23-67-42-44-39-38-37-35-36-40-43-41-61-54-34-31-29-27-26-28-30-32-33-51-20-22-24-49-19-18-48-21-25-58-65-0,469.20496881658045,seed704_explore_lns_start34_late_random_best_rm25_tw8
0-65-66-56-64-51-20-23-62-67-41-44-39-38-37-35-36-40-43-42-54-50-34-31-29-27-26-28-30-32-33-63-13-59-25-21-48-18-19-49-22-24-0,469.29868006258346,seed704_explore_lns_start66_mixed_random_best_rm10_tw6
0-62-23-11-15-47-16-59-9-14-8-6-53-60-7-2-46-4-55-10-12-17-13-58-25-57-52-65-0,469.3721714569323,seed606_lns_start25_mixed_regret_rm5_tw8
0-54-41-60-12-14-10-15-11-69-38-44-70-53-9-47-17-8-46-1-3-5-45-7-6-4-2-55-68-61-42-43-40-36-35-37-39-0,469.5796301278472,seed704_explore_lns_start43_mixed_best_rm25_tw15
0-64-63-51-20-49-23-62-67-54-44-39-38-37-35-36-40-43-42-41-34-31-29-27-26-28-30-32-33-50-56-13-59-58-25-21-48-18-19-22-24-66-0,469.6163173063853,seed603_lns_start62_random_regret_rm6_tw12_guarded
0-66-56-64-51-63-62-41-42-44-43-40-36-35-37-38-39-67-50-33-32-30-28-26-27-29-31-34-54-55-13-59-24-22-20-49-19-18-48-21-25-58-65-0,469.6450112170934,seed605_lns_start63_late_regret_rm6_tw10
0-66-56-64-51-63-62-41-42-44-43-40-36-35-37-38-39-67-50-33-32-30-28-26-27-29-31-34-54-4-13-59-25-21-48-18-19-49-20-22-24-57-65-0,469.6935558623345,seed604_lns_start72_late_regret_rm8_tw15
0-66-64-56-50-51-18-48-21-23-62-67-54-44-39-38-37-35-36-40-43-42-34-31-29-27-26-28-30-32-33-63-20-22-24-49-19-25-59-10-47-60-0,470.18468262380384,seed702_explore_lns_start65_late_regret_rm25_tw10
0-68-61-42-40-39-54-62-41-37-35-36-38-43-44-70-53-9-6-7-8-5-1-3-45-46-4-2-55-60-13-16-47-14-59-58-0,470.2561295805336,seed703_explore_lns_start0_random_regret_rm25_tw10
0-66-64-51-63-62-61-54-67-42-44-39-38-37-35-36-40-43-41-34-31-29-27-26-28-30-32-33-50-56-65-13-59-25-21-48-18-19-49-20-22-24-0,470.37079301107605,seed604_lns_start70_mixed_best_rm8_tw10
0-66-56-64-51-63-62-41-42-44-43-40-36-35-37-38-39-67-50-33-32-30-28-26-27-29-31-34-54-61-68-13-59-24-22-20-49-19-18-48-21-25-58-65-0,470.5527061923436,seed704_explore_lns_start65_mixed_best_rm20_tw6
0-68-61-54-41-42-43-40-36-35-37-62-38-39-44-70-53-9-60-7-8-46-5-3-1-45-4-2-6-55-12-10-13-14-47-17-16-59-58-0,470.65890113014416,seed702_explore_lns_start16_late_best_rm20_tw8
0-70-43-40-36-35-37-62-54-42-44-39-38-41-61-68-53-9-6-7-8-46-45-5-3-1-4-2-55-60-12-13-16-17-47-14-10-59-58-65-0,471.06816331287854,seed608_lns_start1_random_best_rm4_tw6_guarded
0-68-70-1-3-5-45-69-61-42-44-43-40-36-35-37-38-39-41-67-53-66-56-50-34-31-29-27-26-28-30-32-33-63-51-20-22-24-49-19-18-48-21-25-58-57-64-0,471.5956756847653,seed705_explore_lns_start26_late_regret_rm20_tw10
0-10-16-59-65-66-56-64-63-50-62-67-54-44-39-38-37-35-36-40-43-42-41-34-31-29-27-26-28-30-32-33-51-20-22-24-49-19-18-48-21-25-58-57-52-0,471.8064617265689,seed705_explore_lns_start30_late_regret_rm15_tw15
0-65-66-56-64-51-63-50-29-31-34-62-67-41-44-42-39-38-37-35-36-40-43-8-70-68-61-54-27-26-28-30-32-33-18-48-21-25-19-49-20-22-24-57-52-0,472.72474650186797,seed601_lns_start24_late_regret_rm8_tw15
0-65-52-59-57-66-56-64-51-63-50-62-67-41-44-42-39-38-37-35-36-40-43-70-61-54-34-31-29-27-26-28-30-32-33-20-22-24-49-19-18-48-21-25-58-0,472.98689533698945,seed703_explore_lns_start2_late_regret_rm15_tw10
0-54-39-37-35-36-40-43-62-42-44-41-38-61-68-70-53-9-10-8-45-5-3-1-6-7-46-4-2-55-60-12-13-14-47-17-16-52-0,473.05247642336866,seed702_explore_lns_start18_late_random_best_rm15_tw12
0-66-56-64-51-63-62-54-44-43-36-35-37-38-39-41-67-50-33-32-30-28-26-27-29-31-34-40-42-61-55-65-57-24-22-20-49-19-18-48-21-25-58-52-0,473.357243387791,seed606_lns_start30_late_random_best_rm5_tw10
0-65-66-64-56-50-34-31-63-23-62-67-44-39-38-37-35-36-40-43-42-41-29-27-26-28-30-32-33-51-20-22-24-49-19-18-48-21-25-58-57-52-0,473.46430326256694,seed705_explore_lns_start2_late_regret_rm20_tw8
0-68-61-43-40-36-35-37-54-62-41-42-44-38-39-70-53-9-12-60-8-5-3-1-45-46-7-6-4-2-55-13-16-17-47-14-58-65-0,473.5418731411825,seed701_explore_lns_start10_mixed_best_rm25_tw12
0-68-61-42-43-39-41-54-62-37-35-36-40-38-44-1-3-5-45-46-8-12-9-53-70-55-2-4-6-7-60-14-47-16-13-10-59-58-52-65-0,473.64457171312523,seed703_explore_lns_start13_mixed_regret_rm25_tw10
0-66-64-51-63-18-48-21-23-62-67-41-44-38-35-36-40-43-42-54-34-31-29-27-26-28-30-32-33-50-56-65-52-13-59-58-25-19-49-20-22-24-0,473.6630469817297,seed704_explore_lns_start70_late_regret_rm25_tw10
0-68-43-40-36-35-37-62-54-41-42-44-39-38-61-70-53-9-60-7-8-46-45-5-3-1-2-4-6-55-10-13-16-17-47-14-12-59-58-52-0,473.6672334608867,seed701_explore_lns_start8_late_random_best_rm20_tw15
0-70-43-40-36-35-37-54-62-42-44-39-38-41-61-68-53-9-6-7-8-5-3-1-45-46-4-2-55-60-13-17-47-14-59-58-52-0,473.75363057548344,seed705_explore_lns_start0_random_random_best_rm20_tw6
0-66-56-63-51-18-48-21-23-62-67-41-44-39-38-37-35-36-40-43-42-54-34-31-29-27-26-28-30-32-33-50-64-57-13-59-58-25-19-49-20-22-24-65-0,473.8604115410727,seed704_explore_guarded
0-68-61-41-40-36-35-37-54-62-42-44-43-38-39-70-53-9-12-7-8-5-3-1-45-46-4-2-6-55-13-16-47-14-59-58-52-66-0,474.29524483171696,seed705_explore_lns_start13_mixed_random_best_rm25_tw8
0-66-64-63-51-20-22-19-18-48-23-62-67-54-44-39-38-37-35-36-40-43-42-41-34-31-29-27-26-28-30-32-33-50-56-65-13-59-58-25-21-49-24-0,474.3595929946522,seed702_explore_lns_start66_mixed_regret_rm25_tw12
0-68-61-54-42-43-40-39-41-62-44-36-35-37-38-70-53-9-6-7-8-5-3-1-45-46-4-2-55-60-12-10-13-14-17-47-16-59-52-0,474.8085761854255,seed702_explore_lns_start11_late_best_rm20_tw10
0-69-11-17-16-15-59-23-9-47-14-53-6-8-46-5-3-1-45-2-55-10-13-12-7-4-70-61-68-58-0,475.1490801789716,seed607_lns_start30_random_random_best_rm8_tw8
0-56-66-64-24-22-20-49-18-48-21-19-23-62-67-42-44-40-35-37-38-54-51-63-33-32-30-28-26-27-29-31-34-50-41-39-43-1-3-5-45-46-6-70-68-61-0,475.5162012636339,seed703_explore_lns_start25_random_best_rm20_tw6
0-66-52-64-56-51-63-62-41-42-44-43-40-36-35-37-38-39-67-50-34-31-29-27-26-28-30-32-33-54-55-13-59-25-21-48-18-19-49-20-22-24-57-65-0,475.8626531341088,seed605_lns_start62_late_random_best_rm6_tw6
0-66-56-64-50-63-18-48-21-23-62-67-38-44-42-43-40-36-35-37-39-41-61-68-54-34-31-29-27-26-28-30-32-33-51-20-22-24-49-19-25-58-59-65-0,476.13358033776973,seed704_explore_lns_start70_late_best_rm15_tw6
0-61-39-41-54-62-42-44-43-40-37-35-36-38-68-53-9-6-8-7-46-45-1-3-5-4-2-70-55-14-13-16-17-10-59-58-52-65-0,476.1532614083072,seed703_explore_lns_start11_random_best_rm25_tw10
0-54-37-41-61-70-12-15-11-69-68-42-44-40-36-35-38-39-43-1-8-53-55-2-4-3-5-45-46-6-7-60-14-47-17-16-58-0,476.23057799588037,seed603_lns_start22_late_random_best_rm8_tw6
0-68-61-54-65-66-56-64-51-63-50-62-67-42-44-39-38-37-35-36-40-43-8-2-70-41-34-31-29-27-26-28-30-32-33-18-25-21-48-19-49-20-22-24-0,476.2692774516778,seed601_lns_start32_late_best_rm4_tw6
0-65-66-56-64-24-49-19-21-48-18-51-63-50-62-67-54-44-39-38-37-35-36-40-43-42-41-34-31-29-27-26-28-30-32-33-17-13-59-58-25-22-20-0,476.8853429261919,seed602_lns_start62_random_random_best_rm6_tw12
0-54-41-39-37-35-36-40-43-70-15-11-69-68-61-44-38-42-1-45-46-8-5-3-55-2-4-6-7-60-13-59-58-25-64-66-0,478.16370363640743,seed701_explore_lns_start6_mixed_best_rm25_tw6
0-65-66-64-56-51-19-21-23-62-67-41-44-38-37-36-40-43-42-54-50-34-31-29-27-26-28-30-32-33-63-20-22-52-13-58-25-48-18-49-24-57-0,478.2466324112161,seed702_explore_lns_start2_mixed_regret_rm15_tw8
0-54-66-64-57-24-22-20-51-63-50-62-67-42-44-39-38-37-35-36-40-43-41-34-31-29-27-26-28-30-32-33-56-65-10-13-59-25-21-48-18-19-49-0,478.6054908071842,seed601_lns_start71_mixed_random_best_rm8_tw12
0-64-51-56-66-65-12-15-62-67-54-44-39-38-37-35-36-40-43-42-41-50-34-31-29-27-26-28-30-32-33-63-20-22-24-49-19-18-48-21-25-58-59-0,479.1116880752746,seed704_explore_lns_start62_late_regret_rm15_tw8
0-54-43-12-10-14-47-16-15-11-69-44-38-53-9-60-7-8-6-2-46-45-5-3-1-4-70-55-42-40-37-35-36-39-41-61-68-0,479.8461432185316,seed602_lns_start57_mixed_regret_rm5_tw10
0-54-65-66-56-51-63-50-62-67-42-44-39-38-37-35-36-40-43-41-34-31-29-27-26-28-30-32-33-55-64-24-22-20-49-19-18-48-21-25-58-0,479.8644662534998,seed703_explore_lns_start30_mixed_best_rm20_tw15
0-65-66-56-64-51-63-18-23-62-67-41-44-39-38-37-35-36-40-43-42-54-50-33-32-30-28-26-27-29-31-34-55-52-57-25-21-48-19-49-20-22-24-0,479.9048195285125,seed701_explore_lns_start30_random_best_rm20_tw10
0-56-51-64-66-65-69-62-50-67-41-44-39-38-37-35-36-40-43-42-54-34-31-29-27-26-28-30-32-33-63-22-24-13-59-58-25-21-48-18-19-49-20-0,479.98133323536797,seed602_lns_start62_late_best_rm8_tw6_guarded
0-61-54-65-66-56-64-51-63-50-62-67-38-44-42-70-2-8-46-43-40-36-35-37-39-41-34-31-29-27-26-28-30-32-33-18-25-21-48-19-49-20-22-24-0,480.15138459966624,seed603_lns_start39_random_random_best_rm8_tw8
0-65-66-64-56-50-51-18-48-21-23-62-67-54-44-39-38-37-35-36-40-43-42-41-34-31-29-27-26-28-30-32-33-63-20-22-24-49-19-25-58-59-47-52-0,480.1819585089947,seed703_explore_lns_start62_late_random_best_rm25_tw10
0-61-54-65-66-56-64-51-63-50-62-67-38-44-42-70-2-8-45-43-40-36-35-37-39-41-34-31-29-27-26-28-30-32-33-18-25-21-48-19-49-20-22-24-0,480.3285761421124,seed602_lns_start38_mixed_random_best_rm8_tw8
0-56-64-51-63-50-62-66-69-67-42-44-41-39-38-37-35-36-40-43-70-61-54-34-31-29-27-26-28-30-32-33-20-22-49-19-18-48-21-25-58-59-52-65-0,480.9338945818518,seed703_explore_lns_start67_random_best_rm25_tw8
0-66-56-50-51-18-48-21-23-62-67-54-44-39-38-37-35-40-43-42-41-34-31-29-27-26-28-30-32-33-63-64-57-13-59-58-25-19-49-20-22-24-0,481.139340570616,seed705_explore_lns_start71_late_regret_rm25_tw6
0-68-61-43-40-36-35-37-54-62-41-42-44-38-39-70-10-9-53-60-7-8-46-5-1-3-45-2-6-4-55-12-47-16-13-58-25-65-0,481.4792830439363,seed703_explore_lns_start55_random_random_best_rm20_tw15
0-68-43-40-36-35-37-54-62-42-44-39-38-41-61-70-46-8-7-60-9-53-55-2-1-3-5-45-4-6-13-16-17-47-14-10-59-58-0,483.20056762222526,seed704_explore_lns_start12_random_best_rm20_tw6
0-16-66-56-64-20-24-23-62-67-54-44-39-38-37-35-36-40-43-42-41-50-34-31-29-27-26-28-30-32-33-63-51-22-49-19-18-48-21-25-58-59-57-65-0,484.4972695033087,seed701_explore_lns_start66_late_regret_rm25_tw10
0-63-51-64-66-69-61-42-44-43-40-36-35-37-38-39-41-67-34-31-29-27-26-28-30-32-33-50-54-55-10-13-59-24-22-20-49-19-18-48-21-25-58-65-0,484.5543737563234,seed701_explore_lns_start66_late_regret_rm20_tw12
0-65-66-56-64-51-63-18-23-62-67-42-44-39-38-37-35-36-40-43-41-50-34-31-29-27-26-28-30-32-33-20-22-24-13-59-58-25-21-48-19-49-0,485.8073290913249,seed704_explore_lns_start65_late_random_best_rm25_tw10
0-65-66-64-56-50-63-18-48-21-23-19-49-51-62-67-54-39-38-37-35-36-40-43-42-41-34-31-29-27-26-28-30-32-33-57-52-10-13-59-58-25-24-22-20-0,485.8497008264848,seed704_explore_lns_start62_late_best_rm20_tw12
0-54-41-70-60-69-15-11-23-48-18-51-67-64-66-52-9-53-12-14-47-17-16-10-13-59-24-22-20-49-19-21-25-58-57-65-0,486.1368980665307,seed601_lns_start61_late_random_best_rm6_tw12
0-54-62-23-11-15-16-59-9-14-8-6-53-47-17-7-55-2-46-4-60-12-10-13-58-57-52-65-0,486.26073417888676,seed605_lns_start25_mixed_regret_rm6_tw15
0-43-41-54-62-42-44-40-36-35-37-38-39-61-68-53-9-8-5-1-3-45-46-7-6-2-4-70-55-60-10-13-17-47-14-59-58-52-0,486.35238578807986,seed705_explore_lns_start1_random_random_best_rm25_tw10
0-68-70-61-54-41-39-37-35-36-40-43-42-44-67-62-50-38-34-31-29-27-26-28-30-32-33-63-51-18-21-48-19-49-20-22-57-52-13-16-59-58-25-24-0,486.78066237949264,seed701_explore_lns_start46_late_regret_rm25_tw6
0-66-56-64-50-63-51-18-48-21-23-62-67-54-44-40-38-36-35-37-39-43-42-41-61-68-34-31-29-27-26-28-30-32-33-20-22-24-49-19-25-59-57-65-0,487.2858782045381,seed701_explore_lns_start69_late_best_rm15_tw15
0-43-40-36-35-37-62-54-41-42-44-39-38-61-68-53-9-10-7-8-46-45-5-3-1-70-55-2-4-6-12-13-16-17-47-14-59-58-0,487.3516703865553,seed705_explore_lns_start1_mixed_regret_rm10_tw12
0-66-43-40-36-35-37-62-54-41-42-44-39-38-61-68-53-9-7-8-5-3-1-45-46-4-6-2-70-55-10-13-59-16-17-47-14-12-60-0,487.38428596277856,seed704_explore_lns_start0_late_random_best_rm20_tw15
0-68-61-43-40-36-35-37-62-54-41-42-44-39-38-70-53-9-6-7-8-45-5-3-1-46-4-2-55-60-12-13-16-17-47-14-58-25-0,487.3883847993797,seed703_explore_lns_start1_mixed_best_rm15_tw8
0-68-61-54-41-62-39-37-35-36-38-40-43-44-42-70-2-8-7-53-9-46-6-45-5-3-1-4-55-10-13-16-17-47-14-59-58-0,487.59771741171994,seed704_explore_lns_start9_random_best_rm20_tw8
0-68-61-43-40-39-41-54-62-69-42-44-36-35-37-38-67-50-34-31-29-27-26-28-30-32-33-63-51-20-22-13-58-24-49-19-18-48-21-25-0,487.63076754984434,seed703_explore_lns_start46_mixed_best_rm25_tw12
0-65-66-56-64-63-50-62-23-67-54-44-39-38-37-35-36-40-43-42-41-34-31-29-27-26-28-30-32-33-51-20-22-24-49-19-18-48-21-25-58-59-47-0,487.9716185282817,seed705_explore_lns_start68_late_random_best_rm15_tw10
0-66-56-64-63-50-62-61-54-67-42-44-39-38-37-35-36-40-43-41-34-31-29-27-26-28-30-32-33-51-20-22-24-13-59-58-25-21-48-18-19-49-65-0,488.3000718353518,seed601_lns_start65_late_random_best_rm6_tw10
0-57-69-10-11-15-16-23-59-17-47-9-53-6-8-46-5-3-1-70-55-2-45-4-7-60-12-14-13-58-68-61-0,488.39174826085053,seed608_lns_start30_mixed_best_rm6_tw10
0-68-61-43-40-36-35-37-54-62-41-42-44-39-38-70-3-5-46-8-60-53-9-55-2-1-45-4-6-7-12-13-16-17-47-14-58-0,488.876478656946,seed703_explore_lns_start1_mixed_random_best_rm20_tw8
0-68-43-40-36-35-37-62-54-41-42-44-39-38-61-70-2-8-7-60-9-53-6-1-3-5-45-4-46-55-12-13-16-17-47-14-59-58-0,489.67821496649674,seed605_lns_start13_mixed_random_best_rm8_tw10
0-66-56-64-51-63-50-62-61-54-67-42-44-39-38-37-35-36-40-43-41-34-31-29-27-26-28-30-32-33-20-22-52-13-59-25-21-48-18-19-49-24-65-0,489.80448436857705,seed603_lns_start66_late_best_rm8_tw8
0-56-63-66-65-69-62-50-67-42-44-39-38-37-35-36-40-43-41-54-34-31-29-27-26-28-30-32-33-51-57-13-59-58-25-21-48-18-19-49-20-64-0,490.2134941775362,seed605_lns_start68_late_random_best_rm8_tw15_guarded
0-66-64-56-50-63-51-18-48-21-23-62-67-41-44-39-38-37-35-36-40-43-42-54-34-31-29-27-26-28-30-32-33-57-13-59-58-25-19-49-20-22-24-0,491.1396661367926,seed704_explore_lns_start63_random_best_rm20_tw6
0-66-64-56-50-63-49-19-18-48-21-23-62-67-41-44-39-38-37-35-36-40-43-42-54-34-31-29-27-26-28-30-32-33-51-57-13-59-25-24-22-20-65-0,491.46588352299995,seed702_explore_lns_start67_random_best_rm25_tw8
0-68-61-42-43-40-41-54-62-37-35-36-39-38-44-9-53-45-6-7-8-46-5-3-1-4-2-70-55-60-13-17-47-14-12-10-58-52-0,491.57420476321494,seed701_explore_lns_start0_mixed_random_best_rm20_tw8
0-20-51-63-33-32-30-28-26-27-29-31-34-50-62-67-42-44-43-38-37-35-36-40-39-41-54-61-68-70-1-3-5-45-13-52-57-24-22-49-19-18-48-21-25-58-64-56-66-0,491.63801381525985,seed701_explore_lns_start26_late_best_rm20_tw8
0-65-66-56-64-20-49-51-63-33-31-34-50-62-67-54-44-39-38-37-35-36-40-43-42-41-29-27-26-28-30-32-55-13-58-25-21-48-18-19-22-24-0,491.78112833516695,seed605_lns_start64_mixed_random_best_rm8_tw10
0-43-40-36-35-37-62-54-41-42-44-39-38-61-68-53-9-10-7-8-46-5-3-1-70-55-2-45-4-6-60-12-13-16-17-47-14-59-58-57-0,491.9997022584171,seed703_explore_lns_start13_late_random_best_rm15_tw6
0-65-66-64-56-51-63-50-62-41-42-44-43-40-36-35-37-38-39-67-54-34-31-29-27-26-28-30-32-33-18-48-21-22-24-52-16-13-59-58-25-19-49-20-0,492.53809169580313,seed702_explore_lns_start70_random_best_rm25_tw8
0-65-66-64-56-50-51-18-48-21-23-62-67-41-44-39-38-37-35-36-40-43-42-54-34-31-29-27-26-28-30-32-33-63-52-13-59-58-25-19-49-20-22-24-0,492.64471636332877,seed704_explore_lns_start62_late_best_rm20_tw10
0-54-65-66-64-19-21-48-18-51-63-50-62-67-42-44-39-38-37-35-36-40-43-41-34-31-29-27-26-28-30-32-33-56-10-13-59-58-25-49-20-22-24-57-0,492.6709218007569,seed603_lns_start63_late_random_best_rm8_tw6
0-14-47-10-65-66-56-64-51-63-50-62-67-54-44-39-38-37-35-36-40-43-42-41-34-31-29-27-26-28-30-32-33-20-22-24-13-59-25-21-48-18-19-49-0,492.88994572700153,seed608_lns_start70_random_best_rm8_tw15
0-54-42-43-40-36-35-37-62-41-44-39-38-61-68-6-46-8-7-53-9-17-47-14-12-70-1-3-5-45-4-2-55-10-13-59-58-52-0,493.3624637943452,seed702_explore_lns_start1_random_random_best_rm25_tw8
0-68-43-40-36-35-37-62-54-41-42-44-39-38-61-70-53-9-60-7-8-46-45-5-3-1-2-55-4-6-12-13-16-17-47-14-10-58-52-0,493.3657879356072,seed701_explore_lns_start13_late_random_best_rm15_tw15
0-62-69-11-15-23-9-10-53-6-46-8-7-60-55-4-12-14-47-17-16-13-59-58-25-52-65-0,493.8553600287117,seed703_explore_lns_start26_late_regret_rm20_tw10
0-54-65-66-57-64-56-51-63-50-62-67-42-44-39-38-37-35-36-40-43-8-2-70-61-41-34-31-29-27-26-28-30-32-33-18-25-21-48-19-49-20-22-24-0,493.98736367950926,seed606_lns_start34_late_regret_rm8_tw15
0-65-57-66-56-64-21-48-18-51-63-50-62-67-41-44-39-38-37-35-36-40-43-42-54-34-31-29-27-26-28-30-32-33-52-10-13-59-58-25-19-49-20-22-24-0,494.0442952940394,seed705_explore_lns_start72_late_regret_rm10_tw6
0-65-66-64-56-63-51-20-22-21-23-62-67-41-44-39-38-37-35-36-40-43-42-61-54-50-34-31-29-27-26-28-30-32-33-13-59-25-48-18-19-49-24-0,495.2051415111727,seed705_explore_lns_start72_mixed_regret_rm15_tw6
0-65-66-56-64-51-63-18-21-23-62-67-42-44-39-38-37-35-36-40-43-41-33-32-30-28-26-27-29-31-34-50-55-57-58-25-48-19-49-20-22-24-0,495.6207105904451,seed703_explore_lns_start2_random_random_best_rm25_tw8
0-54-66-56-64-19-21-48-18-51-63-50-62-67-42-44-39-38-37-35-36-40-43-41-34-31-29-27-26-28-30-32-33-65-52-10-13-59-58-25-49-20-22-24-0,495.8172353104143,seed602_lns_start68_late_regret_rm8_tw6
0-54-41-39-36-35-37-62-61-42-38-40-43-44-68-53-9-60-8-46-45-5-3-1-70-55-2-4-6-7-17-14-12-13-10-59-58-65-0,496.5965560403532,seed704_explore_lns_start18_random_random_best_rm25_tw10
0-54-42-43-40-36-35-37-62-44-39-38-41-61-68-70-46-8-10-9-53-60-7-6-5-3-1-45-4-2-55-12-13-16-47-59-58-52-0,496.7369888893995,seed704_explore_lns_start12_random_best_rm20_tw10
0-65-66-64-56-50-63-51-18-48-21-23-62-67-41-44-39-38-37-35-36-40-43-42-54-34-31-29-27-26-28-30-32-33-10-13-59-25-19-49-24-22-20-0,496.97923308510957,seed702_explore_lns_start72_late_best_rm20_tw8
0-65-66-56-64-50-63-51-18-48-23-62-67-41-44-39-38-37-35-36-40-43-42-54-34-31-29-27-26-28-30-32-33-20-22-24-49-19-21-25-58-59-16-12-52-0,497.2083923223852,seed704_explore_lns_start64_late_random_best_rm15_tw10
0-54-41-37-35-36-40-43-62-42-44-39-38-61-68-70-1-3-5-8-53-9-12-60-7-6-46-45-4-2-55-10-13-16-17-14-59-58-52-0,498.14890893281904,seed705_explore_lns_start9_mixed_random_best_rm25_tw8
0-66-64-56-50-63-49-19-18-48-21-23-62-67-54-44-39-38-37-35-36-40-43-42-41-34-31-29-27-26-28-30-32-33-10-13-59-25-24-22-20-51-0,498.5223044568214,seed704_explore_lns_start72_late_best_rm25_tw6
0-54-66-64-51-63-50-62-42-44-43-40-36-35-37-38-39-41-67-34-31-29-27-26-28-30-32-33-56-55-13-57-24-22-20-49-19-18-48-21-25-58-52-65-0,499.06452314463166,seed601_lns_start2_late_random_best_rm4_tw12
0-66-56-64-50-63-51-20-23-62-67-41-44-39-38-37-35-36-40-43-42-54-34-31-29-27-26-28-30-32-33-57-52-13-25-21-48-18-19-49-22-24-65-0,499.12456943520573,seed703_explore_lns_start30_late_random_best_rm15_tw6
0-54-66-56-64-51-63-62-41-42-44-43-40-36-35-37-38-39-67-34-31-29-27-26-28-30-32-33-50-55-13-57-24-22-20-49-19-18-48-21-25-58-59-52-65-0,500.6646119249414,seed604_lns_start66_late_random_best_rm5_tw10
0-54-41-42-43-40-37-62-44-36-35-39-38-61-68-53-9-60-7-8-45-1-3-5-46-4-6-2-70-55-13-16-14-12-59-58-25-0,500.9576135381483,seed702_explore_lns_start1_mixed_best_rm20_tw8
0-56-51-24-22-64-20-49-19-18-48-21-23-62-67-44-36-35-37-38-41-50-63-33-32-30-28-26-27-29-31-34-39-40-43-42-1-3-5-45-70-61-68-66-0,502.1150809179356,seed608_lns_start25_random_best_rm8_tw8
0-54-41-43-40-36-35-37-62-42-44-39-38-61-68-70-46-8-60-53-9-2-1-3-5-45-4-7-6-55-10-13-17-47-14-12-58-0,503.22907311354464,seed702_explore_lns_start7_mixed_best_rm20_tw15
0-65-66-56-64-51-63-50-62-61-54-67-42-44-39-38-37-35-36-40-43-41-34-31-29-27-26-28-30-32-33-18-24-52-13-59-58-25-21-48-19-49-20-22-0,503.31950299878235,seed601_lns_start64_late_best_rm8_tw8
0-65-66-64-51-63-56-54-41-39-44-42-62-67-38-37-35-36-40-43-70-68-61-50-34-31-29-27-26-28-30-32-33-20-22-24-49-19-18-48-21-25-58-57-52-0,503.4587903236868,seed701_explore_lns_start30_late_best_rm20_tw6
0-66-56-51-63-20-69-62-67-41-44-39-38-37-35-36-40-43-42-54-34-31-29-27-26-28-30-32-33-50-13-59-58-25-21-48-18-19-49-22-24-0,503.5370451859108,seed704_explore_lns_start62_random_random_best_rm15_tw8
0-65-66-56-64-51-63-50-62-41-42-44-43-40-36-35-37-38-39-67-31-29-27-26-28-30-32-33-34-54-55-10-13-52-57-24-49-19-18-48-21-58-25-22-20-0,503.75194221090385,seed608_lns_start2_random_best_rm8_tw6
0-54-66-56-64-19-21-48-18-51-63-50-62-67-42-44-39-38-37-35-36-40-43-41-34-31-29-27-26-28-30-32-33-65-52-12-13-59-58-25-49-20-22-24-0,503.8302857276487,seed603_lns_start69_late_best_rm8_tw10
0-54-66-64-51-63-50-62-41-42-44-43-40-36-35-37-38-39-67-34-31-29-27-26-28-30-32-33-56-55-13-57-24-22-20-49-19-18-48-21-25-58-59-65-0,503.9724854747522,seed601_lns_start67_late_random_best_rm5_tw6
0-64-63-51-66-65-69-56-62-50-67-41-44-39-38-37-35-36-40-43-42-54-34-31-29-27-26-28-30-32-33-20-22-52-13-58-25-21-48-18-19-49-24-0,504.6307796453785,seed607_lns_start2_mixed_random_best_rm8_tw10
0-68-43-40-36-35-37-54-62-41-42-44-39-38-61-70-6-8-7-60-12-9-53-46-45-5-3-1-4-2-55-10-13-47-14-59-58-25-0,505.47036053169006,seed705_explore_lns_start1_mixed_best_rm20_tw12
0-65-66-56-64-50-63-51-18-48-23-62-67-41-44-42-39-38-37-35-36-40-43-1-54-34-31-29-27-26-28-30-32-33-20-22-24-49-19-21-25-58-57-52-0,505.51217825018307,seed701_explore_lns_start30_late_random_best_rm15_tw10
0-51-63-32-30-28-26-27-29-31-34-33-50-62-67-61-44-39-38-37-35-36-40-43-42-41-54-56-64-66-65-55-13-59-18-48-21-58-25-19-49-20-22-24-57-52-0,505.66628975860993,seed607_lns_start71_late_random_best_rm8_tw8
0-65-66-56-64-50-63-51-18-23-62-67-41-44-39-38-37-35-36-40-43-42-54-34-31-29-27-26-28-30-32-33-20-22-52-13-59-25-21-48-19-49-24-0,507.41310611976894,seed702_explore_lns_start71_late_best_rm10_tw15
0-65-66-56-64-50-63-51-18-21-23-62-67-41-44-39-38-37-35-36-40-43-42-54-34-31-29-27-26-28-30-32-33-10-13-59-58-25-48-19-49-20-22-24-0,507.634363503914,seed701_explore_lns_start63_late_best_rm15_tw15
0-68-43-40-36-35-37-62-54-41-42-44-39-38-61-70-53-9-10-7-8-46-45-5-3-1-2-55-4-6-60-12-14-47-17-13-16-58-25-65-0,507.68461754163025,seed705_explore_lns_start1_late_random_best_rm10_tw6
0-65-66-56-64-51-63-50-62-42-44-43-40-36-35-37-38-39-41-67-31-29-27-26-28-30-32-33-34-54-55-10-13-59-24-22-20-49-19-18-48-58-25-0,508.30204713419585,seed601_lns_start62_mixed_random_best_rm6_tw10
0-64-63-51-56-66-65-69-68-61-62-67-54-44-39-38-37-35-36-40-43-42-41-50-34-31-29-27-26-28-30-32-33-20-22-24-13-59-25-21-48-18-19-49-0,509.05888488545315,seed608_lns_start72_late_best_rm8_tw6
0-15-11-62-67-23-57-9-53-65-66-56-50-34-31-29-27-26-28-30-32-33-63-51-20-22-49-19-18-48-21-25-24-64-0,509.28829708347405,seed701_explore_lns_start15_late_random_best_rm25_tw12
0-56-63-51-64-66-65-69-61-54-62-50-67-44-39-38-37-35-36-40-43-42-41-34-31-29-27-26-28-30-32-33-20-22-24-13-59-58-25-21-48-18-19-49-0,509.49610795354687,seed601_lns_start70_late_random_best_rm8_tw6
0-54-56-64-51-63-50-62-37-35-36-40-43-44-42-39-38-41-67-34-31-29-27-26-28-30-32-33-20-22-24-57-12-13-52-59-58-25-21-48-18-19-49-66-0,510.66686412682674,seed701_explore_lns_start2_mixed_random_best_rm25_tw6
0-65-66-56-64-51-63-50-62-42-44-43-40-36-35-37-38-39-41-67-31-29-27-26-28-30-32-33-34-54-55-10-13-59-24-22-20-18-48-21-58-25-19-49-0,511.52895324395524,seed601_lns_start63_mixed_random_best_rm4_tw10
0-66-56-64-50-63-51-18-23-62-67-41-44-39-38-37-35-36-40-43-42-54-34-31-29-27-26-28-30-32-33-55-59-25-21-48-19-49-20-22-24-65-0,511.99135096399453,seed701_explore_lns_start65_late_random_best_rm15_tw15
0-56-64-51-63-50-62-23-67-54-44-39-38-37-35-36-40-43-42-41-34-31-29-27-26-28-30-32-33-55-59-25-21-48-18-19-49-20-22-24-66-0,512.2684794403225,seed703_explore_lns_start67_late_best_rm25_tw10
0-65-66-64-56-50-63-51-18-48-21-23-62-67-54-44-39-38-37-35-36-40-43-42-41-31-29-27-26-28-30-32-33-34-55-13-59-25-19-49-24-22-20-0,513.940964041102,seed602_lns_start67_random_random_best_rm6_tw6
0-56-51-63-32-30-28-26-27-29-31-34-33-50-62-67-41-44-39-38-37-35-36-40-43-42-54-18-48-21-20-65-55-66-64-52-13-59-58-25-19-49-22-24-0,514.1399883959882,seed607_lns_start65_mixed_best_rm8_tw8
0-61-54-66-56-64-51-63-18-23-62-67-42-44-39-38-37-35-36-40-43-41-50-33-32-30-28-26-27-29-31-34-55-52-57-25-21-48-19-49-20-22-24-65-0,514.717997563394,seed701_explore_lns_start30_random_best_rm25_tw10
0-66-24-51-56-49-19-18-48-21-23-63-62-44-38-67-50-33-26-27-29-31-28-30-32-34-54-61-68-70-4-45-5-3-1-43-40-36-35-37-39-42-41-0,515.2386191486285,seed701_explore_lns_start25_mixed_best_rm25_tw6
0-65-66-56-64-50-63-51-18-21-23-62-67-41-44-39-38-37-35-36-40-43-42-54-34-31-29-27-26-28-30-32-33-57-59-13-52-25-48-19-49-20-22-24-0,515.4390152644187,seed703_explore_lns_start66_mixed_best_rm25_tw15
0-64-51-18-48-21-66-65-69-56-62-50-67-41-44-39-38-37-35-36-40-43-42-54-34-31-29-27-26-28-30-32-33-63-52-13-59-58-25-19-49-20-22-24-0,515.8574472191499,seed604_lns_start64_late_random_best_rm8_tw8
0-65-66-56-64-21-48-51-63-50-62-54-67-42-44-39-38-37-35-36-40-43-41-34-31-29-27-26-28-30-32-33-57-16-13-59-58-25-18-19-49-20-22-24-0,518.521374074355,seed703_explore_lns_start71_late_regret_rm20_tw6
0-65-66-56-64-50-63-51-48-21-23-62-67-54-44-39-38-37-35-36-40-43-42-41-34-31-29-27-26-28-30-32-33-52-17-13-59-25-18-19-49-20-22-24-0,519.6207261056625,seed705_explore_lns_start64_late_best_rm15_tw8
0-64-51-18-48-21-66-65-69-56-62-50-67-41-44-39-38-37-35-36-40-43-42-54-34-31-29-27-26-28-30-32-33-63-52-13-59-58-25-19-49-20-22-24-57-0,520.5324234437719,seed703_explore_lns_start30_late_best_rm15_tw8
0-66-56-64-50-63-51-18-48-21-23-19-62-67-41-44-39-38-37-35-36-40-43-42-54-34-31-29-27-26-28-30-32-33-65-12-13-59-58-25-49-20-22-24-0,520.8504479267796,seed703_explore_lns_start70_late_random_best_rm15_tw6
0-65-66-64-56-50-34-51-21-23-62-67-42-44-39-38-37-35-36-40-43-41-31-29-27-26-28-30-32-33-63-13-59-24-22-20-18-48-25-19-49-0,524.2504050799431,seed701_explore_lns_start70_late_random_best_rm25_tw10
0-65-66-56-64-20-51-63-50-62-61-54-67-42-44-39-38-37-35-36-40-43-41-34-31-29-27-26-28-30-32-33-55-13-59-58-25-21-48-18-19-49-22-24-0,524.2531456019962,seed601_lns_start68_late_best_rm8_tw10
0-65-57-64-56-51-63-50-62-66-69-67-54-44-39-38-37-35-36-40-43-42-41-34-31-29-27-26-28-30-32-33-20-22-24-13-59-58-25-21-48-18-19-49-0,526.5438394196899,seed603_lns_start62_late_random_best_rm8_tw8
0-54-65-66-56-64-21-48-18-51-63-50-62-67-42-44-39-38-37-35-36-40-43-41-34-31-29-27-26-28-30-32-33-57-10-13-52-58-25-19-49-24-22-20-0,530.5796253836725,seed703_explore_lns_start2_late_random_best_rm20_tw8
0-65-66-56-64-50-63-51-21-23-62-67-41-42-44-43-40-39-38-36-35-37-54-34-31-29-27-26-28-30-32-33-20-22-52-13-58-25-48-18-19-49-24-57-0,531.7055553490662,seed701_explore_lns_start2_mixed_best_rm15_tw10
0-65-66-56-64-50-63-51-18-48-21-23-62-67-41-44-39-38-37-35-36-40-43-42-54-34-31-29-27-26-28-30-32-33-57-10-13-59-25-19-49-24-22-20-0,533.3961065721909,seed701_explore_lns_start67_late_random_best_rm15_tw6
0-56-63-51-18-64-66-65-69-62-50-67-41-44-39-38-37-35-36-40-43-42-54-34-31-29-27-26-28-30-32-33-20-22-52-13-58-25-21-48-19-49-24-57-0,533.4832905324313,seed701_explore_lns_start30_late_random_best_rm15_tw8
0-65-66-56-64-50-63-51-18-48-21-23-62-67-41-44-39-38-37-35-36-40-43-42-54-34-31-29-27-26-28-30-32-33-52-10-13-59-58-25-19-49-24-22-20-0,534.2729443848332,seed703_explore_lns_start64_late_best_rm10_tw10
0-65-66-56-64-50-63-51-18-48-21-23-62-67-41-44-39-38-37-35-36-40-43-42-54-34-31-29-27-26-28-30-32-33-52-10-13-59-58-25-19-49-20-22-24-57-0,541.3655857732299,seed702_explore_lns_start70_mixed_best_rm20_tw10
0-65-66-64-21-51-63-50-62-61-54-67-42-44-39-38-37-35-36-40-43-41-34-31-29-27-26-28-30-32-33-56-57-52-13-59-58-25-48-18-19-49-24-22-20-0,545.2753145733973,seed703_explore_lns_start2_mixed_best_rm15_tw12
0-65-66-56-64-50-63-51-18-48-21-23-62-67-54-44-39-38-37-35-36-40-43-42-41-31-29-27-26-28-30-32-33-34-55-13-59-58-25-19-49-24-22-20-0,555.2911529482599,seed606_lns_start64_mixed_best_rm8_tw10
0-65-66-64-56-54-50-51-23-24-62-67-44-39-38-37-35-36-40-43-42-41-34-31-29-27-26-28-30-32-33-63-20-22-13-58-49-19-18-48-21-25-57-0,570.0314827328418,seed701_explore_lns_start2_mixed_best_rm20_tw15
