route,score,source
0-5-45-2-7-8-46-3-1-4-70-0,120.31354862219835,seed707_explore_lns_start0_late_best_rm25_tw12
0-5-45-2-7-6-8-46-4-60-70-0,133.61647355755667,seed701_explore_lns_start0_late_best_rm15_tw10
0-42-39-36-44-38-40-43-37-35-0,155.2214618843811,seed707_explore_lns_start10_random_best_rm20_tw8
0-45-5-2-7-6-8-46-3-1-70-0,160.6911227823325,seed707_explore_lns_start23_late_best_rm25_tw12
0-45-5-2-7-6-8-46-3-4-70-0,162.80940056309208,seed702_explore_lns_start27_late_random_best_rm20_tw10
0-45-5-2-7-8-46-3-1-4-60-0,178.0916101652628,seed701_explore_lns_start0_late_regret_rm20_tw15
0-45-5-2-7-6-46-3-1-4-60-0,178.0916101652628,seed701_explore_lns_start0_random_best_rm25_tw6
0-45-5-2-7-6-8-46-3-4-1-0,191.45700980229094,seed701_explore_lns_start10_late_random_best_rm20_tw8
0-45-5-2-7-6-8-46-4-1-60-0,197.25847512023932,seed701_explore_lns_start0_late_random_best_rm15_tw12
0-45-5-2-7-6-8-3-1-4-60-0,199.3026806364482,seed703_explore_lns_start0_late_regret_rm20_tw6
0-14-47-15-16-11-9-10-13-17-60-0,212.62423333163173,seed701_explore_lns_start0_mixed_best_rm20_tw12
0-45-5-2-7-6-8-46-3-4-60-0,215.11519052220368,seed705_explore_lns_start12_late_random_best_rm25_tw15
0-14-47-15-11-12-9-10-13-17-60-0,222.18378294195344,seed702_explore_lns_start0_random_regret_rm15_tw15
0-45-5-2-7-6-8-46-3-1-60-0,242.5911082253516,seed704_explore_lns_start0_late_regret_rm15_tw10
0-45-5-2-7-6-8-46-4-55-60-0,245.55856196398955,seed702_explore_lns_start0_late_regret_rm20_tw6
0-42-39-36-38-44-40-37-54-68-70-0,261.1394233638796,seed704_explore_lns_start0_late_random_best_rm15_tw6
0-42-39-36-44-38-41-54-68-55-70-0,262.14122015123723,seed701_explore_lns_start0_random_best_rm20_tw6
0-14-47-12-11-15-16-9-10-13-17-0,270.2990376577144,seed601_lns_start0_late_random_best_rm3_tw8
0-23-21-18-19-22-49-20-24-48-25-0,279.78835894213887,seed703_explore_lns_start67_random_best_rm25_tw10
0-14-47-12-11-15-16-10-13-17-60-0,280.92954410761865,seed701_explore_lns_start0_random_random_best_rm20_tw12
0-42-36-44-40-38-68-55-60-70-0,285.8645279877355,seed701_explore_lns_start0_random_random_best_rm20_tw15
0-45-5-2-7-6-8-3-1-4-55-0,288.7350537528738,seed701_explore_lns_start1_late_regret_rm20_tw15
0-63-62-67-61-54-68-70-0,296.8091405351338,seed705_explore_lns_start25_late_best_rm15_tw10
0-45-5-2-7-6-8-46-3-4-55-0,304.54756363862924,seed708_explore_lns_start24_mixed_random_best_rm25_tw6
0-14-47-15-11-12-53-55-68-54-70-0,305.76807333634025,seed706_explore_lns_start50_late_random_best_rm20_tw15
0-14-47-12-11-15-16-9-13-17-70-0,311.20448937247295,seed707_explore_lns_start0_mixed_random_best_rm20_tw12
0-45-5-2-7-6-8-46-3-4-68-0,317.87056832214637,seed702_explore_lns_start36_random_best_rm25_tw8
0-14-47-12-11-15-16-9-13-17-60-0,319.90852231801085,seed701_explore_lns_start0_random_regret_rm15_tw10
0-14-47-12-11-15-16-9-10-13-60-0,331.1319619891092,seed705_explore_lns_start21_late_best_rm25_tw12
0-42-39-36-44-41-61-68-55-70-0,331.4992865491955,seed706_explore_lns_start0_late_random_best_rm25_tw10
0-42-39-36-38-44-41-68-55-60-70-0,343.5134917484827,seed702_explore_lns_start0_late_regret_rm15_tw15
0-42-39-36-38-44-41-37-54-68-70-0,344.7408649571306,seed702_explore_lns_start7_late_random_best_rm15_tw12
0-42-39-36-38-44-61-68-55-70-0,348.47610148079895,seed601_lns_start0_random_best_rm5_tw12
0-63-62-67-41-37-35-43-70-0,349.1033433335077,seed701_explore_lns_start2_late_best_rm20_tw12
0-42-39-36-38-44-40-43-37-35-54-0,351.682309226273,seed701_explore_lns_start10_late_random_best_rm20_tw8
0-42-39-36-38-41-44-43-54-68-70-0,353.9476901079324,seed707_explore_lns_start0_mixed_best_rm25_tw6
0-45-5-2-7-6-8-46-3-1-55-70-0,355.3453161409404,seed702_explore_lns_start27_late_random_best_rm25_tw12
0-39-42-44-38-41-40-43-37-35-54-0,362.9767693573366,seed704_explore_lns_start10_mixed_best_rm25_tw6
0-45-5-2-7-6-8-46-3-1-60-70-0,365.3973346304726,seed701_explore_lns_start0_late_regret_rm15_tw8
0-14-47-12-11-15-16-9-10-13-58-0,369.37604361371973,seed703_explore_lns_start0_mixed_random_best_rm20_tw12
0-42-39-36-38-41-44-43-68-55-70-0,372.0310064275178,seed702_explore_lns_start0_late_best_rm20_tw12
0-42-39-36-38-44-61-68-55-60-0,393.5632126331137,seed703_explore_lns_start0_late_best_rm15_tw8
0-39-42-44-36-38-40-37-68-55-70-0,400.3436923768952,seed703_explore_lns_start0_late_best_rm15_tw6
0-45-5-2-7-6-8-46-3-4-17-0,402.370979521855,seed701_explore_lns_start19_random_best_rm25_tw12
0-42-39-36-44-38-68-55-4-70-0,405.6078878107195,seed707_explore_lns_start0_mixed_best_rm25_tw12
0-42-39-36-38-41-61-68-55-60-70-0,406.9716174269635,seed702_explore_lns_start0_late_best_rm25_tw12
0-65-52-69-61-54-68-55-70-0,407.6257509916798,seed706_explore_lns_start10_late_best_rm25_tw10
0-63-62-67-61-54-68-55-70-0,409.62228369063564,seed704_explore_lns_start38_late_regret_rm25_tw10
0-42-39-36-38-44-40-37-35-43-1-0,416.29561728760393,seed701_explore_lns_start11_late_regret_rm15_tw8
0-59-23-21-19-49-22-20-24-25-48-0,421.9490431720525,seed706_explore_lns_start9_random_random_best_rm20_tw6
0-14-47-12-15-16-9-10-13-60-4-0,424.7639529431548,seed702_explore_lns_start30_late_best_rm25_tw12
0-65-62-67-41-40-37-35-43-0,427.4073710382113,seed704_explore_lns_start0_mixed_random_best_rm20_tw12
0-42-39-36-38-44-40-37-35-54-68-0,427.71779197869785,seed706_explore_lns_start11_mixed_random_best_rm25_tw15
0-42-39-36-44-38-43-1-70-55-0,428.2221115990283,seed703_explore_lns_start0_late_random_best_rm15_tw12
0-42-39-36-40-44-61-68-55-60-0,429.22355019826205,seed707_explore_guarded
0-42-39-36-38-44-41-43-37-35-54-0,432.52593550463854,seed708_explore_lns_start11_late_random_best_rm20_tw8
0-42-39-36-44-40-37-35-43-70-60-0,437.05513712844896,seed701_explore_lns_start11_mixed_random_best_rm20_tw10
0-14-47-15-11-12-53-10-9-13-17-0,440.1728731897079,seed701_explore_lns_start0_late_regret_rm20_tw15
0-42-39-36-38-44-40-41-37-35-43-0,440.640717614309,seed701_explore_lns_start21_late_best_rm20_tw10
0-59-23-21-18-49-22-20-24-25-48-0,442.6891167459213,seed701_explore_lns_start2_late_regret_rm15_tw15
0-42-39-36-44-38-37-35-43-1-70-0,444.26622497666233,seed704_explore_lns_start0_late_best_rm25_tw6
0-63-62-67-40-37-35-43-0,446.13789313358706,seed707_explore_lns_start0_late_regret_rm15_tw15
0-14-47-15-16-11-12-53-10-13-17-0,449.3456715542376,seed702_explore_lns_start0_random_regret_rm10_tw6
0-63-62-67-34-50-54-68-70-0,452.039455527845,seed708_explore_lns_start38_late_random_best_rm20_tw15
0-59-23-21-18-19-49-20-24-25-48-0,452.17670780567096,seed604_lns_start0_mixed_regret_rm6_tw15
0-63-62-67-38-37-35-43-70-0,455.00201058788525,seed701_explore_guarded
0-42-39-36-38-44-61-68-1-70-0,455.4756802775845,seed706_explore_lns_start0_late_best_rm10_tw8
0-63-62-67-50-54-68-55-70-0,456.8849810930078,seed701_explore_lns_start70_late_random_best_rm25_tw6
0-42-39-36-38-44-41-68-55-70-1-0,458.95060766045395,seed702_explore_lns_start0_late_random_best_rm20_tw10
0-42-39-36-38-44-40-37-35-43-55-0,459.846260797307,seed706_explore_lns_start9_random_random_best_rm20_tw6
0-42-39-36-38-44-40-37-35-43-60-0,465.331915415938,seed701_explore_lns_start12_late_random_best_rm10_tw8
0-42-39-36-38-44-61-68-4-70-0,466.29112414502026,seed701_explore_lns_start0_mixed_random_best_rm15_tw10
0-39-42-44-38-41-61-68-55-1-0,469.26230422656295,seed705_explore_lns_start0_late_best_rm25_tw8
0-65-69-64-57-52-10-17-60-0,470.1748270024857,seed708_explore_lns_start68_mixed_best_rm20_tw12
0-14-47-12-11-15-16-9-17-13-58-0,473.28482425760797,seed708_explore_lns_start5_late_random_best_rm25_tw10
0-59-23-21-18-49-20-24-48-25-58-0,474.61948995953526,seed702_explore_lns_start11_random_best_rm25_tw15
0-14-47-15-12-11-9-10-53-55-60-0,475.9320137114688,seed703_explore_lns_start28_mixed_best_rm20_tw12
0-14-47-15-16-12-11-9-10-13-55-0,476.867130999429,seed702_explore_lns_start0_mixed_regret_rm15_tw10
0-42-39-36-44-38-37-54-68-55-70-0,480.8100958359088,seed703_explore_lns_start0_mixed_best_rm20_tw12
0-42-39-36-38-44-61-68-55-60-70-0,482.91005666007675,seed601_lns_start0_late_random_best_rm3_tw8
0-42-39-36-38-44-40-43-6-70-0,491.1849932602864,seed704_explore_lns_start0_late_random_best_rm20_tw6
0-42-39-36-38-44-40-37-54-68-55-0,492.64591611444246,seed704_explore_guarded
0-63-62-67-41-40-37-35-70-0,497.2611359178594,seed701_explore_lns_start0_random_random_best_rm20_tw6
0-42-39-36-38-44-41-61-68-55-70-0,497.40072688507666,seed701_explore_lns_start0_late_best_rm15_tw6
0-65-62-67-41-40-37-35-43-70-0,499.31623802135016,seed708_explore_lns_start0_random_best_rm20_tw15
0-14-47-15-16-12-9-10-53-55-60-0,502.9699102961886,seed703_explore_lns_start24_late_best_rm25_tw15
0-42-39-36-38-44-61-54-68-55-0,503.3038611664252,seed703_explore_lns_start0_late_regret_rm10_tw6
0-14-47-15-16-11-12-53-68-54-70-0,506.873216014739,seed705_explore_lns_start54_late_regret_rm20_tw8
0-14-47-12-11-15-16-9-10-13-66-0,513.1523637966136,seed704_explore_lns_start0_mixed_regret_rm10_tw10
0-63-62-67-40-37-35-43-70-0,521.4601797072942,seed701_explore_lns_start0_late_best_rm15_tw10
0-65-69-52-57-64-66-68-55-70-0,529.9285242409502,seed703_explore_lns_start6_late_random_best_rm25_tw12
0-42-39-36-44-41-61-68-55-1-0,530.9440484160408,seed704_explore_lns_start0_mixed_best_rm25_tw15
0-42-39-36-40-44-61-68-55-60-70-0,531.2172100433679,seed601_lns_start0_random_random_best_rm5_tw12_guarded
0-59-23-21-18-49-22-20-24-25-58-0,534.1232967846016,seed701_explore_lns_start0_late_best_rm20_tw12
0-42-39-36-44-38-37-61-68-70-0,535.6125661350252,seed703_explore_lns_start0_mixed_best_rm15_tw10
0-42-39-36-44-38-43-61-68-70-0,538.0636537430024,seed704_explore_lns_start0_random_random_best_rm10_tw15
0-42-39-36-38-44-61-68-55-4-0,538.2176597770664,seed704_explore_lns_start0_late_regret_rm15_tw15
0-14-47-15-16-12-11-9-10-53-70-0,542.5894162216737,seed703_explore_lns_start42_mixed_best_rm25_tw10
0-59-23-21-18-19-49-20-24-25-58-0,543.6108878443513,seed604_lns_start0_mixed_regret_rm8_tw12
0-45-5-2-7-6-8-46-3-1-55-60-0,545.5548464853155,seed703_explore_lns_start8_late_regret_rm15_tw12
0-63-62-67-51-22-20-24-25-58-0,546.1406847154382,seed705_explore_lns_start9_late_best_rm25_tw6
0-42-39-36-38-44-61-54-68-55-70-0,548.6374516498103,seed601_lns_start0_mixed_random_best_rm8_tw15
0-65-52-69-61-41-54-68-70-0,549.0567930279592,seed704_explore_lns_start8_late_random_best_rm25_tw12
0-14-47-12-11-15-16-9-10-53-60-0,550.4779350582962,seed704_explore_lns_start23_random_random_best_rm25_tw10
0-42-39-36-38-44-40-54-68-55-60-0,552.1994952912512,seed707_explore_lns_start0_late_random_best_rm20_tw12
0-14-47-12-15-16-9-10-13-17-60-55-0,556.6791524737506,seed702_explore_lns_start27_late_best_rm15_tw15
0-65-69-52-57-22-51-56-66-0,557.9442453313046,seed702_explore_lns_start23_random_best_rm25_tw8
0-45-5-2-7-6-8-46-4-60-53-0,558.9254842609116,seed703_explore_lns_start0_late_best_rm10_tw6
0-42-39-36-44-61-6-4-1-70-0,559.095407122646,seed704_explore_lns_start0_late_best_rm20_tw10
0-63-62-67-41-37-40-43-70-0,559.3962474975799,seed704_explore_lns_start0_mixed_best_rm15_tw12
0-42-39-36-44-38-54-68-55-70-60-0,560.0393443917811,seed706_explore_lns_start0_late_best_rm15_tw12
0-42-39-36-38-40-44-61-68-55-0,560.5636536624585,seed703_explore_lns_start0_late_best_rm25_tw15
0-42-39-36-44-41-61-54-68-55-70-0,560.8774154536152,seed704_explore_lns_start0_late_best_rm25_tw10
0-45-5-2-7-8-46-3-1-4-60-13-0,563.8675223054092,seed708_explore_lns_start0_random_random_best_rm15_tw8
0-14-47-12-15-16-9-10-53-60-4-0,564.9714240677815,seed702_explore_lns_start27_late_random_best_rm25_tw12
0-45-5-2-7-6-8-46-3-1-60-17-0,567.0321793205226,seed701_explore_lns_start35_late_regret_rm15_tw15
0-42-39-36-38-44-40-43-37-35-66-0,570.702646716063,seed703_explore_lns_start67_random_best_rm25_tw10
0-42-39-36-38-40-44-61-68-55-70-0,576.364030884103,seed701_explore_lns_start0_late_regret_rm20_tw12
0-59-23-21-18-19-49-20-48-25-58-0,576.8869032285143,seed607_lns_start0_random_best_rm5_tw6
0-42-39-36-38-44-40-43-37-35-56-0,581.2432504345095,seed705_explore_lns_start9_random_random_best_rm20_tw10
0-59-23-21-19-49-22-20-24-48-58-0,581.3113885996529,seed707_explore_lns_start0_late_random_best_rm20_tw6
0-63-62-67-61-54-68-70-1-0,581.9037832102811,seed708_explore_lns_start23_late_regret_rm10_tw12
0-14-47-12-15-16-9-10-53-60-1-0,587.1668481955508,seed704_explore_lns_start13_late_random_best_rm25_tw12
0-63-62-67-41-38-37-35-43-0,588.432647897213,seed601_lns_start0_random_best_rm8_tw10_guarded
0-63-62-67-41-37-35-43-54-0,589.1967383583194,seed702_explore_guarded
0-14-47-15-16-12-9-10-53-60-55-70-0,589.2570353807976,seed703_explore_lns_start13_late_best_rm10_tw8
0-59-23-21-19-18-48-24-25-58-0,589.4053421574156,seed706_explore_lns_start0_late_random_best_rm25_tw8
0-45-5-2-7-6-8-46-3-4-60-13-0,595.7613960030359,seed701_explore_lns_start31_late_best_rm15_tw15
0-42-39-36-44-38-43-68-55-70-60-0,599.4639227233513,seed702_explore_lns_start0_late_best_rm15_tw15
0-14-47-15-16-12-11-9-10-13-1-0,600.2780239891413,seed702_explore_lns_start0_mixed_random_best_rm10_tw6
0-45-5-2-7-8-46-3-4-60-53-0,600.6268443089662,seed705_explore_lns_start0_late_best_rm15_tw15
0-63-62-67-61-54-68-70-4-0,602.0122212509771,seed703_explore_lns_start25_late_regret_rm10_tw15
0-63-62-67-51-66-54-68-70-0,603.0396667196391,seed704_explore_lns_start32_late_random_best_rm20_tw6
0-59-23-21-18-49-22-20-24-48-58-0,604.3183233060873,seed705_explore_lns_start11_mixed_best_rm25_tw6
0-42-39-36-38-44-41-61-55-60-70-0,608.1185063554577,seed702_explore_lns_start0_late_random_best_rm20_tw8
0-63-62-67-41-37-35-43-1-0,608.2478475103189,seed701_explore_lns_start0_mixed_random_best_rm20_tw6
0-65-64-52-57-9-10-13-17-58-0,608.5159441188911,seed705_explore_lns_start54_late_regret_rm20_tw8
0-42-39-36-40-44-61-54-68-55-70-0,609.5914208512445,seed601_lns_start0_mixed_random_best_rm8_tw15_guarded
0-42-39-36-44-38-54-68-55-70-1-0,609.7461363379914,seed702_explore_lns_start0_mixed_best_rm25_tw12
0-59-23-21-18-19-49-24-48-25-58-0,612.9011882140112,seed703_explore_lns_start0_late_best_rm25_tw6
0-65-52-69-61-41-68-55-70-0,613.7947693582004,seed701_explore_lns_start12_late_best_rm25_tw10
0-59-23-21-18-19-49-20-24-48-58-0,613.805914365837,seed603_lns_start0_late_best_rm8_tw10
0-42-39-36-38-40-44-61-54-68-70-0,616.1289354135372,seed708_explore_lns_start0_mixed_best_rm15_tw10
0-45-5-2-7-6-8-46-3-1-4-13-0,616.2346554673627,seed608_lns_start33_random_best_rm8_tw6
0-42-39-36-44-41-61-68-55-70-1-0,616.6235122759947,seed704_explore_lns_start0_mixed_regret_rm10_tw8
0-59-23-21-18-19-20-24-48-25-58-0,617.4431960528241,seed701_explore_lns_start40_random_best_rm25_tw6
0-65-69-11-52-57-22-48-58-0,620.0118999337242,seed708_explore_lns_start15_late_random_best_rm20_tw8
0-14-47-15-12-11-9-10-53-55-1-0,620.5507381808633,seed701_explore_lns_start34_mixed_best_rm25_tw15
0-42-39-36-38-44-40-37-54-68-1-0,620.6659623396166,seed705_explore_lns_start0_late_random_best_rm20_tw15
0-45-5-2-7-8-46-3-1-4-53-0,620.8570892329722,seed708_explore_lns_start0_late_best_rm20_tw10
0-42-39-36-38-44-61-68-55-70-1-0,623.8614009624623,seed601_lns_start0_late_best_rm6_tw8
0-65-69-52-57-22-64-56-66-0,624.3200789746113,seed701_explore_lns_start21_late_best_rm20_tw10
0-14-47-12-11-15-16-10-53-60-1-0,624.5532525832066,seed707_explore_lns_start39_late_random_best_rm25_tw8
0-45-5-2-7-8-46-3-1-60-53-0,628.1027620121141,seed704_explore_lns_start0_late_best_rm10_tw15
0-42-39-36-38-44-41-61-68-55-60-0,628.2512959338193,seed702_explore_lns_start0_late_random_best_rm25_tw8
0-14-47-12-11-16-9-10-53-60-1-0,628.6336024087643,seed707_explore_lns_start39_mixed_regret_rm20_tw15
0-63-62-67-50-54-61-70-0,632.0590839449171,seed707_explore_lns_start37_late_best_rm15_tw12
0-5-45-2-8-6-46-3-1-4-60-13-0,638.722094615858,seed708_explore_lns_start18_late_best_rm15_tw10
0-42-39-36-38-44-61-54-68-70-60-0,641.6789459615048,seed603_lns_start0_late_regret_rm6_tw12
0-59-23-21-18-19-49-20-22-24-48-0,642.8450304897169,seed701_explore_lns_start1_late_regret_rm15_tw8
0-14-47-15-16-12-9-10-53-55-1-0,647.588634765583,seed701_explore_lns_start30_late_random_best_rm20_tw8
0-14-47-15-16-12-9-10-53-55-4-0,647.6243574401412,seed701_explore_lns_start35_late_regret_rm15_tw15
0-14-47-12-11-15-16-9-10-53-55-0,648.4268167999787,seed701_explore_lns_start31_late_best_rm15_tw15
0-42-39-36-44-38-43-68-55-70-1-0,649.1707146695614,seed701_explore_lns_start0_late_best_rm20_tw6
0-45-5-2-7-6-8-46-1-60-53-0,651.0722210011339,seed701_explore_lns_start0_late_regret_rm25_tw10
0-63-62-67-41-37-35-43-55-0,651.7984910200221,seed705_explore_lns_start0_late_random_best_rm15_tw6
0-45-5-2-7-6-8-46-3-1-70-13-0,652.7410706832131,seed708_explore_lns_start38_late_random_best_rm20_tw12
0-63-62-67-41-37-35-43-60-0,657.2841456386531,seed703_explore_lns_start0_late_random_best_rm15_tw15
0-42-39-36-38-44-40-37-35-43-46-0,658.7730680700836,seed707_explore_lns_start12_late_regret_rm15_tw10
0-42-39-36-40-44-61-68-55-70-1-0,659.5217385276104,seed601_lns_start0_late_best_rm6_tw8_guarded
0-63-62-67-41-40-37-35-43-0,661.253505262814,seed601_lns_start0_random_random_best_rm5_tw12
0-33-28-27-29-31-30-34-32-26-0,663.2762917080394,seed701_explore_lns_start19_random_best_rm25_tw12
0-14-47-12-11-15-16-9-10-53-17-0,665.9097174482418,seed703_explore_lns_start44_random_random_best_rm25_tw6
0-14-47-12-11-15-16-9-53-55-60-0,665.9570006958405,seed703_explore_lns_start15_late_random_best_rm20_tw15
0-42-39-36-44-61-55-6-4-70-0,667.6429337756957,seed703_explore_lns_start0_late_best_rm10_tw12
0-63-62-67-41-37-35-43-4-0,667.711868150931,seed701_explore_lns_start0_late_regret_rm20_tw12
0-42-39-36-38-44-41-61-54-66-0,669.7422916292485,seed702_explore_lns_start6_late_best_rm20_tw10
0-65-69-64-57-52-53-55-60-0,671.2797154439739,seed704_explore_lns_start6_late_best_rm15_tw12
0-14-47-12-11-15-16-9-53-60-17-0,673.8688936099484,seed703_explore_lns_start19_late_best_rm25_tw8
0-63-62-67-61-41-54-68-70-0,681.0015957617964,seed703_explore_lns_start67_random_best_rm25_tw10
0-42-39-36-44-61-54-68-55-70-60-0,681.1258986524318,seed706_explore_lns_start0_late_regret_rm10_tw8
0-63-62-67-41-40-37-35-54-0,685.3183408448829,seed701_explore_lns_start0_mixed_random_best_rm15_tw12
0-63-62-67-51-50-54-68-70-0,687.575111548259,seed701_explore_lns_start20_late_regret_rm20_tw8
0-63-62-67-41-38-37-35-43-70-0,690.9535195739402,seed605_lns_start0_late_regret_rm6_tw12_guarded
0-42-39-36-38-44-61-54-68-70-1-0,691.3857379077151,seed602_lns_start0_late_regret_rm6_tw15
0-42-36-44-40-38-41-68-55-6-0,691.4709274905206,seed702_explore_lns_start0_random_regret_rm15_tw12
0-42-39-36-44-38-37-61-68-55-0,693.7314527654537,seed703_explore_lns_start0_random_random_best_rm20_tw15
0-42-39-36-38-44-61-6-4-70-0,704.4110938150809,seed705_explore_lns_start0_mixed_best_rm25_tw15
0-45-5-2-7-8-46-3-4-60-17-13-0,704.5040388694451,seed701_explore_lns_start20_late_best_rm15_tw8
0-42-39-36-38-40-44-61-68-55-60-0,705.0671829126136,seed701_explore_lns_start0_mixed_random_best_rm20_tw6
0-59-23-21-18-19-49-20-24-25-66-0,707.0741784432513,seed705_explore_lns_start12_late_random_best_rm25_tw15
0-65-69-52-57-22-64-66-68-70-0,710.7237911290665,seed707_explore_lns_start40_late_random_best_rm25_tw8
0-63-62-67-41-40-37-35-68-0,710.7518126351317,seed705_explore_lns_start0_mixed_random_best_rm15_tw10
0-65-69-52-57-22-51-66-54-0,713.62480812802,seed707_explore_lns_start0_late_best_rm15_tw8
0-65-69-52-57-64-56-66-68-55-0,715.3229749445613,seed701_explore_lns_start2_late_random_best_rm15_tw8
0-42-39-36-38-44-61-68-6-70-0,716.7340667531402,seed604_lns_start0_late_random_best_rm5_tw6
0-39-42-44-38-61-54-68-55-70-1-0,717.1216109146883,seed701_explore_lns_start0_mixed_random_best_rm25_tw8
0-59-23-21-18-22-20-48-25-57-0,718.7339797742782,seed706_explore_lns_start12_late_best_rm20_tw12
0-65-69-52-57-64-66-68-55-60-0,720.1380545853251,seed701_explore_lns_start7_late_random_best_rm15_tw12
0-39-42-44-38-41-61-68-55-6-0,720.4850163182793,seed707_explore_lns_start0_random_best_rm20_tw6
0-65-69-52-53-66-56-68-55-70-0,720.5348248958447,seed705_explore_lns_start8_late_regret_rm20_tw15
0-63-62-67-41-37-35-43-70-68-0,722.2111457102437,seed702_explore_lns_start3_late_best_rm15_tw10
0-45-5-2-7-6-8-46-3-1-55-17-0,724.7274488286135,seed702_explore_lns_start33_mixed_random_best_rm25_tw8
0-45-5-2-7-8-6-46-3-60-53-0,728.9547629080311,seed704_explore_lns_start0_late_random_best_rm10_tw15
0-65-69-52-57-64-56-66-55-60-0,729.2604564762788,seed707_explore_lns_start3_late_random_best_rm20_tw8
0-45-5-2-7-6-8-46-3-1-60-66-0,730.2586407481972,seed707_explore_lns_start9_late_regret_rm15_tw6
0-65-69-64-57-52-10-17-66-0,732.2073637669193,seed706_explore_lns_start34_late_random_best_rm20_tw12
0-42-39-36-38-44-41-68-55-53-70-0,732.2913275774987,seed705_explore_lns_start0_late_regret_rm15_tw8
0-14-47-15-16-12-9-10-53-55-70-1-0,733.2680986255369,seed702_explore_lns_start37_late_random_best_rm25_tw12
0-42-39-36-38-44-61-55-6-70-0,733.9283775216616,seed604_lns_start0_random_random_best_rm4_tw12
0-14-47-12-11-15-16-9-53-60-1-0,735.6248145983077,seed707_explore_lns_start16_late_regret_rm25_tw6
0-63-62-67-40-35-43-70-55-0,736.3503023995247,seed705_explore_lns_start0_mixed_random_best_rm25_tw12
0-5-45-2-7-8-3-1-4-60-53-0,736.3818503297075,seed701_explore_lns_start0_mixed_random_best_rm10_tw10
0-5-45-2-7-8-46-1-4-60-53-0,736.3818503297075,seed704_explore_lns_start0_late_random_best_rm15_tw8
0-63-62-67-61-43-40-35-0,737.0414047488489,seed702_explore_lns_start7_late_random_best_rm15_tw12
0-65-69-52-57-22-64-66-58-0,737.1835451929471,seed702_explore_lns_start16_late_regret_rm25_tw6
0-65-69-52-57-22-51-56-66-70-0,738.3629516669295,seed707_explore_lns_start0_mixed_best_rm10_tw12
0-42-39-36-38-44-61-54-68-55-60-0,738.8469819941854,seed703_explore_lns_start0_late_random_best_rm10_tw8
0-5-45-2-7-6-8-1-4-60-53-0,739.7908168450092,seed705_explore_lns_start0_mixed_random_best_rm25_tw8
0-59-23-21-18-19-49-20-48-25-66-0,740.3501938274143,seed705_explore_lns_start8_late_random_best_rm20_tw12
0-63-62-67-51-49-22-68-70-0,740.4835960086099,seed705_explore_lns_start38_late_random_best_rm20_tw6
0-45-5-2-7-8-46-3-1-4-60-53-0,741.5702677388746,seed601_lns_start0_random_regret_rm4_tw10
0-42-39-36-44-61-68-55-6-70-0,745.0624287634969,seed601_lns_start0_random_random_best_rm6_tw10
0-63-62-67-41-37-35-43-70-55-0,750.3532813339748,seed605_lns_start0_random_regret_rm8_tw10
0-65-69-52-57-22-64-56-66-70-0,752.2968623763777,seed702_explore_lns_start37_late_best_rm15_tw12
0-63-62-67-40-37-35-43-68-0,752.6091346743715,seed702_explore_lns_start0_late_random_best_rm20_tw8
0-63-62-67-41-37-35-43-70-60-0,754.5895441552367,seed708_explore_lns_start2_late_regret_rm15_tw12
0-42-39-36-44-38-37-61-68-55-70-0,755.2248746850935,seed703_explore_lns_start0_late_random_best_rm20_tw8
0-65-69-64-57-52-53-60-55-70-0,757.5668405285828,seed708_explore_lns_start1_late_best_rm25_tw15
0-5-45-2-7-8-46-3-55-53-60-0,758.4638222040081,seed704_explore_lns_start0_late_best_rm20_tw10
0-42-39-36-44-38-43-61-68-55-70-0,759.0184056312847,seed701_explore_lns_start0_late_regret_rm15_tw8
0-63-62-67-40-37-35-43-54-0,761.553574732106,seed702_explore_lns_start0_late_random_best_rm25_tw6
0-42-39-36-38-44-41-61-54-68-55-0,764.8881445051128,seed701_explore_lns_start0_late_best_rm15_tw15
0-42-39-36-44-38-37-43-61-68-70-0,765.7969697878264,seed707_explore_lns_start0_late_best_rm15_tw6
0-39-42-44-38-40-61-55-6-70-0,765.806802502979,seed701_explore_lns_start0_mixed_best_rm15_tw8
0-39-42-44-36-38-40-61-68-70-60-0,766.1840879168889,seed705_explore_lns_start0_late_random_best_rm15_tw6
0-42-39-36-38-44-61-68-55-70-66-0,766.6486927401515,seed704_explore_lns_start0_mixed_random_best_rm10_tw8
0-45-5-2-7-8-46-3-4-60-53-70-0,766.8345088234971,seed604_lns_start0_late_best_rm6_tw12
0-45-5-2-7-6-8-46-3-4-55-13-0,767.4549725784445,seed708_explore_lns_start19_mixed_random_best_rm25_tw15
0-59-23-21-18-19-49-48-25-57-0,769.1848294427166,seed705_explore_lns_start8_mixed_random_best_rm25_tw12
0-63-62-67-41-40-37-35-1-0,769.253505262814,seed701_explore_lns_start0_late_regret_rm15_tw8
0-42-39-36-38-44-40-37-35-43-6-0,769.811153923293,seed706_explore_lns_start8_late_regret_rm15_tw8
0-45-5-2-7-8-46-3-1-4-70-53-0,770.516674013883,seed608_lns_start0_random_regret_rm8_tw8
0-42-39-36-38-44-61-6-1-70-0,770.9573835114946,seed701_explore_lns_start0_late_regret_rm10_tw10
0-45-5-2-7-6-8-46-3-4-60-53-0,773.4641414365012,seed601_lns_start0_mixed_random_best_rm8_tw15_guarded
0-63-62-67-51-22-20-58-60-0,774.8317072397683,seed706_explore_lns_start11_random_best_rm20_tw10
0-39-42-44-36-38-41-68-55-6-70-0,775.257876122877,seed605_lns_start0_random_random_best_rm6_tw12
0-45-5-2-7-6-8-46-3-4-17-13-0,777.5878949400786,seed701_explore_lns_start33_late_random_best_rm25_tw10
0-65-69-11-52-57-22-56-66-0,778.7775305274754,seed708_explore_lns_start27_late_regret_rm20_tw6
0-5-45-2-8-6-46-3-4-60-17-13-0,779.3586111798942,seed702_explore_lns_start16_late_regret_rm25_tw6
0-63-62-67-41-40-43-35-68-0,780.0915600520392,seed703_explore_lns_start0_late_random_best_rm20_tw8
0-63-62-67-40-37-35-43-1-0,780.6046838841055,seed707_explore_lns_start0_random_regret_rm10_tw10
0-45-5-2-7-6-8-46-3-1-4-53-0,782.1166356203632,seed601_lns_start0_late_random_best_rm3_tw8_guarded
0-59-23-21-18-19-49-20-24-25-17-0,782.4986774746556,seed708_explore_lns_start15_late_random_best_rm20_tw8
0-63-62-67-38-40-37-35-43-0,782.7904908314438,seed701_explore_lns_start0_late_random_best_rm15_tw6
0-42-39-36-40-44-41-54-68-66-56-0,784.1140277248974,seed703_explore_lns_start5_late_best_rm15_tw15
0-59-23-21-18-19-49-20-24-48-25-58-0,784.9811580608125,seed601_lns_start0_late_random_best_rm3_tw8
0-42-39-36-38-44-40-41-55-6-0,787.3387041085565,seed704_explore_lns_start0_late_regret_rm20_tw10
0-42-39-36-38-44-61-68-55-6-0,789.4046491942245,seed601_lns_start0_random_random_best_rm8_tw12
0-63-62-67-50-54-61-68-70-0,790.235320509739,seed701_explore_lns_start20_late_random_best_rm15_tw15
0-59-23-21-18-49-20-24-48-25-57-0,790.3754083349247,seed702_explore_lns_start12_late_best_rm15_tw10
0-59-23-21-18-49-22-20-24-48-25-58-0,790.4965451467228,seed701_explore_lns_start2_late_best_rm20_tw12
0-14-47-12-11-15-16-9-10-53-1-0,790.8559707547422,seed702_explore_lns_start16_late_regret_rm25_tw6
0-39-42-44-38-41-61-68-55-6-70-0,792.2807783270054,seed706_explore_lns_start0_random_regret_rm10_tw12
0-65-69-52-53-66-56-68-70-4-0,792.924762456186,seed707_explore_lns_start9_late_random_best_rm15_tw12
0-14-47-15-16-12-9-10-53-60-55-68-0,793.5407416895,seed701_explore_lns_start17_late_random_best_rm20_tw10
0-63-62-67-41-40-37-35-55-0,793.8963652219509,seed701_explore_lns_start0_late_best_rm10_tw12
0-45-5-2-7-6-8-46-3-1-70-41-0,794.4541959263286,seed708_explore_lns_start12_late_best_rm20_tw15
0-42-39-36-38-44-61-54-55-70-60-0,795.6789459615048,seed707_explore_lns_start0_late_random_best_rm10_tw15
0-65-69-52-57-22-49-51-56-66-0,796.0557547761258,seed701_explore_lns_start40_random_best_rm25_tw6
0-42-39-36-40-44-61-54-68-55-60-0,799.8009511956194,seed605_lns_start0_late_regret_rm6_tw12_guarded
0-63-62-67-41-40-37-35-43-70-0,799.8962693943453,seed601_lns_start0_late_regret_rm8_tw12
0-65-69-61-67-50-54-68-55-70-0,801.1832820311427,seed702_explore_lns_start8_random_random_best_rm20_tw10
0-39-42-44-38-40-61-68-55-6-0,801.9688190878768,seed702_explore_lns_start0_late_best_rm25_tw10
0-63-62-67-41-38-37-35-54-70-0,803.6890665424627,seed704_explore_lns_start0_late_random_best_rm25_tw15
0-42-39-36-40-44-61-54-56-66-0,807.4803633209721,seed702_explore_lns_start3_late_regret_rm20_tw15
0-45-5-2-7-6-8-46-3-4-70-53-0,807.5402543708238,seed701_explore_lns_start0_mixed_random_best_rm20_tw6
0-63-62-67-61-41-35-43-70-0,810.1944080426188,seed704_explore_guarded
0-14-47-12-11-15-16-9-53-55-1-0,810.5757251652349,seed704_explore_lns_start25_late_random_best_rm20_tw6
0-63-62-67-61-54-68-55-70-1-0,814.7169263657829,seed708_explore_lns_start25_late_regret_rm25_tw12
0-5-45-2-8-6-46-3-1-4-60-53-0,816.4248400493236,seed703_explore_lns_start33_late_best_rm25_tw6
0-39-42-44-36-38-41-61-68-55-1-0,818.6022219202841,seed705_explore_lns_start0_late_best_rm15_tw8
0-69-67-62-50-56-66-55-60-0,821.5766593400319,seed705_explore_lns_start54_late_regret_rm20_tw8
0-42-39-36-38-44-61-68-55-70-56-0,821.8672144265389,seed704_explore_lns_start0_late_regret_rm10_tw15
0-42-39-44-36-40-37-61-68-55-70-0,822.1261014639267,seed701_explore_lns_start0_mixed_random_best_rm20_tw6
0-65-69-61-41-56-66-68-55-70-0,822.905922867749,seed702_explore_lns_start12_random_best_rm20_tw12
0-39-42-44-36-40-38-41-61-68-55-0,823.0542555895811,seed708_explore_lns_start0_mixed_best_rm25_tw8
0-63-62-67-51-56-68-61-70-0,823.2712269375003,seed701_explore_lns_start20_late_best_rm15_tw8
0-63-62-67-41-37-35-43-70-4-0,824.4047741421429,seed703_explore_lns_start0_late_best_rm25_tw15
0-45-5-2-7-6-8-46-3-1-60-53-0,824.4908457423476,seed601_lns_start0_random_best_rm5_tw12
0-59-23-21-18-19-49-24-57-66-0,825.8796798279704,seed703_explore_lns_start10_late_best_rm15_tw6
0-63-62-67-41-40-37-35-4-0,828.0866168348356,seed704_explore_lns_start0_random_random_best_rm10_tw15
0-14-47-12-15-16-9-10-13-17-53-60-0,828.9554411005793,seed707_explore_lns_start13_late_random_best_rm25_tw15
0-63-62-67-40-37-35-43-60-0,829.6409820124397,seed701_explore_lns_start0_late_best_rm15_tw6
0-42-39-36-38-41-44-43-61-68-55-0,830.4673507155514,seed707_explore_lns_start0_mixed_random_best_rm25_tw10
0-63-62-67-61-54-68-4-1-0,831.7647804301445,seed703_explore_lns_start13_late_best_rm10_tw8
0-42-39-36-40-44-61-6-1-70-0,831.9113527129288,seed708_explore_lns_start0_late_regret_rm15_tw6
0-65-69-52-57-22-20-64-56-66-0,832.5478135334041,seed706_explore_lns_start16_late_best_rm25_tw12
0-65-69-11-52-57-22-56-68-0,833.6830827657274,seed704_explore_lns_start14_late_regret_rm20_tw8
0-63-62-67-61-54-68-55-70-4-0,834.8253644064789,seed707_explore_lns_start13_late_random_best_rm25_tw15
0-63-62-67-41-40-35-43-1-0,835.4250033932346,seed703_explore_lns_start0_late_random_best_rm20_tw8
0-45-5-2-7-6-8-46-3-1-17-13-0,835.7427723916035,seed703_explore_lns_start34_mixed_best_rm25_tw6
0-45-5-2-7-6-8-46-3-1-61-70-0,838.9274702873884,seed701_explore_lns_start8_late_random_best_rm25_tw6
0-63-62-67-40-37-35-43-4-0,840.0687045247175,seed701_explore_lns_start0_late_regret_rm15_tw8
0-45-5-2-7-6-8-46-4-55-53-60-0,841.4222756365155,seed707_explore_lns_start0_late_best_rm15_tw6
0-5-45-7-6-8-46-3-1-4-60-53-0,841.5491869537119,seed703_explore_lns_start0_random_random_best_rm10_tw15
0-42-39-36-38-40-44-61-54-68-55-0,841.7040314839071,seed704_explore_lns_start0_late_random_best_rm25_tw15
0-63-62-67-38-37-35-43-70-55-0,845.557739731771,seed703_explore_lns_start5_late_best_rm15_tw15
0-42-39-36-44-61-55-68-70-4-1-0,846.5156192719398,seed704_explore_lns_start0_late_random_best_rm10_tw15
0-14-47-12-11-15-16-9-13-17-60-46-0,849.3264212904419,seed701_explore_lns_start1_late_regret_rm20_tw15
0-59-23-21-18-49-22-20-24-25-57-0,849.8792151599911,seed701_explore_lns_start10_late_random_best_rm10_tw12
0-42-39-36-38-44-61-68-55-60-10-0,851.6726620577609,seed702_explore_lns_start0_mixed_regret_rm25_tw12
0-42-39-36-38-44-61-68-55-70-3-0,853.3728337892773,seed703_explore_lns_start0_mixed_best_rm15_tw10
0-65-69-52-16-53-55-68-70-54-0,857.3825955634752,seed706_explore_lns_start8_late_best_rm20_tw12
0-65-69-52-53-61-68-55-70-1-0,858.8794704290983,seed705_explore_lns_start12_late_random_best_rm25_tw15
0-59-23-21-18-19-49-20-24-25-57-0,859.3668062197407,seed701_explore_lns_start11_late_regret_rm15_tw8
0-65-69-52-57-64-56-66-68-70-60-0,862.2142172042205,seed708_explore_lns_start5_late_best_rm15_tw8
0-63-62-67-51-50-61-70-0,862.7914426780262,seed704_explore_lns_start34_late_regret_rm25_tw12
0-42-39-36-44-61-68-55-4-3-0,867.2417341912108,seed701_explore_lns_start0_late_regret_rm25_tw10
0-65-69-64-51-22-57-66-56-70-0,867.2543914682918,seed708_explore_lns_start0_mixed_best_rm25_tw12
0-63-62-67-61-54-68-70-10-0,867.3906145009261,seed703_explore_lns_start15_late_random_best_rm20_tw6
0-63-62-67-64-51-22-58-0,869.7472445389371,seed701_explore_lns_start8_random_random_best_rm25_tw15
0-14-47-15-16-12-11-10-53-55-60-13-0,870.0184483043963,seed701_explore_lns_start19_random_best_rm25_tw12
0-42-39-36-38-44-61-68-55-6-70-0,870.3042111649683,seed601_lns_start0_random_regret_rm4_tw10
0-14-47-15-16-12-9-10-53-55-60-17-0,870.4775818473726,seed701_explore_lns_start19_late_regret_rm10_tw15
0-65-63-62-67-50-54-61-68-70-0,870.7022334264789,seed703_explore_lns_start14_late_best_rm25_tw15
0-42-39-36-38-44-61-68-55-53-70-0,871.6878924890927,seed707_explore_lns_start0_late_regret_rm25_tw10
0-14-47-12-15-16-9-10-13-17-55-1-0,874.343176304792,seed704_explore_lns_start34_late_best_rm15_tw8
0-65-69-11-52-57-22-66-58-0,874.3619925892966,seed708_explore_lns_start14_random_regret_rm20_tw12
0-45-5-2-7-8-46-3-1-4-55-53-0,874.9898093023234,seed604_lns_start0_late_random_best_rm5_tw6
0-42-39-36-38-40-44-61-6-70-0,876.1452031218092,seed705_explore_lns_start0_late_best_rm20_tw8
0-65-69-52-57-22-51-56-66-68-0,877.9646826822438,seed702_explore_lns_start17_late_random_best_rm20_tw12
0-42-39-36-38-44-61-68-6-4-0,878.6445558120936,seed704_explore_lns_start0_late_regret_rm20_tw6
0-63-62-67-51-56-54-61-70-0,879.5079610342724,seed703_explore_lns_start14_random_regret_rm20_tw10
0-42-39-36-40-44-61-54-68-70-66-0,882.4801830686956,seed708_explore_lns_start7_late_random_best_rm20_tw10
0-59-23-21-18-49-22-20-48-25-57-0,883.1552305441542,seed704_explore_lns_start9_late_best_rm15_tw15
0-42-39-36-38-44-61-54-68-55-1-0,883.4657064635799,seed605_lns_start0_late_regret_rm6_tw12
0-42-39-36-38-41-61-68-55-60-6-0,884.1838107224876,seed707_explore_lns_start0_random_random_best_rm20_tw15
0-59-23-21-18-22-20-57-25-58-0,884.3073767564777,seed705_explore_lns_start10_late_random_best_rm15_tw8
0-59-23-21-18-49-22-24-48-25-57-0,886.7085452228039,seed701_explore_lns_start10_late_regret_rm15_tw15
0-63-62-67-41-37-36-35-43-0,887.7526656723304,seed701_explore_lns_start0_mixed_best_rm25_tw6
0-42-39-36-38-44-61-54-68-70-56-0,889.3915513717917,seed706_explore_lns_start0_late_regret_rm15_tw6
0-59-23-21-18-49-22-20-24-48-57-0,891.1274716887015,seed702_explore_lns_start9_late_best_rm15_tw15
0-65-69-52-57-22-64-56-66-68-0,891.8985933916921,seed701_explore_lns_start20_random_random_best_rm20_tw6
0-39-42-44-36-38-40-43-68-55-53-0,892.176215346081,seed707_explore_lns_start0_late_random_best_rm15_tw10
0-59-23-21-18-19-49-20-48-25-57-0,892.6428216039037,seed701_explore_lns_start11_mixed_random_best_rm20_tw10
0-42-39-36-38-44-61-54-70-6-0,893.4202247750378,seed705_explore_lns_start0_random_best_rm20_tw6
0-42-39-36-44-61-54-56-66-60-0,893.7872034133527,seed703_explore_lns_start5_late_best_rm20_tw15
0-63-62-67-51-22-20-24-58-60-0,895.8475812728079,seed705_explore_lns_start8_mixed_random_best_rm25_tw12
0-42-39-36-38-40-44-61-54-50-0,896.15464707194,seed706_explore_lns_start7_late_best_rm25_tw12
0-42-39-36-38-44-41-61-54-68-66-0,896.9365157568859,seed706_explore_lns_start5_late_random_best_rm15_tw10
0-42-39-36-44-38-54-68-55-70-6-0,899.0874812118124,seed704_explore_lns_start0_mixed_random_best_rm20_tw12
0-14-47-12-11-15-16-9-13-17-53-60-0,899.976456152428,seed702_explore_lns_start31_late_random_best_rm25_tw6
0-14-47-15-16-12-9-10-13-53-60-55-0,900.383454164119,seed702_explore_lns_start38_late_best_rm15_tw12
0-59-23-21-18-19-49-20-24-48-57-0,900.615062748451,seed701_explore_lns_start11_late_regret_rm10_tw8
0-42-39-36-38-44-61-68-1-3-70-0,900.7409981327869,seed704_explore_lns_start0_late_random_best_rm10_tw8
0-39-42-44-38-40-61-68-55-6-70-0,902.1826361462857,seed701_explore_lns_start0_mixed_best_rm25_tw6
0-42-39-36-38-44-40-41-68-55-53-0,904.2242457072662,seed701_explore_lns_start0_late_best_rm25_tw15
0-42-39-36-38-44-61-68-6-1-0,904.4176442469675,seed703_explore_lns_start0_late_regret_rm10_tw12
0-42-39-36-44-61-54-56-66-55-0,906.4774285692215,seed704_explore_lns_start2_mixed_best_rm25_tw12
0-65-69-64-57-52-9-10-60-55-0,906.9953970771551,seed704_explore_lns_start62_random_best_rm25_tw15
0-45-5-2-7-6-8-46-4-3-1-61-0,907.7523303791684,seed702_explore_lns_start31_late_random_best_rm25_tw6
0-63-62-67-51-19-24-58-60-0,908.0743896722165,seed707_explore_lns_start12_mixed_best_rm15_tw6
0-65-69-64-22-57-52-53-60-0,912.1281465015153,seed707_explore_lns_start2_mixed_random_best_rm20_tw8
0-14-47-15-16-12-11-9-10-13-52-0,912.5463188570244,seed703_explore_lns_start0_random_regret_rm20_tw6
0-63-62-67-41-40-37-35-54-70-0,912.6318163628678,seed701_explore_lns_start0_late_random_best_rm10_tw8
0-59-23-21-18-49-22-20-24-57-58-0,917.0642694945755,seed708_explore_lns_start12_late_random_best_rm15_tw10
0-63-62-67-44-43-40-37-35-0,918.303210556806,seed707_explore_lns_start0_random_random_best_rm20_tw15
0-42-39-36-40-44-61-68-55-6-70-0,918.6113645482594,seed701_explore_lns_start0_random_random_best_rm20_tw8
0-65-69-52-57-22-49-64-56-66-0,919.1266397194298,seed706_explore_lns_start25_late_best_rm25_tw6
0-63-64-62-67-54-61-68-70-0,919.4410549243266,seed708_explore_lns_start27_late_regret_rm20_tw6
0-63-62-67-38-40-37-35-43-70-0,919.6254627529732,seed701_explore_lns_start2_late_regret_rm15_tw12
0-65-52-69-61-41-54-68-70-55-0,921.0357958850964,seed703_explore_lns_start10_late_best_rm15_tw6
0-65-69-64-51-22-57-25-48-66-0,921.4379847993492,seed705_explore_lns_start0_random_best_rm25_tw10
0-63-62-67-37-35-40-43-70-68-0,921.541009192113,seed708_explore_lns_start6_late_random_best_rm15_tw10
0-63-62-67-41-38-37-35-43-68-0,922.1024745410174,seed708_explore_lns_start0_late_regret_rm15_tw6
0-14-47-15-16-12-9-10-53-60-55-1-0,924.085290194567,seed701_explore_lns_start33_late_random_best_rm25_tw10
0-63-62-67-41-40-37-35-70-55-0,924.2755939724333,seed706_explore_lns_start0_late_best_rm10_tw6
0-65-69-52-57-22-64-56-66-60-0,924.6640847702029,seed603_lns_start0_late_regret_rm8_tw15_guarded
0-65-52-69-61-41-54-68-70-60-0,925.2720587063582,seed705_explore_lns_start12_late_regret_rm10_tw10
0-42-39-36-44-38-43-54-68-70-6-0,925.5001863784379,seed704_explore_lns_start0_mixed_random_best_rm15_tw15
0-59-23-21-18-19-49-20-24-57-58-0,926.5518605543252,seed701_explore_lns_start11_late_regret_rm10_tw10
0-42-39-36-38-44-61-68-66-56-70-0,926.8914560979529,seed703_explore_lns_start5_late_random_best_rm15_tw8
0-59-23-21-18-19-49-24-48-25-57-0,928.6571065894009,seed701_explore_lns_start11_late_regret_rm15_tw10
0-63-62-67-64-51-22-24-58-0,930.0419937063472,seed703_explore_lns_start12_late_regret_rm15_tw6
0-45-5-2-7-8-46-3-4-60-53-55-0,930.8726529922134,seed604_lns_start0_late_regret_rm8_tw10
0-63-62-67-41-38-37-35-43-54-0,931.0469145987519,seed601_lns_start0_random_random_best_rm5_tw12_guarded
0-59-23-21-18-19-20-24-48-25-57-0,933.1991144282138,seed707_explore_lns_start11_late_random_best_rm15_tw10
0-65-69-52-53-55-68-61-54-70-0,934.2541978455224,seed708_explore_lns_start12_late_best_rm15_tw6
0-65-69-11-52-57-22-56-58-0,935.4536045227946,seed701_explore_lns_start33_late_random_best_rm25_tw10
0-65-69-52-57-22-64-56-66-55-0,937.3543099260717,seed702_explore_lns_start31_late_random_best_rm25_tw6
0-59-23-21-18-19-49-20-24-25-48-66-0,938.3798696226555,seed701_explore_lns_start12_late_best_rm25_tw10
0-45-5-2-7-8-46-3-4-60-53-17-0,948.3555536404767,seed702_explore_lns_start0_mixed_random_best_rm10_tw6
0-63-62-67-41-38-37-35-43-1-0,950.0980237507515,seed601_lns_start0_mixed_random_best_rm8_tw15_guarded
0-42-39-36-38-40-44-61-68-70-46-0,950.9386549361936,seed703_explore_lns_start0_mixed_best_rm10_tw10
0-14-47-12-11-15-16-9-52-13-17-0,952.6479537177157,seed702_explore_lns_start0_mixed_regret_rm25_tw12
0-59-23-21-18-19-49-20-24-25-48-56-0,954.5983186270607,seed701_explore_lns_start11_late_best_rm25_tw12
0-63-62-51-67-54-61-68-70-0,954.6525923820586,seed701_explore_lns_start23_random_regret_rm20_tw12
0-14-47-12-11-15-16-9-53-60-55-68-0,956.5278320891518,seed608_lns_start33_random_best_rm8_tw6
0-65-69-52-57-22-64-56-66-54-0,957.2550159536208,seed601_lns_start0_random_best_rm8_tw10
0-65-69-52-57-55-68-61-54-70-0,959.5676019055686,seed704_explore_lns_start11_late_best_rm20_tw10
0-63-62-67-61-54-68-70-4-1-0,959.7264241365688,seed702_explore_lns_start38_late_best_rm15_tw12
0-42-39-36-38-44-61-68-55-60-6-0,960.1222499556011,seed701_explore_lns_start0_late_best_rm15_tw6
0-63-62-67-50-61-68-70-60-0,961.0501346603969,seed702_explore_lns_start33_late_random_best_rm20_tw6
0-63-62-67-41-37-35-43-6-0,961.763384146008,seed703_explore_lns_start0_random_best_rm20_tw10
0-65-69-64-57-52-53-60-55-68-0,961.8505468372855,seed701_explore_lns_start3_mixed_regret_rm10_tw8
0-59-23-21-18-49-22-20-24-57-66-0,962.3920887682208,seed703_explore_lns_start12_late_best_rm15_tw6
0-42-39-36-38-40-44-61-68-6-0,966.1125470291418,seed605_lns_start0_random_regret_rm8_tw10
0-65-69-64-22-57-52-10-66-0,968.351076337331,seed704_explore_lns_start20_late_regret_rm25_tw6
0-45-5-2-7-8-46-3-1-55-53-60-0,968.8474882120337,seed705_explore_lns_start0_mixed_best_rm25_tw15
0-45-5-2-7-6-8-3-4-60-53-55-0,970.2646410101291,seed703_explore_lns_start0_mixed_best_rm10_tw10
0-42-39-36-44-41-61-54-68-55-70-60-0,970.9504816880051,seed701_explore_lns_start0_late_random_best_rm15_tw6
0-59-23-21-18-19-49-20-24-57-66-0,971.8796798279703,seed704_explore_lns_start12_late_regret_rm20_tw6
0-42-39-36-38-40-44-61-55-6-0,975.3710220583455,seed705_explore_lns_start0_late_best_rm20_tw6
0-65-69-52-57-22-58-13-10-17-0,976.8996636702375,seed704_explore_lns_start25_late_random_best_rm20_tw6
0-5-45-2-7-6-8-46-3-1-11-0,977.2501934327952,seed705_explore_lns_start33_late_best_rm10_tw15
0-14-47-15-16-12-9-10-13-53-60-1-0,977.8009523194153,seed703_explore_lns_start40_late_best_rm25_tw6
0-63-62-67-64-51-22-25-58-0,978.2229480185889,seed704_explore_lns_start9_late_best_rm10_tw8
0-42-39-36-38-44-61-54-68-70-6-0,980.7270827815363,seed601_lns_start0_late_regret_rm6_tw8
0-65-69-64-51-22-57-52-58-0,980.9069116531657,seed706_explore_lns_start0_late_regret_rm15_tw6
0-65-69-52-57-22-64-56-66-58-0,982.2997043827547,seed701_explore_lns_start14_random_random_best_rm20_tw8
0-45-5-2-7-8-6-46-3-4-55-53-0,982.88368299995,seed603_lns_start0_late_regret_rm6_tw12
0-59-23-21-18-49-20-24-57-25-58-0,985.7534543156976,seed708_explore_lns_start10_late_best_rm15_tw10
0-42-39-36-38-44-61-54-55-53-0,986.1566749088108,seed703_explore_lns_start4_mixed_random_best_rm25_tw12
0-42-36-44-38-41-61-68-55-70-6-0,987.1655121901456,seed707_explore_lns_start0_random_random_best_rm15_tw15
0-63-62-67-40-37-35-70-10-0,988.1400737530007,seed707_explore_lns_start0_mixed_random_best_rm25_tw10
0-59-23-21-18-19-49-48-57-66-0,988.6079481866718,seed705_explore_lns_start9_late_best_rm25_tw6
0-63-62-67-61-54-68-70-7-0,989.2688120162443,seed708_explore_lns_start18_late_best_rm15_tw10
0-33-28-30-31-29-27-26-32-34-50-0,989.8430917182,seed601_lns_start0_random_regret_rm4_tw10
0-65-69-52-57-22-51-64-66-0,990.142953565902,seed701_explore_lns_start0_late_regret_rm20_tw8
0-65-69-52-57-22-64-56-51-0,990.9656007315458,seed706_explore_lns_start0_late_regret_rm15_tw8
0-39-42-44-38-40-61-68-55-60-6-0,992.0006749369185,seed702_explore_lns_start0_late_random_best_rm25_tw12
0-14-47-12-11-15-16-9-53-17-1-0,992.4534843681142,seed703_explore_lns_start14_late_random_best_rm25_tw10
0-42-39-36-38-44-61-68-55-1-3-0,992.534794251299,seed704_explore_lns_start0_late_random_best_rm20_tw6
0-42-39-36-38-44-61-55-4-3-70-0,992.7267156307439,seed702_explore_lns_start0_late_regret_rm10_tw15
0-63-62-67-41-37-35-43-54-68-0,993.1792743768267,seed602_lns_start0_random_best_rm4_tw15
0-63-62-67-61-43-40-37-35-0,994.9778207905813,seed605_lns_start0_random_random_best_rm6_tw12
0-65-52-69-61-41-54-68-70-4-0,995.0872886932642,seed706_explore_lns_start8_late_best_rm15_tw6
0-63-62-67-61-54-68-70-60-17-0,996.252077217258,seed705_explore_lns_start14_mixed_regret_rm20_tw8
0-14-47-15-16-12-11-9-53-55-60-17-0,997.0790763252355,seed701_explore_lns_start14_random_random_best_rm20_tw8
0-63-62-67-41-37-36-35-43-70-0,997.9851462385626,seed702_explore_lns_start0_late_best_rm25_tw10
0-42-39-36-38-44-61-55-60-6-70-0,998.0682932918992,seed703_explore_lns_start0_random_best_rm25_tw8
0-42-39-36-38-44-41-61-68-55-53-0,999.3204212642632,seed706_explore_lns_start0_late_regret_rm20_tw8
0-63-62-67-41-40-35-43-70-60-0,1003.9246569288116,seed703_explore_lns_start0_random_random_best_rm20_tw15
0-63-62-67-39-40-37-35-43-0,1006.0392568674271,seed707_explore_lns_start0_random_random_best_rm15_tw15
0-69-52-57-22-64-56-66-13-0,1008.6040400675124,seed707_explore_lns_start21_late_random_best_rm25_tw8
0-65-52-69-61-41-68-55-70-60-0,1008.8121779582493,seed701_explore_lns_start11_late_regret_rm10_tw8
0-63-62-67-41-37-35-43-68-55-0,1010.3332831655023,seed705_explore_lns_start0_late_best_rm20_tw8
0-45-5-2-7-8-46-3-1-60-53-68-0,1011.2870307331972,seed703_explore_lns_start0_late_best_rm10_tw12
0-63-62-67-61-41-43-35-54-0,1012.150714576399,seed708_explore_lns_start0_late_random_best_rm25_tw12
0-42-39-36-38-44-61-68-55-7-70-0,1012.324007051349,seed701_explore_lns_start0_random_regret_rm20_tw6
0-42-39-36-38-44-61-68-60-6-70-0,1014.4441269352059,seed604_lns_start0_late_random_best_rm5_tw6
0-33-28-30-31-29-27-26-32-34-54-0,1016.8883926581082,seed702_explore_lns_start6_mixed_best_rm20_tw15
0-45-5-2-7-6-8-46-3-4-53-17-0,1017.8198821969718,seed705_explore_lns_start21_late_best_rm25_tw12
0-63-62-67-40-37-35-43-3-0,1018.8831556630948,seed701_explore_lns_start0_late_random_best_rm15_tw12
0-42-39-36-38-44-61-54-56-66-70-0,1019.7324607444191,seed707_explore_lns_start4_late_random_best_rm20_tw15
0-42-39-36-40-44-61-54-56-50-0,1021.2463414036612,seed704_explore_lns_start4_late_best_rm15_tw6
0-42-39-36-44-38-43-61-55-70-1-0,1022.5598051405213,seed705_explore_lns_start0_mixed_random_best_rm15_tw10
0-63-62-67-51-22-57-66-60-0,1023.1809355864937,seed704_explore_lns_start12_late_best_rm25_tw6
0-65-69-52-57-22-64-56-66-13-0,1023.2139461383921,seed702_explore_lns_start30_late_random_best_rm20_tw15
0-65-69-52-57-22-64-56-66-17-0,1023.470160106962,seed608_lns_start33_random_best_rm8_tw6
0-63-62-67-37-35-40-43-70-4-0,1023.7346376240121,seed705_explore_lns_start0_mixed_regret_rm25_tw6
0-59-23-21-18-19-49-20-24-48-25-17-0,1023.8689476911167,seed702_explore_lns_start22_late_best_rm20_tw8
0-42-39-36-38-44-41-61-68-55-6-0,1024.0927324949298,seed701_explore_lns_start0_late_random_best_rm15_tw10
0-14-47-12-11-15-16-9-13-53-60-1-0,1027.6109599754323,seed706_explore_lns_start22_late_random_best_rm25_tw15
0-42-39-36-38-44-61-68-54-56-66-0,1029.8564729164636,seed702_explore_lns_start2_late_random_best_rm15_tw10
0-65-69-64-51-22-57-66-56-54-0,1029.968289652102,seed702_explore_lns_start0_mixed_regret_rm25_tw12
0-42-39-36-40-44-61-54-55-3-0,1030.5678827119877,seed701_explore_lns_start2_late_best_rm20_tw15
0-63-62-67-41-40-37-35-43-68-0,1031.0452243614225,seed605_lns_start0_late_regret_rm8_tw15
0-65-69-64-52-57-22-25-58-17-0,1033.0101879741333,seed702_explore_lns_start30_late_best_rm25_tw12
0-42-39-36-44-61-55-6-4-70-68-0,1034.760329845829,seed702_explore_lns_start0_late_best_rm10_tw6
0-45-5-2-7-6-8-46-3-1-60-17-13-0,1034.9045382745962,seed701_explore_lns_start20_late_regret_rm20_tw8
0-42-39-36-38-44-41-54-61-68-55-60-0,1035.023027827779,seed704_explore_lns_start0_late_best_rm15_tw8
0-59-23-21-18-19-20-25-57-66-0,1038.6275461632151,seed708_explore_lns_start8_late_best_rm15_tw10
0-42-39-36-44-38-37-61-55-70-4-0,1039.545933904133,seed703_explore_lns_start0_late_random_best_rm20_tw8
0-63-62-67-41-40-37-35-43-54-0,1039.989664419157,seed603_lns_start0_mixed_regret_rm5_tw12
0-39-42-44-36-38-41-61-55-6-70-0,1041.24486237742,seed706_explore_lns_start0_random_random_best_rm20_tw6
0-42-39-36-44-41-61-68-54-56-66-0,1042.096436720268,seed701_explore_lns_start1_late_best_rm10_tw6
0-42-39-36-38-44-61-68-6-17-0,1042.1041577325072,seed702_explore_lns_start0_mixed_regret_rm15_tw10
0-33-28-30-31-29-27-26-32-34-56-0,1042.5296540013753,seed704_explore_lns_start33_late_random_best_rm25_tw15
0-42-39-36-38-44-61-54-55-70-56-0,1043.3915513717918,seed703_explore_lns_start0_late_regret_rm10_tw8
0-42-39-36-38-44-61-68-6-1-70-0,1044.1668543955807,seed604_lns_start0_late_best_rm6_tw8
0-45-5-2-7-6-8-46-3-1-55-41-0,1044.788188490902,seed706_explore_lns_start8_late_regret_rm20_tw12
0-59-23-21-18-49-20-48-24-57-66-0,1045.0619068986687,seed702_explore_lns_start12_late_regret_rm10_tw15
0-65-69-52-64-54-61-68-55-70-0,1048.8827084359477,seed704_explore_lns_start12_late_best_rm25_tw6
0-65-69-52-57-64-56-66-68-55-60-0,1049.8490399751604,seed703_explore_lns_start6_late_random_best_rm15_tw10
0-65-69-52-53-61-68-55-60-4-0,1049.8888512123137,seed708_explore_lns_start12_late_best_rm20_tw15
0-45-5-2-7-6-8-46-3-4-60-61-0,1053.9098390852882,seed704_explore_lns_start25_late_random_best_rm20_tw6
0-14-47-15-16-12-11-9-53-60-55-1-0,1056.2503054712022,seed701_explore_lns_start32_mixed_random_best_rm25_tw12
0-45-5-2-7-6-8-46-3-1-60-16-0,1056.4595227860314,seed701_explore_lns_start0_late_regret_rm20_tw15
0-42-39-36-38-44-61-68-55-6-1-0,1057.9877886587956,seed604_lns_start0_late_best_rm6_tw12
0-65-52-69-61-41-68-55-70-1-0,1058.5189699044595,seed701_explore_lns_start11_late_regret_rm15_tw10
0-65-64-52-57-22-51-56-66-54-0,1058.9954698235972,seed707_explore_lns_start0_mixed_random_best_rm15_tw8
0-63-62-67-41-40-37-35-43-1-0,1059.0407735711565,seed601_lns_start0_mixed_random_best_rm8_tw15
0-5-45-2-7-6-8-46-3-1-53-17-0,1062.3202165604741,seed706_explore_lns_start35_late_best_rm25_tw8
0-45-5-2-7-6-8-46-3-4-55-61-0,1064.3798400405685,seed706_explore_lns_start22_late_random_best_rm25_tw15
0-42-39-36-40-44-61-55-68-54-66-0,1065.3842200735758,seed705_explore_lns_start3_late_random_best_rm15_tw15
0-63-62-67-41-38-37-35-40-43-0,1070.0980237507515,seed604_lns_start0_random_random_best_rm5_tw12
0-63-62-67-41-40-37-35-54-68-0,1070.46294826225,seed701_explore_lns_start0_mixed_regret_rm15_tw10
0-63-62-67-61-41-37-35-43-70-0,1070.7068194289743,seed703_explore_lns_start6_late_random_best_rm15_tw10
0-63-62-67-41-61-68-70-10-0,1071.0275526318778,seed705_explore_lns_start40_late_random_best_rm25_tw6
0-42-39-36-38-40-44-61-68-55-3-0,1072.2403626629437,seed701_explore_lns_start0_late_random_best_rm25_tw12
0-65-69-64-22-57-52-13-17-58-0,1072.3079030683798,seed702_explore_lns_start27_late_random_best_rm25_tw12
0-42-39-36-38-40-44-61-55-6-70-0,1072.3285478391433,seed602_lns_start0_random_best_rm4_tw15
0-42-39-36-38-40-44-61-55-53-70-0,1073.712229163268,seed701_explore_lns_start0_late_regret_rm20_tw15
0-45-5-2-7-6-8-46-3-1-55-61-0,1074.120128856378,seed707_explore_lns_start9_late_random_best_rm15_tw12
0-42-39-36-44-61-54-66-56-50-0,1074.3946069503513,seed704_explore_lns_start2_random_best_rm15_tw12
0-65-69-52-57-64-56-66-10-58-0,1074.8476573401297,seed704_explore_lns_start29_late_random_best_rm25_tw10
0-65-69-52-22-64-56-66-55-4-0,1075.0701291658647,seed702_explore_lns_start0_random_best_rm10_tw8
0-45-5-2-7-8-46-3-4-60-53-58-0,1075.084494853098,seed708_explore_lns_start0_late_random_best_rm15_tw8
0-59-23-21-18-49-20-48-25-57-66-0,1078.1186170653882,seed702_explore_lns_start12_random_best_rm20_tw12
0-14-47-15-16-12-9-10-53-55-70-41-0,1078.3074413849897,seed708_explore_lns_start15_late_random_best_rm20_tw8
0-65-52-69-61-41-68-55-70-4-0,1078.6274079451555,seed701_explore_lns_start8_late_random_best_rm10_tw15
0-63-62-67-51-22-57-58-60-0,1080.3361430920143,seed701_explore_lns_start11_late_best_rm25_tw12
0-33-28-30-31-29-27-26-32-34-66-0,1082.8583200720943,seed707_explore_lns_start11_late_best_rm20_tw8
0-45-5-2-7-6-8-46-3-1-70-55-53-0,1084.3144046985312,seed702_explore_lns_start30_late_best_rm25_tw12
0-42-39-36-38-44-61-68-55-2-70-0,1085.612818706782,seed703_explore_lns_start0_random_random_best_rm15_tw15
0-42-39-36-44-61-68-66-56-50-0,1086.107526659351,seed704_explore_lns_start5_random_best_rm20_tw8
0-45-5-2-7-8-46-3-4-11-13-0,1086.1807510563171,seed704_explore_lns_start38_late_regret_rm25_tw10
0-42-39-36-38-44-41-61-68-55-70-3-0,1088.0609170899827,seed708_explore_lns_start0_mixed_random_best_rm25_tw8
0-42-39-36-44-61-54-68-55-6-70-0,1088.1717008391304,seed703_explore_lns_start0_mixed_random_best_rm15_tw6
0-42-39-36-44-40-43-61-68-55-1-0,1088.7951771835765,seed704_explore_lns_start0_late_random_best_rm25_tw15
0-42-39-36-40-44-61-68-54-56-66-0,1090.8104421178975,seed702_explore_lns_start6_mixed_random_best_rm15_tw15
0-63-62-67-41-37-35-43-70-6-0,1093.637680975268,seed702_explore_lns_start0_late_random_best_rm15_tw8
0-42-39-36-40-44-41-54-61-68-55-60-0,1095.976997029213,seed701_explore_guarded
0-65-69-52-57-22-64-66-56-50-0,1096.9202942129662,seed701_explore_lns_start23_random_regret_rm20_tw12
0-42-39-36-38-40-44-61-54-56-66-0,1097.5733802551626,seed701_explore_lns_start6_late_best_rm20_tw6
0-65-69-52-57-22-49-20-64-56-66-0,1100.0532877672201,seed706_explore_lns_start0_late_random_best_rm25_tw8
0-42-39-36-38-40-44-61-68-55-6-0,1100.9086194737242,seed707_explore_lns_start0_random_best_rm20_tw15
0-63-62-67-41-40-37-35-43-55-0,1102.5914170808596,seed604_lns_start0_mixed_regret_rm6_tw12
0-65-69-52-57-68-61-54-50-0,1102.7675077551319,seed706_explore_lns_start11_late_random_best_rm25_tw10
0-63-62-67-51-56-66-19-58-0,1103.7615417035538,seed705_explore_lns_start8_late_best_rm20_tw15
0-14-47-15-16-12-9-10-53-60-6-1-0,1104.927257559074,seed704_explore_lns_start38_late_regret_rm25_tw10
0-45-5-2-7-8-6-46-3-60-53-55-0,1105.951185177979,seed705_explore_lns_start0_late_random_best_rm20_tw15
0-42-39-36-38-44-61-54-68-55-3-0,1106.0201617445155,seed701_explore_lns_start0_late_best_rm15_tw10
0-63-62-67-41-40-37-35-43-60-0,1108.0770716994907,seed604_lns_start0_late_random_best_rm8_tw10
0-65-52-69-61-41-43-70-55-60-0,1108.4342450511488,seed706_explore_lns_start11_mixed_random_best_rm25_tw15
0-63-62-67-51-50-54-61-70-0,1109.2424263987193,seed608_lns_start33_random_best_rm8_tw6
0-65-14-47-16-15-12-11-9-13-53-60-0,1110.6304610061893,seed701_explore_lns_start70_late_random_best_rm25_tw6
0-59-23-21-18-19-49-48-24-57-66-0,1111.8939648134674,seed706_explore_lns_start9_late_random_best_rm20_tw10
0-63-62-67-61-41-35-43-55-0,1112.889555729133,seed704_explore_lns_start0_late_random_best_rm15_tw6
0-65-69-52-57-22-64-68-55-60-0,1114.3303893703448,seed702_explore_lns_start3_late_regret_rm20_tw15
0-63-62-67-61-41-37-35-40-0,1117.9150489138563,seed701_explore_lns_start0_late_best_rm20_tw6
0-63-62-67-41-40-37-35-43-4-0,1118.5047942117685,seed601_lns_start0_random_best_rm5_tw12
0-63-62-67-41-37-35-43-54-60-0,1119.1050984124993,seed706_explore_lns_start0_late_best_rm15_tw10
0-42-39-36-44-38-37-35-54-61-55-0,1119.5960143973498,seed704_explore_lns_start0_late_random_best_rm15_tw8
0-65-69-52-57-22-64-56-66-10-0,1120.3830289618413,seed702_explore_lns_start28_mixed_best_rm15_tw10
0-42-39-36-38-44-43-61-68-6-0,1120.529871079042,seed706_explore_lns_start0_late_best_rm10_tw6
0-63-62-67-41-40-37-35-6-0,1120.5462843455873,seed702_explore_lns_start0_random_best_rm15_tw10
0-65-69-52-57-22-64-56-66-55-70-0,1121.3638705638089,seed704_explore_lns_start0_late_regret_rm20_tw6
0-63-62-67-41-54-61-68-70-1-0,1121.8018604039303,seed704_explore_lns_start30_late_regret_rm20_tw8
0-42-39-36-38-44-61-54-56-51-0,1125.818731694615,seed704_explore_lns_start1_late_random_best_rm15_tw8
0-42-39-36-44-38-43-61-68-55-17-0,1128.400538318958,seed705_explore_lns_start0_late_regret_rm25_tw15
0-63-62-67-61-41-35-43-4-0,1128.802932860042,seed703_explore_lns_start0_late_best_rm15_tw6
0-65-69-52-57-53-68-61-70-4-0,1129.5627488677133,seed706_explore_lns_start8_late_regret_rm20_tw12
0-42-39-36-38-44-40-54-50-51-0,1130.2421031764613,seed703_explore_lns_start6_late_random_best_rm15_tw10
0-39-42-44-36-38-41-61-55-60-6-0,1131.0629011680523,seed707_explore_lns_start0_late_best_rm15_tw6
0-63-62-67-40-37-35-43-6-0,1134.1202205197947,seed701_explore_lns_start0_late_best_rm20_tw8
0-42-39-36-38-44-61-54-68-55-6-0,1134.688418555296,seed601_lns_start0_late_regret_rm8_tw12
0-42-39-36-38-44-61-54-55-70-6-0,1134.7270827815362,seed601_lns_start0_late_random_best_rm6_tw8
0-65-69-11-52-57-64-56-66-68-0,1134.8724422105197,seed702_explore_lns_start36_late_best_rm20_tw15
0-65-69-64-57-52-53-55-68-70-60-0,1136.2480464970806,seed701_explore_lns_start1_late_regret_rm15_tw8
0-63-62-51-50-67-54-68-55-70-0,1138.6338673087612,seed708_explore_lns_start68_mixed_best_rm20_tw12
0-63-62-67-51-54-61-70-4-0,1139.9486172049324,seed708_explore_lns_start34_late_random_best_rm10_tw12
0-63-62-67-51-49-19-24-58-60-0,1141.4119269002308,seed706_explore_lns_start12_late_best_rm20_tw12
0-63-62-67-61-54-68-70-22-0,1144.3660939949443,seed701_explore_lns_start13_late_random_best_rm25_tw6
0-42-39-36-44-41-61-54-68-55-6-0,1146.9283823591009,seed707_explore_lns_start0_late_random_best_rm25_tw12
0-65-69-11-52-57-22-64-66-0,1147.5357344004867,seed707_explore_lns_start24_late_regret_rm15_tw15
0-63-62-67-41-37-35-43-70-53-0,1147.5937928400776,seed701_explore_lns_start0_late_random_best_rm25_tw12
0-63-62-67-41-40-35-1-3-0,1151.703475172224,seed707_explore_lns_start0_late_best_rm15_tw6
0-42-39-36-38-44-61-55-68-54-50-0,1151.879302315807,seed706_explore_lns_start0_mixed_regret_rm25_tw8
0-42-39-36-38-44-61-54-68-70-57-0,1152.1392181220592,seed702_explore_lns_start0_random_best_rm10_tw8
0-63-62-67-41-38-37-35-43-70-55-0,1152.8585410321184,seed701_explore_lns_start1_late_best_rm15_tw10
0-63-62-67-41-38-37-35-43-70-60-0,1157.0948038533802,seed701_explore_lns_start2_late_random_best_rm15_tw8
0-42-39-36-38-44-61-66-56-51-0,1158.9706695110067,seed702_explore_lns_start7_late_random_best_rm25_tw15
0-63-62-67-37-35-43-1-3-70-0,1159.4647174597028,seed708_explore_lns_start0_mixed_best_rm25_tw8
0-63-62-67-38-40-37-35-43-54-0,1159.718857777785,seed703_explore_lns_start1_late_regret_rm10_tw15
0-42-39-36-38-44-61-68-55-70-1-3-0,1160.2252271340708,seed703_explore_lns_start0_late_best_rm10_tw6
0-59-23-21-18-19-49-48-25-57-66-0,1164.4003153198641,seed708_explore_lns_start12_late_best_rm15_tw6
0-63-62-67-64-66-57-22-58-0,1168.0048495382266,seed705_explore_lns_start11_late_best_rm20_tw10
0-42-39-36-38-44-61-54-66-51-0,1169.8974664877503,seed708_explore_lns_start3_late_best_rm25_tw10
0-65-69-61-38-41-54-68-55-52-0,1171.9235517420327,seed701_explore_lns_start11_mixed_random_best_rm20_tw10
0-59-23-21-18-19-49-20-24-25-48-51-0,1173.7191688535518,seed701_explore_lns_start33_late_random_best_rm25_tw10
0-42-39-36-40-44-61-54-56-51-0,1174.1258850779066,seed702_explore_lns_start3_late_best_rm15_tw8
0-42-39-36-44-38-43-61-68-70-6-0,1174.2769836576492,seed701_explore_lns_start0_late_best_rm10_tw12
0-42-39-36-44-61-55-68-70-1-66-0,1177.6223131516997,seed707_explore_lns_start0_random_best_rm15_tw12
0-63-62-67-41-38-35-43-6-0,1177.7610405778732,seed701_explore_lns_start0_mixed_random_best_rm20_tw6
0-42-39-36-44-61-54-68-55-66-56-0,1178.6095141955223,seed708_explore_lns_start6_late_random_best_rm15_tw6
0-45-5-2-7-8-46-6-1-60-53-68-0,1178.7334792244894,seed702_explore_lns_start0_late_regret_rm10_tw15
0-63-62-67-38-40-37-35-43-1-0,1178.7699669297845,seed706_explore_lns_start0_late_random_best_rm25_tw10
0-59-23-21-18-49-22-20-24-25-48-51-0,1179.234555939462,seed706_explore_lns_start12_late_random_best_rm20_tw15
0-42-39-36-38-44-61-68-55-53-58-0,1179.9378785186937,seed705_explore_lns_start0_late_regret_rm15_tw6
0-65-69-64-19-57-52-53-60-0,1180.9214248203791,seed708_explore_lns_start6_late_random_best_rm15_tw6
0-69-67-62-50-51-56-66-60-0,1181.3381564404008,seed706_explore_lns_start50_late_random_best_rm20_tw15
0-63-62-67-41-37-35-43-54-1-0,1183.6168785628793,seed702_explore_lns_start0_late_regret_rm20_tw6
0-63-62-67-50-54-61-68-70-55-0,1185.4768089520708,seed703_explore_lns_start19_late_best_rm25_tw8
0-65-69-52-57-22-20-51-56-66-54-0,1186.2461046527287,seed704_explore_lns_start0_mixed_best_rm25_tw10
0-63-62-67-61-43-35-37-54-70-0,1186.4612351471317,seed704_explore_lns_start0_late_regret_rm20_tw10
0-42-39-36-38-44-61-68-54-56-58-0,1186.5325469117831,seed705_explore_lns_start0_late_regret_rm10_tw8
0-63-62-67-41-37-35-43-9-0,1188.586843291076,seed701_explore_lns_start0_random_random_best_rm20_tw12
0-63-62-51-50-67-54-68-70-1-0,1190.9153668284066,seed706_explore_lns_start24_late_best_rm20_tw6
0-42-39-36-38-44-41-61-68-55-53-70-0,1192.1394336862259,seed701_explore_lns_start0_late_random_best_rm15_tw12
0-63-62-67-37-35-40-43-54-68-0,1192.509137858696,seed706_explore_lns_start0_random_random_best_rm20_tw6
0-63-62-67-41-38-37-35-43-46-0,1192.575474533231,seed706_explore_lns_start5_late_regret_rm20_tw15
0-63-62-67-41-37-35-43-70-50-0,1195.2285755567104,seed707_explore_lns_start3_late_random_best_rm20_tw8
0-42-39-36-38-44-61-68-55-6-17-0,1195.6743021443353,seed708_explore_lns_start0_late_regret_rm25_tw15
0-63-62-67-61-54-68-70-1-17-0,1198.1202436305387,seed701_explore_lns_start31_late_best_rm15_tw15
0-42-39-36-38-44-61-68-55-6-46-0,1198.6651842948168,seed704_explore_lns_start0_mixed_regret_rm15_tw6
0-65-52-69-61-41-68-55-70-66-0,1201.3062616821485,seed702_explore_lns_start8_late_random_best_rm15_tw10
0-65-69-52-53-61-68-55-70-41-0,1203.9188131885512,seed704_explore_lns_start12_late_random_best_rm20_tw10
0-45-5-2-7-6-8-46-3-10-13-17-0,1205.5764993873108,seed706_explore_lns_start20_late_regret_rm20_tw8
0-63-62-67-51-22-64-66-60-0,1206.0814194301865,seed701_explore_lns_start10_late_random_best_rm20_tw8
0-63-62-67-41-38-37-35-43-70-1-0,1206.8015957995904,seed703_explore_lns_start4_mixed_regret_rm25_tw6
0-63-62-67-61-43-40-37-35-70-0,1207.3744462666969,seed703_explore_lns_start0_late_regret_rm20_tw6
0-65-64-52-57-9-10-16-17-13-58-0,1208.7017431514712,seed706_explore_lns_start50_late_random_best_rm20_tw15
0-63-62-67-61-54-68-70-16-0,1209.1531470545242,seed701_explore_lns_start34_mixed_best_rm25_tw15
0-65-69-52-57-64-51-22-25-58-0,1210.6498535717762,seed706_explore_lns_start0_late_best_rm10_tw10
0-65-64-52-57-22-51-56-66-4-0,1211.5200691433606,seed703_explore_lns_start0_mixed_best_rm15_tw8
0-42-39-36-40-44-61-55-68-54-50-0,1212.833271517241,seed701_explore_lns_start2_late_regret_rm15_tw15
0-63-62-67-51-22-24-57-66-60-0,1215.7990797580537,seed704_explore_guarded
0-5-45-2-7-8-3-46-6-17-11-0,1218.1151421736665,seed702_explore_lns_start38_late_best_rm15_tw12
0-42-39-36-40-44-61-54-66-51-0,1218.2046198710418,seed706_explore_lns_start2_late_random_best_rm20_tw6
0-63-62-67-40-36-37-35-43-70-0,1218.8344279130774,seed705_explore_lns_start0_late_best_rm25_tw8
0-65-69-64-22-57-52-53-60-55-0,1219.7280743265906,seed707_explore_lns_start5_late_best_rm25_tw10
0-42-39-36-44-61-54-66-56-22-0,1220.578171281192,seed708_explore_lns_start5_mixed_best_rm25_tw6
0-63-62-67-61-54-68-55-70-7-0,1222.0819551717461,seed702_explore_lns_start16_late_regret_rm25_tw6
0-42-39-36-44-61-54-66-56-51-0,1227.2741506245968,seed702_explore_lns_start6_mixed_best_rm20_tw15
0-65-69-52-57-22-64-56-66-54-70-0,1227.4158890533408,seed706_explore_lns_start0_random_best_rm15_tw10
0-63-62-67-51-56-54-61-68-70-0,1228.382169849827,seed701_explore_lns_start35_late_regret_rm15_tw15
0-59-23-21-18-19-20-24-48-25-64-0,1229.060889873719,seed703_explore_lns_start33_late_best_rm25_tw6
0-63-62-67-41-37-36-35-43-68-0,1229.1341012056396,seed701_explore_lns_start0_mixed_best_rm15_tw8
0-63-62-67-41-38-37-35-40-43-70-0,1232.6188954274785,seed701_explore_lns_start3_mixed_regret_rm10_tw8
0-65-69-52-57-22-20-64-56-66-54-0,1234.3967719520326,seed708_explore_lns_start0_random_best_rm15_tw15
0-63-62-67-61-54-68-70-11-0,1238.637869646875,seed701_explore_lns_start23_late_best_rm20_tw15
0-63-62-67-64-51-19-48-25-58-0,1240.0853216353848,seed703_explore_lns_start12_late_best_rm15_tw6
0-59-23-21-18-19-49-20-24-48-56-66-0,1241.7063136181275,seed706_explore_lns_start0_late_best_rm10_tw10
0-63-62-67-64-66-54-61-68-70-0,1242.436140467641,seed701_explore_lns_start33_late_random_best_rm25_tw10
0-14-47-15-16-12-9-10-53-55-6-1-0,1243.9204691560415,seed701_explore_lns_start20_late_best_rm15_tw8
0-59-23-21-18-49-20-24-48-25-58-57-0,1244.0106414923068,seed701_explore_lns_start11_late_regret_rm10_tw12
0-63-62-67-41-40-37-35-43-66-0,1246.0003128522421,seed702_explore_lns_start0_random_regret_rm25_tw15
0-65-69-52-57-22-64-66-56-51-0,1249.7998378872117,seed601_lns_start0_late_random_best_rm3_tw8
0-65-69-52-57-53-55-68-61-70-60-0,1250.7703453839854,seed701_explore_guarded
0-42-39-36-38-44-61-68-55-70-16-0,1251.1107648067052,seed702_explore_lns_start0_random_regret_rm15_tw15
0-59-23-21-18-19-49-20-48-25-16-0,1253.121679709198,seed707_explore_lns_start11_late_random_best_rm20_tw15
0-63-62-67-51-22-56-54-68-70-0,1253.2988382417598,seed706_explore_lns_start34_late_random_best_rm20_tw12
0-45-5-2-7-6-8-46-3-1-60-53-55-0,1261.2731523973646,seed703_explore_lns_start12_late_regret_rm15_tw6
0-65-69-64-22-57-52-53-60-68-0,1261.5859387028597,seed702_explore_lns_start4_late_best_rm25_tw10
0-39-42-44-36-38-61-54-68-55-53-0,1261.6894215683278,seed701_explore_lns_start0_random_best_rm25_tw6
0-65-69-64-57-52-9-53-55-68-0,1265.2265300658573,seed703_explore_lns_start5_random_regret_rm20_tw8
0-59-23-21-18-19-49-20-24-48-25-9-0,1266.402313823141,seed701_explore_lns_start19_random_best_rm25_tw12
0-65-69-52-57-22-64-66-68-10-0,1269.018863321932,seed703_explore_lns_start14_random_regret_rm20_tw10
0-63-62-67-44-43-40-37-35-54-0,1269.595755627842,seed702_explore_lns_start0_late_best_rm25_tw12
0-63-62-67-41-40-61-68-55-0,1278.580404328384,seed704_explore_lns_start0_late_best_rm25_tw6
0-45-5-2-7-6-8-46-3-1-60-53-17-0,1278.7560530456278,seed705_explore_lns_start0_mixed_regret_rm25_tw6
0-63-62-67-51-66-68-61-70-55-0,1280.3406203429324,seed708_explore_lns_start28_late_random_best_rm25_tw12
0-14-47-15-16-12-9-10-13-17-53-60-55-0,1281.4540811839445,seed703_explore_lns_start19_late_best_rm20_tw15
0-63-62-67-64-22-20-56-66-58-0,1283.3946824791703,seed701_explore_lns_start11_late_regret_rm15_tw10
0-65-69-52-57-22-49-51-56-66-58-0,1284.8283061007028,seed703_explore_lns_start33_late_best_rm25_tw6
0-65-69-64-22-57-52-53-55-68-0,1285.0892832738757,seed703_explore_lns_start5_late_best_rm20_tw15
0-63-62-67-51-50-54-61-68-0,1289.7007110775062,seed702_explore_lns_start27_late_random_best_rm20_tw10
0-59-23-21-18-19-49-20-24-52-58-0,1290.1455968935109,seed705_explore_lns_start0_random_best_rm25_tw10
0-63-62-67-64-56-68-55-70-40-0,1292.4077065287934,seed707_explore_lns_start0_late_best_rm15_tw8
0-63-62-67-37-35-40-43-70-6-0,1292.9675444571371,seed701_explore_lns_start0_late_regret_rm20_tw8
0-65-69-52-57-22-51-64-66-68-0,1293.2041546002097,seed701_explore_lns_start0_mixed_random_best_rm15_tw12
0-65-69-52-57-61-68-55-70-41-0,1296.571619325911,seed707_explore_lns_start8_mixed_best_rm15_tw15
0-65-69-52-57-22-64-56-10-17-0,1297.5128349751767,seed704_explore_lns_start32_late_random_best_rm20_tw6
0-65-69-52-57-22-64-56-66-68-55-0,1297.6359193764663,seed704_explore_lns_start34_late_regret_rm25_tw12
0-65-69-52-57-56-66-68-61-70-55-0,1302.6726597319894,seed706_explore_lns_start12_random_random_best_rm25_tw8
0-65-69-52-57-22-64-66-10-58-0,1302.6743154570681,seed708_explore_lns_start35_mixed_best_rm20_tw8
0-59-23-21-18-19-49-20-24-48-11-0,1307.5171360507543,seed702_explore_lns_start30_late_best_rm25_tw12
0-63-62-67-41-37-35-43-12-0,1310.5769269402679,seed702_explore_lns_start0_mixed_best_rm25_tw12
0-42-39-36-44-38-43-61-55-70-6-0,1311.9011500143424,seed701_explore_lns_start0_mixed_random_best_rm15_tw12
0-65-69-52-57-22-64-66-68-55-60-0,1313.1583847093257,seed703_explore_lns_start1_late_best_rm25_tw8
0-65-69-52-57-64-66-68-55-70-41-0,1314.6216160135473,seed703_explore_lns_start8_late_best_rm20_tw10
0-42-39-36-38-44-61-54-50-51-0,1319.4253497913612,seed704_explore_lns_start3_late_regret_rm15_tw10
0-42-39-36-38-40-44-54-66-56-51-0,1320.1443741706605,seed702_explore_lns_start3_late_best_rm15_tw10
0-65-69-52-57-22-51-64-56-68-0,1325.6473516111882,seed708_explore_lns_start0_late_regret_rm10_tw15
0-65-69-52-57-22-51-64-66-60-0,1325.96964597872,seed604_lns_start0_late_random_best_rm8_tw6
0-65-52-69-61-41-68-55-60-1-0,1326.0808104725434,seed707_explore_lns_start8_late_best_rm20_tw15
0-33-28-30-31-29-27-26-32-34-51-0,1329.8300549240303,seed704_explore_lns_start4_late_best_rm15_tw6
0-63-62-51-67-54-61-68-4-0,1330.9817101776343,seed703_explore_lns_start31_late_best_rm10_tw8
0-42-39-36-38-40-44-61-68-55-53-60-0,1332.8971660718219,seed701_explore_guarded
0-63-62-51-50-67-54-68-70-17-0,1334.1393866267085,seed707_explore_lns_start39_late_random_best_rm25_tw8
0-65-69-52-57-22-51-64-66-25-0,1335.232466571194,seed701_explore_lns_start0_mixed_random_best_rm20_tw10
0-65-69-52-9-55-68-61-70-41-0,1340.5363173897272,seed705_explore_lns_start11_late_best_rm20_tw10
0-42-39-36-44-61-66-56-51-58-0,1342.2947684195271,seed701_explore_lns_start1_late_regret_rm15_tw8
0-65-69-52-57-22-64-56-66-68-54-0,1342.5215401300554,seed702_explore_lns_start0_mixed_random_best_rm10_tw15
0-63-62-67-64-51-22-58-60-0,1343.762019343405,seed708_explore_lns_start8_late_random_best_rm20_tw15
0-42-39-36-44-38-43-61-68-55-6-0,1345.0693725367707,seed701_explore_lns_start0_late_random_best_rm10_tw8
0-63-62-67-41-37-35-40-43-70-1-0,1345.3066284972742,seed706_explore_lns_start0_mixed_regret_rm25_tw8
0-63-62-67-64-51-22-24-56-70-0,1346.388966625414,seed703_explore_lns_start44_random_random_best_rm25_tw6
0-63-62-67-41-40-43-68-70-6-0,1346.9622045319563,seed704_explore_lns_start0_late_random_best_rm15_tw8
0-65-52-69-61-41-68-55-70-6-0,1347.8603147782808,seed703_explore_lns_start12_late_best_rm15_tw6
0-65-69-52-57-22-49-64-56-66-54-0,1348.3162800915397,seed708_explore_lns_start0_random_random_best_rm25_tw10
0-42-39-36-38-40-44-61-54-55-6-0,1349.3291564569595,seed705_explore_lns_start0_late_random_best_rm15_tw12
0-42-39-36-44-61-56-51-19-0,1349.5201786625164,seed704_explore_lns_start5_late_random_best_rm15_tw12
0-63-62-51-67-54-61-68-55-70-0,1350.0011097924096,seed703_explore_lns_start14_late_random_best_rm25_tw10
0-42-39-36-44-41-61-68-55-66-51-0,1350.378522982972,seed703_explore_lns_start4_late_random_best_rm15_tw8
0-45-5-2-7-6-8-46-3-1-11-13-0,1350.4409833412449,seed701_explore_lns_start19_late_regret_rm10_tw15
0-42-39-36-44-61-54-56-66-19-0,1351.049163964233,seed707_explore_lns_start3_mixed_regret_rm15_tw12
0-63-62-67-51-56-66-68-61-54-0,1351.5157089962397,seed702_explore_lns_start30_late_best_rm25_tw12
0-65-69-52-57-22-51-64-56-54-0,1353.660022714548,seed701_explore_lns_start0_mixed_regret_rm20_tw15
0-65-69-52-57-22-51-64-66-54-0,1358.5605771621383,seed602_lns_start0_late_regret_rm8_tw10
0-65-69-64-19-57-52-53-60-70-0,1359.4256683456354,seed703_explore_lns_start4_late_random_best_rm15_tw8
0-63-62-67-61-41-35-43-70-4-0,1361.3457113695172,seed705_explore_lns_start0_late_random_best_rm20_tw15
0-63-62-67-41-37-35-40-43-70-4-0,1365.4150665379702,seed703_explore_lns_start0_late_regret_rm10_tw6
0-65-52-69-61-41-54-68-70-50-0,1365.9110901078323,seed707_explore_lns_start11_late_best_rm20_tw8
0-63-62-67-41-37-35-43-70-22-0,1366.75864688611,seed706_explore_lns_start7_late_best_rm25_tw12
0-42-39-36-40-44-61-54-50-51-0,1367.7325031746525,seed701_explore_lns_start2_late_random_best_rm15_tw8
0-63-62-67-64-51-22-57-58-0,1368.9100197421621,seed705_explore_lns_start10_late_random_best_rm20_tw10
0-42-39-36-38-40-44-61-54-53-60-0,1368.957241911575,seed706_explore_lns_start5_late_best_rm20_tw12
0-69-64-51-22-57-52-10-17-0,1368.9980642420417,seed701_explore_lns_start70_late_random_best_rm25_tw6
0-42-39-36-38-44-61-54-66-56-50-0,1372.707086675243,seed701_explore_lns_start1_late_best_rm25_tw10
0-42-39-36-38-44-61-68-66-56-51-0,1373.332652697086,seed702_explore_lns_start5_late_best_rm15_tw10
0-42-39-36-38-44-61-68-55-6-10-0,1373.4043334152514,seed707_explore_lns_start0_mixed_random_best_rm20_tw12
0-63-62-67-64-56-51-22-24-58-0,1373.8382769520522,seed703_explore_lns_start8_late_regret_rm15_tw12
0-65-69-52-57-64-51-22-48-66-0,1375.549092951356,seed706_explore_lns_start0_late_best_rm20_tw15
0-63-62-67-37-35-40-43-1-3-0,1376.8664751670049,seed704_explore_lns_start0_late_regret_rm20_tw6
0-63-62-67-41-37-36-35-40-43-0,1377.1296504153738,seed701_explore_lns_start0_mixed_random_best_rm25_tw8
0-59-23-21-18-19-49-20-24-25-48-64-0,1378.1031409983873,seed702_explore_lns_start12_random_best_rm20_tw12
0-5-45-2-7-8-3-46-6-60-11-13-0,1378.9592683516341,seed708_explore_lns_start23_late_regret_rm10_tw12
0-63-62-67-38-37-35-40-43-70-60-0,1380.1100860922784,seed708_explore_lns_start6_late_regret_rm10_tw15
0-65-69-52-57-22-64-56-68-55-60-0,1380.556444513866,seed703_explore_lns_start7_late_best_rm20_tw10
0-42-39-36-38-44-61-68-55-6-46-70-0,1381.209149878754,seed701_explore_lns_start0_mixed_random_best_rm10_tw10
0-63-62-67-61-54-68-70-1-7-0,1381.9699036925088,seed703_explore_lns_start34_late_regret_rm20_tw12
0-63-62-67-37-35-40-43-54-1-0,1382.9467420447486,seed706_explore_lns_start0_late_regret_rm15_tw8
0-65-69-52-57-22-51-64-66-58-0,1383.605265591272,seed702_explore_lns_start28_late_regret_rm15_tw10
0-42-39-36-44-41-61-68-66-56-51-0,1385.5726165008903,seed707_explore_lns_start1_late_best_rm10_tw8
0-42-39-36-38-40-44-61-68-54-51-0,1389.6823785394377,seed707_explore_lns_start3_late_random_best_rm20_tw8
0-59-23-21-18-19-49-20-48-24-57-66-0,1389.9739346602685,seed702_explore_lns_start12_late_regret_rm10_tw10
0-65-64-52-53-69-68-41-4-0,1390.9326980010019,seed701_explore_lns_start8_late_random_best_rm25_tw6
0-63-62-67-61-43-40-35-37-54-0,1392.6902640879152,seed708_explore_lns_start0_late_best_rm15_tw6
0-42-39-36-38-44-61-68-55-70-46-3-0,1393.9935248697445,seed705_explore_lns_start0_mixed_random_best_rm25_tw8
0-65-69-52-57-22-64-56-51-58-0,1394.2277607462493,seed703_explore_lns_start0_mixed_random_best_rm15_tw12
0-14-47-12-11-15-16-9-10-53-55-61-0,1395.695488748712,seed706_explore_lns_start24_late_best_rm20_tw6
0-63-62-67-41-43-40-35-54-4-0,1396.3066483590287,seed703_explore_lns_start0_mixed_best_rm15_tw10
0-63-62-67-64-56-51-19-48-25-0,1396.391656993581,seed708_explore_lns_start12_late_random_best_rm15_tw10
0-65-69-52-57-64-56-66-53-60-55-0,1402.2623049769763,seed705_explore_lns_start2_late_best_rm20_tw15
0-33-28-30-31-29-27-26-32-34-10-0,1403.2900474687908,seed608_lns_start33_random_best_rm8_tw6
0-63-62-67-51-64-66-22-24-58-0,1406.751611001399,seed704_explore_lns_start9_late_random_best_rm15_tw15
0-63-62-67-41-37-35-43-70-51-0,1410.1540758130104,seed705_explore_lns_start0_late_best_rm20_tw6
0-33-28-31-29-27-26-30-32-34-50-56-0,1411.239095461064,seed701_explore_lns_start0_late_random_best_rm25_tw6
0-65-69-64-57-52-10-53-60-55-68-0,1411.2404461559815,seed708_explore_lns_start5_late_random_best_rm25_tw10
0-63-62-67-41-40-37-35-43-6-0,1412.5563102068456,seed601_lns_start0_late_best_rm6_tw10
0-33-28-27-29-31-34-30-32-26-22-0,1413.1037486582695,seed704_explore_lns_start29_late_random_best_rm25_tw10
0-63-64-62-50-67-54-61-68-70-0,1414.7323306971764,seed701_explore_lns_start40_random_best_rm25_tw6
0-33-28-31-29-27-26-30-32-34-50-54-0,1414.8661258706975,seed601_lns_start0_late_random_best_rm3_tw6
0-63-62-67-51-19-22-53-60-0,1415.2369649161976,seed703_explore_lns_start8_late_best_rm20_tw10
0-63-62-67-41-37-35-43-68-6-0,1415.8821765321854,seed701_explore_lns_start0_late_regret_rm20_tw15
0-42-39-36-44-61-66-56-51-50-0,1416.5496397427175,seed702_explore_lns_start6_mixed_best_rm15_tw10
0-63-62-67-38-40-37-35-43-3-0,1417.0484387087736,seed704_explore_lns_start0_late_best_rm25_tw10
0-65-69-11-52-57-22-66-68-13-0,1418.6589773523215,seed705_explore_lns_start39_late_best_rm20_tw12
0-63-62-51-67-54-61-68-70-4-0,1422.391047352751,seed701_explore_lns_start19_late_regret_rm10_tw15
0-63-62-67-51-19-64-66-60-0,1424.662040771539,seed703_explore_lns_start11_late_best_rm20_tw6
0-42-39-36-44-61-69-55-68-70-6-0,1427.7561209477587,seed704_explore_lns_start0_mixed_random_best_rm15_tw8
0-63-62-67-41-37-35-43-3-46-0,1430.2032945143333,seed701_explore_lns_start0_late_random_best_rm15_tw15
0-63-62-67-64-56-51-22-25-58-0,1436.7309602429991,seed701_explore_lns_start11_late_regret_rm10_tw8
0-63-62-67-61-39-37-35-43-70-0,1437.0200692229764,seed702_explore_lns_start0_random_regret_rm15_tw12
0-42-39-36-44-61-54-56-51-50-0,1437.6057507125895,seed707_explore_lns_start2_random_random_best_rm20_tw8
0-63-62-67-51-50-56-54-61-0,1437.9526283562498,seed707_explore_lns_start40_late_random_best_rm25_tw8
0-63-62-67-61-54-68-11-17-0,1441.4090895335942,seed702_explore_lns_start37_late_random_best_rm25_tw12
0-63-62-67-51-64-56-68-61-70-0,1442.1107972766713,seed708_explore_lns_start14_random_regret_rm20_tw12
0-63-62-67-37-36-35-40-43-54-0,1442.3981123494161,seed706_explore_lns_start0_random_regret_rm10_tw12
0-63-62-67-41-40-37-35-43-10-0,1444.061956791046,seed701_explore_lns_start0_random_regret_rm15_tw10
0-65-69-64-19-57-52-60-55-68-0,1447.050102705846,seed704_explore_lns_start2_late_random_best_rm20_tw6
0-65-69-52-22-51-64-56-66-4-0,1447.2914388295426,seed702_explore_lns_start0_late_random_best_rm25_tw6
0-65-69-64-22-57-52-10-53-68-0,1448.4463784342622,seed701_explore_lns_start1_late_regret_rm20_tw15
0-63-62-67-64-51-22-57-60-0,1448.7255727736133,seed703_explore_lns_start10_mixed_best_rm15_tw12
0-65-52-69-61-41-68-55-70-50-0,1449.451209359723,seed702_explore_lns_start8_late_best_rm20_tw10
0-63-62-67-61-41-37-35-70-46-0,1449.8159449911147,seed707_explore_lns_start0_late_random_best_rm15_tw10
0-33-28-31-29-27-26-30-32-34-50-66-0,1451.7008878322763,seed607_lns_start0_random_best_rm5_tw6
0-65-69-11-52-57-64-56-22-48-0,1454.9857949841057,seed708_explore_lns_start28_late_random_best_rm25_tw12
0-33-28-31-29-27-26-30-32-34-50-48-0,1455.2406097003147,seed703_explore_lns_start0_late_regret_rm20_tw6
0-39-42-44-36-38-61-68-55-6-66-0,1455.3078052386413,seed707_explore_lns_start0_mixed_best_rm25_tw15
0-65-69-52-57-22-64-56-66-55-1-0,1456.1921253775781,seed704_explore_lns_start23_random_random_best_rm25_tw10
0-63-62-67-41-40-37-35-43-61-0,1457.298054767664,seed702_explore_lns_start0_mixed_best_rm25_tw12
0-65-69-52-57-22-64-56-66-13-17-0,1459.5066422532846,seed702_explore_lns_start36_random_best_rm25_tw8
0-63-62-67-51-64-56-66-55-70-60-0,1461.3750251787678,seed706_explore_lns_start11_late_random_best_rm25_tw10
0-63-62-67-51-22-57-66-55-60-0,1463.3717707225721,seed701_explore_lns_start8_late_random_best_rm25_tw6
0-42-39-36-38-40-44-61-54-56-51-0,1464.2189020120973,seed701_explore_lns_start2_late_best_rm20_tw12
0-33-31-29-27-28-26-30-32-34-50-24-0,1464.2408142003862,seed608_lns_start0_mixed_random_best_rm8_tw8
0-63-62-67-64-51-22-24-58-60-0,1464.3094106543092,seed702_explore_lns_start9_late_best_rm15_tw8
0-63-62-67-51-64-66-22-25-58-0,1469.6442942923459,seed701_explore_lns_start12_late_regret_rm10_tw8
0-45-5-2-7-8-46-3-1-68-55-53-60-0,1471.332148033451,seed705_explore_lns_start0_late_regret_rm10_tw10
0-63-62-67-61-54-68-55-70-11-0,1471.4510128023767,seed703_explore_lns_start34_mixed_best_rm25_tw6
0-63-62-51-50-67-54-61-68-70-0,1471.984206725492,seed701_explore_lns_start14_random_random_best_rm20_tw8
0-63-62-67-41-38-37-35-40-43-54-0,1472.7122904522903,seed601_lns_start0_random_random_best_rm6_tw10
0-65-69-64-22-57-52-53-55-70-68-0,1474.1562767480248,seed706_explore_lns_start5_late_regret_rm20_tw15
0-63-62-67-51-22-20-64-66-58-0,1476.1653724430314,seed706_explore_lns_start8_late_regret_rm15_tw8
0-63-62-67-51-64-56-66-68-70-54-0,1477.482952191512,seed704_explore_lns_start25_late_random_best_rm20_tw6
0-63-62-67-41-40-37-35-61-68-0,1478.9771701551765,seed703_explore_lns_start0_late_random_best_rm15_tw12
0-65-69-52-57-64-66-56-51-19-0,1479.1903861986486,seed707_explore_lns_start0_late_random_best_rm20_tw12
0-63-62-67-61-43-40-37-35-1-0,1479.3668156116514,seed702_explore_lns_start0_late_best_rm15_tw6
0-63-62-67-40-37-35-43-12-0,1482.9337633140544,seed707_explore_lns_start0_late_best_rm25_tw12
0-63-62-67-41-37-35-43-54-6-0,1484.955432875,seed707_explore_lns_start0_late_best_rm25_tw12
0-63-62-67-64-56-51-22-48-58-0,1489.865775210751,seed701_explore_lns_start11_late_regret_rm15_tw8
0-33-31-29-27-28-26-30-32-34-54-68-0,1492.726785921978,seed707_explore_lns_start5_mixed_random_best_rm25_tw6
0-65-69-11-52-57-64-66-56-51-0,1492.7736867060394,seed701_explore_lns_start13_late_random_best_rm25_tw6
0-63-62-67-64-51-20-22-48-25-58-0,1493.8448123068274,seed703_explore_lns_start10_late_best_rm15_tw6
0-63-62-67-64-51-19-58-60-0,1494.5325431141562,seed706_explore_lns_start12_random_random_best_rm25_tw8
0-63-62-67-41-40-37-35-54-3-0,1494.6236671933411,seed702_explore_lns_start0_mixed_best_rm25_tw10
0-65-69-64-57-52-55-68-61-70-60-0,1494.7243873973493,seed705_explore_lns_start8_late_best_rm20_tw15
0-33-31-29-27-28-26-30-32-34-50-25-0,1495.7756328655403,seed701_explore_lns_start1_late_regret_rm15_tw8
0-65-69-52-57-22-66-68-55-53-60-0,1496.40449409166,seed708_explore_lns_start6_late_best_rm20_tw15
0-63-62-67-64-51-22-24-57-58-0,1497.5434868069137,seed705_explore_lns_start8_late_random_best_rm20_tw12
0-63-62-67-61-37-35-43-70-6-0,1497.6520898410558,seed701_explore_lns_start0_late_best_rm25_tw15
0-63-62-67-51-64-56-54-61-70-0,1498.3475313734432,seed705_explore_lns_start39_late_best_rm20_tw12
0-42-39-36-44-38-61-68-55-6-35-0,1498.4479981488919,seed704_explore_lns_start0_mixed_best_rm15_tw12
0-33-28-31-29-27-26-30-32-34-56-66-0,1500.7865550951997,seed702_explore_lns_start12_mixed_regret_rm10_tw6
0-63-62-67-41-40-37-35-43-53-0,1501.444230823245,seed703_explore_lns_start0_mixed_best_rm15_tw10
0-42-39-36-38-44-41-54-68-55-53-46-0,1501.938595629606,seed703_explore_lns_start0_late_regret_rm20_tw6
0-65-69-52-9-53-55-68-61-70-41-0,1502.3977570511213,seed704_explore_lns_start9_late_best_rm20_tw6
0-42-39-36-38-40-44-61-54-66-51-0,1508.2976368052325,seed701_explore_lns_start3_late_best_rm15_tw10
0-63-62-67-40-37-35-43-16-0,1509.2003387352788,seed708_explore_lns_start0_mixed_best_rm15_tw10
0-65-52-69-61-41-68-70-4-66-0,1511.751661592888,seed703_explore_lns_start12_late_regret_rm15_tw6
0-63-62-51-67-54-61-68-10-0,1512.9476645749241,seed703_explore_lns_start29_late_random_best_rm20_tw15
0-63-62-67-61-54-68-55-70-15-0,1513.378447307291,seed707_explore_lns_start39_mixed_regret_rm20_tw15
0-65-69-52-57-22-20-51-64-56-66-0,1513.6667987814926,seed602_lns_start0_random_best_rm5_tw8
0-65-69-52-53-68-61-41-70-4-0,1515.2785439430866,seed703_explore_lns_start8_late_regret_rm15_tw12
0-33-28-30-31-29-27-26-32-34-19-0,1515.7271096455418,seed701_explore_lns_start7_late_random_best_rm15_tw12
0-63-62-67-41-43-40-35-37-54-68-0,1515.857597917638,seed703_explore_lns_start0_random_regret_rm10_tw6
0-63-62-67-61-37-35-40-6-0,1516.856530418056,seed702_explore_lns_start0_late_best_rm20_tw12
0-65-69-11-52-57-22-64-66-55-0,1517.6182038907514,seed706_explore_lns_start35_late_best_rm25_tw8
0-63-62-67-51-64-66-22-48-58-0,1522.7791092600974,seed707_explore_lns_start12_late_regret_rm15_tw8
0-63-62-67-50-54-61-68-70-10-0,1524.9066950101878,seed705_explore_lns_start13_random_random_best_rm25_tw10
0-42-39-36-38-44-61-54-66-56-51-0,1525.5866303494884,seed701_explore_lns_start3_mixed_random_best_rm25_tw12
0-63-62-67-61-41-40-35-37-54-0,1525.7931526956734,seed702_explore_lns_start0_late_best_rm15_tw15
0-63-62-67-41-37-35-43-70-19-0,1528.088325282699,seed701_explore_lns_start6_late_best_rm20_tw6
0-14-47-15-16-11-12-53-17-13-59-58-0,1529.2493702749907,seed703_explore_lns_start67_random_best_rm25_tw10
0-63-62-67-61-54-68-70-60-11-0,1529.3018143579902,seed702_explore_lns_start26_late_random_best_rm20_tw10
0-63-62-67-41-40-37-35-43-7-0,1530.9346408944004,seed708_explore_lns_start0_mixed_regret_rm15_tw12
0-42-39-36-44-41-61-54-66-56-22-0,1531.1306148098884,seed701_explore_lns_start6_random_best_rm10_tw15
0-45-5-2-7-6-8-3-46-4-53-16-0,1531.392748821084,seed706_explore_lns_start0_late_best_rm20_tw15
0-65-69-52-64-56-54-61-68-55-70-0,1531.4775963572304,seed706_explore_lns_start12_late_best_rm20_tw12
0-65-69-64-22-57-52-16-17-58-0,1531.8591067749935,seed703_explore_lns_start28_mixed_best_rm20_tw12
0-63-62-67-64-56-51-19-25-58-0,1534.423562331349,seed702_explore_lns_start9_late_best_rm15_tw15
0-65-69-11-52-57-22-64-66-54-0,1537.5189099183003,seed701_explore_lns_start20_late_best_rm15_tw8
0-42-39-36-44-41-61-54-66-56-51-0,1537.8265941532932,seed702_explore_lns_start5_mixed_best_rm20_tw6
0-63-62-67-51-64-66-57-19-0,1537.9512940883606,seed704_explore_lns_start9_late_best_rm20_tw6
0-45-5-2-7-6-8-46-3-17-11-13-0,1539.104403701238,seed708_explore_lns_start25_late_regret_rm25_tw12
0-65-69-52-64-55-68-61-70-41-0,1539.639500670003,seed701_explore_lns_start11_late_best_rm25_tw12
0-65-69-52-53-61-54-68-70-55-66-0,1541.0898792466076,seed702_explore_lns_start10_late_random_best_rm15_tw6
0-63-62-67-51-64-66-54-61-70-0,1544.3639430521348,seed704_explore_lns_start14_late_regret_rm20_tw8
0-65-69-64-19-57-52-53-60-55-0,1545.3989358687486,seed701_explore_lns_start5_late_best_rm25_tw15
0-63-62-67-41-37-35-40-43-70-46-0,1546.093374713855,seed705_explore_lns_start0_late_regret_rm15_tw6
0-63-62-67-64-51-22-25-58-60-0,1550.0423455087969,seed702_explore_lns_start12_late_regret_rm10_tw10
0-42-39-36-40-44-61-54-56-66-22-0,1550.295067714886,seed703_explore_lns_start5_random_regret_rm20_tw8
0-33-28-30-31-29-27-26-34-50-10-0,1550.435848549688,seed707_explore_lns_start16_late_regret_rm25_tw6
0-63-62-67-61-37-35-40-43-4-0,1552.736569412546,seed708_explore_lns_start0_mixed_best_rm20_tw8
0-63-62-67-64-56-51-19-48-58-0,1553.4980600116205,seed703_explore_lns_start10_late_random_best_rm25_tw8
0-65-69-52-57-22-64-56-66-13-58-0,1558.5836482092895,seed704_explore_lns_start28_mixed_random_best_rm25_tw12
0-63-62-67-64-56-51-22-24-17-0,1559.1233441235902,seed703_explore_lns_start42_mixed_best_rm25_tw10
0-63-62-67-51-64-56-66-19-25-0,1561.4622745276847,seed702_explore_lns_start8_mixed_random_best_rm15_tw12
0-65-69-52-57-22-64-66-11-13-0,1567.3896306375536,seed701_explore_lns_start35_late_regret_rm15_tw15
0-63-62-67-41-40-37-35-61-55-0,1568.3015492017423,seed704_explore_lns_start0_mixed_random_best_rm15_tw15
0-42-39-36-44-61-55-68-66-56-51-0,1574.2909645563268,seed707_explore_lns_start2_mixed_random_best_rm20_tw8
0-33-28-27-29-31-34-30-32-26-61-0,1578.083184725093,seed708_explore_lns_start19_mixed_random_best_rm25_tw15
0-42-39-36-38-44-41-61-54-50-51-0,1581.0096331300488,seed706_explore_lns_start1_late_best_rm15_tw12
0-63-62-67-64-51-19-22-24-58-0,1581.6824462348638,seed702_explore_lns_start12_random_best_rm20_tw12
0-63-62-67-64-51-20-22-58-60-0,1583.9752897732558,seed702_explore_lns_start10_late_random_best_rm15_tw6
0-63-62-67-41-39-37-35-43-61-0,1584.9542767533121,seed701_explore_lns_start0_random_random_best_rm20_tw15
0-63-62-67-61-54-68-4-11-0,1586.0431316957424,seed708_explore_lns_start38_late_random_best_rm20_tw12
0-42-39-36-40-44-61-54-66-56-51-0,1586.5405995509225,seed701_explore_lns_start3_late_random_best_rm15_tw15
0-65-69-52-57-22-49-51-64-56-66-0,1587.2043118003328,seed703_explore_lns_start34_late_regret_rm20_tw12
0-65-69-64-19-57-52-53-60-68-0,1587.2568002450178,seed701_explore_lns_start1_late_best_rm15_tw10
0-42-39-36-38-44-61-68-54-50-51-0,1590.1086127701437,seed705_explore_lns_start2_late_best_rm20_tw15
0-42-39-36-40-44-61-54-56-51-25-0,1595.1069545528933,seed703_explore_lns_start4_mixed_regret_rm25_tw6
0-63-62-67-64-51-22-19-25-58-0,1596.3151603095075,seed702_explore_lns_start12_late_regret_rm10_tw15
0-65-69-52-57-22-20-51-64-56-54-0,1596.5850221231042,seed706_explore_lns_start0_random_best_rm15_tw6
0-65-69-52-57-22-20-51-64-66-54-0,1601.4855765706943,seed601_lns_start0_mixed_regret_rm8_tw10
0-39-42-44-36-38-41-61-68-55-53-56-0,1603.600350057983,seed701_explore_lns_start0_late_regret_rm15_tw8
0-63-62-67-37-35-40-43-70-12-0,1604.7333538412454,seed701_explore_lns_start0_mixed_best_rm20_tw12
0-63-62-67-51-22-64-56-66-54-0,1607.1562949025267,seed701_explore_guarded
0-65-69-52-57-22-64-56-66-55-58-0,1610.2282103446635,seed707_explore_lns_start31_late_best_rm25_tw6
0-33-31-29-27-28-26-30-32-34-50-58-0,1611.9207195970012,seed702_explore_lns_start8_mixed_random_best_rm15_tw12
0-42-39-36-44-61-54-68-66-56-51-0,1618.09634240923,seed702_explore_lns_start2_late_best_rm10_tw6
0-63-62-67-51-50-54-68-11-0,1619.536398783027,seed707_explore_lns_start17_late_random_best_rm20_tw10
0-63-62-67-41-43-40-35-37-57-0,1619.5848270395686,seed702_explore_lns_start0_late_random_best_rm25_tw6
0-65-69-52-57-64-66-56-51-22-24-0,1620.3644981821617,seed708_explore_lns_start0_mixed_random_best_rm10_tw6
0-65-69-64-22-57-52-53-60-55-68-0,1626.9695549398768,seed701_explore_lns_start1_late_best_rm25_tw10
0-65-69-52-57-22-64-66-56-51-48-0,1628.5295600179272,seed701_explore_lns_start0_late_best_rm20_tw12
0-42-39-36-38-40-44-61-68-55-53-56-0,1630.5238568384545,seed702_explore_lns_start0_late_random_best_rm15_tw12
0-14-47-15-16-12-11-9-13-59-58-53-0,1638.6330547301682,seed708_explore_lns_start68_mixed_best_rm20_tw12
0-42-39-36-44-61-66-56-51-19-0,1641.3659740230066,seed703_explore_lns_start5_mixed_random_best_rm15_tw8
0-65-69-52-57-53-55-68-61-70-41-0,1645.5164800896482,seed701_explore_lns_start10_late_random_best_rm20_tw8
0-65-69-11-52-57-64-56-66-61-0,1645.5216271784961,seed705_explore_lns_start38_late_random_best_rm20_tw6
0-65-69-52-57-22-64-66-56-51-25-0,1646.816030501439,seed701_explore_lns_start0_mixed_random_best_rm25_tw8
0-42-39-36-38-44-61-54-56-66-19-0,1649.3616436891243,seed705_explore_lns_start2_random_random_best_rm20_tw8
0-65-69-52-57-22-64-68-55-60-17-0,1650.4122975817236,seed707_explore_lns_start3_late_regret_rm20_tw10
0-63-62-67-51-64-66-19-25-58-0,1651.0502401330937,seed702_explore_lns_start9_late_regret_rm10_tw8
0-63-62-67-41-40-37-35-43-2-0,1653.1409067372692,seed703_explore_lns_start0_random_random_best_rm10_tw15
0-63-62-67-64-51-49-22-24-48-58-0,1660.5542904182023,seed708_explore_lns_start8_late_best_rm15_tw10
0-65-69-64-51-19-57-52-55-60-0,1660.9445513194835,seed704_explore_lns_start4_late_regret_rm25_tw12
0-42-39-36-44-41-61-54-56-66-19-0,1661.6016074929296,seed701_explore_lns_start2_late_regret_rm15_tw12
0-63-62-67-64-56-51-49-22-58-0,1662.0217295766793,seed707_explore_lns_start11_late_random_best_rm15_tw10
0-42-39-36-38-44-61-68-55-53-6-70-0,1662.425084021589,seed703_explore_lns_start0_mixed_random_best_rm10_tw6
0-14-47-12-11-15-16-9-53-55-61-1-0,1663.8814145199285,seed704_explore_lns_start32_late_random_best_rm20_tw6
0-33-28-27-29-31-30-26-32-34-56-60-0,1664.5167379911059,seed702_explore_lns_start28_late_regret_rm15_tw10
0-65-69-52-57-64-51-56-66-25-58-0,1668.3155885739357,seed704_explore_lns_start0_late_best_rm15_tw10
0-65-69-52-57-61-68-55-70-36-0,1674.3893015235594,seed704_explore_lns_start10_mixed_best_rm25_tw6
0-33-28-30-31-29-27-26-32-34-50-17-0,1674.4449227110363,seed704_explore_lns_start0_mixed_regret_rm10_tw10
0-63-62-67-64-56-51-20-19-58-0,1677.3008443593972,seed701_explore_lns_start10_late_regret_rm15_tw15
0-63-62-67-64-22-19-48-51-56-0,1680.7831040913775,seed708_explore_lns_start8_late_regret_rm15_tw12
0-63-62-67-61-41-37-35-43-6-0,1683.3668602414748,seed707_explore_lns_start0_late_random_best_rm20_tw12
0-65-69-52-57-22-64-56-66-68-53-0,1684.0185421777205,seed701_explore_lns_start2_late_best_rm20_tw15
0-63-62-67-37-35-40-43-54-6-0,1684.2852963568691,seed708_explore_lns_start0_random_random_best_rm20_tw12
0-63-62-67-64-51-19-48-58-60-0,1685.5003287755515,seed703_explore_lns_start8_late_regret_rm10_tw8
0-63-62-51-67-54-61-68-70-10-0,1687.7694406027001,seed703_explore_lns_start40_mixed_random_best_rm15_tw10
0-42-39-44-36-38-41-37-35-43-61-6-0,1691.5141811052151,seed707_explore_lns_start0_late_best_rm15_tw8
0-33-31-29-27-28-26-30-32-34-50-13-0,1696.1394225173653,seed704_explore_lns_start14_late_regret_rm20_tw8
0-65-69-52-57-22-64-56-66-9-13-0,1697.1280127605357,seed707_explore_lns_start39_late_random_best_rm25_tw8
0-63-62-67-41-37-35-40-43-70-8-0,1697.9812464458819,seed701_explore_lns_start0_random_best_rm25_tw6
0-63-62-67-64-22-19-48-51-66-0,1701.2730432373862,seed708_explore_lns_start10_late_best_rm15_tw10
0-65-69-52-53-61-68-55-70-54-50-0,1706.448316490662,seed705_explore_lns_start10_random_best_rm25_tw6
0-42-39-36-40-44-61-54-56-66-19-0,1710.3156128905591,seed703_explore_lns_start3_random_best_rm25_tw6
0-63-62-67-41-38-37-35-43-19-0,1712.897429562015,seed708_explore_lns_start1_late_best_rm25_tw15
0-33-28-31-29-27-26-30-32-34-50-51-0,1713.4533354288058,seed701_explore_lns_start6_late_best_rm20_tw6
0-63-33-30-28-27-29-31-34-32-26-50-0,1714.539380772083,seed704_explore_lns_start0_mixed_random_best_rm20_tw12
0-65-69-52-57-22-51-64-56-66-60-0,1715.9386189109136,seed603_lns_start0_late_regret_rm8_tw15
0-63-62-67-61-43-40-37-35-3-0,1717.6452873906405,seed701_explore_lns_start0_late_best_rm20_tw12
0-63-62-67-41-37-35-40-43-1-3-0,1718.546904080963,seed703_explore_lns_start0_late_random_best_rm15_tw15
0-65-69-52-57-22-64-56-66-54-41-0,1720.1322743396706,seed702_explore_lns_start33_late_random_best_rm20_tw6
0-63-62-67-61-43-40-37-35-46-0,1721.2711905265014,seed705_explore_lns_start0_late_regret_rm15_tw8
0-65-69-52-57-64-51-19-58-60-0,1726.9594486673432,seed701_explore_lns_start2_late_regret_rm15_tw15
0-65-69-52-57-22-51-64-56-66-55-0,1728.6288440667824,seed601_lns_start0_late_regret_rm6_tw8
0-69-52-57-22-51-64-56-66-54-0,1733.9196440234523,seed704_explore_lns_start0_mixed_random_best_rm20_tw12
0-65-69-52-57-22-64-66-13-17-58-0,1733.9408374524064,seed701_explore_lns_start17_late_random_best_rm20_tw10
0-42-39-36-38-44-61-54-56-51-50-0,1735.9182304374808,seed701_explore_lns_start5_mixed_random_best_rm25_tw12
0-63-62-67-41-43-40-35-37-54-4-0,1737.0921318627272,seed704_explore_lns_start0_late_regret_rm15_tw10
0-63-62-67-61-54-68-70-1-11-0,1737.8741016781046,seed707_explore_lns_start15_late_random_best_rm25_tw8
0-65-69-52-53-61-68-55-60-70-41-0,1739.700027788596,seed707_explore_lns_start8_late_best_rm15_tw8
0-45-5-2-7-8-46-3-1-4-60-53-52-0,1744.1031063572782,seed708_explore_lns_start0_mixed_best_rm25_tw12
0-65-69-52-57-19-64-66-68-55-60-0,1746.2821343034716,seed701_explore_lns_start2_late_best_rm20_tw12
0-65-69-52-57-22-51-64-56-66-54-0,1748.5295500943319,seed601_lns_start0_random_random_best_rm5_tw12
0-63-62-67-64-51-20-22-24-58-60-0,1750.5129519635082,seed708_explore_lns_start12_late_best_rm15_tw6
0-33-28-30-31-29-27-26-32-51-10-0,1755.6669747660997,seed708_explore_lns_start38_late_random_best_rm20_tw15
0-63-62-67-51-68-61-70-11-0,1758.5139720632344,seed704_explore_lns_start29_late_random_best_rm20_tw12
0-69-52-57-22-51-64-56-66-58-0,1758.964332452586,seed703_explore_lns_start14_late_best_rm25_tw15
0-65-69-52-57-22-51-64-66-6-0,1760.2829565489837,seed608_lns_start0_late_random_best_rm8_tw8
0-65-69-52-57-64-66-56-51-19-48-0,1761.0196295726596,seed701_explore_lns_start0_late_best_rm20_tw12
0-65-69-52-57-22-51-64-66-68-60-0,1762.2078556141523,seed703_explore_lns_start4_mixed_random_best_rm25_tw12
0-42-39-36-44-61-54-68-66-56-19-0,1763.6672399075348,seed704_explore_lns_start6_late_best_rm15_tw12
0-33-28-30-29-31-27-26-32-34-50-67-0,1766.049926807867,seed708_explore_lns_start12_random_best_rm25_tw15
0-39-42-44-36-38-41-37-54-61-68-6-0,1766.237958339987,seed705_explore_lns_start0_mixed_random_best_rm25_tw12
0-63-62-67-51-49-19-48-24-64-66-0,1770.498883618603,seed705_explore_lns_start10_late_random_best_rm15_tw8
0-65-69-52-57-64-66-56-51-22-58-0,1772.942990532276,seed701_explore_lns_start0_mixed_random_best_rm25_tw6
0-42-39-36-38-44-61-66-56-51-50-0,1774.0404377496245,seed702_explore_lns_start6_mixed_best_rm20_tw15
0-65-69-52-57-64-51-22-24-56-54-0,1776.1192437148998,seed607_lns_start0_random_best_rm5_tw6
0-63-62-67-51-54-61-70-11-0,1776.5742656008301,seed706_explore_lns_start36_late_best_rm15_tw12
0-63-62-67-41-54-61-68-70-11-0,1778.5359468405243,seed703_explore_lns_start24_late_best_rm25_tw15
0-65-69-52-64-22-57-53-60-55-70-0,1780.0962400258313,seed701_explore_lns_start4_mixed_random_best_rm15_tw6
0-63-62-67-51-64-66-57-22-58-0,1781.1706209030262,seed705_explore_lns_start10_late_regret_rm20_tw10
0-65-69-52-53-61-54-68-55-70-41-0,1787.162762919267,seed707_explore_lns_start12_late_regret_rm15_tw10
0-63-62-67-41-40-37-35-43-16-0,1787.6364284223298,seed706_explore_lns_start0_late_random_best_rm20_tw6
0-33-28-30-31-29-27-26-32-34-50-41-0,1794.7562673060665,seed707_explore_lns_start9_late_random_best_rm15_tw12
0-63-64-62-67-54-61-70-11-0,1796.2820625104814,seed702_explore_lns_start17_late_random_best_rm20_tw12
0-42-39-36-40-44-61-54-56-51-50-0,1796.8721996389156,seed701_explore_lns_start7_late_random_best_rm15_tw12
0-65-69-64-51-19-57-52-53-60-0,1800.8292317277396,seed705_explore_lns_start3_late_random_best_rm15_tw15
0-63-62-67-64-56-51-22-58-60-0,1802.270031567815,seed703_explore_lns_start12_mixed_random_best_rm20_tw6
0-42-39-36-38-40-44-61-68-70-3-53-0,1803.3988470080621,seed702_explore_lns_start0_late_regret_rm20_tw6
0-65-69-52-57-19-64-56-68-55-60-0,1813.6801941080118,seed701_explore_lns_start3_late_best_rm15_tw10
0-63-62-67-41-40-37-35-43-11-0,1815.9723748502456,seed708_explore_lns_start0_mixed_best_rm25_tw15
0-63-62-67-51-64-56-66-22-24-58-0,1817.039103291521,seed708_explore_lns_start12_late_best_rm20_tw15
0-33-28-30-31-29-27-26-32-34-56-10-0,1821.0975400908612,seed704_explore_lns_start13_late_best_rm20_tw6
0-33-28-27-29-31-34-30-32-26-11-0,1823.5782469521314,seed704_explore_lns_start24_late_best_rm20_tw12
0-42-39-36-38-44-61-54-66-51-50-0,1825.849287505088,seed703_explore_lns_start7_late_best_rm20_tw10
0-63-62-67-61-43-40-37-35-6-0,1830.6595946944249,seed701_explore_lns_start0_random_best_rm20_tw6
0-63-62-67-51-19-22-64-66-60-0,1831.21590459651,seed703_explore_lns_start10_late_random_best_rm10_tw8
0-65-69-52-53-61-68-55-60-70-40-0,1832.5888815077058,seed708_explore_lns_start11_late_random_best_rm20_tw8
0-63-62-67-51-64-56-66-22-19-0,1840.769838259967,seed701_explore_lns_start11_late_regret_rm10_tw12
0-65-69-52-53-61-68-55-70-4-41-0,1847.2804056402986,seed707_explore_lns_start9_late_regret_rm15_tw6
0-42-39-36-40-44-61-66-56-51-50-0,1847.6412227692012,seed707_explore_lns_start6_late_random_best_rm20_tw15
0-63-62-67-64-56-51-19-25-57-0,1850.1794807067388,seed705_explore_lns_start11_mixed_best_rm25_tw6
0-65-69-52-57-22-64-66-56-51-32-0,1850.3002405666034,seed707_explore_lns_start16_late_regret_rm25_tw6
0-63-62-67-64-51-20-22-25-58-60-0,1850.9576157967012,seed706_explore_lns_start9_late_random_best_rm20_tw10
0-65-69-52-57-66-54-61-68-55-1-0,1851.0867266619534,seed703_explore_lns_start42_mixed_best_rm25_tw10
0-63-62-67-51-56-54-61-11-0,1856.5744701232068,seed708_explore_lns_start22_late_best_rm15_tw6
0-42-39-36-40-44-61-54-68-55-6-3-0,1858.7528652619815,seed704_explore_lns_start0_late_random_best_rm15_tw8
0-63-64-67-62-50-51-19-60-0,1866.8563297910703,seed708_explore_lns_start9_late_random_best_rm20_tw12
0-33-28-30-31-29-27-26-32-34-50-53-0,1872.1373978753031,seed701_explore_lns_start0_late_best_rm20_tw12
0-42-39-36-38-44-41-61-54-66-56-51-0,1872.9343715846037,seed708_explore_lns_start6_late_random_best_rm15_tw10
0-39-42-44-36-38-61-68-55-53-70-8-0,1879.9281441812323,seed705_explore_lns_start0_mixed_best_rm20_tw6
0-63-62-67-51-64-56-66-22-25-58-0,1879.9317865824678,seed706_explore_lns_start11_mixed_random_best_rm25_tw15
0-63-62-51-67-54-61-68-11-0,1886.6138796168266,seed702_explore_lns_start37_late_best_rm15_tw12
0-42-39-36-40-44-61-54-66-51-50-0,1886.8032567065227,seed706_explore_lns_start7_mixed_best_rm25_tw15
0-63-62-67-51-22-57-64-66-60-0,1887.8554088649607,seed702_explore_lns_start8_late_best_rm20_tw10
0-63-62-67-51-19-22-64-66-58-0,1888.8515242090616,seed707_explore_lns_start8_late_best_rm15_tw8
0-42-39-36-44-41-61-66-56-51-22-0,1891.6568751277491,seed706_explore_lns_start6_late_random_best_rm20_tw12
0-63-62-67-51-19-22-64-56-60-0,1894.4200503614352,seed702_explore_lns_start12_late_regret_rm15_tw12
0-63-62-67-50-54-61-68-70-11-0,1896.1539501561365,seed701_explore_lns_start14_late_best_rm20_tw12
0-33-28-27-29-31-34-30-32-26-54-41-0,1897.3818818305278,seed704_explore_lns_start34_late_regret_rm25_tw12
0-63-62-67-64-56-51-22-19-58-0,1898.0849873016434,seed702_explore_lns_start12_late_best_rm15_tw10
0-65-69-64-51-19-57-52-53-55-0,1898.7781134694221,seed708_explore_lns_start6_late_regret_rm10_tw15
0-63-62-67-61-54-68-11-13-17-0,1906.6646657795395,seed701_explore_lns_start17_late_random_best_rm15_tw8
0-63-62-67-51-22-57-52-58-60-0,1906.6770365135628,seed702_explore_lns_start12_random_best_rm20_tw12
0-63-62-67-64-56-51-22-57-60-0,1907.2335849980236,seed707_explore_lns_start11_late_best_rm20_tw8
0-33-28-30-31-29-27-26-32-34-50-64-0,1914.1246934752603,seed704_explore_lns_start0_mixed_best_rm25_tw10
0-63-62-67-61-41-37-35-54-68-55-0,1916.969427311057,seed704_explore_lns_start0_late_random_best_rm20_tw6
0-63-62-51-67-54-61-68-55-70-1-0,1917.6311267224064,seed705_explore_lns_start21_late_best_rm25_tw12
0-42-39-36-38-44-61-54-68-66-56-51-0,1920.1682545499402,seed701_explore_lns_start4_mixed_random_best_rm15_tw6
0-45-5-2-7-8-6-46-3-1-60-53-69-0,1929.6179910773023,seed703_explore_lns_start0_mixed_best_rm15_tw8
0-65-69-64-57-52-9-10-60-55-51-0,1936.9007137125907,seed703_explore_lns_start67_random_best_rm25_tw10
0-42-39-36-44-41-61-68-54-66-56-51-0,1943.593150923411,seed708_explore_lns_start2_late_best_rm10_tw6
0-63-62-67-64-51-22-48-25-58-10-0,1944.4487754736992,seed704_explore_lns_start12_late_regret_rm20_tw6
0-42-39-36-44-61-54-56-51-22-48-0,1945.3812387681787,seed705_explore_lns_start1_mixed_random_best_rm20_tw6
0-33-28-30-31-29-27-26-32-34-50-6-0,1953.0057271689423,seed703_explore_lns_start0_mixed_random_best_rm20_tw10
0-63-62-67-64-51-22-57-58-60-0,1962.0862434948106,seed701_explore_lns_start12_late_best_rm25_tw10
0-65-69-52-53-61-68-55-70-41-66-0,1967.8179267793953,seed702_explore_lns_start9_late_best_rm15_tw8
0-42-39-36-38-44-41-61-54-66-51-25-0,1971.431783654181,seed708_explore_lns_start5_late_random_best_rm25_tw10
0-63-62-67-61-41-43-40-35-6-0,1974.158917762215,seed703_explore_lns_start0_mixed_best_rm20_tw12
0-63-62-67-51-64-66-57-19-58-0,1977.5790200786575,seed707_explore_lns_start8_late_best_rm20_tw15
0-65-69-52-64-66-55-68-61-70-41-0,1978.4522245379542,seed705_explore_lns_start8_mixed_random_best_rm25_tw12
0-65-69-64-51-22-57-52-53-60-55-0,1988.316279934551,seed704_explore_lns_start5_random_best_rm20_tw8
0-65-69-52-64-56-68-55-70-61-41-0,1991.587591219519,seed707_explore_lns_start12_random_random_best_rm15_tw6
0-42-39-36-44-61-54-66-56-51-22-0,1993.1533898308369,seed701_explore_lns_start3_mixed_regret_rm10_tw8
0-42-39-36-40-44-61-68-54-66-56-51-0,1995.215045894047,seed701_explore_lns_start5_late_best_rm25_tw15
0-63-62-67-64-66-57-19-58-60-0,1997.098326939637,seed706_explore_lns_start12_late_random_best_rm20_tw15
0-63-62-67-41-38-37-35-40-43-54-68-0,1997.3499099285089,seed704_explore_lns_start0_late_best_rm20_tw10
0-63-62-67-51-56-54-61-70-11-0,2005.6449674044811,seed701_explore_lns_start17_late_random_best_rm20_tw10
0-39-42-44-36-40-38-61-68-55-53-8-0,2006.2221535171486,seed705_explore_lns_start0_mixed_random_best_rm25_tw8
0-63-62-67-51-49-22-64-56-66-60-0,2006.3171733003712,seed708_explore_lns_start11_late_random_best_rm20_tw12
0-65-69-64-19-57-52-53-60-55-68-0,2009.517999705329,seed701_explore_lns_start3_late_random_best_rm15_tw15
0-63-62-67-64-56-51-22-24-58-60-0,2020.5476168338728,seed704_explore_lns_start10_late_regret_rm15_tw10
0-42-39-36-44-41-61-66-56-51-19-0,2020.8356620788545,seed703_explore_lns_start6_late_random_best_rm10_tw6
0-63-62-67-51-64-56-66-24-19-58-0,2021.956153781947,seed704_explore_lns_start9_late_best_rm15_tw15
0-63-62-67-61-40-35-37-54-6-0,2022.7826350002483,seed706_explore_lns_start0_mixed_random_best_rm20_tw15
0-65-69-52-57-22-51-64-56-66-53-0,2022.9082719605026,seed701_explore_lns_start0_late_best_rm15_tw10
0-63-62-51-50-67-54-61-68-70-1-0,2036.8061352288953,seed701_explore_lns_start19_random_best_rm25_tw12
0-63-62-67-51-56-64-22-48-25-60-0,2038.999568500462,seed701_explore_lns_start11_late_regret_rm10_tw10
0-63-33-30-31-29-27-26-28-32-34-18-0,2040.2116940757853,seed706_explore_lns_start50_late_random_best_rm20_tw15
0-63-62-67-64-56-51-18-57-58-0,2043.9447666681779,seed706_explore_lns_start9_random_random_best_rm20_tw6
0-63-62-67-51-64-56-66-68-61-54-0,2044.3040357291957,seed708_explore_lns_start15_late_random_best_rm20_tw8
0-65-69-52-57-19-51-64-66-68-55-0,2049.049519368057,seed708_explore_lns_start2_late_regret_rm15_tw12
0-65-69-52-53-61-68-55-70-3-41-0,2058.7171263523046,seed705_explore_lns_start11_random_best_rm25_tw8
0-63-62-51-67-54-61-68-70-11-0,2059.016695748649,seed702_explore_lns_start33_random_best_rm25_tw10
0-42-39-36-44-41-61-54-66-51-19-0,2062.905585589182,seed703_explore_lns_start1_late_random_best_rm10_tw12
0-65-69-52-57-19-51-64-66-55-60-0,2062.9870008997755,seed702_explore_lns_start7_late_random_best_rm15_tw12
0-65-69-52-57-19-51-64-56-66-54-0,2063.1549022601785,seed703_explore_lns_start0_mixed_best_rm15_tw10
0-63-62-67-64-66-56-51-19-48-58-0,2081.0037240001734,seed701_explore_lns_start10_late_random_best_rm10_tw12
0-65-69-52-57-22-51-64-56-66-9-0,2081.0131890679277,seed702_explore_lns_start0_random_regret_rm10_tw6
0-65-69-52-57-64-51-18-25-66-54-0,2084.916339377907,seed707_explore_lns_start0_late_random_best_rm20_tw6
0-42-39-36-40-44-61-54-55-53-19-0,2087.3288009518237,seed708_explore_lns_start5_late_best_rm15_tw8
0-63-62-67-61-40-35-37-55-6-0,2095.035233608853,seed707_explore_lns_start0_mixed_best_rm25_tw6
0-63-62-67-64-56-51-19-57-60-0,2104.3144593036845,seed706_explore_lns_start10_mixed_best_rm25_tw12
0-63-62-67-64-56-51-22-25-58-60-0,2120.992280667065,seed706_explore_lns_start9_late_regret_rm15_tw8
0-63-62-64-51-22-57-52-58-60-0,2121.601785361234,seed702_explore_lns_start8_random_random_best_rm20_tw10
0-42-39-36-44-61-54-66-56-51-19-0,2122.3321767819425,seed701_explore_lns_start6_mixed_random_best_rm25_tw12
0-63-62-67-64-51-22-57-53-60-0,2130.612690508292,seed702_explore_lns_start12_mixed_regret_rm10_tw6
0-33-28-30-31-29-27-26-32-34-50-16-0,2133.7406146763565,seed702_explore_lns_start0_late_best_rm25_tw10
0-63-62-67-64-51-19-57-66-60-0,2135.9543198224455,seed705_explore_lns_start9_mixed_best_rm20_tw12
0-65-69-12-52-57-66-56-68-61-70-55-0,2139.5919406050866,seed701_explore_lns_start8_random_random_best_rm25_tw15
0-65-69-52-57-22-51-64-66-55-6-0,2144.2030852950393,seed705_explore_lns_start0_late_regret_rm10_tw8
0-33-28-30-31-29-27-26-32-34-51-10-0,2146.661797575735,seed702_explore_lns_start24_late_random_best_rm20_tw10
0-65-69-52-57-22-51-64-56-66-6-0,2150.251929481177,seed601_lns_start0_mixed_random_best_rm4_tw15
0-42-39-36-38-44-61-54-66-56-51-58-0,2185.332883319173,seed705_explore_lns_start1_late_regret_rm15_tw6
0-65-69-64-51-19-57-52-60-55-68-0,2188.875549659793,seed708_explore_lns_start3_late_random_best_rm25_tw12
0-63-62-67-51-64-66-22-25-58-60-0,2194.8903433031564,seed706_explore_lns_start8_late_regret_rm10_tw10
0-33-31-29-27-28-26-30-32-34-61-4-0,2216.199386062271,seed701_explore_lns_start20_late_regret_rm20_tw8
0-63-62-51-19-22-64-56-66-57-60-0,2225.10436728501,seed708_explore_lns_start12_random_best_rm25_tw15
0-63-62-67-64-56-51-19-24-58-60-0,2238.952756495468,seed705_explore_lns_start10_random_regret_rm10_tw8
0-63-62-67-51-56-64-22-48-58-60-0,2257.3028572866706,seed702_explore_lns_start11_late_regret_rm10_tw8
0-65-69-52-57-22-51-64-56-66-12-0,2262.100270797602,seed703_explore_lns_start0_mixed_best_rm20_tw15
0-65-69-52-57-22-51-64-56-66-16-0,2273.019348798803,seed703_explore_lns_start0_late_best_rm20_tw10
0-65-69-52-64-51-56-66-57-59-58-0,2276.470530254382,seed707_explore_lns_start0_mixed_random_best_rm20_tw12
0-42-39-36-38-44-41-61-54-56-64-51-0,2286.135603567807,seed708_explore_lns_start6_late_best_rm20_tw15
0-65-69-64-51-19-57-52-53-60-55-0,2287.2243828226956,seed703_explore_lns_start2_late_best_rm15_tw15
0-63-62-67-51-19-22-64-56-66-60-0,2295.5498247243277,seed708_explore_lns_start11_late_best_rm15_tw12
0-63-62-67-64-56-51-48-22-57-58-0,2309.8620909491838,seed705_explore_lns_start12_late_random_best_rm25_tw15
0-42-39-36-40-44-61-68-55-69-53-3-0,2316.083284787792,seed707_explore_lns_start0_mixed_random_best_rm15_tw8
0-65-69-64-22-57-52-66-55-53-9-0,2338.751054993067,seed704_explore_lns_start33_late_random_best_rm25_tw15
0-63-62-67-61-54-68-55-53-11-17-0,2352.2354254021157,seed707_explore_lns_start23_late_best_rm25_tw12
0-63-62-67-51-22-64-66-57-16-0,2393.2691627658705,seed704_explore_lns_start12_late_random_best_rm20_tw10
0-65-64-52-53-69-55-68-61-54-70-3-0,2406.532273658939,seed705_explore_lns_start9_late_best_rm25_tw6
0-63-33-30-31-29-27-26-28-32-34-51-25-0,2451.017004359578,seed705_explore_lns_start54_late_regret_rm20_tw8
0-63-62-67-51-19-22-57-64-66-60-0,2608.83986987018,seed702_explore_lns_start11_random_best_rm25_tw15
0-63-62-67-51-56-66-68-61-54-11-0,2637.7393449229203,seed702_explore_lns_start27_late_random_best_rm25_tw12
0-63-62-67-51-64-66-57-19-58-60-0,2754.842727573063,seed706_explore_lns_start10_late_best_rm25_tw10
