route,score,source
0-20-22-24-27-30-29-6-32-33-31-35-37-38-39-36-34-28-26-23-18-19-16-14-12-15-17-13-25-9-11-10-8-21-5-1-0,245.19286800015863,seed708_explore_lns_start9_late_best_rm20_tw15
0-20-22-21-24-29-32-6-33-31-35-37-38-39-36-34-28-26-23-18-19-16-14-12-15-17-13-25-9-11-10-8-5-2-7-3-0,333.00313447481335,seed602_lns_start32_late_best_rm8_tw10
0-20-22-24-27-30-29-6-32-33-31-35-37-38-39-36-34-28-26-23-18-19-16-14-12-15-17-13-25-9-11-10-8-21-1-3-0,339.65146557413016,seed706_explore_lns_start59_mixed_best_rm25_tw10
0-20-22-24-27-30-29-6-32-33-31-35-37-38-39-36-34-28-26-23-18-19-16-14-12-15-17-13-25-9-11-10-8-5-3-21-0,340.1202322829421,seed606_lns_start85_mixed_best_rm5_tw6
0-20-22-24-27-30-29-6-32-33-31-35-37-38-39-36-28-26-23-18-19-16-14-12-15-17-13-25-9-11-10-21-8-5-1-3-0,392.96260407209786,seed710_explore_lns_start9_late_regret_rm20_tw15
0-20-22-29-28-34-37-6-32-33-31-35-38-39-36-4-5-26-23-18-19-16-14-12-15-17-13-25-9-11-10-8-2-7-3-0,575.0043398735802,seed704_explore_lns_start30_late_random_best_rm25_tw15
0-29-67-62-63-61-64-66-69-68-65-49-55-54-53-56-58-60-59-57-40-44-31-45-46-70-48-43-42-41-51-50-52-47-20-0,634.9529075914428,seed703_explore_guarded
0-67-63-62-52-50-64-66-69-68-65-49-55-54-53-56-58-60-59-57-40-44-46-51-45-61-70-43-47-42-41-32-37-31-48-0,676.7308343150537,seed605_lns_start56_late_random_best_rm5_tw6
0-67-62-61-54-59-64-66-69-68-65-49-55-4-53-56-58-60-57-40-44-46-45-70-63-48-43-42-41-47-50-51-52-20-0,698.7884024560233,seed701_explore_guarded
0-21-67-63-62-61-64-66-69-68-65-49-55-54-53-56-58-60-59-57-40-44-52-47-45-70-3-7-42-41-46-50-51-43-48-0,746.7881376906387,seed707_explore_lns_start40_mixed_random_best_rm25_tw12
0-20-22-24-27-30-29-6-32-33-31-35-37-38-39-36-34-28-26-23-18-19-16-14-12-15-17-13-25-9-11-10-8-5-2-1-7-0,756.5188935229744,seed607_lns_start14_random_best_rm4_tw6
0-21-67-62-47-50-51-64-66-69-68-65-49-55-54-53-56-58-60-59-57-40-44-46-45-61-70-63-42-41-43-32-37-31-48-0,779.246340101552,seed704_explore_lns_start56_mixed_best_rm15_tw10
0-21-22-24-27-30-29-6-32-33-31-35-37-38-39-36-34-28-26-23-18-19-16-14-12-15-17-13-25-9-11-10-8-5-2-1-7-0,779.6581818625823,seed602_lns_start45_late_random_best_rm3_tw10_guarded
0-20-22-24-27-30-29-6-32-33-31-35-37-38-39-36-34-28-26-23-18-19-16-14-12-15-17-13-25-9-11-10-8-5-2-7-3-0,781.6542439150056,seed603_lns_start0_random_best_rm5_tw8
0-67-63-62-43-61-64-66-69-68-65-49-55-57-59-53-56-58-60-54-40-44-46-45-51-52-70-47-50-42-41-48-2-1-7-0,783.9486169750426,seed707_explore_lns_start85_late_best_rm20_tw8
0-20-22-24-27-30-29-6-32-33-31-35-37-38-39-36-34-28-26-23-18-19-16-14-12-15-17-13-25-9-11-10-8-21-5-2-1-0,787.2308587672564,seed601_lns_start14_mixed_random_best_rm8_tw8_guarded
0-20-22-24-27-30-29-6-32-33-31-35-37-38-39-36-34-28-26-23-18-19-16-14-12-15-17-13-25-9-11-10-8-2-5-21-48-0,792.1346161837306,seed706_explore_lns_start41_late_regret_rm15_tw8
0-20-22-21-27-30-29-6-32-33-31-35-37-38-39-36-34-28-26-23-18-19-16-14-12-15-17-13-25-9-11-10-8-5-2-1-7-0,799.2218006445909,seed607_lns_start14_random_random_best_rm8_tw6
0-20-22-24-27-30-29-6-32-33-31-35-37-38-39-36-34-28-26-23-18-19-16-14-12-15-17-13-25-9-11-10-8-2-1-7-3-0,802.750218558565,seed703_explore_lns_start75_mixed_random_best_rm25_tw6
0-20-22-24-27-30-29-6-32-33-31-35-37-38-39-36-34-28-26-23-18-19-16-14-12-15-17-13-25-9-11-10-8-5-1-7-3-0,803.5042777485513,seed705_explore_lns_start9_mixed_random_best_rm25_tw6
0-20-22-24-27-30-29-6-32-33-31-35-37-38-39-36-34-28-26-23-18-19-16-14-12-15-17-13-25-9-11-10-8-5-2-1-3-0,803.6421079328134,seed701_explore_lns_start15_mixed_regret_rm15_tw6
0-21-22-20-24-30-29-6-32-33-31-35-37-38-39-36-34-28-26-23-18-19-16-14-12-15-17-13-25-9-11-10-8-5-2-1-7-0,809.2183128075592,seed703_explore_lns_start13_random_random_best_rm20_tw8
0-20-22-24-27-30-29-6-32-33-31-35-37-38-39-36-34-28-26-23-18-19-16-14-12-15-17-13-25-9-11-10-8-21-5-2-7-0,811.1909807443822,seed707_explore_lns_start44_late_best_rm25_tw8
0-21-22-24-27-30-29-6-32-33-31-35-37-38-39-36-34-28-26-23-18-19-16-14-12-15-17-13-25-9-11-10-8-2-1-7-3-0,825.889506898173,seed607_lns_start16_late_random_best_rm8_tw12_guarded
0-21-67-62-63-61-64-66-69-68-65-49-55-59-60-53-56-58-54-57-40-44-46-50-45-47-70-51-42-41-43-52-48-5-1-0,826.3874833311053,seed701_explore_lns_start31_random_random_best_rm25_tw12
0-21-22-24-27-30-29-6-32-33-31-35-37-38-39-36-34-28-26-23-18-19-16-14-12-15-17-13-25-9-11-10-8-5-1-7-3-0,826.6435660881592,seed701_explore_guarded
0-20-22-24-27-21-29-6-32-33-31-35-37-38-39-36-34-28-26-23-18-19-16-14-12-15-17-13-25-9-11-10-8-5-2-1-7-0,831.8700054678375,seed705_explore_lns_start38_late_best_rm25_tw6
0-20-22-24-27-30-29-6-32-33-31-35-37-38-39-36-34-28-26-23-18-19-16-14-12-15-17-13-25-9-11-10-8-21-2-1-7-0,837.4429091730872,seed705_explore_lns_start56_mixed_best_rm20_tw10
0-20-22-24-27-30-29-6-32-33-31-35-37-38-39-36-34-28-26-23-18-19-16-14-12-15-17-13-25-9-11-10-8-21-5-1-7-0,837.7227449371577,seed701_explore_lns_start58_mixed_regret_rm15_tw8
0-20-22-21-27-30-29-6-32-33-31-35-37-38-39-36-34-28-26-23-18-19-16-14-12-15-17-13-25-9-11-10-8-5-2-1-3-0,846.34501505443,seed706_explore_lns_start70_random_regret_rm15_tw6
0-21-20-24-27-30-29-6-32-33-31-35-37-38-39-36-34-28-26-23-18-19-16-14-12-15-17-13-25-9-11-10-8-5-2-1-3-0,847.2375856591758,seed702_explore_lns_start51_late_random_best_rm15_tw10
0-67-63-62-30-48-64-66-69-68-65-49-55-4-53-56-58-60-54-57-40-44-45-61-70-59-46-42-41-51-50-52-47-43-0,852.5078648023504,seed710_explore_guarded
0-20-22-24-27-30-29-6-32-33-31-35-37-38-39-36-34-28-26-23-18-19-16-14-12-15-17-13-25-9-11-10-8-21-5-2-3-0,859.5583209192159,seed708_explore_lns_start50_late_random_best_rm20_tw12
0-20-22-24-27-30-29-6-32-33-31-35-37-38-39-36-34-28-26-23-18-19-16-14-12-15-17-13-25-9-11-10-8-21-5-7-3-0,860.1463190751028,seed701_explore_lns_start46_late_best_rm25_tw10
0-20-22-24-27-30-29-6-32-33-31-35-37-38-39-36-34-28-26-23-18-19-16-14-12-15-17-13-25-9-11-10-8-2-5-21-43-0,862.7936035414384,seed705_explore_lns_start81_late_regret_rm20_tw8
0-67-63-62-47-52-64-66-69-68-65-49-55-54-53-56-58-60-59-57-40-44-46-45-61-70-43-31-42-41-34-32-51-50-48-0,862.9768653483204,seed707_explore_lns_start34_late_regret_rm15_tw12
0-48-20-24-27-30-29-6-32-33-31-35-37-38-39-36-34-28-26-23-18-19-16-14-12-15-17-13-25-9-11-10-8-21-5-2-1-0,864.218643793502,seed710_explore_lns_start17_late_regret_rm25_tw15
0-20-22-24-27-30-29-6-32-33-31-35-37-38-39-36-34-28-26-23-18-19-16-14-12-15-17-13-25-9-11-10-8-2-5-21-47-0,874.7759905123369,seed706_explore_lns_start62_late_regret_rm20_tw10
0-20-22-24-27-21-29-6-32-33-31-35-37-38-39-36-34-28-26-23-18-19-16-14-12-15-17-13-25-9-11-10-8-5-2-7-3-0,877.3914042576138,seed704_explore_lns_start5_late_random_best_rm25_tw6
0-20-22-24-27-21-29-6-32-33-31-35-37-38-39-36-34-28-26-23-18-19-16-14-12-15-17-13-25-9-11-10-8-5-2-1-3-0,878.9932198776766,seed702_explore_lns_start52_late_best_rm15_tw6
0-20-22-24-27-30-29-6-32-33-31-35-37-38-39-36-34-28-26-23-18-19-16-14-12-15-17-13-25-9-11-10-8-21-2-7-3-0,882.9643079628634,seed706_explore_lns_start33_random_best_rm20_tw8
0-20-22-24-27-30-29-6-32-33-31-35-37-38-39-36-34-28-26-23-18-19-16-14-12-15-17-13-25-9-11-10-8-21-2-1-3-0,884.5661235829261,seed702_explore_lns_start52_mixed_regret_rm25_tw8
0-20-22-24-27-30-29-6-32-33-31-35-37-38-39-36-34-28-26-23-18-19-16-14-12-15-17-13-25-9-11-10-8-21-5-1-3-0,884.8459593469968,seed702_explore_lns_start9_late_best_rm20_tw10
0-20-22-24-27-29-6-32-33-31-35-37-38-39-36-34-28-26-23-18-19-16-14-12-15-17-13-25-9-11-10-8-5-2-1-7-3-0,899.4538573483434,seed709_explore_lns_start49_late_best_rm25_tw6
0-21-67-62-61-57-64-66-69-68-65-49-55-4-53-56-58-60-59-54-40-44-45-46-70-43-47-42-41-51-50-52-48-63-0,900.4644002685969,seed710_explore_guarded
0-20-22-24-27-30-29-6-32-33-35-37-38-39-36-34-28-26-23-18-19-16-14-12-15-17-13-25-9-11-10-8-5-2-1-7-3-0,900.5367338477095,seed701_explore_lns_start51_mixed_best_rm25_tw8
0-20-22-24-27-30-29-6-32-33-31-35-37-38-39-36-28-26-23-18-19-16-14-12-15-17-13-25-9-11-10-8-5-2-1-7-3-0,901.3704927668506,seed703_explore_lns_start9_mixed_random_best_rm25_tw15
0-21-22-24-27-30-29-6-32-33-35-37-38-39-36-34-28-26-23-18-19-16-14-12-15-17-13-25-9-11-10-8-5-2-1-7-3-0,903.8423464676534,seed604_lns_start16_mixed_regret_rm5_tw10_guarded
0-22-24-27-30-29-6-32-33-31-35-37-38-39-36-34-28-26-23-18-19-16-14-12-15-17-13-25-9-11-10-8-5-2-1-7-3-0,904.4280446958489,seed608_lns_start14_random_best_rm8_tw8_guarded
0-20-22-24-27-30-29-6-32-33-31-35-37-38-39-36-34-28-23-18-19-16-14-12-15-17-13-25-9-11-10-8-5-2-1-7-3-0,904.6836552080906,seed702_explore_lns_start74_late_best_rm25_tw12
0-20-22-24-27-30-6-32-33-31-35-37-38-39-36-34-28-26-23-18-19-16-14-12-15-17-13-25-9-11-10-8-5-2-1-7-3-0,904.748145358735,seed703_explore_guarded
0-20-22-21-27-24-29-6-32-33-35-37-38-39-36-34-28-26-23-18-19-16-14-12-15-17-13-25-9-11-10-8-5-2-1-7-3-0,905.2229355884243,seed710_explore_lns_start48_mixed_random_best_rm25_tw8
0-21-22-27-30-29-6-32-33-31-35-37-38-39-36-34-28-26-23-18-19-16-14-12-15-17-13-25-9-11-10-8-5-2-1-7-3-0,906.9625809797325,seed709_explore_guarded
0-21-22-24-27-30-6-32-33-31-35-37-38-39-36-34-28-26-23-18-19-16-14-12-15-17-13-25-9-11-10-8-5-2-1-7-3-0,908.053757978679,seed710_explore_guarded
0-21-22-24-30-29-6-32-33-31-35-37-38-39-36-34-28-26-23-18-19-16-14-12-15-17-13-25-9-11-10-8-5-2-1-7-3-0,908.3965593799427,seed706_explore_guarded
0-29-67-62-63-61-64-66-69-68-65-49-55-54-53-56-58-60-59-57-40-44-32-45-46-70-1-43-42-41-51-50-52-47-48-0,911.3122823791393,seed703_explore_lns_start5_late_random_best_rm25_tw6
0-20-22-24-27-21-29-6-32-33-31-35-37-38-39-36-34-26-23-18-19-16-14-12-15-17-13-25-9-11-10-8-5-2-1-7-3-0,913.739880248301,seed705_explore_lns_start35_late_random_best_rm25_tw12
0-20-22-24-27-21-29-6-32-33-31-35-37-38-39-36-34-28-26-23-18-19-16-14-12-15-17-13-25-9-11-10-8-5-1-7-3-0,917.970038519913,seed603_lns_start9_late_best_rm8_tw12
0-67-63-62-3-7-1-64-66-69-68-65-49-55-54-53-56-58-60-59-57-40-44-46-45-51-70-61-42-41-43-47-50-52-48-0,918.6987190681,seed702_explore_lns_start16_late_random_best_rm25_tw10
0-67-63-62-30-48-64-61-66-69-68-65-49-55-54-53-56-58-60-59-57-40-44-46-45-70-43-47-42-41-51-50-52-1-7-0,919.7768826098049,seed709_explore_lns_start34_mixed_random_best_rm25_tw12
0-21-22-24-27-29-32-6-34-33-31-35-37-38-39-36-28-26-23-18-19-16-14-12-15-17-13-25-9-11-10-8-5-2-1-7-3-0,924.4642842191133,seed704_explore_lns_start35_late_regret_rm20_tw8
0-20-22-24-27-30-29-6-32-33-31-35-37-38-39-36-34-28-26-23-18-19-16-14-12-15-17-13-25-9-11-10-8-1-5-21-48-0,925.590763277338,seed701_explore_lns_start14_late_regret_rm25_tw15
0-21-67-62-63-61-64-66-69-68-65-49-55-4-53-56-58-60-59-40-44-51-45-70-54-57-46-42-50-31-52-47-43-48-0,927.9717155023109,seed708_explore_lns_start46_mixed_best_rm25_tw8
0-20-22-24-29-34-6-32-33-31-35-37-38-39-36-4-21-26-23-18-19-16-14-12-15-17-13-25-9-11-10-8-5-2-1-7-0,928.29418360554,seed701_explore_lns_start36_mixed_regret_rm25_tw6
0-67-63-62-30-47-61-64-66-69-68-65-49-55-54-53-56-58-60-59-57-40-44-46-45-70-48-43-42-41-51-50-52-3-7-0,935.3383461968342,seed704_explore_lns_start60_late_random_best_rm20_tw10
0-20-22-24-27-30-29-6-32-33-31-35-37-38-39-36-34-28-26-23-18-19-16-14-12-15-17-13-25-9-11-10-8-1-7-3-21-0,938.9309653780165,seed703_explore_lns_start65_late_best_rm25_tw12
0-67-63-62-43-61-64-66-69-68-65-49-55-54-53-56-58-60-59-57-40-44-46-45-48-70-51-31-42-41-50-52-47-3-7-0,939.0656831216322,seed707_explore_lns_start56_mixed_best_rm25_tw8
0-3-67-62-51-46-64-66-69-68-65-49-55-54-53-56-58-60-59-57-40-44-50-45-61-70-63-48-42-41-43-47-52-31-37-0,949.482592106055,seed703_explore_lns_start56_mixed_regret_rm15_tw6
0-20-22-24-27-30-29-6-32-33-35-37-38-39-36-34-28-26-23-18-19-16-14-12-15-17-13-25-9-11-10-21-8-5-2-1-7-0,950.4594716866079,seed603_lns_start14_mixed_regret_rm5_tw15
0-20-22-24-27-30-29-6-32-33-31-35-37-38-39-36-28-26-23-18-19-16-14-12-15-17-13-25-9-11-10-21-8-5-2-1-7-0,951.2932306057489,seed708_explore_lns_start34_late_best_rm20_tw10
0-67-63-62-54-59-64-66-69-68-65-49-55-4-53-56-58-60-57-40-44-51-45-61-70-3-43-42-41-46-50-52-47-48-0,952.86216197065,seed705_explore_lns_start14_random_regret_rm15_tw8
0-20-22-24-27-30-29-6-32-33-31-35-38-39-36-34-28-26-23-18-19-16-14-12-15-17-13-25-9-11-10-21-8-5-2-1-7-0,954.2538005159172,seed702_explore_lns_start7_late_random_best_rm20_tw6
0-20-22-24-27-30-29-6-32-33-31-35-37-38-39-36-34-28-23-18-19-16-14-12-15-17-13-25-9-11-10-21-8-5-2-1-7-0,954.6063930469891,seed710_explore_lns_start65_mixed_best_rm25_tw8
0-20-22-24-27-30-29-6-33-31-35-37-38-39-36-34-28-26-23-18-19-16-14-12-15-17-13-25-9-11-10-21-8-5-2-1-7-0,954.9353405297957,seed703_explore_lns_start5_late_best_rm25_tw12
0-20-22-24-27-30-29-6-34-33-37-35-38-39-36-4-7-26-23-18-19-16-14-12-15-17-13-25-9-11-10-8-5-2-1-3-0,974.6861466117687,seed603_lns_start56_late_regret_rm8_tw15_guarded
0-20-24-29-27-30-34-6-32-33-31-35-37-38-39-36-28-26-23-18-19-16-14-12-15-17-13-25-9-11-10-21-8-5-2-1-7-0,976.3758435719246,seed709_explore_lns_start17_mixed_random_best_rm20_tw15
0-20-22-21-27-30-29-6-34-33-32-35-38-39-36-4-5-26-23-18-19-16-14-12-15-17-13-25-9-11-10-8-2-1-7-3-0,980.1064693080933,seed605_lns_start56_late_random_best_rm5_tw6_guarded
0-21-22-24-27-30-29-6-31-32-33-35-37-38-39-36-34-28-26-23-18-19-16-14-12-15-17-13-25-9-11-10-8-5-2-1-3-0,982.0136810409583,seed710_explore_lns_start48_late_random_best_rm15_tw15
0-7-67-62-63-61-64-66-69-68-65-49-55-4-53-56-58-60-54-40-44-46-45-70-59-57-42-43-47-50-51-31-52-48-0,989.3593765450389,seed703_explore_lns_start52_random_regret_rm25_tw6
0-47-22-24-27-30-29-6-32-33-31-35-37-38-39-36-34-28-26-23-18-19-16-14-12-15-17-13-25-9-11-10-8-21-5-2-1-0,990.1609230287373,seed710_explore_lns_start38_late_regret_rm25_tw8
0-20-22-24-27-30-29-6-32-33-31-35-37-38-39-36-34-28-26-23-18-19-16-14-12-15-17-13-25-9-11-10-8-2-1-21-43-0,995.7868605503363,seed708_explore_lns_start78_mixed_regret_rm20_tw6
0-20-22-24-27-30-29-6-32-33-35-37-38-39-36-34-28-26-23-18-19-16-14-12-15-17-13-25-9-11-10-21-8-5-2-7-3-0,995.9808704763841,seed701_explore_lns_start0_late_best_rm25_tw10
0-20-22-24-27-30-29-6-32-33-31-35-37-38-39-36-34-28-26-23-18-19-16-14-12-15-17-13-25-9-11-10-8-2-5-21-46-0,996.2571489126116,seed709_explore_lns_start85_mixed_random_best_rm25_tw10
0-67-63-62-30-24-64-66-69-68-65-49-55-54-53-56-58-60-59-57-40-44-51-45-48-70-61-43-42-41-46-47-52-50-1-0,996.9566147292473,seed705_explore_lns_start30_late_random_best_rm20_tw8
0-20-22-24-27-30-29-6-32-33-35-37-38-39-36-34-28-26-23-18-19-16-14-12-15-17-13-25-9-11-10-21-8-5-2-1-3-0,997.5826860964469,seed601_lns_start49_late_best_rm6_tw15
0-20-22-24-27-30-29-6-33-31-35-37-38-39-36-34-28-26-23-18-19-16-14-12-15-17-13-25-9-11-10-21-8-5-2-7-3-0,1000.4567393195719,seed601_lns_start5_mixed_regret_rm8_tw12
0-20-22-24-27-30-29-6-32-33-31-35-37-38-39-36-34-28-23-18-19-16-14-12-15-17-13-25-9-11-10-21-8-5-2-1-3-0,1001.729607456828,seed704_explore_lns_start69_late_best_rm20_tw12
0-20-22-24-27-30-29-6-33-31-35-37-38-39-36-34-28-26-23-18-19-16-14-12-15-17-13-25-9-11-10-21-8-5-2-1-3-0,1002.0585549396346,seed606_lns_start69_mixed_random_best_rm8_tw8
0-20-22-24-27-29-52-6-32-33-35-37-38-39-36-34-28-26-23-18-19-16-14-12-15-17-13-25-9-11-10-21-8-5-2-1-3-0,1010.2144673266257,seed709_explore_lns_start45_mixed_regret_rm15_tw10
0-20-22-24-27-30-29-6-34-33-32-35-31-38-39-36-28-26-23-18-19-16-14-12-15-17-13-25-9-11-10-21-8-5-2-1-3-0,1010.6711844379533,seed709_explore_lns_start50_late_regret_rm15_tw15
0-22-24-27-30-29-6-32-33-31-35-37-38-39-36-4-28-26-23-18-19-16-14-12-15-17-13-25-9-11-10-8-21-20-5-2-0,1024.1217699624387,seed702_explore_lns_start9_mixed_best_rm25_tw8
0-22-24-27-30-29-6-34-32-33-35-37-38-39-36-4-28-26-23-18-19-16-14-12-15-17-13-25-9-11-10-8-2-5-21-20-0,1025.9046932680951,seed706_explore_lns_start64_mixed_best_rm25_tw8
0-67-63-62-48-52-64-66-69-68-65-49-55-4-53-56-58-60-59-57-40-44-46-45-70-61-54-42-41-43-47-50-51-34-0,1029.7806681610498,seed709_explore_lns_start9_late_best_rm20_tw10
0-67-63-62-50-51-61-64-66-69-68-65-49-55-54-53-56-58-60-59-40-57-44-46-45-48-70-3-42-41-43-47-52-37-26-0,1030.7513557063335,seed705_explore_lns_start60_mixed_best_rm25_tw15
0-43-22-20-24-30-29-6-32-33-31-35-37-38-39-36-34-28-26-23-18-19-16-14-12-15-17-13-25-9-11-10-8-21-5-2-1-0,1033.7221967230503,seed705_explore_lns_start68_mixed_regret_rm25_tw6
0-20-22-24-27-30-29-6-32-33-35-37-38-39-36-34-28-26-23-18-19-16-14-12-15-17-13-25-9-11-10-21-8-2-1-7-3-0,1035.1591091001374,seed707_explore_lns_start16_mixed_best_rm25_tw6
0-20-22-24-27-30-29-6-32-33-35-37-38-39-36-34-28-26-23-18-19-16-14-12-15-17-13-25-9-11-10-21-8-5-1-7-3-0,1036.5595047386832,seed706_explore_lns_start48_late_random_best_rm25_tw8
0-20-22-24-27-29-34-6-32-33-31-35-38-39-36-4-1-26-23-18-19-16-14-12-15-17-13-25-9-11-10-8-21-5-2-3-0,1044.5553506488272,seed701_explore_lns_start37_late_best_rm25_tw8
0-67-62-61-54-60-64-66-69-68-65-49-55-4-53-56-58-59-57-40-44-46-45-51-70-7-43-42-41-50-52-47-48-63-0,1045.927259157288,seed707_explore_lns_start55_random_regret_rm15_tw8
0-20-22-24-27-30-29-6-32-33-31-35-38-39-37-36-34-26-23-18-19-16-14-12-15-17-13-25-9-11-10-21-8-5-2-1-3-0,1046.8871753000633,seed706_explore_lns_start35_late_random_best_rm20_tw6
0-20-22-24-27-30-34-6-32-33-31-35-37-38-39-36-28-26-23-18-19-16-14-12-15-17-13-25-9-11-10-21-8-5-1-7-3-0,1047.6134948449562,seed702_explore_lns_start59_random_random_best_rm20_tw6
0-20-22-24-27-30-29-6-32-33-37-35-38-39-36-4-28-26-23-18-19-16-14-12-15-17-13-25-9-11-10-8-21-5-2-1-0,1057.0946163913022,seed705_explore_lns_start34_mixed_best_rm15_tw15
0-20-22-24-27-29-34-6-32-33-31-35-38-39-36-4-21-28-23-18-19-16-14-12-15-17-13-25-9-11-10-8-5-2-1-7-0,1060.315712824618,seed601_lns_start60_late_random_best_rm3_tw10
0-20-22-24-27-30-29-6-34-33-37-35-38-39-36-4-28-26-23-18-19-16-14-12-15-17-13-25-9-11-10-8-21-5-2-1-0,1062.314064816283,seed704_explore_lns_start56_mixed_best_rm20_tw15
0-20-22-21-24-30-29-6-31-32-33-35-37-38-39-36-34-28-26-23-18-19-16-14-12-15-17-13-25-9-11-10-8-5-2-1-3-0,1063.0365679666486,seed704_explore_lns_start68_late_random_best_rm20_tw6
0-20-22-24-27-30-29-6-47-33-32-35-37-38-39-36-34-28-26-23-18-19-16-14-12-15-17-13-25-9-11-10-8-21-5-2-1-0,1071.5185610924145,seed710_explore_lns_start52_mixed_regret_rm25_tw6
0-20-22-24-27-30-29-6-34-33-37-35-38-39-36-4-28-26-23-18-19-16-14-12-15-17-13-25-9-11-10-8-21-5-2-7-0,1086.2741867934087,seed703_explore_lns_start34_late_best_rm25_tw8
0-20-22-24-27-30-29-6-32-33-31-35-37-38-39-36-34-28-26-23-18-19-16-14-12-15-17-13-25-9-11-10-8-1-5-21-51-0,1089.5392133568557,seed709_explore_lns_start9_late_random_best_rm25_tw10
0-48-22-20-27-30-29-6-32-33-31-35-37-38-39-36-34-28-26-23-18-19-16-14-12-15-17-13-25-9-11-10-8-21-5-1-3-0,1093.3486200145335,seed705_explore_lns_start9_late_regret_rm20_tw10
0-20-22-24-27-30-29-6-32-33-31-35-37-38-39-36-34-28-26-23-18-19-16-14-12-15-17-13-25-9-11-10-21-8-5-2-61-0,1100.9587238005317,seed702_explore_lns_start44_late_regret_rm15_tw6
0-67-63-62-20-30-64-66-69-68-65-49-55-54-53-56-58-60-59-57-40-44-51-45-46-70-48-50-42-41-43-47-52-61-1-0,1109.201080692677,seed702_explore_lns_start32_late_regret_rm10_tw15
0-67-63-62-3-7-64-66-69-68-65-49-55-54-53-56-58-60-59-57-40-44-46-45-15-70-61-42-41-51-50-52-47-43-48-0,1115.6245467451386,seed703_explore_lns_start17_late_best_rm20_tw15
0-67-62-21-30-37-64-66-69-68-65-49-55-54-53-56-58-60-59-57-40-44-46-45-43-70-51-50-42-41-47-52-48-63-61-0,1116.9214182009464,seed701_explore_lns_start60_mixed_random_best_rm25_tw8
0-20-22-24-27-21-29-6-34-33-32-31-35-38-39-36-28-26-23-18-19-16-14-12-15-17-13-25-9-11-10-8-5-2-1-7-3-0,1117.2052268678667,seed704_explore_lns_start35_late_random_best_rm15_tw15
0-20-22-24-27-30-29-6-32-33-31-35-37-38-39-36-34-28-26-23-18-19-16-14-12-15-17-13-25-9-11-10-8-21-5-3-43-0,1118.8125876682934,seed709_explore_lns_start85_mixed_best_rm20_tw6
0-20-22-24-27-29-52-6-32-33-31-35-38-39-37-36-34-28-26-23-18-19-16-14-12-15-17-13-25-9-11-10-8-21-5-1-3-0,1119.990139386322,seed702_explore_lns_start55_mixed_random_best_rm25_tw12
0-3-67-62-50-51-64-66-69-68-65-49-55-54-53-56-58-60-59-57-40-44-47-45-61-70-63-43-42-41-46-48-52-32-37-0,1121.2580660417862,seed705_explore_lns_start56_mixed_best_rm25_tw8
0-20-22-24-29-34-31-6-32-33-35-37-38-39-36-4-28-26-23-18-19-16-14-12-15-17-13-25-9-11-10-8-21-5-2-7-0,1126.273118150612,seed701_explore_lns_start32_late_regret_rm10_tw12
0-67-63-62-43-61-64-66-69-68-46-65-49-55-54-53-56-58-60-57-40-44-31-45-48-70-51-50-42-41-47-52-2-1-7-0,1126.316610591429,seed706_explore_lns_start85_late_random_best_rm20_tw6
0-67-62-52-37-30-64-66-69-68-65-49-55-54-53-56-58-60-59-57-40-44-46-45-61-70-3-43-42-41-51-50-47-48-63-0,1126.9414968012493,seed703_explore_lns_start60_late_regret_rm15_tw15
0-20-22-24-27-30-29-6-32-33-31-35-38-39-36-34-28-26-23-18-19-16-14-12-15-17-13-25-9-11-10-8-2-1-5-21-47-0,1127.55747765465,seed703_explore_lns_start16_late_regret_rm25_tw12
0-20-22-24-27-30-29-6-32-33-31-35-34-38-39-36-37-28-26-23-18-19-16-14-12-15-17-13-25-9-11-10-8-5-1-7-48-0,1131.0421790169448,seed702_explore_lns_start58_mixed_regret_rm25_tw12
0-1-67-62-63-61-64-66-69-68-65-49-55-4-53-56-58-60-54-57-40-44-45-59-70-3-7-42-41-46-51-50-47-48-0,1134.6003715740899,seed705_explore_lns_start39_mixed_regret_rm20_tw15
0-48-67-62-61-57-64-66-69-68-65-49-55-4-53-56-58-60-59-54-40-44-45-47-70-63-42-43-41-46-52-31-37-34-0,1134.765040313724,seed707_explore_lns_start34_late_regret_rm20_tw15
0-20-22-24-27-29-34-6-32-33-31-35-38-39-36-4-28-26-23-18-19-16-14-12-15-17-13-25-9-11-10-8-21-5-2-3-0,1134.938933879214,seed709_explore_lns_start35_late_best_rm20_tw15
0-20-22-24-27-29-34-6-32-33-37-35-38-39-36-4-28-26-23-18-19-16-14-12-15-17-13-25-9-11-10-8-21-5-2-3-0,1136.3847209669248,seed604_lns_start33_late_regret_rm8_tw6
0-20-22-24-27-30-29-6-52-33-32-35-37-38-39-36-34-28-26-23-18-19-16-14-12-15-17-13-25-9-11-10-8-21-5-1-3-0,1138.1268714137116,seed704_explore_lns_start45_mixed_random_best_rm25_tw15
0-20-22-24-27-34-31-6-32-33-35-37-38-39-36-4-28-26-23-18-19-16-14-12-15-17-13-25-9-11-10-8-21-5-2-7-0,1144.2309604165252,seed703_explore_lns_start33_late_regret_rm10_tw10
0-20-22-24-27-30-29-6-32-33-31-35-38-39-36-34-28-26-23-18-19-16-14-12-15-17-13-25-9-11-10-8-5-2-1-48-47-0,1155.8556144393156,seed707_explore_lns_start7_mixed_random_best_rm25_tw15
0-20-22-24-29-30-52-6-32-33-31-35-37-38-39-36-34-28-26-23-18-19-16-14-12-15-17-13-25-9-11-10-8-21-5-1-3-0,1157.8712138907954,seed704_explore_lns_start9_late_regret_rm25_tw10
0-20-22-24-27-30-29-6-32-33-31-35-38-39-36-4-34-26-23-18-19-16-14-12-15-17-13-25-9-11-10-8-21-5-2-1-0,1158.9716531860518,seed710_explore_lns_start35_mixed_best_rm25_tw8
0-67-63-62-30-48-61-64-66-69-68-65-49-55-54-53-56-58-60-57-40-44-51-45-7-70-59-46-42-41-43-47-50-52-2-0,1165.6445834491017,seed705_explore_lns_start9_late_best_rm20_tw15
0-20-22-24-27-30-29-6-31-33-32-35-37-38-39-36-34-28-26-23-18-19-16-14-12-15-17-13-25-9-11-10-8-52-50-51-1-0,1167.495349946484,seed708_explore_lns_start4_mixed_best_rm25_tw10
0-20-22-24-27-30-29-6-34-33-32-35-31-38-39-36-37-26-23-18-19-16-14-12-15-17-13-25-9-11-10-21-8-2-1-7-3-0,1167.8534446432063,seed707_explore_lns_start35_mixed_random_best_rm25_tw12
0-3-67-62-63-61-64-66-69-68-65-49-55-54-53-56-58-60-59-51-40-44-46-45-50-70-57-43-42-41-47-52-48-5-7-0,1172.0364536682264,seed702_explore_lns_start78_late_best_rm25_tw15
0-67-62-3-1-64-66-69-68-65-49-55-54-53-56-58-60-59-57-40-44-46-51-45-61-70-63-43-42-41-47-32-37-31-48-0,1173.6908033259745,seed702_explore_lns_start56_mixed_random_best_rm10_tw12
0-5-67-62-50-51-64-66-69-68-65-49-55-54-53-56-58-60-59-57-40-46-44-45-61-70-48-43-42-41-63-47-52-37-26-0,1173.7640881599118,seed709_explore_lns_start60_random_best_rm15_tw10
0-67-63-62-50-54-64-66-69-68-65-49-55-4-53-56-58-60-59-40-44-46-45-1-70-61-57-42-41-51-52-47-43-48-0,1174.8542192807315,seed703_explore_lns_start0_late_random_best_rm25_tw15
0-67-63-62-3-30-64-66-69-68-65-49-55-54-53-56-58-60-59-57-40-44-46-45-61-70-1-43-42-41-51-50-52-47-48-0,1176.8711592699813,seed705_explore_lns_start32_mixed_regret_rm20_tw6
0-20-22-24-27-30-29-6-32-33-31-35-38-39-36-4-34-28-23-18-19-16-14-12-15-17-13-25-9-11-10-8-21-5-2-1-0,1177.500498724625,seed708_explore_lns_start60_random_random_best_rm25_tw8
0-24-67-62-61-54-64-66-69-68-65-49-55-4-53-56-58-60-59-40-44-46-45-57-70-48-43-42-41-47-63-5-2-7-0,1177.7197715437019,seed707_explore_lns_start1_random_random_best_rm10_tw8
0-67-63-62-21-30-64-66-69-68-65-49-55-59-60-53-56-58-54-57-40-44-46-45-51-43-70-61-42-41-50-52-47-48-1-0,1178.9666375306854,seed709_explore_lns_start31_mixed_best_rm20_tw8
0-21-22-29-28-34-6-32-33-31-35-37-38-39-36-4-1-23-26-18-19-16-14-12-15-17-13-25-9-11-10-8-5-2-7-3-0,1180.1914934840308,seed705_explore_guarded
0-24-22-29-28-34-6-32-33-31-35-37-38-39-36-4-21-26-23-18-19-16-14-12-15-17-13-25-9-11-10-8-5-2-7-3-0,1181.4331982862757,seed706_explore_lns_start30_late_regret_rm15_tw10
0-22-24-27-30-29-6-32-33-31-35-37-38-39-36-34-28-26-23-18-19-16-14-12-15-17-13-25-9-11-10-21-8-5-2-1-61-0,1186.443424111798,seed705_explore_lns_start74_mixed_regret_rm25_tw8
0-20-22-24-27-30-29-6-28-33-34-35-38-39-36-4-21-26-23-18-19-16-14-12-15-17-13-25-9-11-10-8-5-2-1-7-0,1190.397361297625,seed703_explore_lns_start56_mixed_regret_rm10_tw10
0-22-67-62-61-54-64-66-69-68-65-49-55-4-53-56-58-60-59-40-44-46-45-57-70-43-47-42-41-48-63-5-2-7-0,1193.1137628290958,seed702_explore_lns_start4_random_best_rm10_tw8
0-20-22-24-27-30-21-6-31-32-33-35-37-38-39-36-34-28-26-23-18-19-16-14-12-15-17-13-25-9-11-10-8-5-2-1-3-0,1200.3639933158024,seed707_explore_lns_start55_late_random_best_rm15_tw12
0-20-22-24-27-30-29-6-52-33-32-35-37-38-39-36-34-28-26-23-18-19-16-14-12-15-17-13-25-9-11-10-8-2-5-21-31-0,1203.6400808371002,seed704_explore_lns_start42_late_random_best_rm25_tw6
0-48-67-62-52-57-64-66-69-68-65-49-55-4-53-56-58-60-59-54-40-44-45-70-3-7-43-42-41-50-51-46-61-63-0,1207.1403460998913,seed701_explore_lns_start39_late_random_best_rm25_tw8
0-48-67-62-63-54-64-66-69-68-65-49-55-4-53-56-58-60-59-57-40-44-46-45-70-51-50-42-41-61-43-47-52-37-0,1210.140952155502,seed702_explore_lns_start35_late_regret_rm25_tw6
0-20-22-24-29-28-34-6-32-33-31-35-38-39-36-4-26-23-18-19-16-14-12-15-17-13-25-9-11-10-21-8-5-2-7-3-0,1211.38646624361,seed708_explore_lns_start31_late_random_best_rm15_tw10
0-7-67-62-63-61-64-66-69-68-65-49-55-4-53-56-58-60-57-40-44-51-45-46-70-48-43-42-41-54-59-47-50-31-0,1216.6218739897179,seed707_explore_lns_start48_random_best_rm25_tw10
0-22-24-27-29-34-32-6-33-31-35-37-38-39-36-4-28-26-23-18-19-16-14-12-15-17-13-25-9-11-10-8-21-5-2-7-0,1219.0871403100675,seed603_lns_start33_late_regret_rm8_tw6
0-20-22-24-27-29-6-32-33-31-35-37-38-39-36-4-34-28-23-18-19-16-14-12-15-17-13-25-9-11-10-8-5-2-1-3-0,1225.2826781972904,seed705_explore_lns_start67_mixed_random_best_rm25_tw12
0-20-22-24-29-34-37-6-32-33-31-35-38-39-36-4-28-26-23-18-19-16-14-12-15-17-13-25-9-11-10-8-5-2-7-3-0,1225.67784099471,seed703_explore_lns_start30_late_best_rm25_tw8
0-48-67-62-63-61-64-66-69-68-65-49-55-4-53-56-58-60-54-57-40-44-45-59-70-7-1-42-41-43-47-52-50-46-0,1226.0637822993233,seed709_explore_lns_start43_late_regret_rm25_tw10
0-20-22-24-27-30-29-6-31-33-32-35-37-38-39-36-34-28-26-23-18-19-16-14-12-15-17-13-25-9-11-10-8-2-1-3-51-0,1226.3205341071468,seed703_explore_lns_start51_random_random_best_rm25_tw15
0-20-22-24-27-29-32-6-33-31-35-37-38-39-36-34-28-26-23-18-19-16-14-12-15-17-13-25-9-11-10-21-8-5-1-3-48-0,1226.4727025290315,seed707_explore_lns_start59_mixed_random_best_rm20_tw6
0-22-24-27-30-29-6-34-32-33-35-37-38-39-36-4-28-26-23-18-19-16-14-12-15-17-13-25-9-11-10-8-21-20-5-3-0,1226.945805511341,seed710_explore_lns_start85_mixed_best_rm15_tw8
0-20-22-24-27-30-29-6-52-33-32-35-37-38-39-36-31-34-28-23-18-19-16-14-12-15-17-13-25-9-11-10-8-5-2-1-3-0,1229.6384965991765,seed703_explore_lns_start71_mixed_best_rm25_tw15
0-20-22-24-29-28-34-6-32-33-37-35-38-39-36-4-26-23-18-19-16-14-12-15-17-13-25-9-11-10-21-8-5-2-7-3-0,1230.1816983838455,seed605_lns_start33_late_regret_rm8_tw10
0-67-62-27-30-47-64-61-66-69-68-65-49-55-54-53-56-58-60-59-40-44-51-45-57-70-46-50-42-41-43-48-63-21-1-0,1231.1681811682593,seed706_explore_lns_start30_mixed_regret_rm20_tw6
0-22-24-27-29-34-6-32-33-31-35-37-38-39-36-4-28-26-23-18-19-16-14-12-15-17-13-25-9-11-10-8-2-1-7-3-0,1235.2555633301504,seed709_explore_guarded
0-2-67-62-48-43-64-66-69-68-65-49-55-4-53-56-58-60-59-57-40-44-45-54-70-3-63-42-41-47-52-51-46-61-0,1242.2217740748483,seed701_explore_lns_start14_random_regret_rm20_tw10
0-20-22-24-27-30-29-6-32-33-34-35-38-39-36-4-28-26-23-18-19-16-14-12-15-17-13-25-9-11-10-8-21-2-7-3-0,1243.6227922150588,seed703_explore_lns_start56_mixed_best_rm25_tw8
0-67-63-62-48-52-64-66-69-68-65-49-55-4-53-56-58-54-57-40-44-51-45-43-70-61-42-41-46-59-60-50-47-2-0,1244.8031201601734,seed704_explore_lns_start9_mixed_random_best_rm25_tw6
0-1-67-62-63-48-64-66-69-68-65-49-55-54-53-56-58-60-59-57-40-44-46-45-61-70-3-42-41-47-52-50-51-37-26-0,1247.0312887920275,seed707_explore_lns_start60_random_random_best_rm20_tw6
0-20-22-24-27-29-34-6-32-33-37-35-38-39-36-4-28-26-23-18-19-16-14-12-15-17-13-25-9-11-10-8-21-2-1-3-0,1248.5778956447193,seed704_explore_lns_start56_mixed_best_rm25_tw8
0-67-63-62-1-30-64-66-69-68-65-49-55-54-53-56-58-60-59-40-57-44-46-45-61-70-43-42-41-48-8-52-51-50-47-0,1250.650398692017,seed705_explore_lns_start30_random_best_rm20_tw10
0-22-24-27-30-29-6-34-33-32-31-35-38-39-36-4-20-28-23-18-19-16-14-12-15-17-13-25-9-11-10-5-7-1-2-21-0,1253.5632127859353,seed702_explore_lns_start60_mixed_random_best_rm20_tw6
0-20-22-24-27-30-29-6-47-33-32-35-37-38-39-36-34-28-26-23-18-19-16-14-12-15-17-13-25-9-11-10-8-21-5-1-3-0,1256.319033686239,seed701_explore_lns_start48_mixed_regret_rm20_tw10
0-20-22-24-29-32-34-6-33-31-35-37-38-39-36-4-28-26-23-18-19-16-14-12-15-17-13-25-9-10-21-8-5-2-7-3-0,1258.7768866308688,seed704_explore_lns_start31_random_best_rm10_tw12
0-67-62-7-2-31-64-66-69-68-65-49-55-54-53-56-58-60-59-57-40-44-51-45-47-70-61-46-42-41-50-52-43-48-63-0,1262.9576754947852,seed703_explore_lns_start74_random_random_best_rm25_tw15
0-20-22-24-27-30-29-6-32-33-31-35-38-39-36-34-21-26-23-18-19-16-14-12-15-17-13-25-9-11-10-8-5-2-1-7-3-0,1264.235037233835,seed706_explore_lns_start35_late_best_rm25_tw6
0-67-63-62-1-7-61-64-66-69-68-65-49-55-54-53-56-58-60-59-40-44-51-45-46-70-43-32-42-41-50-52-47-48-57-0,1269.0075825306617,seed710_explore_lns_start5_late_random_best_rm20_tw10
0-48-67-62-47-54-64-66-69-68-65-49-55-4-53-56-58-60-59-57-40-44-51-45-70-3-63-42-41-46-50-52-43-5-0,1270.0197263207224,seed703_explore_lns_start78_late_regret_rm25_tw6
0-67-63-62-30-51-64-66-69-68-65-49-55-54-53-56-58-60-59-57-40-44-50-45-3-70-61-43-42-41-46-48-47-52-26-0,1271.6867925248405,seed702_explore_lns_start60_random_best_rm10_tw8
0-67-62-27-30-64-66-69-68-65-49-55-59-60-53-56-58-54-57-40-44-46-51-45-63-70-61-42-41-50-47-43-52-48-1-0,1272.162323716895,seed606_lns_start31_late_regret_rm8_tw15
0-5-22-24-27-30-29-6-32-33-31-35-37-38-39-36-34-28-26-23-18-19-16-14-12-15-17-13-25-9-11-10-8-2-1-21-43-0,1274.1076565531719,seed701_explore_lns_start73_mixed_regret_rm25_tw6
0-20-22-24-27-30-29-6-47-33-35-37-38-39-36-4-28-26-23-18-19-16-14-12-15-17-13-25-9-11-10-8-21-5-2-1-0,1277.6401625372512,seed704_explore_lns_start34_mixed_random_best_rm15_tw12
0-20-22-24-27-30-29-6-33-31-35-37-38-39-36-4-28-26-23-18-19-16-14-12-15-17-13-25-9-11-10-8-2-5-21-34-0,1278.6399581592186,seed709_explore_lns_start5_late_best_rm25_tw12
0-5-67-62-52-51-64-66-69-68-65-49-55-54-53-56-58-60-59-57-40-44-31-45-43-70-61-46-42-41-48-47-50-63-1-0,1279.0559881554557,seed710_explore_lns_start30_late_random_best_rm25_tw10
0-20-22-29-28-34-32-6-31-33-35-37-38-39-36-4-26-23-18-19-16-14-12-15-17-13-25-9-11-10-21-8-5-2-7-3-0,1280.1850853887825,seed603_lns_start30_late_best_rm8_tw10
0-67-63-62-47-50-61-64-66-69-68-65-49-55-4-29-28-26-23-18-19-16-14-12-15-17-13-25-9-11-10-5-2-1-7-3-0,1285.5138269072768,seed608_lns_start11_late_random_best_rm8_tw6
0-67-63-62-52-31-64-66-69-68-65-49-55-4-53-56-58-59-57-40-44-51-50-45-61-70-42-41-54-60-46-47-43-48-0,1285.8054922285141,seed705_explore_lns_start54_mixed_best_rm25_tw12
0-48-67-62-30-51-64-66-69-68-65-49-55-60-53-56-58-54-59-57-40-44-46-45-61-70-43-47-42-41-50-52-37-28-63-0,1292.4480777227907,seed704_explore_lns_start35_late_random_best_rm20_tw8
0-20-22-24-27-30-29-6-28-33-37-35-38-39-36-4-26-23-18-19-16-14-12-15-17-13-25-9-11-10-21-8-5-2-7-3-0,1292.9636011637451,seed708_explore_lns_start34_late_best_rm15_tw15
0-67-63-62-3-1-61-64-66-69-68-65-49-55-53-56-58-60-59-57-40-44-45-46-54-70-48-42-41-47-50-52-31-32-37-0,1293.495528882821,seed703_explore_lns_start56_mixed_random_best_rm15_tw10
0-20-22-24-27-30-29-6-28-33-37-35-38-39-36-4-26-23-18-19-16-14-12-15-17-13-25-9-11-10-21-8-5-2-1-3-0,1294.565416783808,seed709_explore_lns_start34_late_best_rm15_tw8
0-7-67-62-63-61-64-66-69-68-65-49-55-4-53-56-58-60-54-40-44-51-45-70-48-47-43-42-41-46-57-59-50-37-0,1296.966950152645,seed707_explore_lns_start34_late_regret_rm20_tw12
0-67-61-62-27-30-24-64-66-69-68-65-49-55-54-53-56-58-60-59-57-40-44-46-45-70-63-43-42-41-51-50-52-47-48-20-0,1297.9887845520984,seed705_explore_guarded
0-20-22-24-27-30-29-6-32-33-31-35-37-38-39-36-34-28-26-23-18-19-16-14-12-15-17-13-25-9-11-10-21-8-1-3-43-0,1311.5509459914692,seed706_explore_lns_start59_mixed_regret_rm20_tw10
0-20-22-24-27-29-6-34-33-32-31-35-37-38-39-36-28-21-23-18-19-16-14-12-15-17-13-25-9-11-10-8-5-2-1-7-3-0,1319.9257188553906,seed710_explore_lns_start65_late_best_rm25_tw15
0-67-63-62-60-59-64-66-69-68-65-49-55-4-53-56-58-54-57-40-44-46-45-1-70-61-47-42-51-50-52-43-48-32-0,1319.9789909315527,seed604_lns_start5_random_random_best_rm8_tw15
0-67-62-43-47-50-46-64-66-69-68-65-49-55-54-53-56-58-60-59-57-40-44-45-7-3-70-61-42-41-51-52-26-48-63-0,1324.5016469994487,seed707_explore_lns_start60_mixed_best_rm20_tw10
0-21-67-62-63-48-51-64-66-69-68-65-49-55-54-53-56-58-60-59-57-40-44-31-45-70-43-47-42-41-52-50-46-61-2-0,1325.870252126179,seed704_explore_lns_start59_mixed_best_rm25_tw10
0-21-67-62-63-48-64-66-69-68-65-49-55-4-53-56-58-60-54-40-44-43-45-61-70-59-57-42-41-46-47-51-50-1-0,1328.4907737531018,seed705_explore_lns_start0_mixed_random_best_rm25_tw10
0-67-63-62-30-48-64-61-66-69-68-65-49-55-54-53-56-58-60-57-40-44-46-45-1-70-59-50-42-41-43-47-52-51-37-0,1333.0627050409576,seed701_explore_lns_start37_late_random_best_rm20_tw12
0-67-63-62-5-47-64-66-69-68-65-49-55-4-53-56-58-60-57-40-44-46-45-43-70-61-48-42-41-54-59-51-50-31-0,1334.4059336700689,seed701_explore_lns_start55_mixed_random_best_rm25_tw6
0-5-67-62-52-50-64-66-69-68-65-49-55-4-53-56-58-60-40-44-51-45-47-46-70-61-42-43-41-57-59-54-48-63-0,1346.5655848316896,seed702_explore_lns_start51_mixed_best_rm25_tw12
0-67-63-62-30-51-64-66-69-68-65-49-55-54-53-56-58-60-59-57-40-44-46-45-47-43-70-50-42-41-48-61-3-7-1-0,1347.1189089930663,seed706_explore_lns_start84_late_best_rm20_tw15
0-52-67-62-63-61-64-66-69-68-65-49-55-4-53-56-58-60-59-40-44-47-45-70-3-7-48-42-41-46-54-57-51-50-0,1349.018089324899,seed702_explore_lns_start40_late_regret_rm25_tw8
0-22-24-27-29-34-32-6-33-31-35-37-38-39-36-4-28-26-23-18-19-16-14-12-15-17-13-25-9-10-21-8-5-2-7-3-0,1349.9062448367208,seed706_explore_lns_start30_mixed_best_rm15_tw6
0-21-22-24-27-30-29-52-6-32-33-35-37-38-39-36-34-28-26-23-18-19-16-14-12-15-17-13-25-9-11-10-8-5-2-1-3-0,1350.2299118879805,seed705_explore_lns_start50_mixed_best_rm25_tw15
0-67-63-62-48-31-50-64-66-69-68-65-49-55-54-53-56-58-60-59-57-40-44-45-3-70-61-46-42-41-51-52-47-7-1-0,1350.6809997756925,seed710_explore_lns_start85_mixed_best_rm25_tw15
0-22-24-27-30-29-6-34-32-33-35-37-38-39-36-4-31-28-23-18-19-16-14-12-15-17-13-25-9-11-10-8-21-20-5-2-0,1351.571462220652,seed706_explore_lns_start67_mixed_best_rm25_tw8
0-20-22-24-27-30-29-6-34-33-28-35-38-39-36-4-5-23-26-18-19-16-14-12-15-17-13-25-9-11-10-8-21-2-1-3-0,1352.9277756390513,seed708_explore_lns_start56_mixed_best_rm20_tw12
0-20-22-24-27-30-29-6-34-33-28-35-38-39-36-4-26-23-18-19-16-14-12-15-17-13-25-9-11-10-21-8-5-2-7-3-0,1354.4823515089436,seed605_lns_start56_late_random_best_rm6_tw15
0-67-62-52-30-31-64-66-69-68-65-49-55-54-53-56-58-60-59-57-40-44-46-45-43-70-47-42-41-51-50-48-61-63-1-0,1359.9093536955131,seed603_lns_start30_late_regret_rm6_tw10
0-20-22-24-27-30-29-6-51-33-34-35-38-39-36-4-28-26-23-18-19-16-14-12-15-17-13-25-9-11-10-8-21-5-2-1-0,1362.6469199081953,seed707_explore_lns_start34_late_random_best_rm25_tw8
0-20-22-27-29-34-37-6-32-33-31-35-38-39-36-4-28-26-23-18-19-16-14-12-15-17-13-25-9-11-10-8-5-2-7-3-0,1367.0055272932268,seed705_explore_lns_start30_late_best_rm25_tw12
0-67-63-62-7-61-64-66-69-68-65-49-55-4-53-56-58-60-54-40-44-46-45-43-70-59-57-42-41-51-47-48-5-3-0,1367.262369559109,seed705_explore_lns_start78_mixed_random_best_rm25_tw8
0-67-63-62-32-43-64-66-69-68-65-49-55-4-53-56-58-60-59-54-40-44-45-57-70-61-46-42-41-47-50-51-37-48-0,1367.3629284772042,seed704_explore_lns_start34_random_random_best_rm25_tw6
0-67-63-62-48-43-64-66-69-68-65-49-55-4-53-56-58-60-54-40-44-47-45-61-70-3-7-42-41-50-51-46-57-59-0,1370.8895907111591,seed707_explore_lns_start38_mixed_regret_rm25_tw12
0-67-62-63-3-5-64-66-69-68-65-49-55-54-53-56-58-60-59-40-44-43-45-47-48-70-61-57-42-41-46-52-50-51-37-0,1371.0996713694258,seed706_explore_lns_start56_random_best_rm25_tw8
0-20-22-24-28-32-34-6-33-31-35-37-38-39-36-4-26-23-18-19-16-14-12-15-17-13-25-9-11-10-21-8-5-2-7-3-0,1372.6169718504614,seed710_explore_lns_start30_late_best_rm20_tw6
0-22-24-27-29-34-32-6-33-31-35-37-38-39-36-4-18-23-28-26-19-16-14-12-15-17-13-25-9-11-10-8-5-2-7-3-0,1376.4729915094938,seed709_explore_lns_start30_mixed_best_rm25_tw15
0-20-22-24-27-29-34-6-32-33-37-35-38-39-36-4-31-28-23-18-19-16-14-12-15-17-13-25-9-11-10-8-21-5-2-7-0,1377.052276197486,seed706_explore_lns_start60_late_random_best_rm20_tw10
0-20-22-24-27-29-28-6-34-32-33-35-38-39-36-4-5-26-23-18-19-16-14-12-15-17-13-25-9-11-10-8-2-1-7-3-0,1377.5541127918586,seed702_explore_lns_start56_random_best_rm25_tw10
0-20-22-29-27-28-34-6-32-33-35-37-38-39-36-4-3-23-26-18-19-16-14-12-15-17-13-25-9-10-21-8-5-2-7-48-0,1377.8568211352422,seed710_explore_lns_start30_mixed_regret_rm15_tw15
0-20-22-27-29-28-34-6-32-33-37-35-38-39-36-4-26-23-18-19-16-14-12-15-17-13-25-9-11-10-21-8-5-2-7-3-0,1386.934123253762,seed602_lns_start30_late_regret_rm8_tw10
0-20-24-29-27-30-21-6-32-33-31-35-37-38-39-36-34-28-26-23-18-19-16-14-12-15-17-13-25-9-11-10-8-52-50-51-3-0,1387.9544973153095,seed710_explore_lns_start1_random_best_rm20_tw10
0-24-67-62-52-61-64-66-69-68-65-49-55-4-53-56-58-60-59-40-44-51-50-45-70-48-47-42-41-46-57-54-63-3-0,1396.2939480135665,seed708_explore_lns_start13_mixed_regret_rm20_tw10
0-21-67-62-3-48-64-66-69-68-65-49-55-54-53-56-58-60-59-57-40-44-45-43-63-70-46-42-47-41-52-50-51-61-1-0,1396.4008361931612,seed708_explore_lns_start31_late_random_best_rm25_tw12
0-3-67-62-63-37-64-66-69-68-65-49-55-54-53-56-58-60-59-57-40-44-46-45-61-70-51-50-42-41-52-47-43-48-2-0,1401.5057510180322,seed710_explore_lns_start34_mixed_best_rm25_tw15
0-67-63-62-43-52-46-64-66-69-68-65-49-55-54-53-56-58-60-59-57-40-44-47-45-70-7-48-42-41-34-51-50-61-2-0,1405.5496190982951,seed705_explore_lns_start9_late_best_rm20_tw6
0-67-63-62-43-31-64-66-69-68-65-49-55-4-53-56-58-60-57-40-44-46-45-61-70-3-47-42-41-54-59-50-52-48-0,1407.1160720239855,seed710_explore_lns_start17_late_random_best_rm20_tw12
0-48-67-62-63-61-64-66-69-68-65-49-55-4-53-56-58-60-59-57-40-44-45-54-70-7-52-42-41-46-51-50-43-2-0,1410.291013109403,seed703_explore_lns_start9_mixed_regret_rm25_tw6
0-67-63-62-43-60-64-66-69-68-65-49-55-4-53-56-58-54-59-40-44-52-45-57-70-61-46-42-41-51-50-47-7-1-0,1422.1367240725708,seed704_explore_lns_start85_random_random_best_rm25_tw8
0-3-67-62-51-61-64-66-69-68-65-49-55-60-53-56-58-59-54-57-40-44-45-48-63-70-43-47-42-41-46-50-32-52-26-0,1422.8383883932022,seed702_explore_lns_start60_late_random_best_rm25_tw15
0-67-63-62-51-61-64-66-69-68-65-49-55-59-54-53-56-58-60-57-40-44-46-45-47-43-70-1-11-42-41-50-52-31-48-0,1423.3769994683032,seed709_explore_lns_start32_mixed_random_best_rm25_tw6
0-20-67-62-47-52-64-66-69-68-65-49-55-4-53-56-58-54-59-40-44-50-45-43-70-61-42-41-46-60-57-48-63-3-0,1426.374305010618,seed701_explore_lns_start13_mixed_random_best_rm25_tw10
0-67-63-62-52-30-48-64-66-69-68-65-49-55-54-53-56-58-60-59-40-44-50-45-61-70-1-11-42-41-43-47-51-46-57-0,1434.785868516707,seed701_explore_lns_start30_mixed_best_rm20_tw12
0-22-24-27-29-34-32-6-33-31-35-37-38-39-36-4-28-26-23-18-19-16-14-12-15-17-13-25-9-11-10-8-5-1-3-20-0,1437.441796353744,seed709_explore_lns_start85_mixed_random_best_rm10_tw10
0-21-67-62-52-61-64-66-69-68-65-49-55-4-53-56-58-60-59-57-40-44-45-50-70-3-48-42-41-43-51-46-54-63-0,1442.0599706849803,seed703_explore_lns_start13_mixed_regret_rm15_tw8
0-67-62-50-37-30-64-66-69-68-65-49-55-54-53-56-58-60-59-57-40-44-51-45-47-70-61-46-42-41-43-52-48-63-26-0,1447.653145357835,seed701_explore_lns_start60_late_regret_rm15_tw8
0-67-63-62-48-31-64-66-69-68-65-49-55-4-53-56-58-59-57-40-44-47-45-54-70-7-43-42-41-52-50-51-46-61-0,1448.4253031616636,seed703_explore_lns_start44_random_best_rm20_tw10
0-22-67-62-63-43-64-66-69-68-65-49-55-4-53-56-58-59-57-40-44-51-50-45-70-48-42-41-47-52-60-54-61-7-0,1464.8947275073087,seed706_explore_lns_start72_mixed_regret_rm25_tw12
0-67-63-62-30-43-64-66-69-68-65-49-55-4-53-56-58-59-57-40-44-47-45-48-70-54-60-42-41-50-51-46-61-3-0,1473.8586381808682,seed704_explore_lns_start40_mixed_random_best_rm15_tw6
0-67-62-21-31-64-66-69-68-65-49-55-57-59-53-56-58-60-54-40-44-46-47-45-61-70-43-52-42-41-51-50-48-63-1-0,1480.542600487036,seed701_explore_lns_start31_mixed_best_rm25_tw6
0-20-22-24-27-30-29-6-32-33-31-35-34-38-39-36-37-28-26-23-18-19-16-14-12-15-17-13-25-9-11-10-8-21-5-3-51-0,1488.8331939725795,seed704_explore_lns_start85_late_random_best_rm20_tw15
0-67-61-62-47-31-64-66-69-68-65-49-55-4-53-56-58-60-59-40-44-52-45-63-70-54-57-42-41-51-50-43-48-7-0,1490.549496559562,seed709_explore_lns_start15_late_regret_rm20_tw10
0-22-24-27-29-34-32-6-33-31-35-37-38-39-36-4-28-26-23-18-16-14-12-15-17-13-25-9-11-10-8-2-5-21-47-52-0,1496.5334211064928,seed703_explore_lns_start84_mixed_best_rm15_tw8
0-20-22-24-27-30-29-6-46-33-35-32-38-39-36-34-28-26-23-18-19-16-14-12-15-17-13-25-9-11-10-21-8-5-2-1-7-0,1500.196850187198,seed708_explore_lns_start35_late_regret_rm25_tw12
0-48-67-62-43-30-64-61-66-69-68-65-49-55-54-53-56-58-60-59-40-44-50-45-46-57-70-51-42-41-63-3-7-1-2-0,1506.7622594044385,seed709_explore_lns_start83_mixed_best_rm20_tw15
0-5-67-62-61-54-64-66-69-68-65-49-55-4-53-56-58-60-59-57-40-44-46-45-70-63-43-42-41-51-50-52-47-48-20-0,1514.9274440395452,seed706_explore_guarded
0-48-67-62-43-31-64-66-69-68-65-49-55-4-53-56-58-60-59-40-44-51-45-70-54-57-46-42-41-47-52-61-63-7-0,1521.1683444448972,seed703_explore_lns_start15_late_regret_rm25_tw15
0-67-62-43-52-61-64-66-69-68-65-49-55-57-54-53-56-58-60-59-40-44-37-45-47-70-63-46-42-41-51-50-48-7-3-0,1528.458549753796,seed701_explore_lns_start60_mixed_random_best_rm15_tw12
0-3-67-62-63-61-64-66-69-68-65-49-55-4-53-56-58-59-57-40-44-46-45-51-50-70-48-42-41-54-60-47-43-2-0,1528.7238288991564,seed707_explore_lns_start9_late_random_best_rm20_tw15
0-21-67-62-48-61-64-66-69-68-65-49-55-4-53-56-58-60-59-57-40-44-47-45-70-3-43-42-41-46-54-51-52-63-0,1529.3664168005835,seed703_explore_lns_start13_mixed_regret_rm25_tw15
0-67-63-62-43-46-64-66-69-68-65-49-55-4-53-56-58-60-59-54-40-44-45-57-70-7-48-42-41-50-52-31-51-61-0,1535.9373390098567,seed707_explore_lns_start55_mixed_regret_rm20_tw8
0-20-22-24-27-30-29-6-43-33-34-35-38-39-36-4-28-26-23-18-19-16-14-12-15-17-13-25-9-11-10-8-21-5-2-1-0,1536.6259480626563,seed706_explore_lns_start56_mixed_regret_rm10_tw8
0-20-22-24-27-30-29-6-32-33-35-37-38-39-36-34-28-26-23-18-19-16-14-12-15-17-13-25-9-11-10-41-8-21-5-2-1-0,1542.2432691315285,seed701_explore_lns_start38_late_best_rm20_tw8
0-47-67-63-62-61-64-66-69-68-65-49-55-4-53-56-58-60-59-57-40-44-51-45-70-54-46-42-41-50-52-31-48-7-0,1546.9957078110533,seed707_explore_lns_start46_mixed_regret_rm20_tw8
0-3-67-62-63-61-64-66-69-68-65-49-55-54-53-56-58-60-59-57-40-44-51-50-45-43-70-32-31-42-41-47-52-46-48-0,1548.501426603677,seed710_explore_lns_start56_mixed_best_rm25_tw10
0-2-67-62-63-47-64-66-69-48-68-65-49-55-53-56-58-54-59-57-40-44-46-45-43-70-61-60-42-41-51-50-52-37-28-0,1554.9575856553,seed701_explore_lns_start36_mixed_best_rm20_tw12
0-67-62-48-47-43-64-66-69-68-65-49-55-4-53-56-58-54-61-40-44-46-45-57-70-63-42-41-59-60-51-50-52-32-0,1558.0373990585358,seed707_explore_lns_start5_late_best_rm10_tw15
0-67-63-62-43-52-64-66-69-68-65-49-55-54-53-56-58-60-59-57-40-44-51-50-45-46-70-61-42-41-47-31-37-28-24-48-0,1559.3091540382206,seed605_lns_start56_late_random_best_rm5_tw6_guarded
0-20-22-24-27-30-29-6-32-33-35-37-38-39-36-34-28-26-23-18-19-16-14-12-15-17-13-25-9-11-10-21-8-5-2-3-59-0,1560.3443252358413,seed704_explore_lns_start45_mixed_regret_rm25_tw8
0-20-22-32-27-29-6-34-33-31-35-37-38-39-36-4-18-23-28-26-19-16-14-12-15-17-13-25-9-11-10-8-21-5-2-7-0,1560.6813407032198,seed702_explore_lns_start31_mixed_best_rm25_tw6
0-21-67-62-50-51-64-66-69-68-65-49-55-54-53-56-58-60-59-57-40-44-46-45-61-70-63-48-42-41-43-47-52-31-32-28-0,1564.9785855800449,seed603_lns_start56_late_regret_rm8_tw15_guarded
0-67-62-26-30-52-64-66-69-68-65-49-55-54-53-56-58-60-59-57-40-44-46-45-61-70-63-43-42-41-50-51-37-47-1-0,1566.4350289871,seed707_explore_lns_start31_mixed_regret_rm20_tw15
0-3-67-62-30-47-64-66-69-68-65-49-55-54-53-56-58-60-59-57-40-44-50-45-70-52-51-42-46-41-43-48-61-63-2-0,1572.869280138424,seed707_explore_lns_start58_late_random_best_rm20_tw8
0-20-22-24-27-29-6-32-33-31-35-37-38-39-36-34-28-26-23-18-19-16-14-12-15-17-13-25-9-11-10-41-8-5-2-1-3-0,1583.8483546953587,seed707_explore_lns_start76_mixed_best_rm20_tw6
0-20-22-24-27-30-29-6-32-33-35-37-38-39-36-34-28-26-23-18-19-16-14-12-15-17-13-25-9-11-10-41-8-5-2-1-3-0,1584.931231194725,seed702_explore_lns_start63_random_best_rm25_tw6
0-67-63-62-61-57-64-66-69-68-65-49-55-4-53-56-58-60-59-54-40-44-45-46-70-3-43-42-41-51-50-48-7-1-0,1589.103664290979,seed703_explore_lns_start84_late_random_best_rm25_tw6
0-20-22-27-30-52-6-32-33-31-35-37-38-39-36-53-56-58-60-59-54-40-44-45-48-70-43-42-41-21-24-34-51-46-57-0,1591.5832160612733,seed605_lns_start12_late_best_rm6_tw8
0-20-22-24-27-30-29-6-32-33-31-35-38-39-37-36-34-28-26-23-18-19-16-14-12-15-17-13-25-9-11-10-8-2-1-21-60-0,1596.8997514535897,seed708_explore_lns_start78_late_random_best_rm20_tw6
0-51-67-62-3-1-64-66-69-68-65-49-55-54-53-56-58-60-59-57-40-44-46-45-70-63-32-50-42-41-52-47-43-48-61-0,1598.5385325388254,seed709_explore_lns_start5_late_best_rm20_tw10
0-21-22-24-27-30-29-6-34-33-32-31-35-38-39-36-48-26-23-18-19-16-14-12-15-17-13-25-9-11-10-8-5-2-1-7-3-0,1616.5303560325012,seed705_explore_lns_start35_late_regret_rm20_tw12
0-20-22-21-27-29-34-6-32-33-35-37-38-39-36-4-28-26-23-18-19-16-14-12-15-17-13-25-9-11-10-8-5-2-3-31-0,1620.8698345912808,seed702_explore_lns_start32_random_best_rm25_tw12
0-67-62-2-30-47-64-66-69-68-65-49-55-54-53-56-58-59-57-40-44-51-50-45-63-70-61-42-41-46-60-52-43-48-37-0,1628.0629926024694,seed702_explore_lns_start60_mixed_best_rm25_tw12
0-22-24-27-29-34-32-6-33-31-35-37-38-39-36-4-20-21-23-28-26-18-14-12-15-17-13-25-9-11-10-8-2-5-47-52-0,1633.0261236880551,seed608_lns_start83_mixed_best_rm8_tw10
0-67-63-62-3-7-64-66-69-68-65-49-55-54-53-56-58-60-59-57-40-44-46-45-61-70-48-43-42-41-47-51-50-52-31-32-0,1634.2176779863871,seed704_explore_guarded
0-43-67-62-63-61-64-66-69-68-65-49-55-4-53-56-58-60-59-54-40-44-50-45-70-3-48-42-41-46-57-51-31-52-0,1639.5673100395402,seed704_explore_lns_start38_late_regret_rm25_tw10
0-1-67-62-63-46-64-66-69-68-65-49-55-4-53-56-58-60-59-57-40-44-45-61-70-54-43-42-41-47-52-32-50-51-0,1639.631596421878,seed707_explore_lns_start5_late_regret_rm25_tw6
0-22-24-27-30-29-6-34-32-33-35-37-38-39-36-4-28-26-23-18-19-16-14-12-15-17-13-25-9-11-10-8-21-31-20-7-0,1643.1548857347075,seed704_explore_lns_start31_late_random_best_rm25_tw12
0-48-67-62-63-61-64-66-69-68-65-49-55-54-53-36-34-28-26-23-18-19-16-14-12-15-17-13-25-9-11-10-8-5-2-7-3-0,1643.2130367263999,seed710_explore_lns_start86_late_best_rm15_tw12
0-7-67-62-63-61-64-66-69-68-65-49-55-4-53-56-58-51-46-40-44-45-50-48-70-54-42-41-60-59-57-43-47-24-0,1646.1118612710397,seed703_explore_lns_start70_late_random_best_rm20_tw12
0-21-67-62-61-54-64-66-69-68-65-49-55-4-53-56-58-60-59-57-40-44-46-45-70-63-43-42-41-51-50-52-47-48-5-0,1648.7756006438485,seed706_explore_guarded
0-2-67-62-63-43-64-66-69-68-65-49-55-4-53-56-58-60-59-40-44-46-45-47-70-7-21-42-41-57-54-61-48-5-0,1649.4316013912548,seed705_explore_lns_start2_random_random_best_rm25_tw8
0-21-67-62-50-46-64-66-69-68-65-49-55-4-53-56-58-60-59-40-44-52-45-47-43-70-61-42-41-57-54-48-63-7-0,1650.6047514247257,seed705_explore_lns_start41_mixed_random_best_rm20_tw15
0-67-63-62-30-61-64-66-69-68-65-49-55-4-53-56-58-60-57-40-44-50-45-47-43-70-42-41-46-54-59-51-48-7-0,1650.6309991059893,seed702_explore_lns_start70_mixed_random_best_rm25_tw10
0-21-67-62-61-46-64-66-69-68-65-49-55-4-53-56-58-60-59-57-40-44-45-54-70-63-42-41-51-50-52-47-43-48-20-0,1660.6316756860917,seed608_lns_start14_random_best_rm8_tw8_guarded
0-20-24-29-27-30-21-6-32-33-31-35-37-38-39-36-34-28-26-23-18-19-16-14-12-15-17-13-25-9-11-10-8-1-3-52-50-0,1661.3633462352068,seed703_explore_lns_start1_mixed_best_rm25_tw12
0-43-67-62-7-1-64-66-69-68-65-49-55-4-53-56-58-60-59-40-44-51-45-70-54-57-46-42-41-50-52-47-48-63-0,1672.8769440163967,seed709_explore_lns_start42_late_regret_rm20_tw6
0-67-7-3-62-61-64-66-69-68-65-49-55-4-53-56-58-60-57-40-44-51-50-45-70-63-43-42-41-54-59-46-47-31-0,1677.3648768120656,seed704_explore_lns_start39_late_regret_rm20_tw8
0-5-67-62-63-61-64-66-69-68-46-65-49-55-60-53-56-58-59-57-40-44-52-45-1-70-51-50-42-41-54-43-48-47-34-0,1679.0872197612148,seed708_explore_lns_start9_mixed_best_rm25_tw12
0-67-62-48-52-43-64-66-69-68-65-49-55-4-53-56-58-60-59-40-44-46-45-61-70-3-63-42-41-50-54-57-51-37-0,1682.7928884480077,seed708_explore_lns_start7_mixed_random_best_rm20_tw6
0-67-63-62-48-61-64-66-69-68-46-65-49-55-59-53-56-58-60-57-40-44-31-51-45-70-7-47-42-41-50-52-54-43-26-0,1687.8098941027001,seed701_explore_lns_start73_mixed_best_rm25_tw8
0-67-62-61-60-57-64-66-69-68-65-49-55-54-53-56-58-37-32-51-40-44-45-59-70-46-50-42-41-52-47-43-48-63-21-0,1688.0801130132872,seed702_explore_lns_start56_random_random_best_rm25_tw15
0-20-24-29-27-30-21-6-32-33-31-35-37-38-39-36-34-28-26-23-18-19-16-14-12-15-17-13-25-9-11-10-8-1-3-50-51-0,1692.9417485369793,seed608_lns_start1_random_regret_rm4_tw6
0-22-67-62-43-52-64-66-69-68-65-49-55-4-53-56-58-59-57-40-44-47-45-61-70-63-48-42-41-46-60-54-7-3-0,1695.4938372820168,seed705_explore_lns_start3_mixed_best_rm25_tw10
0-67-63-62-3-1-64-66-69-68-65-49-55-4-53-56-58-60-59-40-44-50-45-54-70-57-46-42-41-51-52-47-48-7-0,1696.1384355677749,seed703_explore_lns_start15_late_regret_rm20_tw8
0-67-63-62-43-47-64-66-69-68-65-49-55-4-53-56-58-60-59-40-44-52-45-54-70-61-48-42-41-46-50-51-57-19-0,1702.867729827498,seed710_explore_lns_start57_mixed_best_rm15_tw12
0-67-63-62-27-48-64-66-69-68-65-49-55-4-53-56-58-60-57-40-44-46-45-61-70-54-59-42-41-51-50-52-47-43-20-0,1713.3936589300831,seed706_explore_guarded
0-7-67-62-63-43-64-66-69-68-65-49-55-4-53-56-58-54-57-40-44-46-45-47-70-59-60-42-41-50-51-31-48-3-0,1729.6463770637145,seed709_explore_lns_start40_late_regret_rm25_tw8
0-67-63-62-30-48-64-66-69-68-65-49-55-4-53-56-58-54-59-40-44-46-45-51-47-70-61-42-41-52-50-60-57-3-0,1730.7051282340321,seed710_explore_lns_start14_mixed_random_best_rm20_tw6
0-67-63-62-24-43-64-66-69-68-65-49-55-4-53-56-58-60-59-54-40-44-45-61-70-57-46-42-41-51-50-52-47-48-20-0,1731.7760380325794,seed709_explore_guarded
0-48-67-62-3-7-64-66-69-68-65-49-55-54-53-56-58-60-59-57-40-44-46-45-61-70-63-43-42-41-47-52-50-51-31-34-0,1733.0147054051822,seed708_explore_guarded
0-67-63-62-54-59-64-66-69-68-35-65-49-55-53-56-58-60-57-40-44-46-45-61-70-3-7-43-42-41-51-50-52-47-48-0,1737.7847644399214,seed708_explore_lns_start39_late_random_best_rm25_tw15
0-67-63-62-20-30-24-64-66-69-68-65-49-55-54-53-56-58-60-59-57-40-44-45-48-70-61-46-42-43-41-47-50-51-52-1-0,1748.5363016132096,seed701_explore_lns_start33_late_regret_rm10_tw8
0-48-67-62-63-61-64-66-69-68-65-49-55-4-36-34-28-26-23-18-19-16-14-12-15-17-13-25-9-11-10-8-5-2-7-3-0,1767.8204956250179,seed604_lns_start87_late_best_rm6_tw10
0-22-29-27-28-32-31-6-34-33-37-35-38-39-36-4-26-23-18-19-16-14-12-15-17-13-25-9-11-10-21-8-5-2-7-3-0,1768.2464194019967,seed702_explore_lns_start33_late_random_best_rm15_tw10
0-22-24-27-30-29-6-34-32-33-35-37-38-39-36-4-52-28-23-26-18-14-12-15-17-13-25-9-11-10-8-2-5-21-20-31-0,1773.7783963727786,seed602_lns_start83_late_random_best_rm8_tw8
0-20-22-24-27-30-29-6-34-33-32-35-37-38-39-36-31-28-26-23-18-19-16-14-12-15-17-13-25-9-11-10-8-21-5-3-60-0,1783.505137401335,seed708_explore_lns_start85_mixed_best_rm10_tw8
0-7-67-62-51-64-59-66-69-68-65-49-55-54-53-56-58-60-57-40-44-46-45-61-70-63-48-52-42-41-43-47-50-32-37-0,1784.3296522726448,seed708_explore_lns_start34_random_best_rm25_tw15
0-20-22-24-27-29-32-6-31-33-34-35-37-38-39-36-4-26-23-18-19-16-14-12-15-17-13-25-9-11-10-8-21-5-2-28-0,1785.9356173041479,seed704_explore_lns_start83_late_best_rm20_tw10
0-67-61-62-21-30-20-64-66-69-68-65-49-55-54-53-56-58-60-59-57-40-44-46-45-70-51-50-42-41-43-47-52-48-63-5-0,1792.0291352067136,seed709_explore_guarded
0-67-63-62-48-43-64-66-69-68-65-49-55-4-53-56-58-60-59-40-44-46-45-61-70-54-57-42-41-47-50-51-52-29-21-0,1793.2805795875088,seed703_explore_guarded
0-48-67-62-63-2-64-66-69-68-65-49-55-4-53-56-58-60-59-57-40-44-45-70-7-52-47-42-41-50-51-46-54-61-0,1796.888028656963,seed709_explore_lns_start68_mixed_random_best_rm25_tw10
0-67-63-62-48-52-64-66-69-68-65-49-55-4-53-56-58-60-54-40-44-50-45-3-70-59-57-42-41-46-51-47-61-2-0,1797.7570276017645,seed708_explore_lns_start58_late_regret_rm20_tw6
0-3-67-62-63-61-64-66-69-68-65-49-55-4-53-56-58-60-54-57-40-44-45-70-59-46-42-41-51-50-52-47-43-48-20-0,1797.7851293950714,seed707_explore_guarded
0-48-67-62-63-57-64-66-69-68-65-49-55-4-36-34-28-26-23-18-19-16-14-12-15-17-13-25-9-11-10-8-5-2-7-3-0,1801.5791012500617,seed701_explore_lns_start89_late_random_best_rm25_tw10
0-7-67-62-63-64-59-66-69-68-65-49-55-54-53-56-58-60-57-40-44-52-45-61-70-48-43-42-41-46-47-50-51-31-37-0,1813.061413399922,seed709_explore_lns_start56_random_best_rm25_tw8
0-67-63-62-51-54-64-66-69-68-65-49-55-4-53-56-58-60-59-57-40-44-46-45-70-61-43-42-41-50-31-52-47-48-20-0,1820.4797294604464,seed606_lns_start46_random_random_best_rm5_tw6_guarded
0-67-63-62-20-47-64-66-69-68-65-49-55-4-53-56-58-54-46-40-44-51-52-45-70-3-7-42-41-57-60-59-50-48-0,1821.1346271388084,seed710_explore_lns_start52_late_regret_rm15_tw8
0-67-63-62-52-50-64-66-69-68-65-49-55-4-53-56-58-51-46-40-44-45-47-57-70-61-42-41-54-59-60-43-48-26-0,1831.2261247709039,seed703_explore_lns_start73_late_best_rm25_tw6
0-67-61-62-30-52-64-66-69-68-65-49-55-4-53-56-58-54-40-44-51-45-47-48-70-63-43-42-41-46-60-59-57-1-0,1832.469585953409,seed709_explore_lns_start5_late_regret_rm20_tw6
0-7-67-62-63-47-64-66-69-68-65-49-55-4-53-56-58-60-59-40-44-46-45-54-70-3-43-42-41-52-50-51-57-61-0,1846.4531522163065,seed705_explore_lns_start41_late_regret_rm20_tw6
0-67-62-48-50-61-64-66-69-68-65-49-55-4-53-56-58-60-59-57-40-44-51-45-70-5-43-42-41-46-54-63-3-7-0,1846.9729400562906,seed708_explore_lns_start40_mixed_random_best_rm25_tw6
0-67-63-62-29-48-64-66-69-68-65-49-55-4-53-56-58-50-52-40-44-45-61-70-54-46-42-41-57-59-60-47-43-7-0,1855.7637912134696,seed702_explore_lns_start50_late_random_best_rm20_tw15
0-20-22-24-27-30-29-6-32-33-31-35-37-38-39-36-34-28-26-23-18-19-16-14-12-15-17-13-25-9-11-10-8-5-2-1-7-3-0,1865.4951074546434,seed701_explore_lns_start55_late_best_rm25_tw15
0-3-67-62-63-61-64-66-69-68-65-49-55-36-53-56-58-60-54-57-40-44-46-45-70-59-42-41-48-43-47-50-51-52-34-0,1866.011619025472,seed701_explore_lns_start6_mixed_best_rm15_tw8
0-67-63-62-51-61-64-66-69-48-68-65-49-55-54-53-56-58-59-57-40-44-50-45-43-3-70-60-42-41-46-47-52-34-1-0,1887.7955988794718,seed704_explore_lns_start34_late_random_best_rm20_tw8
0-3-67-62-63-61-64-66-69-68-65-49-55-4-53-56-58-60-59-40-44-46-45-48-70-54-57-42-41-43-47-50-51-52-31-0,1899.4263323334042,seed603_lns_start69_late_best_rm8_tw6_guarded
0-7-67-62-63-47-64-66-69-68-65-49-55-4-53-56-58-60-57-40-44-51-45-50-70-46-42-41-54-59-52-43-48-3-0,1907.0430178845736,seed709_explore_lns_start41_late_regret_rm25_tw15
0-21-22-24-27-30-29-6-32-33-31-35-37-38-39-36-34-28-26-23-18-19-16-14-12-15-17-13-25-9-11-10-8-5-2-1-7-3-0,1908.4680715139152,seed601_lns_start14_late_random_best_rm4_tw15_guarded
0-67-63-62-3-7-64-66-69-68-65-49-55-4-53-56-58-60-54-40-44-46-45-61-70-59-57-42-41-51-50-52-47-43-48-0,1910.242284099185,seed709_explore_guarded
0-67-61-62-20-29-64-66-69-68-65-49-55-4-53-56-58-60-59-40-44-47-45-70-54-57-46-42-41-51-50-52-43-48-63-0,1913.840827402993,seed710_explore_guarded
0-67-61-62-7-1-64-66-69-68-65-49-55-4-53-56-58-54-40-44-46-45-50-47-70-52-51-42-41-60-59-57-48-63-0,1918.9608828966707,seed709_explore_lns_start75_mixed_regret_rm25_tw8
0-20-22-24-27-30-29-6-32-33-31-35-37-38-39-36-34-28-26-23-18-19-16-14-12-15-17-13-25-9-11-10-8-21-5-2-1-7-0,1921.5075849331963,seed601_lns_start14_late_random_best_rm4_tw8_guarded
0-20-22-21-27-24-29-6-32-33-31-35-37-38-39-36-34-28-26-23-18-19-16-14-12-15-17-13-25-9-11-10-8-5-2-1-7-3-0,1926.4157300839354,seed705_explore_lns_start47_late_random_best_rm25_tw8
0-21-67-62-46-57-64-66-69-68-65-49-55-4-53-56-58-60-59-54-40-44-45-61-70-63-42-41-51-50-52-47-43-48-3-0,1926.8045716637102,seed703_explore_guarded
0-67-63-62-27-30-24-64-66-69-68-65-49-55-54-53-56-58-60-59-57-40-44-51-45-70-61-46-50-42-41-43-47-52-48-1-0,1931.2676480071325,seed710_explore_lns_start32_late_best_rm10_tw8
0-67-63-62-47-60-64-66-69-68-65-49-55-4-53-56-58-59-40-44-46-45-43-3-70-61-42-41-54-57-51-50-48-1-0,1934.1233198205305,seed709_explore_lns_start62_mixed_random_best_rm20_tw8
0-67-62-3-7-1-64-66-69-68-65-49-55-4-53-56-58-60-59-40-44-51-50-45-70-61-42-41-43-47-46-57-54-63-0,1943.1375210585902,seed704_explore_lns_start0_late_regret_rm20_tw10
0-22-67-62-52-57-64-66-69-68-65-49-55-4-53-56-58-60-54-40-44-46-45-59-70-61-43-42-41-48-50-51-63-1-0,1952.242608628841,seed707_explore_lns_start0_late_random_best_rm20_tw15
0-67-61-62-7-1-64-66-69-68-65-49-55-4-53-56-58-60-54-40-44-51-50-45-70-48-43-42-41-52-46-57-59-63-0,1956.3506886309538,seed705_explore_lns_start15_mixed_regret_rm25_tw8
0-67-62-21-30-20-64-66-69-68-65-49-55-54-53-56-58-60-59-57-40-44-46-45-61-70-51-50-42-41-43-47-52-48-63-1-0,1956.9135459179406,seed709_explore_lns_start30_mixed_best_rm25_tw15
0-20-22-24-27-30-29-6-32-33-31-35-37-38-39-36-34-28-26-23-18-19-16-14-12-15-17-13-25-9-11-10-8-2-5-21-48-43-0,1965.3318551073073,seed707_explore_lns_start40_late_regret_rm20_tw12
0-20-22-24-27-30-29-6-32-33-31-35-37-38-39-36-34-28-26-23-18-19-16-14-12-15-17-13-25-9-11-10-8-21-5-2-7-3-0,1967.0289837229727,seed701_explore_lns_start0_late_best_rm25_tw6
0-20-22-24-27-30-29-6-32-33-31-35-37-38-39-36-34-28-26-23-18-19-16-14-12-15-17-13-25-9-11-10-8-21-5-2-1-3-0,1968.6307993430355,seed701_explore_lns_start39_random_best_rm25_tw8
0-67-63-62-48-43-64-66-69-68-65-49-55-4-53-56-58-59-57-40-44-46-45-50-52-70-9-42-41-47-51-60-54-61-0,1978.840472096838,seed703_explore_lns_start57_mixed_best_rm20_tw10
0-67-63-62-47-46-64-66-69-68-65-49-55-4-53-56-58-54-59-40-44-43-45-57-70-61-42-48-41-60-50-51-32-1-0,1979.5773379797224,seed705_explore_lns_start5_mixed_random_best_rm15_tw6
0-67-62-3-7-63-64-66-69-68-65-49-55-54-53-56-58-60-59-57-40-44-46-45-61-70-43-50-42-41-51-31-32-34-52-48-0,1983.003633937341,seed704_explore_lns_start34_mixed_random_best_rm15_tw12
0-20-22-24-27-30-29-6-32-33-31-35-37-38-39-36-34-28-26-23-18-19-16-14-12-15-17-13-25-9-11-10-8-2-5-21-48-47-0,1992.6617505948088,seed709_explore_lns_start40_late_regret_rm25_tw8
0-2-67-62-63-54-64-66-69-68-65-49-55-4-53-56-58-59-40-44-51-50-45-61-70-3-43-42-41-57-60-46-47-52-0,2000.2826795096078,seed707_explore_lns_start58_late_regret_rm20_tw8
0-20-22-24-27-30-29-6-32-33-31-35-37-38-39-36-34-28-26-23-18-19-16-14-12-15-17-13-25-9-11-10-8-2-1-5-21-48-0,2006.0801481036685,seed705_explore_lns_start41_late_regret_rm20_tw6
0-48-67-62-7-3-61-64-66-69-68-65-49-55-54-53-56-58-60-59-57-40-44-46-45-70-63-43-42-41-47-52-50-51-37-26-0,2009.997383167777,seed708_explore_lns_start60_random_random_best_rm25_tw8
0-20-22-24-27-30-29-6-32-33-31-35-37-38-39-36-34-28-26-23-18-19-16-14-12-15-17-13-25-9-11-10-8-21-2-1-7-3-0,2011.8803576123983,seed702_explore_lns_start70_late_best_rm25_tw10
0-20-22-24-27-30-29-6-32-33-31-35-37-38-39-36-34-28-26-23-18-19-16-14-12-15-17-13-25-9-11-10-8-21-5-1-7-3-0,2012.2893483445016,seed702_explore_lns_start9_mixed_random_best_rm20_tw15
0-67-63-62-7-2-64-66-69-68-65-49-55-4-53-56-58-50-46-40-44-45-52-43-70-47-51-42-41-57-59-60-54-61-0,2014.8055714794023,seed709_explore_lns_start66_late_random_best_rm25_tw15
0-2-67-62-48-43-64-66-69-68-65-49-55-4-53-56-58-60-57-40-44-46-45-61-70-63-42-41-54-59-51-50-52-47-20-0,2016.2941910582026,seed701_explore_guarded
0-43-67-63-62-61-64-66-69-68-65-49-55-39-53-56-58-60-57-40-44-52-47-45-70-54-59-46-42-41-50-51-37-28-48-0,2017.925286844011,seed708_explore_lns_start35_mixed_regret_rm25_tw8
0-67-63-62-52-51-64-66-69-68-65-49-55-4-53-56-58-60-59-54-40-44-46-45-70-3-42-43-41-57-61-48-7-1-0,2032.3101644524609,seed704_explore_lns_start42_late_regret_rm20_tw15
0-7-67-62-50-51-64-66-69-68-65-49-55-54-53-56-58-60-59-57-40-44-46-45-63-70-61-42-47-41-43-48-52-31-32-37-0,2032.9095447866548,seed603_lns_start56_late_regret_rm8_tw15
0-67-62-20-27-30-48-64-66-69-68-65-49-55-54-53-56-58-60-59-57-40-44-51-45-70-63-43-42-41-50-52-47-46-61-1-0,2035.103709031321,seed710_explore_lns_start30_late_random_best_rm15_tw12
0-21-67-62-63-61-64-66-69-68-65-49-55-4-53-56-58-60-59-40-44-51-45-70-54-57-46-42-41-50-52-47-43-48-26-0,2038.0551268655795,seed704_explore_lns_start71_mixed_regret_rm25_tw8
0-20-22-24-27-30-29-6-32-33-31-35-37-38-39-36-34-28-26-23-18-19-16-14-12-15-17-13-25-21-11-10-8-5-2-1-7-3-0,2041.1833097340743,seed703_explore_lns_start57_mixed_best_rm20_tw10
0-20-22-24-27-30-29-6-32-33-31-35-37-38-39-36-34-28-26-23-18-19-16-14-12-15-17-13-25-9-11-10-8-2-5-21-48-52-0,2043.7567717369002,seed704_explore_lns_start0_late_regret_rm20_tw10
0-20-22-24-27-30-29-6-32-33-31-35-37-38-39-36-34-28-26-23-18-19-16-14-12-15-17-13-25-9-11-10-8-2-5-21-43-47-0,2048.6175501479615,seed704_explore_lns_start38_late_regret_rm15_tw6
0-67-62-27-30-29-48-64-66-69-68-65-49-55-54-53-56-58-60-59-57-40-44-45-63-70-43-47-42-41-51-52-50-46-61-1-0,2057.15369225082,seed710_explore_lns_start30_late_best_rm20_tw6
0-20-22-24-27-30-29-6-33-31-35-37-38-39-51-53-56-58-60-59-57-40-44-45-47-70-54-46-42-41-43-50-52-32-21-1-0,2062.0450723492722,seed708_explore_lns_start88_late_random_best_rm25_tw6
0-20-22-24-27-30-29-6-32-33-31-35-37-38-39-36-34-28-26-23-18-19-16-14-12-15-17-13-25-9-11-10-8-2-1-5-21-43-0,2076.7391354613765,seed706_explore_lns_start39_late_regret_rm20_tw10
0-20-22-24-27-30-29-6-32-33-31-35-37-38-39-36-34-28-26-23-18-19-16-14-12-15-17-13-25-9-11-10-8-2-1-5-21-47-0,2088.721522432275,seed701_explore_lns_start39_late_random_best_rm25_tw8
0-20-22-24-27-29-34-6-32-33-31-35-38-39-36-4-21-26-23-18-19-16-14-12-15-17-13-25-9-11-10-8-5-2-1-7-3-0,2090.831779405382,seed704_explore_lns_start35_late_random_best_rm20_tw8
0-20-22-24-27-29-32-6-34-33-31-35-37-38-36-4-21-26-23-18-19-16-14-12-15-17-13-25-9-11-10-8-5-2-1-7-3-0,2092.804866923958,seed705_explore_lns_start36_late_best_rm20_tw15
0-20-22-24-27-30-29-6-32-33-31-35-37-38-39-36-34-28-26-23-18-19-16-14-12-15-17-13-25-9-11-10-8-2-5-21-47-52-0,2093.031352543485,seed701_explore_lns_start39_late_regret_rm20_tw8
0-67-63-62-1-7-64-66-69-68-65-49-55-4-53-56-58-54-40-44-51-52-45-50-70-3-43-42-41-46-60-59-57-61-0,2094.439785604767,seed709_explore_lns_start40_late_regret_rm25_tw8
0-20-22-24-27-30-29-6-32-33-31-35-34-38-36-4-21-26-23-18-19-16-14-12-15-17-13-25-9-11-10-8-5-2-1-7-3-0,2095.622511265503,seed708_explore_lns_start35_mixed_regret_rm25_tw8
0-20-22-24-27-30-29-6-32-33-31-35-37-38-39-36-34-28-26-23-18-19-16-14-12-15-17-13-25-9-11-10-8-2-5-21-47-50-0,2100.6216576098714,seed704_explore_lns_start42_late_regret_rm20_tw15
0-67-63-62-24-30-47-64-66-69-68-65-49-55-54-53-56-58-60-59-57-40-44-46-45-61-70-48-43-42-41-51-50-52-7-1-0,2102.959957238393,seed702_explore_lns_start32_random_best_rm25_tw12
0-3-67-62-48-52-64-66-69-68-65-49-55-4-53-56-58-54-57-40-44-46-45-51-70-43-42-47-41-60-59-61-63-7-0,2103.6124534880378,seed702_explore_lns_start16_late_random_best_rm20_tw12
0-67-62-1-30-64-66-69-68-65-49-55-4-53-56-58-60-59-54-40-44-46-45-70-48-43-42-41-47-50-51-57-61-63-0,2125.9986810752334,seed706_explore_lns_start42_late_random_best_rm20_tw8
0-20-22-21-27-30-29-6-32-33-31-35-37-38-39-36-34-28-26-23-18-19-16-14-12-15-17-13-25-9-11-10-8-5-2-1-7-43-0,2126.5042130117063,seed708_explore_lns_start13_mixed_regret_rm20_tw10
0-67-63-62-7-5-64-66-69-68-65-49-55-4-53-56-58-59-57-40-44-46-45-61-70-54-60-42-41-51-50-52-47-43-48-0,2135.6138130511677,seed710_explore_lns_start15_random_random_best_rm25_tw15
0-67-63-62-21-30-64-66-69-68-65-49-55-54-53-56-58-60-59-57-40-44-46-45-7-70-61-42-47-41-51-50-52-43-48-26-0,2135.8148372960973,seed705_explore_lns_start67_mixed_random_best_rm25_tw12
0-67-61-62-21-30-64-66-69-68-65-49-55-4-53-56-58-60-59-40-44-47-45-70-54-57-46-42-41-51-50-52-43-48-63-0,2136.334750050107,seed710_explore_lns_start7_random_random_best_rm25_tw6
0-20-22-24-27-30-29-6-32-33-31-35-37-38-39-36-34-28-26-23-18-19-16-14-12-15-17-13-25-9-11-10-8-2-1-5-21-50-0,2140.8146254052863,seed702_explore_lns_start16_late_random_best_rm20_tw12
0-67-63-62-30-47-64-66-69-68-65-49-55-39-53-56-58-60-54-57-40-44-45-59-70-61-46-42-41-51-52-50-43-48-28-0,2152.8866481156924,seed705_explore_lns_start36_late_best_rm20_tw15
0-20-22-24-27-30-29-6-32-33-31-35-37-38-39-36-34-28-26-23-18-19-16-14-12-15-17-13-25-9-11-10-8-5-2-7-3-52-0,2159.760233417344,seed705_explore_lns_start0_mixed_random_best_rm25_tw10
0-67-63-62-21-51-64-66-69-68-65-49-55-4-53-56-58-60-54-40-44-46-45-61-70-59-57-42-41-47-52-50-43-48-7-0,2165.012629777497,seed702_explore_lns_start71_random_best_rm25_tw6
0-20-22-24-27-30-29-6-32-33-31-35-37-38-39-4-28-26-23-18-19-16-14-12-15-17-13-25-9-11-10-8-21-5-2-1-7-0,2165.80020367974,seed701_explore_lns_start6_mixed_best_rm15_tw8
0-20-22-24-27-29-6-32-33-31-35-37-38-39-28-4-21-26-23-18-19-16-14-12-15-17-13-25-9-11-10-8-5-2-1-7-3-0,2169.335703763604,seed602_lns_start6_late_regret_rm5_tw15
0-67-63-62-27-30-64-66-69-68-65-49-55-59-60-53-56-58-54-57-40-44-46-45-70-1-3-43-42-41-51-50-52-47-48-61-0,2170.012743498101,seed703_explore_lns_start32_mixed_random_best_rm25_tw6
0-67-63-62-7-1-64-66-69-68-65-49-55-4-53-56-58-46-40-44-51-52-45-50-70-3-42-41-57-59-60-54-61-48-0,2174.5506990285944,seed704_explore_lns_start38_late_regret_rm15_tw6
0-20-22-24-27-30-29-6-32-33-35-37-38-39-36-34-28-26-23-18-19-16-14-12-15-17-13-25-9-11-10-8-5-2-1-7-3-21-0,2179.3979708236698,seed701_explore_lns_start46_late_random_best_rm10_tw15
0-20-22-24-27-30-29-6-32-33-31-35-37-38-39-36-34-28-26-23-18-16-14-12-15-17-13-25-9-11-10-8-5-2-1-7-3-21-0,2179.5060820979606,seed710_explore_lns_start57_mixed_best_rm15_tw12
0-20-22-24-27-29-52-6-32-33-31-35-37-38-39-36-34-28-26-23-18-19-16-14-12-15-17-13-25-9-11-10-8-5-2-7-3-21-0,2179.7233442352876,seed706_explore_lns_start42_late_random_best_rm20_tw8
0-20-22-24-27-30-29-6-32-33-31-35-37-38-39-36-34-28-26-23-18-19-16-14-12-15-17-13-25-9-11-10-8-2-5-21-43-61-0,2179.990789572324,seed708_explore_lns_start39_late_regret_rm25_tw8
0-20-22-24-27-30-29-6-32-33-31-35-37-38-39-36-28-26-23-18-19-16-14-12-15-17-13-25-9-11-10-8-5-2-1-7-3-21-0,2180.231729742811,seed701_explore_lns_start34_late_random_best_rm20_tw15
0-20-22-24-27-30-29-6-32-33-31-35-38-39-36-34-28-26-23-18-19-16-14-12-15-17-13-25-9-11-10-8-5-2-1-7-3-21-0,2183.192299652979,seed702_explore_lns_start35_late_regret_rm25_tw6
0-20-22-24-27-30-29-6-33-31-35-37-38-39-36-34-28-26-23-18-19-16-14-12-15-17-13-25-9-11-10-8-5-2-1-7-3-21-0,2183.8738396668573,seed707_explore_lns_start5_late_best_rm10_tw15
0-20-22-24-27-30-29-6-32-33-31-35-37-38-39-36-34-28-26-23-18-19-16-14-12-15-17-13-25-9-11-10-8-21-5-1-3-48-0,2191.8413476692485,seed709_explore_lns_start66_late_random_best_rm25_tw15
0-67-63-62-52-30-48-64-66-69-68-65-49-55-54-53-56-58-60-59-40-44-46-45-61-70-57-42-41-51-50-47-43-7-3-1-0,2196.4803536034037,seed704_explore_lns_start83_late_best_rm20_tw10
0-7-67-62-63-61-64-66-69-68-65-49-55-4-53-56-58-60-54-40-44-46-45-52-70-59-57-42-41-47-50-51-43-48-31-0,2198.4283798404576,seed708_explore_lns_start46_mixed_random_best_rm25_tw12
0-7-67-62-63-61-64-66-69-68-65-49-55-4-53-56-58-60-59-40-44-46-45-57-70-54-42-41-47-52-50-51-43-48-26-0,2199.0399906284724,seed603_lns_start69_late_best_rm8_tw6
0-20-22-24-27-29-52-6-32-33-31-35-37-38-39-36-34-28-26-23-18-19-16-14-12-15-17-13-25-9-11-10-8-5-2-1-3-21-0,2200.1719004420424,seed701_explore_lns_start68_late_random_best_rm20_tw15
0-67-63-62-50-51-64-66-69-68-65-49-55-57-59-53-56-58-60-54-40-44-31-45-48-70-61-46-42-41-43-47-52-32-34-1-0,2201.031844174923,seed708_explore_lns_start34_late_best_rm15_tw15
0-1-67-62-63-52-64-66-69-68-65-49-55-4-53-56-58-60-59-40-44-50-45-61-70-3-7-42-41-47-51-46-57-54-0,2202.580505897081,seed707_explore_lns_start40_late_regret_rm20_tw12
0-67-63-62-3-7-64-66-69-68-65-49-55-54-53-56-58-60-59-57-40-44-51-45-46-61-70-42-47-41-48-50-52-31-32-37-0,2203.3618606012324,seed706_explore_lns_start56_mixed_regret_rm10_tw8
0-20-22-24-27-30-29-6-32-33-31-35-37-38-39-36-34-28-26-23-18-19-16-14-12-15-17-13-25-9-11-10-8-21-5-2-7-52-0,2219.039941254305,seed709_explore_lns_start62_mixed_random_best_rm20_tw8
0-67-62-27-30-21-64-66-69-68-65-49-55-60-53-56-58-59-54-57-40-44-46-45-61-70-43-47-42-41-51-50-52-63-48-1-0,2225.8474431139407,seed703_explore_lns_start30_late_best_rm25_tw8
0-67-63-62-61-54-64-66-69-68-65-49-55-4-53-56-58-60-59-57-40-44-51-45-70-46-42-41-50-52-43-47-48-2-7-0,2231.939462901315,seed710_explore_lns_start9_late_best_rm25_tw8
0-20-22-24-27-30-29-6-32-33-31-35-37-38-39-36-34-28-26-23-18-19-16-14-12-15-17-13-25-9-11-10-21-8-5-1-7-48-0,2233.058100256223,seed707_explore_lns_start58_late_regret_rm20_tw8
0-20-22-24-27-30-29-6-52-33-32-35-38-39-60-53-56-58-54-59-40-44-46-45-51-70-61-42-41-43-47-50-31-37-21-1-0,2244.171838190776,seed701_explore_lns_start89_late_random_best_rm25_tw10
0-67-63-62-30-48-64-66-69-68-65-49-55-4-53-56-58-60-57-40-44-46-45-61-70-54-59-42-41-47-52-43-50-51-3-0,2244.206789159845,seed706_explore_lns_start13_random_best_rm15_tw10
0-20-22-24-27-30-29-6-32-33-31-35-37-38-39-36-34-28-26-23-18-19-16-14-12-15-17-13-25-9-11-10-8-5-7-1-21-52-0,2250.0695148959185,seed707_explore_lns_start9_late_random_best_rm20_tw15
0-20-22-24-27-30-29-6-32-33-31-35-37-38-39-36-34-28-26-23-18-19-16-14-12-15-17-13-25-9-11-10-8-21-5-2-3-47-0,2258.341430608517,seed705_explore_lns_start15_mixed_regret_rm25_tw8
0-67-63-62-30-43-64-66-69-68-65-49-55-36-53-56-58-60-54-59-40-44-46-45-57-70-61-42-47-41-51-50-52-48-34-0,2263.0779581890583,seed602_lns_start6_late_regret_rm5_tw15
0-67-62-3-2-5-64-66-69-68-65-49-55-60-53-56-58-59-54-57-40-44-46-45-48-70-63-61-42-41-43-52-51-50-47-1-0,2267.2011156043973,seed704_explore_lns_start31_late_random_best_rm25_tw12
0-67-62-47-52-51-64-66-69-68-65-49-55-4-53-56-58-54-59-57-40-44-45-50-70-61-46-42-41-43-48-63-2-1-7-0,2268.819189051799,seed708_explore_lns_start85_mixed_best_rm10_tw8
0-22-67-62-61-54-64-66-69-68-65-49-55-4-53-56-58-60-59-57-40-44-51-45-70-7-43-42-41-46-50-52-47-48-63-0,2271.411650470826,seed704_explore_lns_start66_random_regret_rm25_tw10
0-5-67-62-47-52-64-66-69-68-65-49-55-4-53-56-58-60-59-40-44-50-45-61-70-54-57-42-41-46-51-31-43-48-63-0,2273.0536177699255,seed709_explore_lns_start49_mixed_best_rm25_tw6
0-20-22-24-27-30-29-6-32-33-31-35-37-38-39-36-34-28-26-23-18-19-16-14-12-15-17-13-25-9-11-10-21-8-5-2-3-48-0,2273.216143445961,seed704_explore_lns_start85_random_random_best_rm25_tw8
0-20-22-24-27-30-29-6-52-33-31-35-37-38-39-36-34-28-26-23-18-19-16-14-12-15-17-13-25-9-11-10-8-21-5-2-7-3-0,2274.9912491780397,seed705_explore_lns_start5_mixed_random_best_rm15_tw6
0-20-22-24-27-30-29-6-32-33-31-35-37-38-39-36-34-28-26-23-18-19-16-14-12-15-17-13-25-9-11-10-21-8-5-2-1-61-0,2277.924867630641,seed707_explore_lns_start13_late_regret_rm20_tw10
0-67-63-62-3-1-64-66-69-68-65-49-55-4-53-56-58-59-57-40-44-46-45-61-70-54-60-42-41-51-50-52-47-43-48-0,2281.889854159431,seed701_explore_lns_start0_late_random_best_rm20_tw6
0-22-67-62-63-47-64-66-69-68-65-49-55-4-53-56-58-60-59-40-44-51-45-61-70-54-57-42-41-46-43-48-5-2-7-0,2282.911593504542,seed703_explore_lns_start1_mixed_best_rm25_tw12
0-20-22-24-27-30-29-6-34-33-31-35-38-39-36-4-28-26-23-18-19-16-14-12-15-17-13-25-9-11-10-8-5-2-1-7-3-0,2292.504579231602,seed702_explore_lns_start56_random_random_best_rm25_tw15
0-67-63-62-48-46-64-66-69-68-65-49-55-54-53-56-58-60-59-57-40-44-51-47-45-61-70-43-50-42-41-3-7-1-16-19-0,2292.8225170710966,seed602_lns_start83_late_random_best_rm8_tw8
0-20-22-24-27-29-34-6-32-33-31-35-38-39-36-4-28-26-23-18-19-16-14-12-15-17-13-25-9-11-10-8-5-2-1-7-3-0,2294.247773230284,seed701_explore_lns_start60_mixed_random_best_rm25_tw8
0-20-22-24-27-30-29-6-31-33-32-35-37-38-39-36-34-28-26-23-18-19-16-14-12-15-17-13-25-9-11-10-8-21-5-2-3-43-0,2295.406710686179,seed709_explore_lns_start75_mixed_regret_rm25_tw8
0-22-67-62-63-61-64-66-69-68-65-49-55-4-53-56-58-60-57-40-44-47-45-46-70-54-59-42-41-43-48-5-2-1-7-0,2298.0980906083255,seed710_explore_lns_start1_random_best_rm20_tw10
0-3-67-62-63-61-64-66-69-68-65-49-55-4-53-56-58-60-57-40-44-52-45-48-70-54-59-42-41-43-47-50-51-31-37-0,2299.914604328235,seed708_explore_lns_start35_late_regret_rm25_tw12
0-20-22-24-27-30-29-6-32-33-31-35-37-38-39-36-34-28-26-23-18-19-16-14-12-15-17-13-25-9-11-10-8-21-5-1-3-47-0,2301.2912759521987,seed703_explore_lns_start9_mixed_regret_rm25_tw6
0-67-63-62-30-61-64-66-69-68-65-49-55-4-53-56-58-54-57-40-44-51-45-70-59-60-46-42-41-50-52-43-47-48-7-0,2304.1282289162054,seed702_explore_lns_start16_late_random_best_rm20_tw8
0-21-67-62-63-48-64-66-69-68-65-49-55-4-53-56-58-54-59-40-44-46-45-43-70-61-42-41-47-52-50-51-60-57-31-0,2305.3397629127744,seed701_explore_lns_start51_mixed_best_rm25_tw8
0-52-22-24-27-30-29-6-32-33-31-35-37-38-39-36-34-28-26-23-18-19-16-14-12-15-17-13-25-9-11-10-8-21-20-5-2-1-0,2309.1540883408547,seed710_explore_lns_start54_mixed_regret_rm25_tw8
0-20-22-24-27-30-29-6-31-33-32-35-37-38-39-36-34-28-26-23-18-19-16-14-12-15-17-13-25-9-11-10-8-5-2-1-3-51-0,2311.5057697417315,seed705_explore_lns_start41_mixed_random_best_rm20_tw15
0-21-22-24-27-30-34-6-32-33-35-37-38-39-36-4-28-26-23-18-19-16-14-12-15-17-13-25-9-11-10-8-5-2-1-7-3-0,2311.9737798916044,seed703_explore_guarded
0-67-62-46-57-54-64-66-69-68-65-49-55-4-53-56-58-60-59-40-44-51-45-3-70-63-61-42-41-43-47-50-52-48-2-0,2313.9102704610677,seed705_explore_lns_start58_random_regret_rm25_tw6
0-20-22-24-27-30-29-6-32-33-31-35-37-38-39-36-34-28-26-23-18-19-16-14-12-15-17-13-25-9-11-10-21-8-5-1-7-43-0,2315.5070470173578,seed708_explore_lns_start58_late_regret_rm20_tw6
0-67-63-62-48-31-64-61-66-69-68-65-49-55-54-53-56-58-59-57-40-44-43-45-70-3-7-1-42-41-47-52-50-51-46-60-0,2319.7272439972,seed709_explore_guarded
0-20-22-24-27-30-29-6-34-33-31-35-38-39-36-4-28-26-23-18-19-16-14-12-15-17-13-25-9-11-10-8-21-5-2-1-7-0,2322.2403438125157,seed705_explore_lns_start56_mixed_best_rm25_tw8
0-21-67-62-61-54-64-66-69-68-65-49-55-4-53-56-58-60-59-40-44-46-45-57-70-47-52-42-41-43-50-51-34-48-63-0,2322.458206846539,seed706_explore_lns_start6_random_best_rm25_tw8
0-1-67-62-63-61-64-66-69-68-65-49-55-4-53-56-58-60-54-57-40-44-46-45-70-7-43-42-41-51-50-52-47-48-31-0,2322.8822398369743,seed704_explore_lns_start45_mixed_regret_rm25_tw8
0-21-20-24-27-30-29-6-32-33-31-35-37-38-39-36-34-28-26-23-18-19-16-14-12-15-17-13-25-9-11-10-8-5-2-1-3-46-0,2323.384272865973,seed706_explore_lns_start72_mixed_regret_rm25_tw12
0-20-22-24-27-30-29-6-34-33-37-35-38-39-36-4-28-26-23-18-19-16-14-12-15-17-13-25-9-11-10-8-21-5-2-1-7-0,2323.6861309002265,seed601_lns_start56_mixed_regret_rm5_tw6
0-20-22-24-27-30-29-6-52-33-32-35-37-38-39-36-34-28-26-23-18-19-16-14-12-15-17-13-25-9-11-10-8-2-1-5-21-48-0,2325.8109116111536,seed704_explore_lns_start39_late_regret_rm20_tw8
0-20-22-24-27-30-29-6-32-33-31-35-37-38-39-36-34-28-26-23-18-19-16-14-12-15-17-13-25-9-11-10-8-2-1-21-47-52-0,2327.066152030549,seed708_explore_lns_start40_mixed_random_best_rm25_tw6
0-20-22-21-24-27-29-6-32-33-31-35-37-38-39-36-34-28-26-23-18-19-16-14-12-15-17-13-25-9-11-10-8-5-2-7-3-50-0,2330.122481272049,seed709_explore_lns_start5_late_regret_rm20_tw6
0-20-22-24-27-30-29-6-52-33-32-35-37-38-39-36-34-28-26-23-18-19-16-14-12-15-17-13-25-9-11-10-8-5-2-1-3-21-0,2330.3478516276937,seed701_explore_lns_start72_mixed_random_best_rm25_tw12
0-3-67-62-63-61-64-66-69-68-65-49-55-4-53-56-58-54-57-40-44-47-45-48-70-59-60-42-41-46-43-52-50-51-32-0,2339.3690476105708,seed706_explore_lns_start5_late_random_best_rm20_tw12
0-20-22-24-27-30-29-6-32-33-31-35-37-38-39-36-34-28-26-23-18-19-16-14-12-15-17-13-25-9-11-10-21-8-2-1-7-61-0,2339.731757762706,seed703_explore_lns_start78_late_regret_rm25_tw6
0-22-24-27-30-29-6-32-33-31-35-37-38-39-36-4-28-26-23-18-19-16-14-12-15-17-13-25-9-11-10-8-21-20-5-2-7-0,2343.565405475279,seed704_explore_lns_start34_late_random_best_rm20_tw8
0-20-22-24-27-30-6-34-32-33-35-37-38-39-36-53-56-58-60-59-54-40-44-45-70-57-46-42-41-21-8-52-51-43-48-31-0,2347.2078093492505,seed701_explore_lns_start10_mixed_random_best_rm10_tw8
0-20-22-24-27-30-29-6-33-31-35-37-38-39-36-34-28-26-23-18-19-16-14-12-15-17-13-25-9-11-10-21-8-5-2-7-3-48-0,2347.3395068722944,seed707_explore_lns_start5_late_regret_rm25_tw6
0-5-67-62-60-59-64-66-69-68-65-49-55-4-53-56-58-54-57-40-44-46-45-43-70-63-61-42-41-51-50-52-47-48-3-0,2347.8157509903913,seed705_explore_lns_start56_mixed_best_rm20_tw10
0-1-22-27-30-29-6-32-33-31-35-37-38-39-4-56-58-60-59-57-40-44-51-45-46-70-52-50-42-41-43-47-20-24-21-0,2348.510423336477,seed710_explore_lns_start86_late_best_rm15_tw12
0-22-24-27-30-29-6-34-32-33-35-37-38-39-36-4-28-26-23-18-19-16-14-12-15-17-13-25-9-11-10-8-2-5-21-20-43-0,2349.3702129372314,seed710_explore_lns_start85_mixed_best_rm25_tw15
0-47-20-24-27-30-29-6-32-33-31-35-37-38-39-36-34-28-26-23-18-19-16-14-12-15-17-13-25-9-11-10-8-5-2-7-3-21-0,2350.0012824269793,seed707_explore_lns_start0_late_random_best_rm20_tw15
0-20-22-24-27-29-32-6-34-33-31-35-38-39-36-4-28-26-23-18-19-16-14-12-15-17-13-25-9-11-10-8-21-5-2-1-7-0,2352.1535873934267,seed703_explore_lns_start60_late_regret_rm15_tw15
0-67-62-3-30-29-64-66-69-68-65-49-55-54-53-56-58-60-59-57-40-44-45-48-63-70-61-46-42-41-43-47-52-50-51-1-0,2355.729420531873,seed703_explore_lns_start33_late_regret_rm10_tw10
0-67-63-62-5-21-64-66-69-68-65-49-55-4-53-56-58-60-59-54-40-44-45-61-70-57-50-42-41-46-52-47-43-48-7-0,2363.7810619876172,seed703_explore_lns_start51_random_random_best_rm25_tw15
0-20-22-24-27-30-29-6-52-33-32-35-37-38-39-36-34-28-26-23-18-19-16-14-12-15-17-13-25-9-11-10-8-2-1-7-3-21-0,2367.1597980248853,seed701_explore_lns_start55_mixed_random_best_rm25_tw6
0-20-22-24-27-30-29-6-32-33-34-35-38-39-36-4-28-26-23-18-19-16-14-12-15-17-13-25-9-11-10-8-21-5-2-1-3-0,2369.19925149915,seed709_explore_lns_start56_random_best_rm25_tw8
0-20-22-24-27-30-29-6-34-33-31-35-38-39-36-4-28-26-23-18-19-16-14-12-15-17-13-25-9-11-10-8-21-5-2-1-3-0,2369.3635582223546,seed708_explore_lns_start34_random_best_rm25_tw15
0-20-22-24-27-30-29-6-32-33-31-35-37-38-39-36-34-28-26-23-18-19-16-14-12-15-17-13-25-9-11-10-21-8-5-2-3-61-0,2369.7965849720285,seed709_explore_lns_start42_late_regret_rm20_tw6
0-20-22-24-27-29-34-6-32-33-37-35-38-39-36-4-28-26-23-18-19-16-14-12-15-17-13-25-9-11-10-8-21-5-2-7-3-0,2370.950723688685,seed601_lns_start33_late_regret_rm5_tw10
0-22-24-27-30-29-6-34-32-33-35-37-38-39-36-4-28-26-23-18-19-16-14-12-15-17-13-25-9-11-10-8-21-20-5-2-1-0,2375.7022786174593,seed704_explore_lns_start14_mixed_best_rm20_tw8
0-20-22-24-27-30-29-6-32-33-31-35-38-39-36-34-28-26-23-18-19-16-14-12-15-17-13-25-9-11-10-8-5-2-1-7-21-47-0,2382.1433264641487,seed705_explore_lns_start7_mixed_best_rm15_tw15
0-20-22-24-27-30-29-6-52-33-31-35-38-39-36-34-28-26-23-18-19-16-14-12-15-17-13-25-9-11-10-8-5-2-1-7-3-21-0,2385.2682646704643,seed704_explore_lns_start34_random_random_best_rm25_tw6
0-67-63-62-30-52-64-61-66-69-68-65-49-55-54-53-56-58-60-59-40-44-46-45-47-70-57-42-41-51-31-50-43-48-5-7-0,2386.2915221003855,seed704_explore_lns_start56_mixed_best_rm25_tw8
0-20-22-24-27-30-29-6-32-33-31-35-37-38-39-36-34-28-26-23-18-19-16-14-12-15-17-13-25-9-11-10-8-21-50-52-2-1-0,2390.703126917282,seed705_explore_lns_start78_mixed_random_best_rm25_tw8
0-67-62-21-30-47-43-64-66-69-68-65-49-55-54-53-56-58-60-59-40-44-46-45-61-70-63-52-42-41-50-51-31-37-48-57-0,2391.8427919066608,seed702_explore_lns_start56_random_best_rm25_tw10
0-20-22-24-27-30-34-6-33-31-35-37-38-39-36-4-28-26-23-18-19-16-14-12-15-17-13-25-9-11-10-8-21-5-2-7-3-0,2393.817856101913,seed703_explore_lns_start5_late_random_best_rm25_tw6
0-20-22-24-27-30-29-6-32-33-31-35-37-38-39-36-34-28-26-23-18-19-16-14-12-15-17-13-25-9-11-10-21-8-5-1-3-43-0,2395.31180775112,seed709_explore_lns_start68_mixed_random_best_rm25_tw10
0-67-62-52-50-51-64-66-69-68-65-49-55-4-53-56-58-60-59-57-40-44-46-45-70-61-54-42-41-43-47-48-63-7-1-0,2396.404273784504,seed705_explore_lns_start43_late_best_rm20_tw8
0-20-22-24-27-29-32-6-34-33-31-35-38-39-36-4-28-26-23-18-19-16-14-12-15-17-13-25-9-11-10-8-21-5-2-7-3-0,2397.674986183203,seed701_explore_lns_start37_late_random_best_rm20_tw12
0-22-24-27-30-29-6-31-32-33-34-37-38-39-36-4-28-26-23-18-19-16-14-12-15-17-13-25-9-11-10-8-21-20-5-2-1-0,2403.0379926475443,seed708_explore_lns_start39_late_random_best_rm25_tw15
0-20-22-29-27-30-52-6-32-33-31-35-37-38-39-36-34-28-26-23-18-19-16-14-12-15-17-13-25-9-11-10-8-5-2-1-3-21-0,2406.493154384465,seed703_explore_lns_start70_late_random_best_rm20_tw12
0-20-22-24-27-30-29-6-52-33-32-35-31-38-39-36-34-28-26-23-18-19-16-14-12-15-17-13-25-9-11-10-8-21-5-2-1-3-0,2410.263593748415,seed707_explore_lns_start34_late_regret_rm20_tw12
0-20-22-24-27-30-29-6-47-33-32-35-37-38-39-36-34-28-26-23-18-19-16-14-12-15-17-13-25-9-11-10-8-5-2-1-7-21-0,2412.374576408784,seed704_explore_lns_start38_late_regret_rm25_tw10
0-20-22-24-27-29-43-6-31-33-32-35-37-38-39-36-34-28-26-23-18-19-16-14-12-15-17-13-25-9-11-10-8-5-2-1-7-21-0,2413.211589242674,seed710_explore_lns_start14_mixed_random_best_rm20_tw6
0-20-22-24-27-30-29-6-34-33-32-35-37-38-39-36-31-28-23-18-19-16-14-12-15-17-13-25-9-11-10-8-5-2-1-7-3-21-0,2418.543404986166,seed703_explore_lns_start73_late_best_rm25_tw6
0-20-22-24-27-30-29-6-50-33-32-35-37-38-39-36-34-28-26-23-18-19-16-14-12-15-17-13-25-9-11-10-8-5-2-1-3-21-0,2419.990836391277,seed702_explore_lns_start49_mixed_regret_rm20_tw8
0-67-61-62-27-47-64-66-69-68-65-49-55-4-53-56-58-60-59-57-40-44-45-54-70-7-2-42-41-46-51-50-43-48-63-0,2420.5183009260604,seed704_explore_lns_start9_late_regret_rm25_tw10
0-3-67-62-48-43-61-64-66-69-68-65-49-55-54-53-56-58-60-59-57-40-44-45-7-70-63-46-42-41-47-50-52-31-32-37-0,2425.806272943121,seed707_explore_lns_start34_late_random_best_rm25_tw8
0-21-20-24-27-30-29-6-32-33-31-35-37-38-39-36-34-28-26-23-18-19-16-14-12-15-17-13-25-9-11-10-8-5-2-1-50-51-0,2426.8886598596378,seed705_explore_lns_start3_mixed_best_rm25_tw10
0-20-22-24-29-32-34-6-33-31-35-37-38-39-36-4-28-26-23-18-19-16-14-12-15-17-13-25-9-11-10-8-21-5-2-7-3-0,2428.6967881784603,seed608_lns_start30_late_random_best_rm8_tw8
0-22-24-27-30-29-6-34-33-32-31-35-38-39-36-4-28-26-23-18-19-16-14-12-15-17-13-25-9-11-10-8-21-20-5-2-1-0,2433.1582637032366,seed701_explore_lns_start60_mixed_random_best_rm15_tw12
0-20-22-24-27-29-34-6-32-33-31-35-38-39-36-4-3-28-23-18-19-16-14-12-15-17-13-25-9-11-10-8-21-5-2-1-7-0,2434.066934635255,seed701_explore_lns_start60_late_regret_rm15_tw8
0-67-63-62-3-61-64-66-69-68-65-49-55-4-53-56-58-59-57-40-44-46-45-43-70-54-60-42-41-47-48-21-5-2-7-0,2436.075767951174,seed708_explore_lns_start4_mixed_best_rm25_tw10
0-20-22-24-27-30-29-6-32-33-51-35-37-38-39-36-34-28-26-23-18-19-16-14-12-15-17-13-25-9-11-10-8-5-2-1-7-21-0,2438.5678694771714,seed710_explore_lns_start17_late_random_best_rm20_tw12
0-22-24-27-30-29-6-34-33-31-35-37-38-39-36-4-28-26-23-18-19-16-14-12-15-17-13-25-9-11-10-8-21-20-5-2-7-0,2440.8743145925228,seed709_explore_lns_start5_late_best_rm20_tw10
0-22-24-27-29-34-6-32-33-31-35-37-38-39-36-4-28-26-23-18-19-16-14-12-15-17-13-25-9-11-10-8-21-20-5-2-1-0,2450.0348785903684,seed708_explore_lns_start74_mixed_random_best_rm25_tw8
0-67-63-62-1-5-64-66-69-68-65-49-55-59-54-53-56-58-60-57-40-44-46-45-70-47-52-50-42-41-43-51-37-31-48-61-0,2451.4147090200518,seed703_explore_lns_start56_mixed_best_rm25_tw8
0-67-63-62-48-30-64-66-69-68-65-49-55-4-53-56-58-60-54-57-40-44-50-45-70-61-43-42-41-52-31-51-47-46-59-0,2460.619698452744,seed710_explore_lns_start48_mixed_random_best_rm25_tw8
0-20-22-24-27-30-51-6-32-33-31-35-37-38-39-36-34-28-26-23-18-19-16-14-12-15-17-13-25-9-11-10-8-5-2-1-3-21-0,2464.6337445699774,seed702_explore_lns_start50_late_random_best_rm20_tw15
0-43-22-24-27-30-29-6-32-33-31-35-37-38-39-36-34-28-26-23-18-19-16-14-12-15-17-13-25-9-11-10-8-21-5-2-1-61-0,2473.861558700396,seed710_explore_lns_start52_late_regret_rm15_tw8
0-67-62-20-30-43-64-66-69-68-65-49-55-54-53-56-58-60-59-57-40-44-46-45-61-70-51-50-42-41-48-63-3-7-1-19-0,2477.384678884202,seed703_explore_lns_start84_mixed_best_rm15_tw8
0-43-67-62-60-59-64-66-69-68-65-49-55-4-53-56-58-54-57-40-44-50-45-63-70-61-42-41-47-51-52-46-48-2-1-0,2479.387320263907,seed704_explore_lns_start85_random_best_rm20_tw6
0-20-22-24-27-29-32-6-34-33-31-35-38-39-36-4-21-28-23-18-19-16-14-12-15-17-13-25-9-11-10-8-5-2-7-3-48-0,2484.648217887138,seed707_explore_lns_start31_mixed_regret_rm20_tw15
0-67-63-62-47-31-64-66-69-68-65-49-55-4-53-56-58-54-59-40-44-46-45-61-70-43-42-41-57-60-51-50-52-48-1-0,2485.482631820355,seed702_explore_lns_start49_mixed_best_rm25_tw8
0-22-24-27-30-29-6-34-33-31-35-37-38-39-36-4-20-28-23-18-19-16-14-12-15-17-13-25-9-11-10-8-21-5-2-1-7-0,2486.3645547728765,seed702_explore_lns_start60_late_random_best_rm25_tw15
0-5-67-62-63-61-64-66-69-68-65-49-55-4-53-56-58-60-59-57-40-44-50-45-70-43-47-42-41-46-54-51-52-48-28-0,2488.1657666036845,seed707_explore_lns_start35_mixed_random_best_rm25_tw12
0-67-62-21-30-52-64-66-69-68-65-49-55-54-53-56-58-60-59-57-40-44-51-45-2-70-61-46-42-41-43-47-50-48-63-7-0,2488.2557981942437,seed709_explore_lns_start85_mixed_random_best_rm10_tw10
0-20-22-24-27-29-34-6-32-33-31-35-38-39-36-4-28-26-23-18-19-16-14-12-15-17-13-25-9-11-10-8-5-1-7-3-21-0,2488.688060445032,seed702_explore_lns_start60_mixed_best_rm25_tw12
0-22-24-27-30-29-6-34-33-31-35-37-38-39-36-4-28-26-23-18-19-16-14-12-15-17-13-25-9-11-10-8-21-20-5-2-3-0,2489.2416547673565,seed710_explore_lns_start5_late_random_best_rm20_tw10
0-22-24-27-30-29-6-34-33-32-31-35-38-39-36-4-7-28-23-18-19-16-14-12-15-17-13-25-9-11-10-8-21-20-5-2-1-0,2490.905670244426,seed706_explore_lns_start60_mixed_best_rm15_tw12
0-22-24-27-30-29-6-34-32-33-35-37-38-39-36-4-20-28-23-18-19-16-14-12-15-17-13-25-9-11-10-8-21-5-2-1-3-0,2492.2758551847696,seed701_explore_lns_start73_mixed_best_rm25_tw8
0-22-24-27-30-29-6-34-33-32-31-35-38-39-36-4-20-26-23-18-19-16-14-12-15-17-13-25-9-11-10-8-5-1-7-3-21-0,2494.9557388313024,seed701_explore_lns_start36_mixed_best_rm20_tw12
0-22-24-27-30-29-6-32-33-31-35-37-38-39-36-4-34-28-23-18-19-16-14-12-15-17-13-25-9-11-10-8-21-20-5-2-1-0,2497.6961849596723,seed707_explore_lns_start60_mixed_best_rm20_tw10
0-22-24-27-30-29-6-34-32-33-35-37-38-39-36-4-28-26-23-18-19-16-14-12-15-17-13-25-9-11-10-8-5-2-7-3-20-0,2498.6376831605885,seed701_explore_lns_start31_mixed_best_rm25_tw6
0-67-63-62-30-43-64-66-69-68-65-49-55-54-53-56-58-60-59-57-40-44-50-45-61-70-3-48-42-41-46-51-52-47-37-26-0,2502.171148949121,seed603_lns_start60_late_regret_rm5_tw15
0-22-24-27-29-34-32-6-33-31-35-37-38-39-36-4-28-26-23-18-19-16-14-12-15-17-13-25-9-11-10-8-5-21-20-47-52-0,2503.9459844589933,seed709_explore_lns_start83_mixed_best_rm20_tw15
0-22-24-27-30-29-6-32-33-31-35-37-38-39-36-4-28-26-23-18-19-16-14-12-15-17-13-25-9-11-10-8-21-20-5-1-3-0,2504.405756091978,seed705_explore_lns_start9_late_best_rm20_tw6
0-20-67-62-63-54-64-66-69-68-65-49-55-4-53-56-58-60-59-57-40-44-46-45-61-70-43-47-42-41-51-50-52-37-28-0,2506.7764297762,seed705_explore_lns_start35_late_regret_rm20_tw12
0-3-67-62-63-61-64-66-69-68-65-49-55-4-53-56-58-59-57-40-44-47-45-70-7-5-43-42-41-48-52-50-51-46-54-0,2516.465336961842,seed708_explore_lns_start78_late_random_best_rm20_tw6
0-20-22-24-27-29-52-6-32-33-34-35-37-38-39-36-31-28-26-23-18-19-16-14-12-15-17-13-25-9-11-10-8-21-5-2-1-7-0,2517.8955911562243,seed704_explore_lns_start40_mixed_random_best_rm15_tw6
0-22-24-27-29-34-32-6-33-31-35-37-38-39-36-4-28-26-23-18-19-16-14-12-15-17-13-25-9-11-10-8-2-5-21-20-52-0,2520.623453256925,seed703_explore_lns_start83_late_best_rm20_tw10
0-21-67-62-54-59-64-66-69-68-65-49-55-4-53-56-58-60-57-40-44-51-45-7-70-61-46-42-50-31-52-47-43-48-63-0,2522.1022805937105,seed708_explore_lns_start55_random_best_rm20_tw8
0-22-24-27-29-34-32-6-33-31-35-37-38-39-36-4-28-26-23-18-19-16-14-12-15-17-13-25-9-11-10-8-21-20-5-2-7-0,2532.655074515493,seed604_lns_start30_mixed_random_best_rm8_tw10
0-22-24-27-30-29-6-34-32-33-35-37-38-39-36-4-28-26-23-18-19-16-14-12-15-17-13-25-9-11-10-8-2-5-21-20-31-0,2536.2788774570326,seed702_explore_lns_start39_late_best_rm25_tw8
0-20-22-24-27-30-29-6-52-33-32-35-38-39-37-36-34-28-26-23-18-19-16-14-12-15-17-13-25-9-11-10-8-21-5-2-1-61-0,2540.2630688162126,seed709_explore_lns_start40_late_regret_rm25_tw8
0-22-24-27-30-29-6-34-32-33-35-37-38-39-36-4-28-26-23-18-19-16-14-12-15-17-13-25-9-11-10-8-5-1-7-3-20-0,2557.944917851641,seed704_explore_lns_start59_mixed_best_rm25_tw10
0-67-7-3-62-61-64-66-69-68-65-49-55-4-53-56-58-60-59-40-44-50-45-70-54-57-46-42-51-31-52-47-43-48-63-0,2558.7931269005176,seed701_explore_lns_start38_late_best_rm20_tw8
0-67-63-62-27-43-64-66-69-68-65-49-55-4-53-56-58-59-54-57-40-44-46-45-70-3-48-42-41-47-52-50-51-61-60-0,2560.168134483546,seed703_explore_lns_start13_mixed_regret_rm25_tw10
0-21-67-62-52-50-64-66-69-68-65-49-55-4-53-56-58-60-54-40-44-46-45-61-70-43-47-42-41-51-59-57-48-63-1-0,2560.356396899821,seed705_explore_lns_start42_random_random_best_rm25_tw15
0-22-24-27-30-29-6-34-32-33-35-37-38-39-36-4-28-26-23-18-19-16-14-12-15-17-13-25-9-11-10-8-21-20-5-1-3-0,2560.502751211284,seed703_explore_lns_start74_random_random_best_rm25_tw15
0-20-22-24-27-30-29-6-32-33-35-37-38-39-36-34-28-26-23-18-19-16-14-12-15-17-13-25-9-11-10-21-8-5-2-1-3-46-0,2560.686330259199,seed709_explore_lns_start15_late_regret_rm20_tw10
0-20-22-21-27-30-24-29-6-33-32-35-38-39-37-36-34-28-26-23-18-19-16-14-12-15-17-13-25-9-11-10-8-5-2-1-3-47-0,2562.783402090139,seed707_explore_lns_start55_mixed_regret_rm20_tw8
0-67-63-62-30-48-64-66-69-68-65-49-55-54-53-56-58-60-59-57-40-44-46-45-61-70-51-50-42-41-43-3-7-1-16-19-0,2567.927768858716,seed607_lns_start83_late_random_best_rm8_tw6
0-20-22-24-27-30-29-6-28-33-37-35-38-39-36-4-26-23-18-19-16-14-12-15-17-13-25-9-11-10-21-8-5-2-1-7-3-0,2569.57163229061,seed707_explore_lns_start34_late_regret_rm15_tw12
0-22-24-27-30-29-6-32-33-31-35-37-38-39-36-4-28-26-23-18-19-16-14-12-15-17-13-25-9-11-10-8-21-20-2-7-3-0,2570.8083243012957,seed708_explore_lns_start9_mixed_best_rm25_tw12
0-67-63-62-7-3-61-64-66-69-68-65-49-55-53-56-58-60-59-51-40-44-46-45-48-70-54-57-42-41-43-47-50-52-32-1-0,2574.365696029587,seed709_explore_lns_start5_late_best_rm25_tw12
0-22-24-27-29-34-32-6-33-31-35-37-38-39-36-4-28-26-23-18-19-16-14-12-15-17-13-25-9-11-10-8-21-20-5-2-3-0,2581.022414690327,seed704_explore_lns_start35_late_best_rm25_tw10
0-22-67-62-43-61-64-66-69-68-65-49-55-4-53-56-58-60-59-40-44-46-45-57-70-54-42-41-47-52-48-63-5-2-7-0,2594.0332311547063,seed608_lns_start1_random_regret_rm4_tw6
0-22-67-62-63-50-64-66-69-68-65-49-55-4-53-56-58-60-59-40-44-46-45-61-70-3-7-42-41-43-47-52-51-57-54-0,2597.796179584346,seed710_explore_lns_start17_late_regret_rm25_tw15
0-67-63-62-24-30-50-64-66-69-68-65-49-55-54-53-56-58-59-57-40-44-48-45-61-70-60-46-42-41-51-52-47-43-1-3-0,2601.6550404662644,seed702_explore_lns_start31_mixed_best_rm25_tw6
0-20-22-24-27-30-29-6-52-33-34-35-38-39-36-4-28-26-23-18-19-16-14-12-15-17-13-25-9-11-10-8-5-2-1-7-3-0,2602.6223697149276,seed704_explore_lns_start56_mixed_best_rm15_tw10
0-20-67-62-63-52-64-66-69-68-65-49-55-4-53-56-58-60-54-59-40-44-50-45-70-3-7-42-41-46-57-51-47-43-48-0,2603.107866593768,seed705_explore_lns_start74_mixed_regret_rm25_tw8
0-48-67-62-30-43-64-66-69-68-65-49-55-4-53-56-58-60-57-40-44-50-45-61-70-63-20-42-41-47-52-51-46-59-54-0,2604.8931871975565,seed704_explore_lns_start35_late_regret_rm20_tw8
0-67-63-62-52-60-64-66-69-68-65-49-55-4-53-56-58-54-59-57-40-44-45-50-70-61-46-42-41-43-47-48-2-1-7-0,2608.457479319567,seed704_explore_lns_start85_late_random_best_rm20_tw15
0-67-63-62-48-61-64-66-69-68-65-49-55-4-53-56-58-60-59-40-44-52-45-70-54-57-42-43-41-46-47-50-51-32-1-0,2609.665900076612,seed703_explore_lns_start5_late_best_rm25_tw15
0-20-22-24-27-30-29-6-43-33-32-35-37-38-39-36-34-28-26-23-18-19-16-14-12-15-17-13-25-9-11-10-8-5-2-1-3-21-0,2610.751266769609,seed707_explore_lns_start46_mixed_regret_rm20_tw8
0-20-22-24-27-30-29-6-32-33-31-35-37-38-39-36-34-28-26-23-18-19-16-14-12-15-17-13-25-9-11-10-8-50-51-52-1-3-0,2612.4699715698875,seed705_explore_lns_start2_random_random_best_rm25_tw8
0-20-67-62-63-52-64-66-69-68-65-49-55-4-53-56-58-60-54-40-44-47-45-61-70-3-7-42-41-46-57-59-51-50-48-0,2621.283996307772,seed701_explore_lns_start73_mixed_regret_rm25_tw6
0-67-62-48-27-30-43-64-66-69-68-65-49-55-54-53-56-58-60-59-57-40-44-45-63-3-70-61-42-41-47-52-50-51-46-28-0,2625.7871337261736,seed701_explore_lns_start36_mixed_regret_rm25_tw6
0-22-24-27-30-29-6-34-32-33-35-37-38-39-36-4-28-26-23-18-19-16-14-12-15-17-13-25-9-11-10-8-21-20-2-7-3-0,2626.9053194206017,seed710_explore_lns_start30_late_random_best_rm25_tw10
0-22-24-27-29-34-32-6-33-31-35-37-38-39-36-4-28-26-23-18-19-16-14-12-15-17-13-25-9-11-10-8-5-2-7-3-20-0,2631.6303570814885,seed703_explore_lns_start30_mixed_random_best_rm20_tw8
0-3-67-62-61-57-64-66-69-68-65-49-55-4-53-56-58-60-54-59-40-44-45-48-70-63-43-42-41-46-51-50-52-47-34-0,2639.2896107945917,seed708_explore_lns_start34_late_best_rm20_tw10
0-22-24-27-29-34-32-6-33-31-35-37-38-39-36-4-28-26-23-18-19-16-14-12-15-17-13-25-9-11-10-8-21-20-5-1-7-0,2646.372210722353,seed707_explore_lns_start58_late_random_best_rm20_tw8
0-67-63-62-47-50-61-64-66-69-68-65-49-55-4-29-28-26-23-18-19-16-14-12-15-17-13-25-9-11-10-8-5-2-1-7-3-0,2654.3124179282677,seed605_lns_start12_late_best_rm6_tw8
0-20-22-24-27-30-29-6-34-33-28-35-38-39-36-4-26-23-18-19-16-14-12-15-17-13-25-9-11-10-21-8-5-2-1-7-3-0,2655.3677640279216,seed602_lns_start56_late_random_best_rm4_tw6
0-20-22-24-29-34-31-6-32-33-35-37-38-39-36-4-28-26-23-18-19-16-14-12-15-17-13-25-9-11-10-8-5-2-7-3-52-0,2665.6285980052567,seed706_explore_lns_start30_mixed_regret_rm20_tw6
0-22-24-27-30-29-6-34-32-33-35-37-38-39-36-4-28-26-23-18-19-16-14-12-15-17-13-25-9-10-8-5-3-7-2-21-20-0,2666.1749046874024,seed709_explore_lns_start32_mixed_random_best_rm25_tw6
0-20-67-62-43-61-64-66-69-68-65-49-55-4-53-56-58-60-54-40-44-50-45-70-59-57-46-42-41-47-31-51-48-63-7-0,2677.012823413371,seed703_explore_lns_start51_mixed_regret_rm25_tw15
0-67-63-62-30-48-64-66-69-68-65-49-55-4-53-56-58-54-46-40-44-50-45-47-70-61-43-42-41-57-59-60-51-52-26-0,2678.6838770844815,seed710_explore_lns_start65_late_best_rm25_tw15
0-20-22-24-27-30-29-6-50-33-32-35-37-38-39-36-34-28-26-23-18-19-16-14-12-15-17-13-25-9-11-10-8-5-2-1-7-31-0,2679.8573329643173,seed703_explore_lns_start13_mixed_regret_rm25_tw15
0-67-63-62-30-43-61-64-66-69-68-65-49-55-54-53-56-58-60-59-57-40-44-45-47-70-3-48-42-41-46-52-50-51-26-1-0,2686.129495296067,seed706_explore_lns_start60_late_random_best_rm20_tw10
0-67-62-7-3-61-64-66-69-68-65-49-55-54-53-56-58-60-59-57-40-44-46-45-47-70-1-42-43-41-51-50-52-48-63-34-0,2686.7294007749447,seed702_explore_lns_start9_mixed_best_rm25_tw8
0-20-22-24-27-29-34-6-32-33-31-35-37-38-39-36-4-28-23-18-19-16-14-12-15-17-13-25-9-11-10-8-21-5-2-1-7-0,2693.104528750072,seed702_explore_lns_start60_random_best_rm10_tw8
0-67-61-62-21-30-64-66-69-68-65-49-55-4-53-56-58-60-54-40-44-46-45-47-70-59-57-42-48-52-50-51-43-63-7-0,2694.1086221621904,seed707_explore_lns_start76_mixed_best_rm20_tw6
0-67-63-62-48-52-64-66-69-68-65-49-55-57-59-53-56-58-60-54-40-44-46-45-3-70-61-42-41-47-8-43-50-51-37-26-0,2695.64122663938,seed702_explore_lns_start60_mixed_random_best_rm20_tw6
0-67-62-27-30-31-64-66-69-68-65-49-55-59-53-56-58-60-54-57-40-44-45-48-1-70-63-61-42-41-46-51-50-52-47-43-0,2705.93512537729,seed605_lns_start33_late_regret_rm8_tw10
0-20-22-21-27-30-29-6-32-33-31-35-37-38-39-36-34-28-26-23-18-19-16-14-12-15-17-13-25-9-11-10-8-50-51-52-1-3-0,2706.404698656181,seed707_explore_lns_start1_random_random_best_rm10_tw8
0-67-62-21-30-24-64-66-69-68-65-49-55-60-53-56-58-59-54-57-40-46-44-45-50-70-1-43-42-41-51-52-47-48-63-61-0,2710.0443773556103,seed705_explore_lns_start30_late_best_rm25_tw12
0-24-67-62-52-51-64-66-69-68-65-49-55-4-53-56-58-54-57-40-44-46-45-63-70-59-60-42-41-43-61-50-47-48-7-0,2710.904540899439,seed706_explore_lns_start70_random_regret_rm15_tw6
0-5-67-62-63-48-64-66-69-68-65-49-55-4-53-56-58-60-54-40-44-46-45-47-70-61-42-41-52-50-51-59-57-7-3-0,2717.489244160437,seed708_explore_lns_start78_mixed_regret_rm20_tw6
0-20-22-24-27-30-29-6-32-33-31-35-38-39-36-4-34-28-23-18-19-16-14-12-15-17-13-25-9-11-10-8-21-5-2-7-43-0,2722.3369022557395,seed707_explore_lns_start60_random_random_best_rm20_tw6
0-22-24-27-29-34-32-6-33-31-35-37-38-39-36-4-28-26-23-18-19-16-14-12-15-17-13-25-9-10-8-21-20-5-2-7-3-0,2722.496769669473,seed701_explore_lns_start30_mixed_best_rm20_tw12
0-20-22-27-29-34-37-6-32-33-31-35-38-39-36-4-28-26-23-18-19-16-14-12-15-17-13-25-9-11-10-8-21-5-2-7-3-0,2754.8451928104414,seed705_explore_lns_start30_late_random_best_rm20_tw8
0-21-22-24-27-30-29-6-51-33-32-35-37-38-39-36-34-28-26-23-18-19-16-14-12-15-17-13-25-9-11-10-8-5-2-1-7-31-0,2759.445374967118,seed701_explore_lns_start13_mixed_random_best_rm25_tw10
0-67-63-62-3-7-1-64-66-69-68-65-49-55-53-56-58-60-59-57-40-44-51-45-43-48-70-54-42-41-47-52-50-46-61-26-0,2762.681600863215,seed706_explore_lns_start67_mixed_best_rm25_tw8
0-20-22-24-27-30-29-6-47-33-32-35-37-38-39-36-34-28-26-23-18-19-16-14-12-15-17-13-25-9-11-10-8-5-2-1-7-31-0,2762.956739214428,seed703_explore_lns_start13_mixed_regret_rm15_tw8
0-20-22-24-27-30-29-6-32-33-50-51-35-38-39-36-28-26-23-18-19-16-14-12-15-17-13-25-9-11-10-8-5-2-1-7-3-21-0,2784.489903379917,seed707_explore_lns_start34_late_regret_rm20_tw15
0-22-24-27-30-29-6-34-32-33-35-37-38-39-36-4-1-23-28-26-18-19-16-14-12-17-13-25-9-11-10-8-2-5-21-20-31-0,2784.5058989944127,seed703_explore_lns_start17_late_best_rm20_tw15
0-20-22-24-27-29-34-6-32-33-37-35-38-39-36-4-28-26-23-18-19-16-14-12-15-17-13-25-9-11-10-5-2-3-7-21-31-0,2785.720409618078,seed705_explore_lns_start30_random_best_rm20_tw10
0-48-67-62-7-61-64-66-69-68-65-49-55-4-53-56-58-54-57-40-44-51-45-70-63-43-47-42-41-46-59-60-50-52-28-0,2797.1083917346336,seed706_explore_lns_start35_late_random_best_rm20_tw6
0-20-22-24-27-30-29-6-32-33-31-35-38-39-36-4-28-26-23-18-19-16-14-12-15-17-13-25-9-11-10-8-2-1-7-21-34-0,2802.1674601170007,seed706_explore_lns_start56_random_best_rm25_tw8
0-20-22-24-27-30-29-6-32-33-31-35-38-39-36-4-28-26-23-18-19-16-14-12-15-17-13-25-9-11-10-8-5-1-7-21-34-0,2804.2141922041064,seed710_explore_lns_start34_mixed_best_rm25_tw15
0-67-63-62-27-47-64-66-69-68-65-49-55-4-53-56-58-60-57-40-44-48-45-61-70-3-7-42-41-52-50-51-46-59-54-0,2804.608647794625,seed705_explore_lns_start68_mixed_regret_rm25_tw6
0-52-22-24-27-30-29-6-34-33-32-35-38-39-37-36-31-28-26-23-18-19-16-14-12-15-17-13-25-9-11-10-8-2-5-21-20-43-0,2808.213962116111,seed705_explore_lns_start39_mixed_regret_rm20_tw15
0-20-67-62-43-61-64-66-69-68-65-49-55-4-53-56-58-59-51-40-44-46-45-57-70-54-60-42-41-47-50-52-48-63-7-0,2810.287556370742,seed703_explore_lns_start59_late_regret_rm10_tw6
0-20-24-21-27-30-29-6-32-33-31-35-37-38-39-36-34-28-26-23-18-19-16-14-12-15-17-13-25-9-11-10-8-50-51-52-1-3-0,2811.0887439832304,seed601_lns_start4_random_random_best_rm8_tw6
0-67-62-27-30-37-64-66-69-68-65-49-55-54-53-56-58-60-59-57-44-40-45-50-48-70-61-42-41-43-47-46-51-52-63-1-0,2819.8024524489556,seed708_explore_lns_start31_late_random_best_rm15_tw10
0-20-22-24-27-30-29-6-32-33-35-37-38-39-36-34-28-26-23-18-19-16-14-12-15-17-13-25-9-11-10-21-8-5-2-1-3-60-0,2821.413540624918,seed703_explore_lns_start44_random_best_rm20_tw10
0-21-67-62-52-46-64-66-69-68-65-49-55-4-53-56-58-60-54-40-44-51-50-45-43-70-61-42-41-47-59-57-63-48-2-0,2822.6231667670327,seed707_explore_lns_start59_late_random_best_rm25_tw10
0-67-62-61-59-57-64-66-69-68-65-49-55-4-53-56-58-60-54-40-44-45-50-52-70-63-43-42-41-51-47-48-7-3-1-0,2833.62997324739,seed709_explore_lns_start85_mixed_random_best_rm25_tw10
0-67-62-24-30-31-64-66-69-68-65-49-55-54-53-56-58-60-59-57-40-44-51-50-45-70-1-43-42-41-46-52-47-48-63-61-0,2850.0082417091007,seed602_lns_start30_late_regret_rm8_tw10
0-5-67-62-61-60-64-66-69-68-65-49-55-4-53-56-58-57-40-44-51-45-59-54-70-48-42-46-41-50-52-47-43-63-2-0,2850.9355146367975,seed705_explore_lns_start59_random_best_rm25_tw8
0-22-24-27-30-29-6-34-32-33-35-37-38-39-36-4-28-26-23-18-19-16-14-12-15-17-13-25-9-11-10-8-5-2-7-20-31-0,2854.390126653271,seed708_explore_lns_start31_late_random_best_rm25_tw12
0-21-67-62-51-61-64-66-69-68-65-49-55-4-53-56-58-60-59-40-44-46-45-50-70-54-57-42-41-48-47-43-63-7-26-0,2854.6581964073457,seed703_explore_lns_start71_mixed_best_rm25_tw15
0-22-24-27-30-29-6-34-32-33-35-37-38-39-36-4-28-26-23-18-19-16-14-12-15-17-13-25-9-11-10-8-2-1-21-20-31-0,2856.2437619712246,seed702_explore_lns_start78_late_best_rm25_tw15
0-67-62-20-30-47-64-66-69-68-65-49-55-54-53-56-58-60-59-57-40-44-51-45-50-70-1-11-42-41-46-43-52-48-63-61-0,2858.3220319935144,seed706_explore_lns_start30_mixed_best_rm15_tw6
0-20-22-24-27-30-29-6-51-33-32-35-37-38-39-36-34-28-26-23-18-19-16-14-12-15-17-13-25-9-11-10-8-21-5-2-3-31-0,2861.342500464351,seed709_explore_lns_start43_late_regret_rm25_tw10
0-2-67-62-63-46-64-66-69-68-65-49-55-4-53-56-58-54-57-40-44-51-45-61-70-48-43-42-41-59-60-50-52-31-7-0,2875.77686150881,seed701_explore_lns_start48_mixed_regret_rm20_tw10
0-67-63-62-47-52-64-66-69-68-65-49-55-4-53-56-58-59-57-40-44-46-45-61-70-3-48-42-41-54-60-51-50-43-26-0,2875.97835326972,seed710_explore_lns_start65_mixed_best_rm25_tw8
0-67-62-47-31-51-64-66-69-68-65-49-55-54-53-56-58-60-59-57-40-44-46-45-2-70-52-50-42-41-43-48-61-63-7-1-0,2880.0141806887646,seed710_explore_lns_start85_mixed_best_rm15_tw8
0-20-22-24-27-30-29-6-50-33-32-35-37-38-39-36-34-28-26-23-18-19-16-14-12-15-17-13-25-9-11-10-8-21-5-1-7-31-0,2887.5602329706207,seed701_explore_lns_start14_random_regret_rm20_tw10
0-67-62-43-47-31-64-66-69-68-65-49-55-4-53-56-58-60-54-40-44-51-45-46-70-59-57-42-41-50-52-48-61-63-2-0,2889.500488834472,seed709_explore_lns_start58_mixed_best_rm20_tw6
0-67-63-62-2-30-64-66-69-68-65-49-55-4-53-56-58-59-57-40-44-46-45-61-70-54-60-42-41-51-50-47-43-48-7-0,2896.0269131646155,seed702_explore_lns_start55_mixed_random_best_rm25_tw12
0-67-63-62-61-60-64-66-69-48-68-65-49-55-54-53-56-58-57-46-40-59-44-45-3-70-43-42-41-47-52-50-51-31-32-1-0,2898.433488387595,seed703_explore_lns_start34_late_best_rm25_tw8
0-5-67-62-57-59-64-66-69-68-65-49-55-4-53-56-58-54-60-40-44-51-50-45-70-1-43-42-41-46-52-47-48-63-61-0,2906.658019645819,seed706_explore_lns_start33_random_best_rm20_tw8
0-3-67-62-43-47-52-64-66-69-68-65-49-55-54-53-56-58-60-59-40-44-46-45-61-70-51-50-42-41-32-37-31-48-63-57-0,2916.891647225171,seed604_lns_start56_late_regret_rm8_tw10
0-67-62-24-30-31-64-66-69-68-65-49-55-54-53-56-58-60-59-57-40-44-46-45-63-70-61-11-42-41-51-50-52-47-43-1-0,2942.570974852064,seed710_explore_lns_start30_mixed_regret_rm15_tw15
0-20-22-24-27-29-6-32-33-31-35-37-38-39-36-4-28-26-23-18-19-16-14-12-15-17-13-25-9-11-10-8-5-1-3-21-34-0,2947.5289942580216,seed705_explore_lns_start9_late_best_rm20_tw15
0-67-63-62-51-59-64-66-69-68-65-49-55-4-53-56-58-60-57-40-44-52-45-54-70-61-46-42-43-41-47-48-50-37-28-0,2948.219050137779,seed706_explore_lns_start35_late_best_rm25_tw6
0-2-67-62-43-47-64-66-69-68-65-49-55-4-53-56-58-60-54-57-40-44-46-45-70-63-48-42-41-50-51-31-59-61-7-0,2959.0876911409077,seed704_explore_lns_start45_mixed_random_best_rm25_tw15
0-7-67-62-63-50-64-66-69-68-65-49-55-54-53-56-58-60-59-57-40-44-46-45-32-70-43-47-42-41-51-31-34-52-48-61-0,2961.104759839816,seed709_explore_lns_start34_late_best_rm15_tw8
0-3-67-62-63-61-64-66-69-68-65-49-55-4-53-56-58-60-57-40-44-59-54-45-70-7-43-42-41-46-51-50-52-48-37-0,2971.7525793689147,seed703_explore_lns_start16_late_regret_rm25_tw12
0-67-63-62-7-30-64-66-69-68-65-49-55-54-53-56-58-60-59-40-44-51-45-50-52-70-61-57-42-41-46-47-43-48-37-28-0,2973.357516384232,seed701_explore_lns_start37_late_best_rm25_tw8
0-22-24-27-30-29-6-34-32-33-35-37-38-39-36-4-28-26-23-18-19-16-14-12-15-17-13-25-9-11-10-8-2-7-3-20-31-0,2979.632444055848,seed701_explore_lns_start31_random_random_best_rm25_tw12
0-20-22-24-27-30-29-6-51-33-34-35-38-39-36-4-28-26-23-18-19-16-14-12-15-17-13-25-9-11-10-8-21-5-2-7-43-0,2981.3467435958355,seed703_explore_lns_start56_mixed_random_best_rm15_tw10
0-5-67-62-63-61-64-66-69-68-65-49-55-4-53-56-58-54-57-40-44-52-47-45-70-7-2-42-41-46-59-60-51-50-48-0,2984.177130040533,seed706_explore_lns_start59_mixed_regret_rm20_tw10
0-67-61-62-3-7-63-64-66-69-68-65-49-55-54-53-56-58-60-57-40-44-51-50-45-43-70-42-46-41-48-47-52-37-28-59-0,2986.449160402873,seed710_explore_lns_start35_mixed_best_rm25_tw8
0-67-63-62-27-51-64-66-69-68-65-49-55-4-53-56-58-60-54-57-40-44-46-45-43-70-42-48-41-47-52-50-59-61-7-0,3000.384910149194,seed704_explore_lns_start68_late_random_best_rm20_tw6
0-67-63-62-30-61-64-66-69-68-65-49-55-4-53-56-58-54-57-40-44-52-45-70-1-48-43-42-41-46-59-60-51-50-47-0,3000.580014872795,seed704_explore_lns_start5_late_random_best_rm25_tw6
0-21-67-62-63-50-64-66-69-68-65-49-55-4-53-56-58-54-59-40-44-46-45-61-70-3-7-42-41-43-57-60-51-52-37-0,3000.7941924223587,seed707_explore_lns_start7_mixed_random_best_rm25_tw15
0-2-22-24-27-30-29-6-34-33-32-35-38-39-36-4-28-26-23-18-19-16-14-12-15-17-13-25-9-11-10-8-21-20-5-1-7-0,3004.269666722165,seed703_explore_lns_start56_mixed_regret_rm15_tw6
0-3-67-62-43-61-64-66-69-68-65-49-55-4-53-56-58-60-54-57-40-44-45-59-70-63-42-41-46-48-47-50-52-2-7-0,3008.5290713045106,seed709_explore_lns_start9_late_random_best_rm25_tw10
0-67-1-7-62-61-64-66-69-68-65-49-55-4-53-56-58-60-59-40-44-46-45-70-3-63-48-42-41-47-52-50-51-57-54-0,3009.60299533342,seed705_explore_lns_start81_late_regret_rm20_tw8
0-67-62-27-30-52-47-64-66-69-68-65-49-55-54-53-56-58-60-59-40-44-51-50-45-70-1-11-42-41-57-46-43-48-63-61-0,3010.8214203848884,seed704_explore_lns_start31_random_best_rm10_tw12
0-67-63-62-52-50-64-66-69-68-65-49-55-4-53-56-58-54-57-40-44-51-45-29-70-61-46-42-41-43-47-60-59-48-2-0,3019.377920836618,seed702_explore_lns_start59_random_random_best_rm20_tw6
0-67-63-62-3-7-64-66-69-68-65-49-55-4-53-56-58-60-54-40-44-46-45-70-59-51-50-42-41-43-47-48-61-57-1-0,3024.1378139283493,seed704_explore_lns_start42_late_random_best_rm25_tw6
0-1-67-62-43-47-52-64-66-69-68-65-49-55-54-53-56-58-60-59-40-44-46-45-61-70-51-50-42-41-32-37-31-48-63-57-0,3024.9359312542497,seed605_lns_start56_late_random_best_rm6_tw15
0-20-22-24-27-30-29-6-50-33-34-35-38-39-36-4-28-26-23-18-19-16-14-12-15-17-13-25-9-11-10-8-21-5-2-7-52-0,3029.5732021104195,seed702_explore_lns_start56_mixed_random_best_rm10_tw12
0-67-63-62-29-51-64-66-69-68-65-49-55-4-53-56-58-50-52-40-44-46-45-61-70-43-47-42-41-57-59-60-54-48-7-0,3030.2591587729557,seed707_explore_lns_start55_late_random_best_rm15_tw12
0-22-24-27-30-29-6-34-32-33-35-37-38-39-36-4-28-26-23-18-19-16-14-12-15-17-13-25-9-11-10-8-21-20-5-3-31-0,3035.545100113023,seed701_explore_lns_start85_late_best_rm20_tw8
0-24-67-62-52-61-64-66-69-68-65-49-55-4-53-56-58-54-57-40-44-46-45-50-47-70-63-42-41-59-60-51-43-2-7-0,3038.1365466086654,seed705_explore_lns_start9_late_regret_rm20_tw10
0-67-63-62-30-50-64-66-69-68-65-49-55-4-53-56-58-57-46-40-44-51-45-43-70-61-48-42-41-59-60-54-47-52-37-0,3040.248568382919,seed704_explore_lns_start35_late_random_best_rm15_tw15
0-20-22-24-27-30-29-6-32-33-31-35-38-39-36-28-4-3-23-18-19-16-14-12-15-17-13-25-9-11-10-8-2-1-7-21-34-0,3041.344148597231,seed709_explore_lns_start60_random_best_rm15_tw10
0-20-22-24-27-30-29-6-34-33-32-35-37-38-39-36-28-26-23-18-19-16-14-12-15-17-13-25-9-11-10-41-8-5-2-1-7-3-0,3046.931794249758,seed708_explore_lns_start46_mixed_best_rm25_tw8
0-22-24-27-30-29-6-34-32-33-35-37-38-39-36-4-28-26-23-18-19-16-14-12-15-17-13-25-9-11-10-8-21-20-5-3-59-0,3095.0138476635107,seed706_explore_lns_start85_late_random_best_rm20_tw6
0-21-67-62-63-43-64-66-69-68-65-49-55-4-53-56-58-54-59-40-44-51-45-50-52-70-61-42-41-57-60-46-47-2-3-0,3098.163816119126,seed702_explore_lns_start58_mixed_regret_rm25_tw12
0-67-63-62-30-48-64-66-69-68-65-49-55-4-53-56-58-60-59-40-44-43-45-61-70-28-52-42-41-47-50-51-46-57-54-0,3103.3736636096883,seed707_explore_lns_start36_random_best_rm25_tw6
0-67-63-62-30-61-64-66-69-68-65-49-55-4-53-56-58-60-59-40-44-50-52-45-70-7-43-42-41-54-57-46-51-47-2-0,3114.640338033657,seed707_explore_lns_start59_mixed_random_best_rm20_tw6
0-67-63-62-43-54-64-66-69-68-65-49-55-4-53-56-58-59-57-40-44-51-50-45-70-61-42-46-41-52-48-3-7-1-60-0,3116.83964827413,seed706_explore_lns_start62_late_regret_rm20_tw10
0-48-67-62-63-61-64-66-69-68-65-49-55-43-4-53-56-58-57-40-44-51-52-45-70-3-7-42-41-54-59-60-46-50-31-0,3116.8987977885063,seed710_explore_lns_start52_mixed_regret_rm25_tw6
0-20-22-24-27-30-29-6-32-33-35-37-38-39-36-34-28-26-23-18-19-16-14-12-15-17-13-25-9-11-10-41-8-21-5-2-1-3-0,3119.0516628916575,seed703_explore_lns_start52_random_regret_rm25_tw6
0-20-22-24-27-30-29-6-33-31-35-37-38-39-36-34-28-26-23-18-19-16-14-12-15-17-13-25-9-11-10-41-8-21-5-2-7-3-0,3121.9257161147825,seed604_lns_start5_random_random_best_rm8_tw15
0-67-62-3-30-20-64-66-69-68-65-49-55-54-53-56-58-60-59-57-40-44-51-45-61-70-1-47-42-41-46-50-52-43-48-63-0,3149.331538539789,seed603_lns_start33_late_regret_rm8_tw6
0-67-63-62-32-52-64-66-69-68-65-49-55-4-53-56-58-60-40-44-51-45-46-57-70-48-43-42-41-50-47-59-54-61-7-0,3157.3774017214173,seed704_explore_lns_start16_mixed_regret_rm15_tw6
0-67-63-62-30-48-64-66-69-68-65-49-55-4-53-56-58-50-47-40-44-45-61-70-54-46-42-41-57-59-60-51-52-43-2-0,3158.925491320779,seed603_lns_start9_late_best_rm8_tw12
0-67-62-1-30-52-64-66-69-68-65-49-55-54-53-56-58-60-59-57-40-44-46-45-61-70-7-43-42-41-51-50-47-48-63-37-0,3168.5050276812444,seed709_explore_lns_start35_late_best_rm20_tw15
0-7-67-62-63-48-64-66-69-68-65-49-55-4-53-56-58-60-46-40-44-51-45-70-3-1-43-42-41-57-54-59-50-52-47-0,3169.769839608223,seed702_explore_lns_start44_late_regret_rm15_tw6
0-48-67-62-51-61-64-66-69-68-65-49-55-4-53-56-58-60-59-40-46-44-45-50-70-47-52-42-41-57-54-63-7-1-2-0,3174.9766105084145,seed709_explore_lns_start85_mixed_best_rm20_tw6
0-20-67-62-3-7-64-66-69-68-65-49-55-4-53-56-58-59-57-40-44-45-51-52-70-61-42-41-50-60-54-46-43-48-63-0,3179.117713932221,seed710_explore_lns_start38_late_regret_rm25_tw8
0-22-24-27-29-28-34-6-32-33-37-35-38-39-36-4-26-23-18-19-16-14-12-15-17-13-25-9-11-10-21-8-5-2-7-3-31-0,3184.5020368710857,seed702_explore_lns_start32_late_regret_rm10_tw15
0-67-63-62-47-52-64-66-69-68-65-49-55-4-53-56-58-54-57-40-44-46-45-43-48-70-61-42-41-50-51-59-60-37-3-0,3185.298578775867,seed703_explore_lns_start7_mixed_best_rm20_tw12
0-2-67-62-63-43-64-66-69-68-65-49-55-4-53-56-58-57-46-40-44-51-45-47-70-3-7-42-41-52-50-60-59-54-61-0,3198.562074409582,seed701_explore_lns_start14_late_regret_rm25_tw15
0-67-61-62-47-30-64-66-69-68-65-49-55-4-53-56-58-60-59-40-44-51-50-45-70-54-57-42-41-46-31-43-48-63-7-0,3252.0739305887287,seed709_explore_lns_start45_mixed_regret_rm15_tw10
0-22-67-62-63-46-64-66-69-68-65-49-55-4-53-56-58-60-40-44-51-50-45-57-70-47-52-42-41-43-59-54-61-48-3-0,3264.742947326624,seed709_explore_lns_start17_mixed_random_best_rm20_tw15
0-7-67-62-63-61-64-66-69-68-65-49-55-4-53-56-58-60-54-40-44-37-51-45-70-46-42-41-57-59-50-52-47-43-48-0,3271.172702533013,seed709_explore_lns_start50_late_regret_rm15_tw15
0-67-62-7-30-31-64-66-69-68-65-49-55-54-53-56-58-60-59-57-40-44-51-45-70-47-52-50-42-41-43-46-61-63-48-1-0,3330.7561606064896,seed604_lns_start33_late_regret_rm8_tw6
0-1-67-62-63-61-64-66-69-68-65-49-55-4-53-56-58-46-43-40-44-51-45-70-3-7-42-41-57-54-60-59-50-52-47-0,3365.505257281459,seed706_explore_lns_start41_late_regret_rm15_tw8
0-24-67-62-47-52-64-66-69-68-65-49-55-4-53-56-58-61-40-44-46-45-50-43-70-3-48-42-41-57-59-54-60-51-63-0,3430.153122444281,seed607_lns_start14_random_random_best_rm8_tw6
0-20-22-24-27-30-29-6-32-33-34-35-37-38-39-36-4-26-23-18-19-16-14-12-15-17-13-25-9-11-10-8-31-28-5-2-1-0,3609.3975459455064,seed707_explore_lns_start40_mixed_random_best_rm25_tw12
0-67-62-24-27-30-21-64-66-69-68-65-49-55-54-53-56-58-60-59-57-40-44-45-61-70-51-50-42-41-46-52-47-48-43-63-1-0,3643.6237037543515,seed704_explore_lns_start30_late_random_best_rm25_tw15
0-67-63-62-2-5-64-66-69-68-65-49-55-4-53-56-58-60-59-54-40-44-45-46-70-61-57-42-41-51-50-52-47-43-48-7-0,3682.3405978458486,seed706_explore_lns_start59_mixed_best_rm25_tw10
0-67-63-62-3-7-64-66-69-68-65-49-55-4-53-56-58-60-54-57-40-44-45-61-70-59-46-42-41-43-47-52-50-51-48-2-0,3803.0257948275957,seed708_explore_lns_start9_late_best_rm20_tw15
0-7-67-62-63-48-64-66-69-68-65-49-55-4-53-56-58-60-57-40-44-46-45-61-70-54-59-42-41-43-47-50-51-52-34-2-0,3848.897645034291,seed710_explore_lns_start9_late_regret_rm20_tw15
0-67-63-62-27-30-64-66-69-68-65-49-55-4-53-56-58-60-59-57-40-44-51-45-70-61-48-42-41-54-46-50-52-47-43-1-0,4075.6127542195745,seed602_lns_start32_late_best_rm8_tw10
0-67-63-62-51-46-64-66-69-68-65-49-55-4-53-56-58-60-59-54-40-44-45-61-70-57-43-42-41-50-52-47-48-2-1-7-0,4110.320106891807,seed606_lns_start85_mixed_best_rm5_tw6
