route,score,source
0-65-92-95-85-63-50-33-28-26-27-29-31-34-30-62-67-71-38-40-44-41-81-61-6-46-8-79-78-55-68-54-72-37-35-43-1-3-5-4-2-7-60-100-70-96-93-94-91-80-0,4574.543297758384,seed604_lns_start57_random_regret_rm6_tw6_guarded
0-65-92-94-72-85-63-33-28-26-27-29-30-67-71-38-40-44-41-61-81-78-79-7-6-8-46-2-55-68-54-43-35-37-1-3-5-4-60-100-70-80-91-95-50-34-31-93-96-0,7326.893953448599,seed604_lns_start57_random_regret_rm8_tw6
0-65-91-92-95-85-63-33-28-26-27-31-34-50-62-29-30-67-71-72-38-40-44-41-61-81-78-79-6-8-55-68-54-37-35-43-1-3-5-4-2-60-70-96-94-93-80-100-0,7522.302149544871,seed604_lns_start57_random_regret_rm6_tw6
0-42-36-39-92-63-33-28-27-29-30-62-67-71-38-40-44-41-61-81-90-53-78-79-6-8-46-5-3-1-4-60-55-68-54-43-35-37-72-96-93-94-80-70-100-98-12-17-0,7588.5109863377575,seed605_lns_start37_random_best_rm6_tw8_guarded
0-42-36-39-92-63-33-28-27-29-30-62-67-71-38-40-44-41-61-81-90-53-78-79-7-6-8-46-5-3-1-4-2-55-68-54-43-35-37-72-96-93-94-91-80-70-100-60-17-0,7863.7294083527795,seed607_lns_start33_random_regret_rm5_tw6_guarded
0-65-91-92-95-85-63-33-26-28-27-62-29-30-67-71-72-44-38-41-61-81-78-79-7-6-8-46-2-55-68-54-43-35-37-1-3-5-4-60-100-70-80-94-96-93-50-34-31-0,7971.9665726838575,seed606_lns_start57_mixed_random_best_rm8_tw12
0-65-92-72-85-63-33-28-26-27-29-31-34-50-62-67-71-38-37-40-44-41-81-61-6-8-79-7-46-5-3-1-43-35-54-96-68-55-60-4-2-70-100-52-83-91-94-93-89-0,8045.770387773035,seed604_lns_start66_random_regret_rm6_tw12
0-42-36-39-92-63-33-28-27-29-30-62-67-71-38-40-44-41-61-81-53-78-79-7-6-8-46-5-3-1-4-2-60-55-68-54-72-37-35-43-70-100-98-82-80-94-93-96-17-0,8075.523540455937,seed605_lns_start34_random_random_best_rm5_tw10_guarded
0-42-36-39-72-63-33-28-27-29-30-62-67-71-38-40-44-41-61-81-90-53-78-79-7-6-8-46-5-3-1-4-2-55-68-54-37-35-43-70-100-96-93-94-80-98-60-12-17-0,8444.653843987908,seed607_lns_start41_random_random_best_rm3_tw10_guarded
0-65-92-85-63-33-31-27-26-28-62-29-30-67-71-72-38-37-40-44-61-81-78-79-7-6-8-46-2-55-68-54-35-43-1-3-5-4-60-100-70-80-91-95-50-34-93-94-96-0,8506.837570608683,seed605_lns_start57_random_random_best_rm5_tw12
0-42-36-39-92-63-33-28-27-29-30-62-67-71-38-40-44-41-61-81-90-53-78-79-7-6-8-46-5-3-1-4-2-55-68-43-35-37-72-54-96-93-94-91-80-70-100-98-60-17-0,8681.453742507503,seed603_lns_start42_random_best_rm4_tw15_guarded
0-42-36-39-92-63-33-28-27-29-30-62-67-71-38-40-44-41-61-81-90-53-78-79-7-6-8-46-5-3-1-4-2-55-68-54-43-35-37-72-96-93-94-91-80-70-100-60-12-17-0,8759.411684820388,seed602_lns_start40_random_regret_rm4_tw10_guarded
0-42-36-39-92-63-33-28-27-29-30-62-67-71-38-40-44-41-61-81-90-53-78-79-7-6-8-46-5-3-4-2-60-55-68-43-35-37-72-54-96-93-94-91-80-70-100-82-12-17-0,8829.267914184486,seed607_lns_start43_random_random_best_rm5_tw12_guarded
0-65-96-92-95-85-63-33-28-26-27-29-31-34-30-62-67-71-38-40-81-61-78-79-7-6-8-46-41-44-43-35-37-54-50-91-68-60-2-4-5-3-1-100-70-80-94-93-0,8920.358310922264,seed602_lns_start57_random_random_best_rm8_tw8
0-42-36-39-92-63-33-28-27-29-30-62-67-71-38-40-44-41-61-81-90-53-78-79-7-6-8-46-5-3-1-4-2-60-55-68-43-35-37-72-54-96-93-94-80-70-100-98-12-17-0,9086.651192668996,seed604_lns_start36_random_best_rm8_tw12_guarded
0-96-94-92-91-85-63-33-28-26-27-29-62-71-61-44-40-38-41-81-90-69-88-53-78-73-79-7-6-8-46-5-3-1-4-2-55-68-54-72-37-35-43-70-100-60-98-82-80-93-17-0,9106.003352830943,seed603_lns_start47_random_random_best_rm5_tw15_guarded
0-65-91-92-94-85-63-33-28-26-27-62-29-30-67-71-38-40-44-41-61-81-78-79-6-8-7-2-46-5-3-1-4-60-68-54-37-35-43-70-100-72-93-95-50-34-31-80-0,9109.359110129644,seed607_lns_start57_random_best_rm4_tw8
0-42-36-39-94-92-63-33-28-27-29-62-67-71-38-40-44-41-61-81-90-98-53-78-79-6-8-46-5-3-1-4-55-68-43-35-37-72-54-93-96-80-70-100-60-12-13-17-0,9126.192731834528,seed605_lns_start37_random_best_rm6_tw8
0-42-36-39-92-63-33-28-27-29-30-62-67-71-38-40-44-41-61-81-90-53-78-79-7-6-8-46-5-3-1-4-2-55-68-43-35-37-72-54-96-93-94-80-70-100-60-12-17-82-0,9191.528195734974,seed604_lns_start37_random_random_best_rm4_tw15_guarded
0-42-36-39-92-63-33-28-27-29-30-62-67-71-38-40-44-41-61-81-90-53-78-79-7-8-46-6-2-4-5-3-1-43-35-37-72-54-96-93-94-80-68-70-100-55-60-12-17-0,9198.543659564995,seed608_lns_start33_random_random_best_rm4_tw12_guarded
0-42-36-39-92-63-33-28-27-29-30-62-67-71-38-40-44-41-61-81-90-53-78-79-7-6-8-46-5-3-1-4-2-60-55-68-43-35-37-72-54-96-93-94-80-83-82-100-70-17-0,9305.416305966894,seed608_lns_start41_random_best_rm4_tw6_guarded
0-42-36-39-92-63-33-28-27-29-30-62-67-71-38-40-44-41-61-81-90-53-78-79-8-46-6-55-68-54-72-37-35-43-1-3-5-4-2-60-100-70-96-93-94-80-66-17-0,9457.18983765423,seed601_lns_start41_random_regret_rm8_tw10_guarded
0-42-36-39-92-63-33-28-27-29-30-62-67-71-38-40-44-41-61-81-90-53-78-79-6-8-46-5-3-4-2-1-43-35-37-72-54-96-93-94-80-68-70-100-55-98-60-17-52-0,9537.97373869346,seed601_lns_start40_random_best_rm8_tw8_guarded
0-42-36-39-92-63-33-28-27-29-30-62-67-71-38-40-44-41-61-81-90-53-78-79-7-6-8-46-5-3-1-4-2-55-68-43-35-37-72-54-96-93-94-80-70-100-98-60-17-75-0,9550.805456078375,seed604_lns_start37_random_best_rm4_tw6_guarded
0-65-91-92-85-63-33-34-28-26-27-31-62-29-30-67-71-38-40-44-41-61-81-78-79-8-46-6-2-55-68-1-3-5-7-4-43-35-37-72-54-94-50-93-80-70-100-60-0,9778.951574653769,seed602_lns_start57_late_regret_rm8_tw10
0-42-36-39-92-63-33-28-27-29-30-62-67-71-38-40-44-41-61-81-53-78-79-6-8-46-5-3-1-4-55-68-54-43-35-37-72-96-93-94-80-66-98-100-70-60-17-13-0,9918.559468262038,seed607_lns_start43_random_best_rm8_tw8_guarded
0-42-36-39-92-63-33-28-27-29-30-62-67-71-38-40-44-41-61-81-90-53-78-79-7-6-8-46-5-3-1-4-2-55-68-43-35-37-72-54-96-93-94-80-70-100-98-60-17-13-0,10041.958908374783,seed606_lns_start39_random_random_best_rm3_tw8_guarded
0-42-36-39-96-92-33-28-27-29-30-62-67-71-38-40-44-41-61-81-90-53-78-79-7-6-46-8-5-3-4-1-43-37-35-72-54-93-94-66-80-68-55-100-70-2-60-17-0,10120.03429836004,seed603_lns_start33_random_random_best_rm6_tw12
0-42-36-39-92-63-33-28-27-29-30-62-67-71-38-40-44-41-61-81-90-53-78-79-8-46-6-2-1-3-5-4-7-60-55-68-54-43-35-37-72-96-93-94-91-80-70-100-98-82-17-0,10177.617990729792,seed602_lns_start43_random_random_best_rm5_tw12_guarded
0-42-36-39-92-63-33-28-27-29-30-67-71-38-40-44-41-61-81-90-53-78-79-8-46-6-55-68-56-94-96-54-72-37-35-43-70-100-2-4-5-3-1-7-60-12-17-80-93-0,10243.278945319084,seed608_lns_start34_random_random_best_rm4_tw15_guarded
0-42-36-39-92-63-33-28-27-29-30-62-67-71-38-40-44-41-61-81-90-78-79-7-6-8-46-5-3-1-4-2-55-68-43-35-37-72-54-96-93-94-91-66-80-70-100-60-12-17-0,10249.83913067108,seed605_lns_start44_random_regret_rm3_tw12_guarded
0-42-36-39-85-63-33-28-27-29-30-62-67-71-44-40-38-41-61-81-90-53-78-79-6-8-46-5-3-1-4-68-55-60-7-2-100-70-43-35-37-72-54-96-93-94-80-98-12-17-0,10279.237184273752,seed602_lns_start35_random_best_rm6_tw8_guarded
0-42-36-39-92-63-33-28-27-29-30-62-67-71-38-40-44-41-61-81-90-53-78-79-6-8-46-5-3-1-4-68-55-60-7-2-100-70-43-35-37-72-54-96-93-94-80-82-98-17-0,10354.28563327071,seed601_lns_start41_random_best_rm5_tw15_guarded
0-42-36-39-92-63-33-28-27-29-30-62-67-71-37-38-40-44-41-61-81-90-53-78-79-6-8-46-5-4-43-35-72-96-54-68-55-70-100-2-1-3-7-60-12-98-80-94-93-0,10354.42826771939,seed603_lns_start44_mixed_regret_rm8_tw15
0-42-36-39-92-63-33-28-27-29-30-62-67-71-38-40-44-41-61-81-90-53-78-79-6-8-46-5-3-1-4-7-60-17-13-98-55-100-70-68-54-96-94-93-72-37-35-43-80-0,10364.428935411994,seed603_lns_start42_random_best_rm5_tw6_guarded
0-42-36-39-92-63-33-28-27-29-30-62-67-71-38-40-44-41-61-81-90-53-78-79-6-8-46-5-3-1-4-2-55-68-43-35-37-72-54-96-93-94-91-66-80-70-100-60-12-17-0,10428.330434490346,seed601_lns_start33_random_random_best_rm5_tw12_guarded
0-42-36-39-92-63-33-28-27-29-30-62-67-71-38-40-44-41-61-81-90-53-78-79-7-8-46-6-2-4-5-3-1-43-35-37-72-54-96-93-94-91-80-68-70-100-55-98-60-12-17-0,10429.529733051873,seed607_lns_start44_random_regret_rm5_tw15_guarded
0-98-65-91-95-63-33-28-26-27-29-62-71-61-44-40-38-41-81-90-69-88-53-78-73-79-7-6-8-46-5-3-1-4-2-55-68-54-43-35-37-72-96-93-94-80-70-100-60-17-13-0,10441.38547382689,seed604_lns_start52_random_best_rm8_tw6_guarded
0-36-39-94-92-63-33-28-27-29-30-62-67-71-38-40-44-41-61-81-90-53-78-79-8-46-6-2-55-68-54-72-37-35-43-1-3-5-4-7-60-17-12-98-100-70-96-93-80-91-0,10475.638689090758,seed608_lns_start39_random_random_best_rm8_tw6_guarded
0-42-36-39-92-63-33-28-27-29-30-62-67-71-38-40-44-41-61-81-90-53-78-79-7-6-8-46-5-3-1-4-2-55-68-43-35-37-72-54-96-93-94-80-66-98-100-70-60-17-0,10495.550823575471,seed602_lns_start40_random_best_rm6_tw12_guarded
0-42-36-39-92-63-33-28-27-29-30-62-67-71-38-40-44-41-61-81-90-53-78-79-7-6-8-46-5-3-1-4-2-55-68-43-35-37-72-54-96-93-94-80-66-82-100-70-60-17-0,10523.110995144323,seed607_lns_start43_random_random_best_rm3_tw6_guarded
0-42-36-39-92-63-33-28-27-29-30-62-67-71-38-40-44-41-61-81-90-53-78-79-6-8-46-5-3-1-4-2-60-17-13-98-55-68-80-94-93-96-54-72-37-35-43-70-100-0,10608.64282384856,seed605_lns_start40_random_random_best_rm3_tw10_guarded
0-42-36-39-92-63-33-28-27-29-30-62-67-71-38-40-44-41-61-81-90-53-78-79-7-8-46-6-2-4-5-3-1-43-35-37-72-54-96-93-94-80-68-70-100-55-98-60-12-17-52-0,10678.723939772377,seed601_lns_start34_random_regret_rm3_tw15_guarded
0-42-36-39-94-63-33-28-27-29-30-62-67-71-38-40-44-41-61-81-90-53-78-79-7-6-8-46-5-3-1-4-2-55-68-96-54-72-37-35-43-70-100-98-60-12-17-52-82-80-93-0,10717.57169148298,seed606_lns_start35_random_best_rm5_tw10_guarded
0-42-36-39-92-63-33-28-27-29-30-62-67-71-38-40-44-41-61-81-90-53-78-79-6-8-46-5-3-1-4-2-60-55-68-43-35-37-72-54-96-93-94-80-66-98-100-70-12-17-0,10723.428542336756,seed604_lns_start37_random_regret_rm5_tw12_guarded
0-42-36-37-39-96-92-62-33-28-27-29-30-67-71-38-40-44-41-61-81-90-53-78-79-6-46-1-68-66-55-98-12-17-60-7-4-5-3-100-70-54-80-94-93-72-35-43-0,10764.442991707903,seed607_lns_start41_random_best_rm8_tw10
0-42-36-37-39-72-92-62-33-28-27-29-30-67-71-38-40-44-41-61-81-90-53-78-79-7-6-8-46-5-3-1-4-2-60-17-13-12-98-55-100-70-68-54-96-93-94-91-80-43-35-0,10799.928654720727,seed606_lns_start40_random_random_best_rm5_tw10_guarded
0-42-72-96-94-92-63-33-28-27-29-30-62-67-71-38-40-44-41-61-81-90-53-78-79-7-6-2-46-8-4-5-3-1-43-37-35-54-93-80-68-70-100-55-98-60-12-13-66-0,10849.318466940746,seed601_lns_start36_random_random_best_rm5_tw15
0-42-36-39-92-63-33-28-27-29-30-62-67-71-38-40-44-41-61-81-90-53-78-79-7-6-8-46-5-3-4-2-55-98-12-13-17-60-100-70-68-80-94-93-96-54-72-37-35-43-0,10923.98637288171,seed601_lns_start41_random_best_rm6_tw12_guarded
0-42-36-39-92-63-33-28-27-29-30-62-71-38-40-44-41-61-81-90-98-53-78-79-7-6-8-46-68-55-2-4-5-3-1-43-35-37-72-54-93-96-80-70-100-60-12-13-17-0,10934.07036229018,seed608_lns_start33_random_best_rm8_tw15
0-42-36-39-92-63-33-28-27-29-30-62-67-71-38-40-44-41-61-81-90-53-78-79-7-8-46-6-2-4-5-3-1-43-35-37-72-54-96-93-94-80-68-70-100-55-98-60-12-17-75-0,10986.828415898199,seed601_lns_start44_random_best_rm4_tw10_guarded
0-42-36-39-92-63-33-28-27-29-30-62-67-71-38-40-44-41-61-81-90-53-78-79-7-6-8-46-5-3-1-4-2-55-68-43-35-37-72-54-96-93-94-80-91-66-98-100-70-60-17-0,10989.600188348435,seed604_lns_start43_random_regret_rm5_tw12_guarded
0-42-36-39-92-63-33-28-27-29-30-62-67-71-38-40-44-41-61-81-90-53-78-79-7-6-8-46-5-3-1-4-2-55-68-43-35-37-72-54-96-93-94-80-70-100-98-60-12-17-13-0,11003.283179519523,seed606_lns_start40_random_regret_rm8_tw8_guarded
0-37-36-39-92-63-33-28-27-29-30-62-67-71-38-40-44-41-61-81-90-53-78-79-7-6-8-46-68-55-60-2-4-5-3-1-43-35-72-54-96-93-94-80-66-98-100-70-17-0,11007.209422205398,seed604_lns_start43_random_best_rm5_tw10
0-42-36-37-92-63-33-28-27-29-30-62-67-71-38-44-40-41-61-81-90-53-78-79-8-46-6-55-68-94-96-54-35-43-1-3-4-2-70-100-60-12-17-13-98-80-93-72-0,11022.421613269238,seed603_lns_start44_random_best_rm8_tw12
0-42-36-39-72-63-33-28-27-29-30-62-67-71-38-40-44-41-61-81-90-53-78-79-7-6-8-46-5-3-1-4-2-55-68-54-37-35-43-70-100-96-93-94-91-80-98-60-12-17-13-0,11069.067689257758,seed606_lns_start33_random_best_rm4_tw10_guarded
0-42-36-39-92-63-33-28-27-29-30-62-67-71-38-40-44-41-61-81-90-53-78-79-7-6-8-46-5-3-4-2-60-55-68-43-35-37-72-54-96-93-94-80-91-66-98-100-70-12-17-0,11160.775283363537,seed608_lns_start39_random_best_rm8_tw6_guarded
0-92-39-36-63-33-28-27-29-30-62-67-71-38-40-44-41-61-81-90-53-78-79-7-8-46-55-68-96-54-37-35-43-3-5-4-2-60-12-17-13-98-100-70-80-66-93-0,11188.340430364113,seed603_lns_start33_random_best_rm8_tw15
0-42-36-39-96-63-33-28-27-29-30-62-67-71-38-40-44-41-61-81-90-53-78-79-7-6-8-46-5-3-1-4-2-55-68-54-43-35-37-72-93-94-80-91-66-98-100-70-60-12-17-0,11243.257727063348,seed602_lns_start41_random_random_best_rm4_tw12_guarded
0-42-36-39-92-63-33-28-27-29-30-62-67-71-38-40-44-41-61-81-90-53-78-79-7-8-46-6-2-4-5-3-1-43-35-37-72-54-96-93-94-80-68-70-100-55-98-60-17-52-75-0,11244.315519671487,seed602_lns_start34_random_random_best_rm8_tw12_guarded
0-42-36-39-96-94-92-62-33-28-27-29-30-67-71-38-40-44-41-61-81-90-53-78-79-6-8-46-98-55-68-66-54-72-37-35-43-1-3-5-4-7-2-70-100-80-93-60-17-0,11284.237502458625,seed605_lns_start43_random_random_best_rm8_tw10
0-42-36-39-92-63-33-28-27-29-30-62-67-71-38-40-44-41-61-81-90-53-78-79-6-8-46-3-1-4-2-7-60-55-68-54-72-37-35-43-70-100-96-93-94-80-66-82-12-17-0,11324.294658913836,seed603_lns_start41_random_regret_rm3_tw8_guarded
0-42-36-39-92-63-33-28-27-29-30-62-67-71-38-40-44-41-61-81-90-53-78-79-8-46-6-55-68-54-96-66-12-17-60-7-4-5-3-1-100-70-80-94-93-72-37-35-43-0,11371.642511234591,seed601_lns_start35_random_random_best_rm6_tw10_guarded
0-42-37-39-92-63-33-28-27-29-30-62-67-71-38-40-44-41-61-81-90-53-78-79-7-6-46-8-5-2-4-55-68-43-35-72-54-93-96-80-66-98-12-13-17-60-100-70-0,11392.888892381121,seed605_lns_start40_random_best_rm8_tw8
0-42-36-39-92-63-33-28-27-29-30-62-67-71-38-40-44-41-61-81-90-53-78-79-6-8-46-5-3-1-4-68-55-60-7-2-100-70-43-35-37-72-54-96-93-94-80-82-13-17-0,11402.669435116419,seed605_lns_start41_random_regret_rm3_tw10_guarded
0-96-94-92-95-85-63-33-28-26-27-29-62-71-61-44-40-38-41-81-90-69-88-53-78-73-79-7-6-8-46-5-3-1-4-2-55-68-54-43-35-37-72-93-91-80-82-98-100-70-60-17-13-0,11456.053107022319,seed608_lns_start56_random_random_best_rm5_tw15_guarded
0-42-36-39-92-63-33-28-27-29-30-62-67-71-72-38-40-44-41-61-81-98-53-78-79-8-46-6-55-68-54-96-66-13-17-12-60-7-4-5-3-1-100-70-43-35-37-93-80-0,11478.98742264214,seed602_lns_start43_random_random_best_rm5_tw12
0-96-94-92-95-85-63-33-28-26-27-29-62-71-61-44-40-38-41-81-90-69-88-53-78-73-79-7-6-8-46-5-3-1-4-2-55-68-54-43-35-37-72-93-80-91-66-82-98-100-70-60-17-0,11526.876727028906,seed607_lns_start50_random_best_rm5_tw6_guarded
0-96-42-39-36-63-33-28-27-29-30-62-67-71-38-40-44-41-61-81-90-53-78-79-7-6-8-46-5-3-1-4-2-60-17-13-12-98-55-100-70-68-80-94-93-54-72-37-35-43-0,11558.56713696176,seed604_lns_start35_random_regret_rm5_tw6_guarded
0-42-36-39-92-63-33-28-27-29-30-62-67-71-38-40-44-41-61-81-90-53-78-79-7-6-8-46-5-3-1-4-2-55-68-43-35-37-72-54-96-93-94-80-66-82-100-70-60-12-17-0,11576.497366800433,seed603_lns_start35_random_random_best_rm3_tw10_guarded
0-42-36-39-92-63-33-28-27-29-30-62-67-71-38-40-44-41-61-81-90-53-78-79-7-6-8-46-5-3-4-2-60-17-13-12-98-55-100-70-68-80-91-94-93-96-54-72-37-35-43-0,11616.096574742347,seed602_lns_start39_random_best_rm5_tw12_guarded
0-42-36-39-92-63-33-28-27-29-30-62-67-71-38-40-44-41-61-81-90-53-78-79-7-6-8-46-5-3-1-4-2-55-68-43-35-37-72-54-96-93-94-91-80-70-100-98-60-12-17-13-0,11652.700614518108,seed607_lns_start38_random_best_rm4_tw8_guarded
0-42-36-72-96-94-92-33-28-27-29-30-62-67-71-38-40-44-41-61-81-90-53-78-79-7-6-2-46-8-4-5-3-1-43-37-35-54-68-55-60-17-13-12-98-100-70-93-66-0,11660.21781463191,seed604_lns_start33_random_best_rm6_tw15
0-42-36-39-92-63-33-28-27-29-30-62-67-71-38-40-44-41-61-81-90-53-78-79-6-8-46-5-3-1-4-68-55-60-7-2-100-70-43-35-37-72-54-96-93-94-80-98-17-74-0,11660.602289732742,seed604_lns_start33_random_regret_rm4_tw12_guarded
0-42-36-92-63-62-33-28-27-29-30-67-71-38-40-44-41-61-81-90-98-78-79-8-46-6-2-55-68-54-43-35-37-72-93-94-96-70-100-1-3-4-7-60-17-12-66-80-0,11668.611282842478,seed608_lns_start34_random_regret_rm8_tw8
0-96-94-92-95-63-33-28-26-27-29-62-71-38-37-40-44-90-69-53-78-73-79-7-6-8-46-43-41-54-56-66-68-55-60-1-3-4-2-100-70-72-93-80-98-82-13-17-35-0,11687.659423069665,seed606_lns_start47_random_random_best_rm4_tw12
0-42-36-39-92-63-33-28-27-29-30-62-67-71-38-40-44-41-61-81-90-53-78-6-7-8-46-5-3-4-1-43-35-37-72-54-96-93-94-91-66-80-68-70-100-55-98-12-17-60-2-0,11713.806332192964,seed603_lns_start38_random_regret_rm4_tw10_guarded
0-42-36-39-96-94-92-62-33-28-27-29-30-67-71-38-40-44-41-61-81-90-53-78-79-7-8-46-6-2-4-55-68-54-72-37-35-43-70-100-1-3-5-60-17-12-98-82-66-80-93-0,11738.14923813607,seed606_lns_start37_random_random_best_rm4_tw10_guarded
0-42-36-39-85-63-33-28-27-29-30-62-67-71-38-40-44-41-61-81-90-53-78-79-7-6-8-46-5-3-1-4-2-55-68-43-35-37-72-54-96-93-94-80-91-66-98-100-70-60-12-17-0,11752.993230493805,seed602_lns_start42_random_random_best_rm5_tw8_guarded
0-42-36-39-72-94-92-33-28-27-29-30-62-67-71-38-40-44-41-61-81-90-53-78-79-7-6-2-46-8-4-5-3-1-43-37-35-54-93-96-80-68-70-100-55-98-60-12-13-66-0,11822.142859138388,seed601_lns_start38_random_random_best_rm4_tw8
0-42-36-39-92-63-33-28-27-29-30-62-67-71-38-40-44-41-61-81-90-53-78-79-7-6-8-46-5-3-1-4-2-55-68-43-35-37-72-54-96-93-94-91-80-70-100-98-60-12-17-74-0,11844.524230841087,seed607_lns_start43_random_regret_rm5_tw12_guarded
0-42-36-39-92-63-33-28-27-29-30-62-67-71-38-40-44-41-61-81-90-53-78-79-8-46-6-55-68-43-35-37-72-54-96-93-94-80-91-66-98-100-70-2-4-5-3-60-12-17-0,11853.179292731933,seed602_lns_start39_random_regret_rm6_tw12_guarded
0-42-36-39-92-63-33-28-27-29-30-62-67-71-37-38-40-44-41-61-81-90-53-78-79-7-6-8-46-2-4-5-3-1-43-35-72-54-96-93-94-80-68-70-100-55-98-60-12-66-0,11902.00832812613,seed604_lns_start36_mixed_regret_rm8_tw10
0-42-36-39-92-63-62-33-28-27-29-30-67-71-38-40-44-41-61-81-90-53-78-79-7-6-8-46-55-68-96-54-72-43-35-37-1-5-4-2-70-100-60-17-12-98-80-94-93-0,11949.249284241161,seed603_lns_start40_random_best_rm4_tw6
0-36-39-72-96-92-33-28-27-29-30-62-67-71-38-40-44-41-61-81-90-53-78-79-6-8-46-1-3-5-4-7-2-55-68-43-37-35-54-93-80-66-98-100-70-60-12-17-13-0,11953.2181994653,seed602_lns_start34_random_random_best_rm5_tw8
0-42-36-37-39-63-27-28-33-30-62-67-71-38-40-44-41-61-81-90-98-53-78-79-7-6-8-46-68-55-2-4-5-3-1-43-35-72-54-93-94-96-80-70-100-60-12-13-17-0,11960.501087265617,seed604_lns_start37_random_random_best_rm3_tw8
0-82-65-95-85-63-33-28-26-27-29-62-71-61-44-40-38-41-81-90-69-88-53-78-73-79-7-6-8-46-5-3-1-4-2-55-68-66-56-94-93-96-54-72-37-35-43-70-100-60-98-80-0,11970.725013906229,seed603_lns_start46_random_random_best_rm3_tw8_guarded
0-42-36-39-92-63-33-28-27-29-30-62-67-71-38-40-44-41-61-81-90-53-78-79-6-8-46-5-3-1-4-7-60-17-13-12-98-55-68-80-91-94-93-96-54-72-37-35-43-70-100-0,11977.057469727733,seed606_lns_start37_random_best_rm6_tw15_guarded
0-92-96-42-39-63-33-28-27-29-30-62-67-71-38-40-44-41-61-81-90-53-78-79-6-8-46-2-55-68-66-13-17-12-60-7-4-5-3-1-43-35-37-93-54-70-100-80-0,11977.822447646307,seed605_lns_start43_random_best_rm8_tw8
0-96-94-92-91-95-63-33-28-26-27-29-50-62-67-71-44-40-38-41-61-81-90-69-88-53-78-73-79-7-8-46-6-2-4-3-1-43-35-37-72-54-68-70-100-55-60-98-82-52-66-80-93-0,12027.148295131386,seed605_lns_start53_random_random_best_rm4_tw10_guarded
0-42-36-37-92-63-33-28-27-29-30-62-67-71-44-38-40-41-61-81-90-53-78-79-8-46-6-55-68-96-54-72-35-43-1-3-4-7-2-70-100-60-17-12-98-66-80-94-93-0,12090.015463144626,seed603_lns_start36_random_regret_rm8_tw6
0-96-94-92-95-85-63-33-28-26-27-29-31-62-71-61-44-40-38-41-81-90-69-88-53-78-73-79-7-6-8-46-5-3-1-4-2-55-68-54-43-35-37-72-93-80-91-66-82-98-100-70-60-17-0,12101.521093079911,seed605_lns_start53_random_random_best_rm3_tw8_guarded
0-42-36-39-92-63-33-28-27-29-30-62-67-71-38-40-44-41-61-81-90-53-78-79-7-6-8-46-5-3-1-4-2-55-68-43-35-37-72-54-96-93-94-80-91-66-98-100-70-60-12-17-0,12106.701985322654,seed601_lns_start35_random_regret_rm5_tw15_guarded
0-42-36-39-92-63-62-33-28-27-29-30-67-71-38-40-44-41-61-81-53-78-79-8-6-55-2-46-4-5-3-1-43-37-35-72-54-96-93-94-80-68-70-100-98-60-12-17-13-0,12149.071307465629,seed605_lns_start38_random_regret_rm5_tw8
0-36-37-96-92-63-33-28-27-29-30-62-67-71-38-40-44-41-61-81-90-53-78-79-6-8-46-5-3-1-4-7-2-55-68-43-35-72-54-80-66-94-93-70-100-98-60-17-13-0,12172.056071982435,seed607_lns_start36_random_regret_rm5_tw8
0-42-36-37-39-96-92-33-28-27-29-30-62-67-71-38-40-44-41-61-81-90-53-78-79-6-2-46-8-7-4-68-55-98-12-17-60-5-3-1-100-70-43-35-72-54-93-94-66-0,12185.761554462915,seed606_lns_start37_random_random_best_rm4_tw10
0-42-36-39-92-63-33-28-27-29-30-62-67-71-38-40-44-41-61-81-90-53-78-79-7-6-8-46-5-3-1-4-2-55-68-43-35-37-72-54-96-93-94-80-66-82-98-100-70-60-12-17-0,12225.718216887792,seed602_lns_start39_random_random_best_rm3_tw15_guarded
0-65-83-91-92-95-63-33-28-26-27-29-31-62-30-76-67-71-72-38-44-41-81-61-6-8-46-7-79-55-68-54-37-35-43-1-3-5-4-2-60-100-70-93-85-50-34-89-52-0,12228.48000941468,seed601_lns_start66_mixed_best_rm5_tw12
0-42-36-37-39-92-63-33-28-27-30-62-67-71-38-40-44-41-61-81-53-78-79-6-8-46-55-68-4-5-3-1-43-35-72-54-96-93-94-80-66-13-17-12-98-100-70-60-0,12244.529245225933,seed607_lns_start43_random_best_rm8_tw8
0-42-36-39-92-63-33-28-27-29-30-62-67-71-38-40-44-41-61-81-90-53-78-79-8-46-6-55-68-43-35-37-72-54-96-93-94-56-66-98-100-70-2-4-5-3-60-12-17-0,12259.750578959614,seed601_lns_start34_random_best_rm8_tw6_guarded
0-92-42-39-94-63-33-28-27-29-30-62-67-71-38-40-44-41-61-81-90-53-78-79-6-8-46-2-55-98-13-17-12-60-4-1-3-5-100-70-68-54-96-72-37-35-43-93-80-0,12306.608695365423,seed603_lns_start43_random_regret_rm8_tw12
0-37-36-39-92-63-33-28-27-29-30-62-67-71-38-40-44-41-61-81-90-53-78-79-7-6-8-46-5-3-1-4-2-68-55-98-60-17-12-82-66-80-94-93-96-54-72-35-43-70-100-0,12366.552148302275,seed603_lns_start43_random_regret_rm3_tw10_guarded
0-42-36-39-92-63-62-33-28-27-29-30-67-71-38-40-44-41-61-81-90-53-78-79-7-6-46-55-2-4-5-3-1-43-35-37-72-54-96-93-94-80-68-70-100-98-60-12-17-13-0,12374.260720220685,seed601_lns_start36_random_best_rm4_tw15
0-42-36-39-72-92-63-33-28-27-30-62-67-71-38-40-44-41-61-81-90-53-78-79-8-46-6-2-55-68-54-96-94-66-13-17-12-60-7-4-5-1-70-100-80-93-37-35-43-0,12388.700733666545,seed601_lns_start35_random_random_best_rm6_tw10
0-42-36-39-92-63-33-28-27-29-30-62-67-71-38-40-44-41-61-81-90-53-10-12-78-79-7-6-8-46-5-4-2-55-68-43-35-37-72-54-96-93-94-91-80-70-100-98-60-17-13-0,12409.39424114081,seed606_lns_start41_random_regret_rm6_tw10_guarded
0-42-36-39-92-63-33-28-27-29-30-62-67-71-38-40-44-41-61-81-90-53-78-79-7-6-8-46-5-3-1-4-2-55-68-43-35-37-72-54-96-93-94-80-66-83-82-100-70-60-12-17-0,12417.857881810285,seed607_lns_start40_random_regret_rm6_tw8_guarded
0-42-36-39-72-96-92-33-28-27-29-30-62-67-71-38-40-44-41-61-81-90-53-78-79-6-8-46-55-68-54-94-66-13-17-12-60-7-2-4-100-70-5-3-1-43-35-37-93-0,12437.576520799239,seed603_lns_start35_random_best_rm3_tw12
0-42-36-39-92-63-62-33-28-27-29-30-67-71-38-44-40-37-41-81-90-53-78-79-8-46-6-2-55-68-54-35-43-1-3-5-4-7-60-17-13-12-98-100-70-80-94-93-72-0,12441.419404534647,seed604_lns_start37_random_best_rm5_tw6
0-96-94-92-95-63-33-28-26-27-29-62-71-38-44-40-61-69-88-53-78-73-79-8-46-6-2-90-56-81-54-72-41-43-35-37-68-55-60-7-4-5-3-1-100-98-82-70-80-93-0,12460.574574803513,seed601_lns_start53_late_regret_rm8_tw8
0-92-42-39-36-72-33-28-27-29-30-62-67-71-38-40-44-41-61-81-90-53-78-79-6-8-46-1-3-5-4-7-2-55-68-43-37-35-54-93-94-80-66-98-100-70-60-12-17-13-0,12476.701203882893,seed605_lns_start34_random_best_rm4_tw15
0-42-36-39-92-63-33-28-27-29-30-62-67-71-38-40-44-41-61-81-90-53-78-79-6-8-46-5-3-1-4-2-7-60-98-55-68-100-70-43-35-37-72-54-96-93-94-80-56-82-17-0,12484.633594065863,seed605_lns_start44_random_best_rm4_tw6_guarded
0-42-36-39-92-63-62-33-28-30-29-67-71-38-40-44-41-61-81-90-98-53-78-79-7-6-8-46-68-55-60-2-4-5-3-1-43-35-37-72-54-93-94-96-80-70-100-12-13-17-0,12488.322664491467,seed608_lns_start42_random_random_best_rm4_tw12
0-42-36-39-92-63-33-28-27-29-30-62-67-94-71-38-40-44-41-81-90-53-78-6-7-8-46-43-35-37-72-54-68-55-98-12-60-2-4-5-3-1-61-70-100-96-80-66-0,12490.335816381808,seed605_lns_start42_mixed_best_rm8_tw15
0-42-36-39-92-63-62-33-28-27-29-30-71-38-40-44-41-61-81-90-98-53-78-79-7-6-8-46-68-55-60-2-4-5-3-1-43-35-37-72-54-93-94-96-80-70-100-12-13-17-0,12512.117794875134,seed603_lns_start42_random_regret_rm3_tw10
0-42-36-39-92-63-33-28-27-29-30-62-67-71-38-40-44-41-61-81-90-53-78-79-8-46-6-55-68-54-96-66-98-12-17-60-7-4-5-3-1-100-70-80-94-93-72-37-35-43-0,12520.545375428448,seed604_lns_start34_random_random_best_rm3_tw15_guarded
0-42-37-36-39-63-33-28-27-29-30-62-67-71-38-40-44-41-61-81-90-53-78-79-7-6-8-46-5-3-4-2-68-55-60-12-17-13-82-66-91-80-94-93-96-54-72-35-43-70-100-0,12526.965596629501,seed604_lns_start37_random_random_best_rm3_tw15_guarded
0-96-94-92-95-63-33-26-28-27-62-29-71-44-40-38-41-61-81-90-88-53-78-79-6-8-46-55-68-66-56-54-37-35-43-1-3-5-4-7-2-70-100-98-60-17-13-82-80-93-0,12580.230588563069,seed602_lns_start54_random_random_best_rm5_tw6
0-37-36-39-92-63-33-28-27-29-30-62-67-71-38-40-44-41-61-81-90-53-78-79-7-6-8-46-5-3-1-4-2-68-55-60-10-13-17-12-82-80-94-93-96-54-72-35-43-70-100-0,12591.448240045316,seed601_lns_start44_random_best_rm4_tw8_guarded
0-42-36-37-72-63-33-28-27-29-30-62-67-71-38-40-44-41-61-81-90-53-78-79-6-8-46-1-3-5-4-43-35-54-96-66-68-55-100-70-2-7-60-12-17-13-98-80-93-0,12594.496384809121,seed607_lns_start34_random_random_best_rm3_tw15
0-42-36-39-92-63-33-28-27-29-30-67-71-38-40-44-41-61-81-90-53-78-79-7-6-8-46-5-3-1-4-2-60-55-68-54-72-37-35-43-70-100-98-82-66-80-96-93-94-56-17-0,12626.81431868984,seed606_lns_start33_random_random_best_rm3_tw10_guarded
0-42-36-39-92-63-33-28-27-29-30-67-71-38-40-44-41-61-81-90-98-53-78-79-7-6-8-46-2-68-55-1-5-3-4-43-35-37-72-54-93-94-96-70-100-60-17-13-66-0,12638.910898380751,seed608_lns_start39_random_regret_rm4_tw8
0-42-36-39-92-63-62-33-28-27-29-30-67-71-38-40-44-41-61-81-90-98-53-78-79-7-6-8-46-68-55-60-2-4-5-3-1-43-35-37-72-54-93-94-96-80-70-100-12-13-0,12639.360258456163,seed605_lns_start43_random_random_best_rm3_tw10
0-42-36-39-92-63-33-28-27-29-30-62-67-71-38-40-44-41-61-81-90-53-78-79-7-6-8-46-5-3-4-2-1-43-35-37-72-54-96-93-94-80-68-70-100-55-98-12-17-60-66-0,12723.067608986008,seed603_lns_start38_random_random_best_rm4_tw8_guarded
0-42-36-39-94-92-63-33-28-27-29-62-67-71-38-40-44-41-61-81-90-53-78-79-8-6-55-2-46-4-7-60-12-17-13-98-68-96-54-72-37-35-43-1-3-5-70-100-80-0,12788.570387294652,seed608_lns_start35_random_random_best_rm8_tw8
0-72-42-39-36-63-33-28-27-29-30-62-67-71-38-40-44-41-61-81-98-53-78-79-8-46-6-55-68-54-96-66-13-17-12-60-7-4-2-100-70-3-5-1-43-37-35-93-80-0,12829.585256405491,seed607_lns_start37_random_random_best_rm5_tw12
0-42-36-39-72-92-33-28-27-29-30-62-67-71-38-40-44-41-61-81-90-53-78-79-8-7-6-55-68-46-4-1-3-5-43-35-54-96-93-94-80-70-100-2-60-98-12-17-66-0,12834.708335873183,seed606_lns_start40_random_best_rm6_tw8
0-42-36-39-92-63-62-33-28-27-29-30-67-38-40-44-41-61-81-90-53-78-79-6-8-46-1-3-5-4-2-55-68-54-72-37-35-43-70-100-60-12-17-13-98-66-80-94-93-0,12849.293427696692,seed605_lns_start43_random_best_rm4_tw15
0-42-36-37-39-92-63-62-33-28-27-29-30-67-71-38-44-40-41-81-90-98-53-78-79-8-6-43-35-72-54-68-55-60-4-46-1-3-5-7-2-100-70-96-93-94-66-13-0,12874.990924625996,seed603_lns_start35_mixed_random_best_rm8_tw15
0-92-42-39-63-33-28-27-29-30-62-67-71-38-40-44-41-61-81-90-53-78-79-6-8-46-2-68-55-1-3-5-4-7-60-98-66-80-93-96-54-72-37-35-43-70-100-12-17-0,12878.737892833618,seed606_lns_start34_random_best_rm4_tw6
0-72-36-39-92-63-33-28-27-29-30-62-67-71-61-44-40-38-41-81-90-53-78-79-6-8-7-46-1-3-4-2-68-55-98-60-12-17-13-66-80-94-93-54-70-100-43-35-0,12895.114699579772,seed603_lns_start33_random_best_rm8_tw6
0-42-36-39-85-63-33-28-27-29-30-62-67-71-38-40-44-41-61-81-90-53-78-79-7-8-46-6-55-10-13-17-12-60-2-4-5-3-1-100-70-68-54-96-94-93-72-37-35-43-80-0,12899.128851830434,seed608_lns_start43_random_regret_rm3_tw10_guarded
0-65-91-92-95-63-50-33-28-26-27-29-31-34-30-62-76-51-67-71-81-61-41-38-40-44-1-3-8-6-46-5-68-55-79-7-4-2-60-100-70-43-35-37-72-54-93-85-89-52-0,12931.723233174958,seed608_lns_start66_mixed_random_best_rm8_tw6
0-96-94-92-91-95-63-33-28-26-27-29-62-71-61-44-40-38-41-81-90-69-88-53-78-73-79-7-6-8-46-5-3-1-4-2-55-68-54-43-35-72-93-80-56-66-82-98-100-70-60-17-0,12934.653677149212,seed602_lns_start53_random_random_best_rm4_tw8_guarded
0-42-36-39-92-63-33-28-27-29-30-62-67-71-38-40-44-41-61-81-90-53-78-79-6-2-46-5-3-1-4-7-60-12-17-13-55-68-70-100-54-96-94-93-72-37-35-43-80-66-0,12947.459478169005,seed608_lns_start42_random_regret_rm4_tw8
0-36-37-94-92-63-33-28-27-29-30-62-67-71-38-40-44-41-61-81-90-53-78-79-6-8-46-5-3-4-2-55-68-96-54-72-35-43-1-7-17-13-12-98-60-100-70-80-66-0,12977.503148904032,seed606_lns_start36_random_regret_rm6_tw6
0-42-36-37-39-96-92-33-28-27-29-30-62-67-71-38-40-44-41-61-81-90-53-78-79-6-8-46-5-3-4-1-43-35-72-54-66-68-55-60-7-100-70-93-94-80-98-13-17-0,13018.16291195771,seed601_lns_start44_random_best_rm8_tw12
0-42-36-96-92-63-33-28-27-29-30-62-67-71-38-40-44-41-61-81-90-53-78-79-8-46-6-2-68-55-98-60-7-4-5-3-1-100-70-54-94-93-72-35-43-80-66-12-13-0,13021.307447835688,seed604_lns_start37_random_regret_rm8_tw12
0-42-36-39-92-63-62-33-28-27-29-30-67-71-38-40-44-41-61-81-90-53-78-79-6-8-46-5-3-1-4-60-55-2-68-54-96-94-93-72-37-35-43-70-100-98-80-66-12-0,13025.517916357327,seed607_lns_start38_random_random_best_rm6_tw8
0-96-94-92-95-63-33-26-28-27-62-29-71-44-40-38-41-61-81-90-69-88-53-78-6-8-46-55-68-66-56-54-37-35-43-1-3-5-4-7-2-70-100-98-60-17-13-82-80-93-0,13042.653401309955,seed601_lns_start55_random_random_best_rm5_tw8
0-82-96-92-63-33-28-26-27-29-62-71-38-44-61-90-69-88-53-78-73-79-7-8-46-6-43-40-37-41-54-81-68-55-60-1-3-5-4-2-100-70-80-56-95-94-93-72-98-13-0,13045.058847737773,seed601_lns_start56_late_regret_rm8_tw15
0-92-42-39-72-63-33-28-27-29-30-62-67-71-38-40-44-41-61-81-90-53-78-79-6-2-46-8-68-55-98-12-13-60-7-4-5-3-1-100-70-54-96-93-94-80-66-43-35-0,13051.893864905982,seed601_lns_start43_random_regret_rm5_tw10
0-42-37-36-39-63-33-28-27-29-30-62-67-71-38-40-44-41-61-81-90-53-78-79-7-6-8-46-5-3-4-2-68-55-60-17-13-12-98-82-66-80-94-93-96-54-72-35-43-70-100-0,13055.478670745893,seed605_lns_start34_random_regret_rm5_tw12_guarded
0-42-36-39-92-63-33-28-27-29-30-62-67-71-38-40-44-41-61-81-90-53-78-79-7-6-8-46-2-55-66-68-4-5-1-3-43-35-37-72-54-96-93-94-80-70-100-60-12-17-0,13091.86534220785,seed603_lns_start37_random_regret_rm5_tw10
0-42-36-39-92-63-62-33-28-27-29-30-67-71-38-40-44-41-61-90-98-53-78-7-8-46-2-1-5-4-6-68-55-60-12-17-13-66-80-94-93-96-54-72-37-35-43-70-100-0,13153.564075733582,seed608_lns_start37_random_regret_rm4_tw6
0-42-36-39-92-63-62-33-28-27-29-30-67-71-72-38-40-44-41-61-81-53-78-79-8-6-55-68-1-5-4-46-7-60-12-17-13-98-80-96-94-93-54-70-100-43-37-35-0,13166.692309180078,seed601_lns_start35_random_regret_rm6_tw8
0-42-36-39-92-63-62-33-28-27-29-30-67-71-38-40-44-41-61-81-90-98-78-79-7-6-8-46-55-2-4-5-3-1-43-35-37-72-54-93-94-96-80-68-70-100-60-12-13-17-0,13167.639082279375,seed604_lns_start33_random_best_rm5_tw10
0-42-36-39-92-63-33-28-27-29-30-62-67-71-38-40-44-41-61-81-90-53-78-73-79-7-6-8-46-5-3-1-4-2-55-68-43-35-37-72-54-96-93-94-80-70-100-98-60-12-17-13-0,13173.854409563199,seed608_lns_start43_random_best_rm4_tw10_guarded
0-42-36-37-39-96-94-92-62-28-27-29-30-67-71-38-40-44-41-61-81-90-53-78-79-6-2-8-46-1-3-5-4-7-60-12-17-13-98-55-68-66-80-93-54-72-70-100-43-35-0,13190.866761291432,seed601_lns_start43_random_random_best_rm3_tw12
0-42-36-37-92-63-33-28-27-29-30-62-71-61-44-40-38-41-81-90-53-78-79-7-6-8-46-5-3-1-4-2-55-68-43-35-72-54-80-66-94-93-96-70-100-98-60-12-17-13-0,13211.994776339985,seed601_lns_start44_random_best_rm8_tw8
0-92-42-39-36-37-33-28-27-29-30-62-67-71-38-40-44-41-61-81-90-53-78-79-6-8-46-1-3-5-4-43-35-72-54-96-93-66-80-68-55-100-70-2-7-60-12-17-13-98-0,13217.51660551999,seed601_lns_start36_random_random_best_rm5_tw15
0-42-36-39-92-63-62-33-27-29-30-67-71-38-40-44-41-61-81-90-98-53-78-79-7-6-8-46-55-2-4-5-3-1-43-35-37-72-54-93-94-96-80-68-70-100-60-12-13-17-0,13226.24336098764,seed607_lns_start35_random_regret_rm4_tw10
0-42-36-39-92-63-62-33-28-27-29-30-67-71-44-40-41-61-81-90-98-53-78-79-7-6-8-46-55-2-4-5-3-1-43-35-37-72-54-93-94-96-80-68-70-100-60-12-13-17-0,13242.407358591185,seed607_lns_start35_random_best_rm4_tw15
0-42-37-39-92-63-33-28-27-29-30-62-67-71-38-44-40-41-81-90-53-78-79-6-2-8-46-55-68-43-35-72-54-96-93-94-80-66-98-100-70-1-3-5-4-7-60-12-17-13-0,13263.559963805934,seed605_lns_start33_random_best_rm4_tw10
0-42-36-37-39-63-33-28-27-29-30-67-71-38-40-44-41-61-81-90-53-78-79-7-6-46-2-55-68-4-8-5-3-43-35-72-54-96-93-94-80-66-98-60-12-17-13-100-70-0,13270.359322649672,seed606_lns_start44_random_regret_rm4_tw8
0-42-36-92-63-62-33-28-27-29-30-67-71-38-40-44-41-61-81-90-53-78-79-8-7-6-98-55-68-2-4-46-5-3-1-43-35-37-72-54-96-93-94-80-66-70-100-60-17-0,13286.322131293706,seed608_lns_start36_random_random_best_rm6_tw15
0-42-36-39-92-63-33-28-27-29-30-62-67-71-44-40-38-72-41-61-81-90-53-79-6-46-8-5-3-1-4-2-7-60-55-68-54-96-94-93-37-35-43-70-100-98-12-17-13-80-0,13304.729855140673,seed603_lns_start40_random_best_rm4_tw6
0-37-36-39-92-63-33-28-27-29-30-62-67-71-38-44-40-41-81-90-53-78-79-6-2-8-46-55-68-43-35-72-54-96-93-94-80-66-98-100-70-1-3-5-4-7-60-12-17-13-0,13334.614480026994,seed604_lns_start42_random_random_best_rm6_tw10
0-42-36-39-92-63-62-33-28-27-29-30-67-71-38-40-44-41-61-81-90-53-78-79-7-6-55-2-8-46-4-5-43-35-37-72-54-96-93-94-80-68-70-100-98-12-13-17-60-0,13341.606000895337,seed603_lns_start41_random_best_rm3_tw6
0-42-36-94-92-63-33-28-27-29-30-62-67-71-72-38-40-44-41-81-90-53-78-79-7-8-6-2-55-68-46-4-1-3-5-60-17-13-12-98-66-80-96-54-93-70-100-43-35-0,13354.859409051036,seed605_lns_start41_random_random_best_rm5_tw12
0-37-36-39-92-63-33-28-27-29-30-62-67-71-38-44-40-41-61-81-98-53-78-79-7-6-2-8-46-68-55-4-3-1-43-35-72-54-96-93-94-80-70-100-60-12-17-13-66-0,13380.498594236671,seed601_lns_start36_random_regret_rm8_tw6
0-96-94-92-95-63-33-28-26-27-29-71-72-37-38-44-40-61-81-69-90-53-78-73-79-7-6-8-46-1-3-5-4-2-55-68-41-43-35-54-93-80-56-66-82-98-100-70-60-17-13-0,13395.589662155022,seed605_lns_start55_random_regret_rm6_tw12
0-42-36-37-39-96-92-33-28-27-29-30-62-67-71-38-40-44-41-61-81-90-53-78-79-7-6-2-46-8-4-68-55-12-17-60-5-3-1-43-35-72-54-93-94-80-66-98-100-70-0,13430.746344971338,seed608_lns_start41_random_regret_rm3_tw8
0-42-36-39-92-63-33-28-27-29-30-67-71-38-40-44-41-61-81-90-53-78-79-8-7-6-98-55-2-46-4-5-1-43-35-37-72-54-80-94-93-96-68-70-100-60-17-13-66-0,13430.91052546066,seed601_lns_start42_random_regret_rm4_tw15
0-42-36-39-92-63-62-33-28-27-29-30-67-71-38-40-44-41-61-81-90-53-78-79-7-6-8-46-55-2-4-5-3-1-43-35-37-54-96-93-94-80-68-70-100-98-60-12-17-13-0,13472.371233735254,seed602_lns_start35_random_regret_rm4_tw15
0-36-39-94-92-63-33-28-27-29-30-62-67-71-38-40-44-41-61-81-90-53-78-79-6-8-46-55-68-66-54-37-35-43-1-4-5-3-7-2-60-12-17-13-98-100-70-80-93-0,13474.733617220887,seed604_lns_start43_random_regret_rm4_tw10
0-72-36-39-92-63-33-28-27-29-30-62-67-71-38-40-44-41-61-81-90-53-78-79-8-6-55-68-54-96-94-66-13-17-12-60-46-4-1-3-5-2-100-70-43-35-37-93-80-0,13524.41612807162,seed606_lns_start34_random_regret_rm6_tw10
0-42-36-39-92-63-62-33-28-27-29-30-67-71-38-40-44-41-61-81-90-53-78-79-7-6-8-46-55-68-96-54-72-37-35-43-1-5-4-2-70-100-98-12-13-17-60-80-94-93-0,13529.446106670392,seed602_lns_start38_random_random_best_rm5_tw8
0-42-36-39-92-63-62-33-28-27-29-30-67-71-38-40-44-41-61-81-90-98-53-79-6-8-46-5-3-1-4-2-60-55-68-54-96-94-66-17-12-100-70-80-93-72-37-35-43-0,13540.476418760098,seed604_lns_start38_random_regret_rm4_tw8
0-72-42-39-36-63-33-28-27-29-30-62-67-71-38-40-44-41-61-81-90-53-78-79-6-2-46-8-68-55-98-12-13-60-7-4-5-3-1-100-70-54-96-93-94-80-66-43-35-0,13559.19981532854,seed601_lns_start34_random_regret_rm5_tw8
0-42-36-39-92-63-33-28-27-29-30-62-67-71-38-40-44-41-61-81-90-53-78-79-6-8-46-5-3-1-4-68-55-60-7-2-100-70-43-35-37-72-54-96-93-94-80-91-66-82-98-17-0,13584.22148484498,seed608_lns_start41_random_regret_rm3_tw15_guarded
0-96-94-92-95-85-63-33-28-26-27-29-62-71-61-44-38-40-41-81-90-69-98-53-78-79-6-8-46-2-82-66-56-54-72-35-37-43-68-55-100-70-1-3-5-4-7-60-13-17-80-93-0,13601.568649662744,seed602_lns_start46_random_random_best_rm8_tw8
0-42-36-39-92-63-33-28-27-29-30-67-71-38-40-44-41-61-81-90-53-78-79-7-6-8-46-68-66-98-55-2-4-5-3-1-43-35-37-72-54-96-93-80-70-100-60-12-17-13-0,13620.787010055446,seed604_lns_start43_random_random_best_rm5_tw15
0-42-36-39-72-96-92-33-28-27-29-30-62-67-71-38-40-44-41-61-81-90-53-78-79-6-8-46-55-68-54-94-66-13-17-12-60-7-2-4-100-70-5-3-1-43-35-37-93-80-0,13660.702625147847,seed601_lns_start43_random_random_best_rm3_tw6
0-42-37-72-92-63-33-28-27-29-30-62-67-71-38-40-44-41-61-81-90-53-78-79-7-6-8-46-5-3-1-4-2-68-98-55-43-35-54-96-93-94-80-66-70-100-60-12-17-13-0,13672.834082013957,seed602_lns_start34_random_regret_rm4_tw8
0-42-37-39-92-63-33-28-27-29-30-62-67-71-38-40-44-41-61-81-90-53-78-79-8-6-98-55-2-4-46-5-1-43-35-72-54-96-93-94-80-68-70-100-60-12-17-13-66-0,13684.366800390073,seed604_lns_start40_random_random_best_rm8_tw8
0-42-36-39-72-96-92-63-33-28-27-30-62-67-71-38-40-44-41-61-81-90-78-79-6-8-46-55-68-54-94-66-13-17-12-60-7-2-4-100-70-5-3-1-43-35-37-93-80-0,13697.064361720348,seed606_lns_start41_random_regret_rm4_tw10
0-42-36-37-39-72-92-62-33-28-27-30-29-67-71-44-40-38-41-61-81-90-53-78-79-8-46-6-2-55-68-1-5-3-4-43-35-54-96-80-66-94-93-70-100-60-12-17-13-0,13707.678450869018,seed602_lns_start39_random_best_rm8_tw8
0-42-36-39-92-63-33-28-27-29-30-62-67-71-38-44-40-41-61-81-90-98-53-78-79-7-8-2-46-1-3-5-4-55-68-54-43-35-37-72-96-93-94-80-70-100-60-12-17-13-66-0,13748.461780562659,seed606_lns_start35_random_best_rm5_tw8
0-65-91-92-95-63-33-50-62-28-26-27-29-30-76-67-71-81-61-41-38-40-44-6-46-8-7-79-55-68-54-72-37-35-43-1-3-5-4-2-60-100-70-96-93-94-83-52-85-34-31-89-0,13752.881562783781,seed605_lns_start66_random_best_rm8_tw6
0-96-94-92-63-33-26-28-27-62-29-71-61-44-40-38-41-81-90-69-88-53-78-73-79-7-6-8-46-5-1-4-2-55-68-43-37-35-72-54-93-80-95-56-82-98-60-100-70-17-0,13764.40440810148,seed608_lns_start49_random_best_rm6_tw8
0-65-91-92-94-95-85-63-33-62-50-28-26-27-29-30-67-71-38-40-44-41-61-81-78-79-6-8-46-7-68-55-60-2-4-5-3-1-54-96-93-34-31-32-72-37-35-43-70-100-80-0,13777.737554031391,seed607_lns_start57_mixed_regret_rm6_tw6
0-92-42-39-36-37-63-29-27-28-30-62-67-71-72-44-40-38-41-61-81-90-53-78-79-6-8-46-5-1-3-4-7-60-17-13-98-55-68-66-80-94-96-54-70-100-43-35-0,13778.418350505344,seed607_lns_start33_random_regret_rm6_tw15
0-92-94-96-72-39-36-37-33-28-27-29-30-62-67-71-38-40-44-41-61-81-90-53-78-79-6-2-8-46-5-3-1-4-7-60-12-17-13-98-55-68-66-80-93-54-70-100-43-35-0,13782.941479513895,seed607_lns_start34_random_best_rm8_tw12
0-92-36-39-63-33-29-27-28-30-62-67-71-38-40-44-41-81-90-53-78-79-6-8-46-55-68-4-7-60-12-17-13-98-2-5-3-1-43-35-37-72-54-96-93-94-80-100-70-0,13806.377695895291,seed608_lns_start36_random_random_best_rm5_tw12
0-36-39-94-92-63-33-28-27-29-30-62-67-71-38-40-44-41-61-81-90-53-78-79-6-8-46-2-55-68-54-37-35-43-1-4-5-3-7-60-12-17-13-98-100-70-80-96-93-66-0,13807.256622444165,seed608_lns_start39_random_random_best_rm8_tw6
0-92-36-39-42-45-14-12-47-15-16-11-99-64-67-84-51-76-18-48-21-23-19-49-20-22-57-86-87-9-10-13-97-59-74-24-89-32-30-34-50-95-83-52-58-75-77-25-0,13814.218346631766,seed606_lns_start46_random_best_rm4_tw12_guarded
0-42-36-39-92-63-33-28-27-29-30-62-67-71-38-40-44-41-61-2-6-46-8-79-78-53-90-66-56-96-54-81-68-55-60-7-4-5-3-1-43-35-37-72-93-94-80-70-100-12-17-0,13828.97126016398,seed608_lns_start33_random_best_rm8_tw6_guarded
0-96-94-92-95-63-33-26-28-27-29-62-71-72-37-38-44-40-41-61-81-90-69-88-53-78-73-79-6-8-46-5-1-4-55-68-43-35-54-93-80-56-82-98-100-70-2-7-60-17-13-0,13843.252700753941,seed607_lns_start47_random_random_best_rm8_tw10
0-96-94-92-95-63-33-26-28-27-29-62-71-72-38-44-40-61-81-90-69-88-53-78-73-79-7-6-8-46-1-43-35-41-54-68-55-60-4-3-100-70-80-56-66-13-17-98-93-0,13852.409452503354,seed607_lns_start52_random_regret_rm8_tw12
0-42-37-39-36-63-33-28-27-29-30-62-67-71-81-61-44-40-38-41-53-78-79-7-6-8-46-5-3-1-4-2-55-68-54-43-35-72-93-96-80-94-70-100-98-60-12-17-13-66-0,13921.644741543943,seed606_lns_start40_random_regret_rm3_tw12
0-42-36-39-94-92-63-33-28-27-29-30-67-71-38-40-44-41-61-81-90-53-78-79-6-8-46-5-3-4-55-68-66-96-54-72-43-35-37-1-7-2-60-12-13-98-100-70-80-93-0,13961.035320754521,seed601_lns_start42_random_best_rm3_tw12
0-42-36-39-94-92-63-62-33-28-27-29-30-67-71-38-40-44-41-81-90-53-78-79-6-8-46-5-3-4-55-68-96-54-72-43-37-35-1-7-2-70-100-60-17-12-98-66-80-93-0,14002.631305483901,seed604_lns_start38_random_best_rm8_tw12
0-42-36-39-92-63-33-28-27-29-30-62-67-71-44-38-37-40-41-61-81-98-53-78-79-7-6-8-5-3-46-4-55-68-43-35-72-54-94-93-96-80-70-100-2-60-12-17-13-66-0,14017.558969695589,seed607_lns_start34_random_regret_rm6_tw6
0-37-36-39-92-63-33-28-27-29-30-62-67-71-61-81-90-53-78-79-6-8-46-44-43-40-38-41-35-72-54-68-55-60-7-3-5-4-2-100-70-96-94-93-80-66-98-12-17-13-0,14037.513437240003,seed603_lns_start44_random_regret_rm3_tw10
0-42-36-37-39-96-92-62-33-28-27-29-30-67-71-38-40-44-41-61-81-90-53-78-79-6-8-46-43-35-72-54-94-68-55-100-70-2-4-5-3-1-7-60-12-17-13-98-80-66-93-0,14046.037923016298,seed604_lns_start40_random_best_rm4_tw8
0-42-36-37-39-92-63-33-28-27-29-30-67-71-38-44-40-41-61-81-90-53-12-79-8-7-6-46-4-55-68-66-94-96-54-72-35-43-2-3-1-70-100-98-60-17-13-80-93-0,14059.582584795504,seed605_lns_start39_random_best_rm3_tw15
0-72-42-39-36-63-33-28-27-29-30-62-67-71-38-40-44-41-61-81-90-53-78-79-7-6-2-46-8-4-55-68-43-35-54-96-93-94-80-66-98-100-70-1-3-5-60-12-17-13-0,14069.577906022007,seed605_lns_start40_random_regret_rm3_tw12
0-42-36-39-92-63-33-28-27-29-30-62-67-71-38-40-44-41-61-81-90-53-78-79-6-8-46-55-68-66-94-96-54-72-37-35-43-1-5-4-2-7-60-12-17-13-80-93-70-100-0,14070.875338538408,seed601_lns_start35_random_regret_rm6_tw10
0-37-36-39-94-92-63-33-28-27-29-30-62-67-71-38-40-44-41-61-81-90-53-78-79-6-8-46-5-3-4-2-55-68-96-54-72-35-43-1-7-60-17-13-12-98-100-70-66-93-0,14100.81522347482,seed602_lns_start42_random_regret_rm3_tw6
0-42-36-37-39-72-92-62-33-28-27-30-29-67-71-40-44-38-41-61-81-53-78-79-6-8-2-46-1-3-5-4-7-60-12-17-13-98-100-55-68-66-80-94-93-96-54-35-43-70-0,14132.676032857795,seed602_lns_start34_random_random_best_rm5_tw8
0-72-36-39-92-63-33-28-27-29-30-62-67-71-38-40-44-41-61-81-90-98-53-78-79-6-46-55-68-54-94-66-13-17-12-60-7-8-4-5-3-1-100-70-43-35-37-93-80-0,14141.251829145556,seed604_lns_start36_random_random_best_rm8_tw8
0-42-36-39-92-63-62-33-28-27-29-30-67-71-38-40-44-41-61-81-90-53-78-79-6-8-46-1-3-5-4-2-55-68-54-72-37-35-43-70-100-60-12-17-13-98-66-80-94-93-0,14162.358326948895,seed606_lns_start41_random_random_best_rm4_tw12
0-72-36-39-92-63-33-28-27-29-30-62-67-71-38-44-40-41-61-81-90-53-78-79-7-6-8-46-5-1-3-4-2-55-68-66-98-54-96-93-94-80-70-100-60-17-13-43-35-0,14179.272013312086,seed605_lns_start38_random_best_rm5_tw10
0-42-36-39-92-63-62-33-28-27-29-30-67-71-38-40-44-41-61-81-90-53-79-6-8-46-68-55-12-13-17-60-7-4-5-3-1-43-35-37-72-54-96-93-94-80-66-70-100-0,14194.23768651566,seed608_lns_start42_random_random_best_rm8_tw10
0-42-36-39-92-63-62-33-28-27-29-30-67-71-38-40-44-41-61-81-90-53-78-79-6-8-46-43-35-37-72-54-96-66-68-55-100-2-4-5-3-1-70-93-80-60-17-13-0,14199.437488603033,seed601_lns_start41_random_regret_rm8_tw10
0-42-36-39-92-63-62-33-28-27-29-30-67-71-38-44-40-41-61-81-98-53-78-7-6-2-1-3-5-8-46-4-68-55-60-12-17-13-66-80-94-93-96-54-72-37-35-43-70-100-0,14229.368832770562,seed604_lns_start41_random_best_rm5_tw12
0-42-36-39-92-63-62-33-28-26-27-29-30-67-71-38-40-44-41-61-81-90-53-78-79-7-8-46-6-55-68-54-72-37-35-43-1-3-5-4-2-70-100-98-12-13-17-60-80-94-93-0,14229.722379289546,seed603_lns_start39_random_best_rm8_tw15
0-65-83-82-45-14-47-15-11-69-88-64-51-76-18-23-19-22-57-86-87-9-16-10-99-52-66-56-84-20-49-48-21-24-74-59-97-75-58-77-25-91-95-50-34-31-26-32-85-89-0,14230.354190842869,seed608_lns_start43_random_best_rm4_tw10_guarded
0-37-36-39-92-63-33-28-27-29-30-62-67-71-38-40-44-41-61-81-90-98-53-78-79-7-6-8-46-2-68-55-1-5-3-4-43-35-72-54-96-93-94-80-70-100-60-17-13-66-0,14238.997480556012,seed604_lns_start37_random_regret_rm4_tw10
0-42-36-37-92-63-33-28-27-29-30-62-67-71-38-44-40-41-61-81-90-53-78-79-8-46-6-2-68-55-98-13-17-12-60-7-4-1-3-100-70-54-96-94-93-72-35-43-80-66-0,14240.105254962888,seed605_lns_start36_random_regret_rm4_tw6
0-42-36-39-92-63-33-28-27-29-30-62-67-71-38-40-44-41-61-81-90-53-78-79-7-6-8-46-5-3-1-4-2-55-66-68-98-80-94-93-96-54-72-35-43-70-100-60-17-13-0,14269.106375389933,seed602_lns_start44_random_best_rm6_tw12
0-42-36-39-92-63-33-28-27-29-30-62-67-71-38-44-40-37-41-81-90-53-78-79-7-8-6-2-46-4-55-68-43-35-72-54-96-93-94-80-66-98-100-70-1-3-5-60-12-17-13-0,14282.969762649784,seed601_lns_start36_random_random_best_rm3_tw12
0-96-94-92-95-63-33-28-27-26-29-69-44-40-37-38-41-61-81-90-88-53-78-73-79-6-8-46-2-55-68-66-56-54-72-35-43-1-3-5-4-70-100-98-60-17-13-82-80-93-0,14287.50190634565,seed608_lns_start51_random_best_rm4_tw15
0-42-36-39-92-63-33-28-27-29-30-62-71-72-38-40-44-41-61-81-90-53-78-79-8-46-6-55-68-54-96-66-13-17-12-98-60-7-4-2-100-70-3-5-1-43-37-35-93-80-0,14289.059028367321,seed608_lns_start43_random_random_best_rm4_tw8
0-42-36-39-92-63-33-28-27-29-30-62-67-71-38-40-44-41-61-81-90-53-78-79-6-8-46-68-55-98-12-13-17-60-7-4-3-5-100-70-80-94-93-96-54-72-37-35-43-66-0,14290.602908968613,seed603_lns_start33_random_random_best_rm6_tw8
0-96-92-95-63-33-26-28-27-62-29-71-61-44-40-38-41-81-90-69-88-53-78-73-79-7-6-2-46-8-4-5-3-1-55-68-54-72-37-35-43-70-100-98-60-17-13-82-80-94-93-0,14295.473499357626,seed603_lns_start47_random_random_best_rm5_tw15
0-92-36-39-63-33-29-27-28-30-62-67-71-44-40-38-41-61-81-90-53-78-12-8-46-6-2-55-98-60-7-4-5-3-1-70-68-54-96-93-72-37-35-43-100-80-94-13-17-0,14305.516091023104,seed602_lns_start35_random_random_best_rm8_tw12
0-42-36-39-94-92-63-62-33-28-27-29-30-67-71-38-40-44-41-61-81-90-53-78-79-6-46-2-55-68-96-54-72-37-35-43-1-4-5-8-7-60-12-17-13-100-70-80-93-0,14310.933611524637,seed605_lns_start37_random_regret_rm6_tw8
0-42-36-39-92-63-33-28-27-29-30-62-67-71-38-40-44-41-61-81-90-53-78-79-8-46-6-55-68-54-56-66-13-17-12-60-7-4-5-3-1-2-100-70-96-94-93-72-37-35-43-0,14313.16500720861,seed602_lns_start36_random_best_rm8_tw8_guarded
0-96-94-92-95-63-33-28-27-26-29-71-69-88-44-40-38-41-61-81-90-53-78-73-79-6-8-46-55-68-66-56-54-72-35-43-1-3-5-4-2-70-100-60-17-13-82-98-80-93-0,14313.438720211254,seed605_lns_start54_random_regret_rm8_tw12
0-65-83-39-36-42-45-14-47-16-15-11-99-64-67-84-51-76-18-23-19-49-22-20-57-86-87-9-10-12-13-52-74-59-97-75-58-77-24-25-21-48-89-85-50-34-32-93-56-0,14322.470669119819,seed604_lns_start53_random_regret_rm4_tw10_guarded
0-42-36-37-39-92-63-33-28-27-29-30-67-71-38-40-44-41-61-90-53-78-79-6-8-46-2-55-68-1-3-5-4-7-60-12-17-13-98-66-96-80-94-93-54-72-70-100-43-35-0,14348.760807702804,seed605_lns_start44_random_regret_rm5_tw15
0-42-36-37-39-92-63-33-28-27-29-30-67-71-38-40-44-41-61-81-90-98-53-78-79-6-8-46-5-3-1-68-55-60-7-4-2-100-70-43-35-72-54-96-93-94-80-66-12-17-13-0,14364.053273224179,seed601_lns_start43_random_regret_rm3_tw12
0-42-36-39-96-92-63-33-28-27-30-62-67-71-38-40-44-41-61-81-90-53-78-79-7-6-8-46-68-66-13-17-12-60-55-100-2-4-5-3-1-70-54-80-94-93-72-37-35-43-0,14368.077816822137,seed602_lns_start44_random_random_best_rm4_tw15
0-92-95-63-33-34-26-28-27-62-29-71-61-44-40-38-41-81-90-69-88-53-78-73-79-7-6-8-46-5-3-1-4-2-55-68-56-94-93-96-54-72-37-35-43-70-100-60-98-80-17-0,14406.356614856972,seed607_lns_start48_random_random_best_rm6_tw10
0-65-39-36-42-5-45-12-14-47-16-15-11-99-83-64-51-76-18-23-19-49-22-57-86-87-9-10-97-59-74-24-20-56-84-85-32-30-31-34-89-48-21-25-77-58-75-13-17-0,14409.043981025745,seed605_lns_start53_random_random_best_rm4_tw10_guarded
0-42-36-39-94-92-63-33-28-27-29-30-67-71-72-38-40-44-41-61-81-90-98-53-78-79-6-46-55-68-54-96-66-13-17-12-60-7-8-4-5-3-1-100-70-43-35-37-93-80-0,14426.832157966455,seed604_lns_start34_random_random_best_rm3_tw15
0-42-36-37-39-92-63-33-28-27-29-30-62-71-38-40-44-41-61-81-90-53-78-79-6-8-46-43-35-72-54-96-94-66-98-55-68-70-100-1-3-5-4-2-7-60-17-12-13-80-0,14429.317806472178,seed602_lns_start39_random_random_best_rm4_tw8
0-94-92-95-63-33-26-28-27-62-29-71-72-44-40-38-41-81-69-88-53-78-73-79-6-8-46-5-3-1-4-2-55-68-56-66-82-98-80-96-93-54-37-35-43-70-100-60-17-13-0,14430.83965197659,seed603_lns_start55_random_regret_rm5_tw6
0-37-36-39-92-63-33-28-27-29-30-62-67-71-38-40-44-41-61-81-90-53-78-79-6-8-46-5-3-1-4-68-55-60-7-2-100-70-43-35-72-54-96-93-94-80-66-98-12-17-13-0,14435.975799270702,seed601_lns_start44_random_best_rm4_tw8
0-42-36-37-96-94-63-33-28-27-29-30-62-67-71-38-40-44-41-61-81-90-53-78-79-6-2-8-46-5-3-1-4-7-60-12-17-13-98-55-68-66-80-93-54-72-70-100-43-35-0,14448.711669034714,seed604_lns_start42_random_regret_rm8_tw8
0-42-36-39-92-63-33-28-27-29-30-62-67-71-38-40-44-41-61-81-90-53-78-79-6-8-46-68-66-98-55-60-2-4-1-3-5-7-100-70-54-72-37-35-43-93-94-80-12-17-0,14473.391445376728,seed602_lns_start42_random_random_best_rm4_tw6
0-42-36-37-39-92-63-33-28-27-30-62-67-71-38-40-44-41-61-81-90-53-78-79-8-7-6-55-98-2-46-4-5-1-43-35-72-54-80-94-93-96-68-70-100-60-17-13-66-0,14488.440574382743,seed608_lns_start41_random_best_rm4_tw10
0-37-36-39-92-63-33-28-27-29-30-62-67-71-38-40-44-41-61-81-90-53-78-79-6-8-46-5-3-1-4-43-35-72-54-68-96-93-94-80-66-55-98-12-13-17-60-2-100-70-0,14503.401074861795,seed604_lns_start36_random_best_rm6_tw10
0-42-36-37-39-92-63-33-28-27-29-30-62-67-71-38-40-44-41-61-81-90-98-53-79-6-8-46-5-3-1-68-55-60-7-4-2-100-70-43-35-72-54-96-93-94-80-66-12-17-13-0,14508.490006838401,seed608_lns_start44_random_best_rm5_tw12
0-96-94-92-95-85-63-33-28-27-26-29-71-69-61-44-40-38-41-90-88-53-78-73-79-7-6-8-46-55-68-66-56-54-72-37-35-43-1-3-5-4-2-70-100-98-60-17-13-82-80-93-0,14508.531518304504,seed607_lns_start55_random_best_rm8_tw6
0-94-42-39-36-63-33-28-27-29-30-62-67-71-38-40-44-41-61-81-90-53-78-79-6-8-46-5-3-4-55-68-96-54-72-43-37-35-1-7-2-70-100-60-17-12-98-66-80-93-0,14509.01453248466,seed603_lns_start37_random_best_rm3_tw6
0-42-36-37-39-92-63-33-28-27-30-62-67-71-38-40-44-41-61-81-90-53-78-79-6-8-46-5-3-1-4-68-55-60-7-2-100-70-43-35-72-54-96-93-94-80-66-98-12-17-13-0,14513.79851510879,seed601_lns_start39_random_regret_rm4_tw10
0-42-36-37-92-63-33-28-27-29-30-62-67-71-61-44-40-38-41-81-90-53-78-79-7-6-8-46-5-3-1-4-2-55-68-43-35-72-54-96-80-94-93-70-100-98-60-12-17-13-66-0,14528.54717765651,seed604_lns_start38_random_random_best_rm4_tw6
0-92-94-96-39-63-33-28-27-29-30-62-67-71-38-40-44-41-61-81-90-53-78-79-6-2-8-46-5-3-1-4-7-60-12-17-13-98-55-68-66-80-93-54-72-70-100-43-37-35-0,14539.567560190902,seed605_lns_start44_random_random_best_rm4_tw8
0-42-36-39-92-63-62-33-28-27-29-30-67-71-38-37-40-41-61-81-90-53-78-79-6-8-46-5-1-3-4-2-55-68-54-96-72-35-43-70-100-60-12-17-13-98-66-80-94-93-0,14540.204679030132,seed608_lns_start42_random_best_rm6_tw6
0-42-36-37-39-94-92-33-28-27-29-30-62-67-71-38-44-40-41-81-90-53-78-79-7-8-6-2-68-4-46-5-3-1-43-35-72-54-96-93-66-13-12-17-60-98-55-100-70-0,14558.392565970335,seed607_lns_start38_random_random_best_rm5_tw10
0-92-42-39-72-63-33-28-27-29-30-62-67-71-38-40-44-41-61-81-90-53-78-79-6-8-46-5-3-1-4-68-55-60-7-2-100-70-43-35-37-54-96-93-94-80-66-98-12-17-13-0,14560.448194648503,seed601_lns_start35_random_best_rm3_tw6
0-96-94-92-95-63-33-26-28-27-29-62-71-72-37-38-44-40-41-61-90-69-88-53-78-79-7-6-8-46-55-68-43-35-54-60-2-4-5-3-1-70-100-80-56-66-82-98-17-13-93-0,14578.879278092043,seed604_lns_start54_random_regret_rm5_tw8
0-65-96-94-92-63-33-26-28-27-29-62-71-37-38-44-40-41-81-90-69-88-53-78-79-7-6-8-46-1-55-68-43-35-72-54-93-56-66-98-100-70-4-3-5-2-60-17-13-80-0,14603.152177563052,seed606_lns_start46_random_regret_rm8_tw15
0-65-83-82-45-69-14-47-11-15-16-73-88-99-64-84-51-76-18-23-19-49-22-20-57-86-87-9-10-13-52-74-59-97-75-58-77-25-21-48-24-56-95-50-34-31-26-32-85-89-0,14609.319291501211,seed605_lns_start42_random_regret_rm3_tw12_guarded
0-42-36-39-72-92-33-28-27-29-30-62-67-71-38-40-44-41-61-81-90-53-78-79-6-2-8-46-68-55-60-7-4-5-3-1-43-35-54-80-66-94-93-96-70-100-98-12-17-13-0,14610.628895580398,seed604_lns_start41_random_best_rm4_tw10
0-42-36-39-94-92-63-62-33-28-27-29-30-67-71-38-40-44-41-61-81-90-53-79-6-8-46-5-3-4-55-68-96-54-72-43-37-35-1-7-2-70-100-60-17-12-98-66-80-93-0,14613.675260731889,seed604_lns_start43_random_random_best_rm4_tw12
0-42-36-39-92-63-62-33-28-27-29-30-67-71-38-40-44-41-61-81-90-53-78-79-6-8-46-5-3-1-4-2-43-35-37-72-54-96-94-66-80-68-70-100-55-98-60-12-13-17-0,14618.7951036526,seed607_lns_start36_random_best_rm4_tw6
0-37-36-39-92-63-33-28-27-29-30-62-67-71-38-40-44-41-61-81-90-53-78-79-7-6-8-46-68-66-98-55-2-4-5-3-1-43-35-72-54-96-93-80-70-100-60-12-17-13-0,14621.994777057036,seed607_lns_start42_random_best_rm6_tw10
0-65-91-92-63-33-34-31-28-26-27-29-50-62-30-76-67-71-81-61-41-38-40-44-6-8-79-46-7-68-54-4-5-3-1-2-60-55-100-70-43-37-35-72-93-95-85-89-52-0,14626.572533492354,seed607_lns_start66_mixed_best_rm6_tw10
0-42-36-39-92-63-62-33-28-27-29-30-67-71-38-40-44-41-61-81-90-53-78-79-7-6-8-46-55-2-4-5-3-1-43-35-37-72-54-68-70-100-80-94-93-98-60-12-13-17-0,14637.075347162196,seed606_lns_start44_random_regret_rm3_tw12
0-92-42-39-94-63-33-28-27-29-30-62-67-71-38-40-44-41-61-81-90-53-78-79-8-6-55-2-4-46-7-60-12-17-13-98-68-96-93-54-72-37-35-43-1-3-5-70-100-80-0,14638.956778472346,seed604_lns_start40_random_regret_rm4_tw15
0-42-36-39-92-63-62-33-28-27-29-30-67-71-38-40-44-41-61-81-90-53-78-79-6-8-46-2-55-68-66-13-17-12-60-7-4-5-3-1-100-70-80-94-93-54-72-37-35-43-0,14651.74694530943,seed604_lns_start39_random_best_rm4_tw12
0-42-36-39-92-63-62-33-28-27-29-30-67-71-38-40-44-41-61-81-90-53-78-79-6-8-46-2-55-68-66-94-96-54-37-35-43-1-3-5-4-7-60-12-13-98-100-70-80-93-0,14658.57315634748,seed606_lns_start38_random_regret_rm6_tw10
0-72-92-63-33-26-28-27-29-62-71-37-38-44-40-61-81-90-69-88-78-79-7-8-46-6-43-41-54-95-56-66-68-55-60-2-4-5-3-1-100-70-93-94-80-82-98-13-17-35-0,14674.997361356545,seed608_lns_start48_random_best_rm5_tw8
0-42-36-39-92-63-62-33-28-27-29-30-71-38-40-44-41-61-81-90-98-53-78-79-7-6-8-46-2-68-55-1-5-3-4-43-35-37-72-54-96-93-94-80-70-100-60-17-13-66-0,14681.96674674741,seed606_lns_start33_random_regret_rm4_tw10
0-42-36-37-92-63-33-28-27-29-30-62-67-71-38-44-40-41-61-81-90-53-78-79-8-6-68-55-4-46-7-60-17-13-12-98-66-80-94-93-96-54-72-35-43-1-3-100-70-0,14685.934638744977,seed607_lns_start37_random_regret_rm5_tw15
0-42-36-39-92-63-62-33-28-27-29-30-67-71-72-38-40-44-41-61-81-90-6-79-8-46-5-3-1-4-68-55-60-7-2-100-70-43-35-37-54-96-93-94-80-66-98-12-17-13-0,14702.917452719696,seed607_lns_start43_random_random_best_rm3_tw8
0-42-36-37-39-92-63-33-28-27-29-30-62-67-71-72-38-40-44-6-8-79-78-53-90-81-54-41-43-61-68-55-98-13-17-12-60-7-46-4-5-3-1-2-100-70-96-94-80-35-0,14727.855362938137,seed607_lns_start37_random_random_best_rm5_tw10
0-96-42-39-36-63-33-28-27-29-30-62-67-71-38-40-44-41-61-81-90-53-78-79-6-8-46-2-68-55-98-13-17-12-60-7-4-1-5-100-70-80-94-93-54-72-37-35-43-66-0,14737.885982420048,seed604_lns_start35_random_regret_rm5_tw6
0-94-92-95-85-63-33-26-28-27-62-29-71-61-44-40-38-41-81-90-69-88-53-78-73-79-7-6-8-46-55-68-54-72-37-35-43-1-3-5-4-2-100-98-66-80-96-93-70-60-13-0,14747.854022033733,seed602_lns_start53_random_best_rm6_tw10
0-42-36-39-92-63-33-28-27-29-30-62-67-71-37-40-38-41-61-90-53-78-79-7-6-8-46-5-3-4-1-44-43-35-72-54-66-80-94-93-68-70-100-55-12-13-17-60-2-0,14755.062298573503,seed606_lns_start42_random_regret_rm6_tw6
0-42-36-37-92-63-62-33-28-27-29-30-67-38-40-44-41-61-81-90-53-78-79-6-8-46-5-3-1-68-55-60-7-4-2-100-70-43-35-72-54-96-93-94-80-66-98-12-17-13-0,14762.12185874523,seed608_lns_start44_random_best_rm5_tw15
0-96-42-39-36-63-33-28-27-29-30-62-67-71-38-40-44-41-61-81-90-53-78-79-6-8-46-1-43-35-37-72-54-94-68-55-13-17-12-60-7-4-5-3-100-70-93-80-66-0,14770.071230806552,seed601_lns_start36_random_random_best_rm8_tw12
0-96-94-91-92-63-33-26-28-27-29-62-71-72-37-38-44-40-41-61-90-69-88-53-78-73-79-6-8-46-55-68-43-35-54-66-82-98-60-7-2-4-5-3-1-100-70-80-95-93-13-17-0,14779.272988787397,seed606_lns_start48_random_best_rm6_tw12
0-42-36-39-92-63-62-33-28-27-29-30-67-71-38-40-44-41-61-81-90-53-78-79-6-8-46-68-98-55-4-5-3-1-43-35-37-72-54-96-93-94-80-70-100-60-17-13-66-0,14779.311862608,seed605_lns_start36_random_best_rm4_tw12
0-42-36-37-39-92-63-33-28-27-29-30-62-71-38-40-44-41-61-81-90-53-78-79-6-8-5-1-3-46-4-2-43-35-72-54-68-98-55-100-70-80-94-93-96-66-13-17-12-60-0,14787.820770097755,seed601_lns_start42_random_random_best_rm3_tw12
0-42-36-37-92-63-33-28-27-29-30-62-67-71-44-40-38-41-61-81-90-53-78-8-46-6-2-55-7-4-5-3-1-43-35-54-72-93-80-94-96-68-70-100-98-12-13-17-60-66-0,14789.100295827368,seed601_lns_start35_random_regret_rm3_tw8
0-98-82-65-92-63-33-26-28-27-29-62-71-37-38-44-40-41-61-81-90-69-53-78-73-79-7-6-8-46-1-3-5-4-2-55-68-66-56-95-80-94-93-96-54-70-100-60-17-13-43-35-0,14820.887666290562,seed602_lns_start55_random_best_rm4_tw6
0-96-94-92-63-33-26-28-27-62-29-71-38-40-44-61-81-90-69-88-53-78-73-79-7-6-8-46-5-3-1-4-2-55-68-43-37-35-54-93-80-95-56-66-82-98-100-70-60-17-13-0,14843.45785336388,seed601_lns_start46_random_regret_rm3_tw10
0-92-39-36-63-33-28-27-29-30-62-67-71-72-38-40-44-41-61-81-90-53-6-46-8-7-78-79-55-68-96-54-35-43-1-3-5-4-2-60-12-17-13-98-80-94-93-70-100-0,14863.298444286236,seed606_lns_start35_random_best_rm8_tw15
0-42-36-37-92-63-33-28-27-29-30-62-67-71-38-44-41-81-61-6-46-8-79-78-12-53-90-66-55-68-54-72-35-40-43-70-100-2-4-5-3-1-7-60-98-80-94-93-96-13-0,14870.808794494846,seed602_lns_start35_mixed_regret_rm8_tw6
0-42-36-39-72-96-92-33-28-27-29-30-62-67-71-38-40-44-41-61-81-90-98-78-79-8-46-6-68-55-2-4-7-17-13-12-60-5-3-1-100-70-54-94-93-37-35-43-80-66-0,14876.564074306727,seed604_lns_start36_random_best_rm4_tw12
0-96-94-92-95-63-33-26-28-27-29-62-71-72-37-38-44-40-41-61-81-90-69-88-53-78-73-79-7-6-46-2-4-5-3-1-55-68-43-35-54-93-80-56-66-82-98-100-70-60-17-13-0,14880.700959349993,seed601_lns_start46_random_regret_rm4_tw6
0-42-36-39-92-63-62-33-28-27-29-30-67-71-38-40-44-41-61-81-90-98-53-78-79-6-8-46-68-55-2-4-5-3-1-43-35-37-72-54-96-93-94-80-70-100-60-17-13-66-0,14900.83582502612,seed601_lns_start36_random_regret_rm4_tw15
0-92-42-39-72-63-33-28-27-29-30-62-67-71-38-40-44-41-81-61-8-3-46-6-7-79-78-53-55-68-90-13-17-12-60-4-5-1-43-35-37-54-96-93-94-80-98-100-70-0,14902.259836240857,seed605_lns_start40_random_best_rm5_tw8
0-91-83-65-98-45-69-11-14-47-15-16-73-88-99-64-84-51-76-18-23-19-49-22-20-57-86-87-9-10-13-52-74-59-97-75-58-77-25-21-48-24-56-95-50-34-31-26-32-85-89-0,14902.282935554651,seed603_lns_start35_random_random_best_rm3_tw10_guarded
0-42-36-39-92-63-62-33-28-27-29-30-71-38-44-40-37-41-61-81-90-98-53-78-79-6-8-46-55-68-66-13-17-12-60-7-4-3-1-100-70-96-54-72-93-94-80-43-35-0,14927.249569523216,seed604_lns_start42_random_random_best_rm5_tw8
0-42-36-39-92-63-62-33-28-27-29-30-67-71-38-40-44-41-61-81-90-78-79-7-6-8-46-5-1-4-2-68-55-98-13-17-12-60-66-80-94-93-96-54-72-37-35-43-70-100-0,14931.456772946867,seed607_lns_start41_random_regret_rm3_tw6
0-42-36-37-39-63-27-33-28-30-62-67-71-38-40-44-41-61-81-90-53-78-79-6-8-46-5-3-1-4-68-55-60-7-2-100-70-43-35-72-54-96-93-94-80-66-98-12-17-13-0,14950.543076051696,seed602_lns_start42_random_random_best_rm6_tw6
0-42-36-39-94-92-63-62-33-28-27-29-30-67-71-38-40-44-41-61-81-90-98-78-79-6-8-46-5-3-4-55-68-96-54-72-43-37-35-1-7-2-70-100-60-12-17-66-80-93-0,14955.856849741656,seed603_lns_start38_random_random_best_rm4_tw10
0-98-92-63-33-26-28-27-62-29-71-61-44-40-38-41-81-90-69-88-53-78-73-79-8-6-7-46-4-5-3-1-2-55-68-56-95-94-93-96-54-72-37-35-43-70-100-60-17-82-0,14956.716906032367,seed602_lns_start56_random_best_rm5_tw15
0-42-36-39-92-63-33-28-27-29-30-62-67-71-38-40-44-41-61-81-90-98-53-78-79-7-6-8-46-2-68-55-1-5-3-4-43-35-37-72-54-96-93-94-80-70-100-60-17-13-66-0,14969.038475591737,seed607_lns_start33_random_regret_rm5_tw6
0-42-36-39-92-63-33-28-27-29-30-62-67-71-38-40-44-41-61-81-90-53-78-79-6-2-46-8-55-68-43-35-72-54-96-93-94-80-66-98-100-70-1-3-5-4-7-60-12-17-13-0,14970.222041719093,seed602_lns_start34_random_best_rm4_tw12
0-42-36-37-39-92-63-62-33-28-27-29-30-67-71-38-44-40-41-61-81-90-53-78-79-6-2-1-3-4-46-8-7-60-55-68-54-43-35-72-93-96-94-80-66-98-12-17-100-70-0,14970.597286316834,seed607_lns_start43_random_random_best_rm5_tw12
0-42-36-39-92-63-62-33-28-30-27-29-71-38-40-44-41-61-81-90-98-53-78-79-6-8-46-5-3-1-4-68-55-60-7-2-100-70-43-35-37-72-54-96-93-94-80-66-12-17-13-0,14980.873465726985,seed601_lns_start33_random_regret_rm3_tw10
0-96-94-92-95-63-33-26-28-27-62-29-71-44-40-38-41-81-90-69-88-53-78-73-79-6-8-46-55-68-54-56-66-82-98-60-2-4-5-3-1-100-70-80-93-37-35-43-17-13-0,14984.720789936877,seed608_lns_start53_random_best_rm5_tw15
0-42-36-39-92-63-62-33-28-27-29-30-67-71-44-38-37-40-41-61-81-90-53-78-6-7-8-46-1-3-5-4-2-55-68-54-96-94-93-72-35-43-70-100-60-12-13-17-66-80-0,14986.243133452843,seed608_lns_start34_random_best_rm3_tw8
0-96-42-39-36-63-33-28-27-29-30-62-67-71-38-40-44-41-61-81-90-53-78-79-7-6-8-46-68-66-13-17-12-60-55-100-2-4-5-3-1-70-54-80-94-93-72-37-35-43-0,14987.011098796831,seed607_lns_start36_random_best_rm4_tw8
0-42-36-39-92-63-62-33-28-27-29-30-67-71-38-37-40-41-61-81-90-53-78-79-6-8-46-55-68-43-35-72-54-96-93-94-80-66-98-100-70-1-3-5-4-7-60-12-17-13-0,14995.915030951955,seed602_lns_start37_random_regret_rm4_tw10
0-65-83-82-98-45-69-14-47-11-15-16-73-88-99-86-64-84-51-76-18-23-19-49-22-20-57-52-9-10-87-59-97-75-74-58-77-25-21-48-24-80-91-95-50-34-31-26-32-85-89-0,15023.437675128307,seed602_lns_start36_random_best_rm8_tw8_guarded
0-42-36-39-92-63-62-33-28-27-29-30-67-71-38-40-44-41-61-81-90-53-78-7-6-2-1-3-5-8-46-4-68-55-98-60-17-13-12-66-80-96-94-93-72-54-70-100-43-35-0,15027.061840852048,seed603_lns_start35_random_best_rm4_tw15
0-42-36-39-92-63-33-28-27-29-30-62-67-71-38-40-44-41-61-81-90-53-78-6-7-79-8-46-1-3-5-4-2-55-68-43-37-35-72-54-93-94-80-66-98-100-70-60-12-17-13-0,15029.68690888747,seed602_lns_start41_random_random_best_rm4_tw12
0-92-36-39-63-33-29-27-28-30-62-67-71-44-40-38-37-41-61-90-53-78-79-8-6-2-46-4-55-68-43-35-72-54-96-93-94-80-66-98-100-70-1-3-5-7-60-12-17-13-0,15041.052621062196,seed602_lns_start41_random_regret_rm6_tw6
0-96-94-92-95-63-33-28-26-27-29-62-71-38-44-61-90-69-88-98-82-53-78-73-79-7-8-46-6-81-41-43-40-35-37-72-54-68-55-60-2-4-5-3-1-70-100-66-56-80-93-0,15054.637631133988,seed603_lns_start50_late_best_rm8_tw15
0-42-36-39-94-92-63-62-33-28-27-29-30-67-71-38-40-44-41-81-90-98-53-78-12-79-6-7-46-8-4-55-68-96-54-37-35-43-70-100-2-1-3-5-60-17-13-66-93-0,15067.537236887481,seed605_lns_start36_mixed_best_rm8_tw15
0-42-36-39-92-63-33-28-27-29-30-62-67-71-38-40-44-41-61-81-90-53-78-79-6-2-8-46-43-35-72-54-94-68-55-7-4-5-3-1-70-100-98-60-12-17-13-66-80-93-0,15073.635028373732,seed604_lns_start35_random_best_rm6_tw8
0-42-36-96-94-92-63-33-28-27-29-30-62-67-71-38-40-44-41-61-81-90-53-78-79-6-8-46-68-54-66-13-17-12-60-7-4-2-1-3-5-70-100-55-98-80-93-37-35-43-0,15082.38198788902,seed604_lns_start41_random_best_rm6_tw8
0-96-72-94-92-95-63-33-28-26-27-29-31-30-62-71-38-40-44-41-61-81-90-69-88-53-78-73-79-7-6-8-46-4-5-3-1-2-55-68-43-35-37-54-80-91-66-82-98-100-70-60-17-0,15100.429856585468,seed604_lns_start53_random_regret_rm4_tw10_guarded
0-42-36-39-92-63-33-28-27-29-30-62-67-71-38-40-44-41-61-81-90-53-78-79-6-8-46-5-3-1-4-68-55-60-7-2-100-70-43-35-37-72-54-96-93-94-80-66-98-12-17-13-0,15116.661704225433,seed601_lns_start39_random_regret_rm3_tw6
0-65-52-82-98-45-14-47-15-11-69-88-73-16-87-86-57-64-84-51-76-18-23-19-49-20-22-99-10-9-13-97-59-74-75-58-77-25-21-48-24-83-91-95-50-34-31-26-32-85-89-0,15119.09871588087,seed608_lns_start33_random_best_rm8_tw6_guarded
0-42-36-92-63-33-28-26-27-29-30-62-67-71-38-40-44-41-61-81-90-53-78-79-6-2-46-8-55-68-43-35-72-54-96-93-94-80-66-98-100-70-1-3-5-4-7-60-12-17-13-0,15119.487790291516,seed607_lns_start42_random_random_best_rm6_tw12
0-92-65-82-45-14-47-15-11-69-88-73-16-99-64-84-51-76-18-23-19-49-22-20-57-86-87-9-10-13-52-74-59-97-75-58-77-25-21-48-24-83-56-95-50-34-31-32-26-89-0,15138.015153778966,seed602_lns_start42_random_random_best_rm5_tw8_guarded
0-42-36-39-92-63-62-33-28-27-29-30-67-71-38-40-44-41-61-81-53-78-79-8-6-98-55-2-4-46-5-1-43-35-37-72-54-93-94-96-68-70-100-60-12-17-13-66-80-0,15145.668818816539,seed608_lns_start42_random_regret_rm4_tw8
0-42-37-39-36-63-33-28-27-29-30-62-67-71-72-38-44-40-41-61-81-90-98-53-78-79-6-2-8-46-4-55-68-66-13-17-12-60-7-3-1-100-70-96-54-93-94-80-43-35-0,15153.570913603668,seed604_lns_start37_random_random_best_rm8_tw12
0-42-36-39-92-63-62-33-28-27-29-30-67-71-38-40-44-41-61-81-53-78-79-6-2-46-8-55-68-43-35-72-54-96-93-94-80-66-98-100-70-1-3-5-4-7-60-12-17-13-0,15154.830126388155,seed605_lns_start38_random_random_best_rm5_tw8
0-72-42-39-36-63-33-28-27-29-30-62-67-71-38-40-44-41-61-81-90-53-78-79-6-8-46-5-3-1-4-68-55-60-7-2-100-70-43-35-37-54-96-93-94-80-66-98-12-17-13-0,15163.196539035382,seed601_lns_start36_random_best_rm5_tw12
0-42-36-72-92-63-33-28-27-29-30-62-67-71-38-40-44-41-61-81-90-53-78-79-6-2-8-46-68-55-60-7-4-5-3-1-43-35-54-80-66-94-93-96-70-100-98-12-17-13-0,15167.993636352947,seed604_lns_start33_random_best_rm3_tw12
0-98-82-92-63-33-28-26-27-29-62-71-38-44-61-90-69-88-53-78-73-79-8-46-6-81-54-72-41-37-35-40-43-68-55-60-7-5-3-1-4-2-100-70-80-96-93-94-95-56-13-17-0,15171.245830582226,seed601_lns_start53_late_best_rm8_tw12
0-42-36-39-92-63-62-33-28-27-29-30-67-71-38-40-44-41-61-81-90-53-78-79-6-8-46-55-68-43-37-35-72-54-96-93-94-80-66-98-100-70-2-4-3-5-60-12-17-13-0,15175.336772863737,seed602_lns_start39_random_regret_rm6_tw12
0-96-94-92-95-63-33-26-28-27-29-62-71-72-37-38-44-40-41-61-81-90-69-88-53-78-73-79-7-6-8-46-5-3-1-4-55-68-66-56-93-54-43-35-70-100-98-82-17-60-2-80-0,15185.56773660037,seed602_lns_start53_random_regret_rm3_tw12
0-82-92-63-33-26-28-27-62-29-71-72-44-40-38-41-61-81-69-88-53-78-73-79-7-6-8-46-55-68-54-37-35-43-1-3-5-4-2-100-70-96-93-94-95-56-80-98-60-17-13-0,15186.01945605559,seed603_lns_start54_random_best_rm4_tw10
0-65-52-98-45-14-47-15-11-69-88-73-16-99-64-84-51-76-18-48-23-19-49-20-22-57-86-87-9-10-13-97-59-74-75-58-77-25-21-24-56-91-95-50-34-31-26-32-85-89-0,15213.331534280482,seed607_lns_start40_random_regret_rm6_tw8_guarded
0-42-36-39-92-63-62-33-28-27-29-30-67-71-38-40-44-41-61-81-90-53-78-79-7-6-8-46-5-3-1-4-2-60-55-68-96-54-43-35-37-72-93-94-80-66-12-17-13-100-70-0,15214.972511282549,seed605_lns_start37_random_best_rm4_tw6
0-42-36-39-92-63-33-28-27-29-30-62-67-71-38-40-44-41-61-81-90-53-78-79-6-8-46-55-68-66-94-96-54-37-35-43-1-4-5-3-7-2-60-12-17-13-98-100-70-80-93-0,15224.618106311267,seed601_lns_start39_random_regret_rm4_tw15
0-42-36-37-39-92-63-33-28-27-29-62-67-71-72-44-40-38-41-61-81-90-53-78-79-6-46-8-7-2-55-68-66-94-96-54-35-43-1-3-5-4-70-100-60-12-17-13-98-80-93-0,15226.377378829313,seed603_lns_start44_random_best_rm4_tw6
0-65-39-36-42-45-14-47-12-15-16-11-99-64-67-84-51-76-18-23-19-22-49-20-57-86-87-9-10-13-97-59-74-24-48-21-25-77-75-58-52-83-56-50-34-32-30-89-0,15226.964864199963,seed605_lns_start53_random_random_best_rm3_tw8_guarded
0-42-36-39-92-63-33-28-27-29-30-62-67-71-38-40-44-41-61-81-90-53-78-79-6-8-46-2-68-55-98-13-17-12-60-7-4-1-5-100-70-80-94-93-96-54-72-37-35-43-66-0,15245.976819988644,seed601_lns_start34_random_best_rm5_tw6
0-42-36-39-92-63-62-33-28-27-29-30-67-71-38-40-44-41-61-81-90-53-78-79-6-8-46-5-3-1-4-55-68-66-98-60-100-70-43-37-35-72-54-96-93-94-80-12-17-13-0,15257.77671783728,seed608_lns_start41_random_regret_rm4_tw10
0-42-36-39-94-92-63-33-28-27-29-30-67-71-72-38-40-44-41-61-81-90-53-78-79-8-7-6-55-68-54-96-66-13-17-12-60-98-100-70-2-4-46-5-3-43-35-37-93-80-0,15266.702936602002,seed601_lns_start33_random_best_rm3_tw6
0-96-94-92-95-63-33-28-26-27-62-29-71-38-40-44-41-61-81-90-69-53-78-73-79-7-8-2-6-46-5-3-1-4-55-68-66-56-93-54-72-37-35-43-70-100-60-98-82-13-17-0,15293.944056998878,seed601_lns_start53_random_best_rm4_tw6
0-42-36-39-92-63-62-33-28-27-29-30-67-71-38-40-44-41-61-81-90-53-78-79-6-8-46-2-55-98-66-96-54-72-37-35-43-3-5-4-7-100-70-68-80-94-93-60-12-17-0,15304.487472541297,seed603_lns_start39_random_random_best_rm5_tw6
0-42-36-39-92-63-62-33-28-27-29-30-67-71-38-40-44-41-61-81-90-53-78-79-6-8-46-2-55-98-66-96-54-72-37-35-43-1-5-4-7-100-70-68-80-94-93-60-12-17-0,15304.487472541297,seed608_lns_start36_random_best_rm5_tw6
0-92-95-63-33-34-26-28-27-62-29-71-72-44-40-38-41-61-81-90-88-53-78-73-79-7-6-8-46-5-3-1-4-2-55-68-54-94-56-66-82-98-80-96-93-37-43-70-100-60-17-13-0,15310.501027715447,seed602_lns_start55_random_best_rm3_tw15
0-42-36-39-92-63-62-33-28-27-29-30-67-71-38-40-44-41-61-81-98-53-78-79-6-8-46-5-3-1-4-68-55-60-7-2-100-70-43-35-37-72-54-96-93-94-80-66-12-17-13-0,15312.99634074173,seed603_lns_start41_random_best_rm4_tw10
0-92-91-65-14-47-45-69-82-98-88-73-15-16-11-9-87-86-99-57-22-23-18-19-49-20-76-51-84-56-64-66-83-52-74-59-97-75-58-77-25-21-48-24-95-50-34-31-32-26-89-0,15320.752458830324,seed608_lns_start43_random_regret_rm3_tw10_guarded
0-42-36-39-92-63-62-33-28-27-29-30-67-71-38-40-44-41-61-81-90-53-78-79-6-8-46-5-4-55-68-96-54-72-43-35-37-1-3-7-2-60-12-13-98-100-70-80-66-93-0,15323.110947127518,seed606_lns_start38_random_regret_rm8_tw8
0-96-94-92-95-63-33-26-28-27-29-62-71-72-38-44-40-61-88-98-82-53-78-73-79-6-8-46-90-66-56-68-81-54-41-37-35-43-1-3-5-4-7-2-70-100-55-60-13-17-93-0,15323.938732042461,seed608_lns_start50_mixed_regret_rm8_tw10
0-42-37-39-36-63-33-28-27-29-30-62-67-71-38-40-44-41-61-81-90-53-78-79-8-7-6-98-55-2-4-46-5-43-35-72-54-93-94-96-80-68-70-100-60-12-13-17-66-0,15329.227498280969,seed605_lns_start39_random_random_best_rm4_tw10
0-42-36-39-92-63-62-33-28-27-29-30-67-71-38-40-44-41-61-81-90-53-78-79-6-8-46-55-68-96-54-72-37-35-43-3-5-4-2-7-60-12-17-13-66-80-94-93-70-100-0,15331.261900267385,seed605_lns_start34_random_regret_rm6_tw6
0-42-36-39-92-63-62-33-28-27-29-30-67-71-38-40-44-41-61-81-90-98-78-79-7-6-8-46-2-68-55-1-5-3-4-43-35-37-72-54-96-93-94-80-70-100-60-17-13-66-0,15334.998763231655,seed607_lns_start38_random_best_rm4_tw12
0-98-92-95-63-33-26-28-27-29-31-62-71-61-38-44-40-41-81-90-88-53-78-73-79-8-46-6-55-66-68-7-4-3-5-2-60-82-80-94-96-54-93-72-35-43-70-100-17-13-0,15336.159159764205,seed608_lns_start54_random_random_best_rm8_tw12
0-96-94-92-95-63-33-26-28-27-62-29-71-44-40-38-41-61-90-69-88-53-78-73-79-6-8-46-55-68-66-56-54-37-35-43-1-3-5-4-7-2-70-100-98-60-17-13-82-80-93-0,15346.799765283055,seed605_lns_start48_random_regret_rm4_tw8
0-42-36-39-94-92-63-33-28-27-29-30-62-67-71-38-40-44-41-61-81-90-53-78-79-6-8-46-5-3-4-55-68-96-54-72-43-35-37-1-7-2-60-12-13-98-100-70-80-66-93-0,15352.89858375756,seed602_lns_start35_random_random_best_rm3_tw8
0-42-36-39-92-63-62-33-28-27-29-30-67-71-38-40-44-41-61-81-53-78-79-7-6-8-46-68-55-66-13-17-12-98-60-4-5-3-1-100-70-54-80-94-93-72-37-35-43-0,15355.213132369541,seed606_lns_start40_random_random_best_rm6_tw10
0-94-42-39-36-63-33-28-27-29-30-62-67-71-38-40-44-41-61-81-90-53-78-79-6-8-46-5-3-4-55-68-96-54-72-43-35-37-1-7-2-60-12-13-98-100-70-80-66-93-0,15358.930972368747,seed603_lns_start35_random_regret_rm6_tw8
0-72-96-92-95-63-33-28-26-27-29-62-71-38-44-61-81-90-69-88-53-78-73-79-7-8-46-6-43-40-37-41-54-68-55-4-1-5-3-2-60-82-98-100-70-80-66-56-94-93-13-0,15371.499581621634,seed603_lns_start48_late_regret_rm8_tw12
0-96-94-92-95-63-33-28-26-27-29-62-71-38-44-61-81-90-69-88-98-53-78-73-79-8-46-6-2-40-43-41-54-72-37-35-1-3-5-4-7-60-55-68-80-56-93-100-70-82-17-0,15382.13541170637,seed604_lns_start47_late_regret_rm8_tw12
0-42-36-39-92-63-33-28-27-29-30-62-67-71-38-40-44-41-61-81-90-53-78-79-7-6-8-46-68-66-98-55-2-4-5-3-1-43-35-37-72-54-96-93-80-70-100-60-12-17-13-0,15405.980105195338,seed602_lns_start39_random_random_best_rm4_tw15
0-42-36-39-92-63-62-33-28-27-29-30-67-71-38-40-44-41-61-81-90-53-78-79-7-6-46-68-55-4-5-3-1-43-35-37-72-54-80-94-93-96-70-100-98-12-60-17-13-66-0,15415.80536600874,seed604_lns_start33_random_random_best_rm4_tw8
0-42-36-39-92-63-62-33-28-27-29-30-67-71-38-40-44-41-61-81-53-78-79-6-8-46-2-68-55-98-13-17-12-60-7-4-1-5-100-70-80-94-93-96-54-72-37-35-43-66-0,15439.379420466275,seed607_lns_start41_random_regret_rm3_tw10
0-42-36-39-92-63-62-33-28-27-29-30-67-71-38-44-40-37-41-61-90-53-78-79-6-8-46-5-1-3-4-2-55-68-54-96-72-35-43-70-100-98-60-12-17-13-66-80-94-93-0,15447.077917200915,seed605_lns_start39_random_regret_rm4_tw15
0-96-94-92-95-63-33-28-26-27-29-62-71-72-38-44-61-81-90-69-88-53-78-73-79-7-6-8-46-5-3-1-43-35-37-41-68-4-2-55-98-82-66-56-80-93-54-70-100-60-17-13-0,15447.923728746833,seed602_lns_start54_random_regret_rm3_tw12
0-42-36-39-92-63-62-33-28-27-29-30-67-71-72-38-37-40-41-61-81-90-53-78-79-7-6-8-5-3-1-46-4-2-55-68-54-96-93-94-80-66-13-17-12-60-98-100-70-43-35-0,15482.977484766983,seed608_lns_start44_random_random_best_rm4_tw6
0-72-92-63-33-26-28-27-29-62-95-71-38-40-44-61-81-90-69-88-53-78-73-79-6-7-8-46-5-3-1-4-2-55-68-54-41-43-35-37-96-93-94-66-80-70-100-98-60-17-13-82-0,15503.357936646944,seed606_lns_start51_random_regret_rm5_tw12
0-42-36-39-92-63-62-33-28-27-29-30-67-71-38-40-44-41-61-81-90-53-78-79-6-46-5-1-43-35-37-72-54-68-66-94-93-96-80-55-100-70-2-4-7-60-12-17-13-98-0,15508.757239402586,seed603_lns_start41_random_regret_rm3_tw8
0-98-92-63-33-26-28-27-62-29-71-38-40-44-61-81-90-69-88-53-78-73-79-7-6-46-8-5-3-1-4-2-60-55-68-66-56-95-94-96-54-72-43-37-35-70-100-93-80-82-17-0,15511.725910079242,seed602_lns_start49_random_random_best_rm5_tw10
0-42-36-39-92-63-62-33-28-27-29-30-67-38-40-44-41-61-81-90-53-78-79-6-8-46-5-3-1-68-55-60-7-4-2-100-70-43-35-37-72-54-96-93-94-80-66-98-12-17-13-0,15519.46763630164,seed608_lns_start39_random_regret_rm8_tw6
0-42-36-39-92-63-62-33-28-27-29-30-67-71-38-40-44-41-61-81-90-53-78-79-6-8-46-55-98-66-94-96-54-72-37-35-43-68-70-100-2-4-5-3-7-60-12-13-80-93-0,15540.15327637885,seed603_lns_start38_random_regret_rm4_tw15
0-42-36-39-92-63-62-33-28-27-29-30-67-71-38-40-44-41-61-81-90-53-78-79-6-8-46-68-55-98-13-12-60-7-4-1-3-5-100-70-54-96-94-93-72-37-35-43-80-66-0,15549.627029292338,seed602_lns_start38_random_random_best_rm3_tw12
0-82-92-95-63-33-26-28-27-62-29-71-44-40-38-41-61-81-90-88-53-78-73-79-7-6-8-46-5-3-1-4-2-55-68-54-94-56-66-98-80-96-93-72-37-35-43-70-100-60-13-0,15551.10062648254,seed604_lns_start54_random_random_best_rm3_tw8
0-42-36-39-92-63-62-33-28-27-29-30-67-71-38-40-44-41-61-81-90-53-79-7-6-8-46-68-66-13-17-12-60-55-100-2-4-5-3-1-70-54-96-94-93-72-37-35-43-80-0,15551.818868690512,seed603_lns_start36_random_regret_rm4_tw15
0-92-65-1-45-69-98-14-47-11-15-16-73-88-99-64-84-51-76-18-23-19-49-22-20-57-86-87-9-10-52-74-59-97-75-58-77-25-21-48-24-83-56-95-50-34-31-26-32-85-89-0,15567.170410448183,seed604_lns_start37_random_random_best_rm3_tw15_guarded
0-42-36-37-39-92-63-33-28-27-30-62-67-71-61-38-44-40-41-81-90-53-78-79-6-8-46-43-35-72-54-96-94-66-80-68-55-100-4-5-3-1-2-7-60-17-12-98-70-93-0,15572.42177158166,seed607_lns_start39_random_random_best_rm4_tw10
0-42-36-39-92-63-62-33-28-27-29-30-67-71-38-40-44-41-61-81-53-78-79-7-6-8-46-68-66-13-17-12-60-55-100-2-4-5-3-1-70-54-96-94-93-72-37-35-43-80-0,15584.289855709425,seed606_lns_start42_random_best_rm5_tw10
0-65-45-47-14-69-52-11-15-16-73-88-99-64-84-51-76-18-21-23-19-49-22-20-57-86-87-9-10-13-97-59-74-75-58-77-25-48-24-83-56-91-95-50-34-31-26-32-85-89-0,15587.119728129243,seed602_lns_start39_random_random_best_rm3_tw15_guarded
0-42-36-37-96-94-92-62-33-28-27-29-30-67-71-61-38-44-40-41-81-90-53-78-79-7-6-8-46-5-3-1-4-55-98-66-54-43-35-72-93-80-68-70-100-2-60-12-17-13-0,15588.522517858153,seed602_lns_start43_random_best_rm8_tw12
0-96-94-92-95-63-33-28-26-27-29-62-71-38-44-40-61-81-90-69-88-98-82-53-78-79-7-6-8-46-43-35-37-41-72-54-56-66-68-55-2-4-5-3-1-70-100-60-13-17-93-0,15593.228390978522,seed608_lns_start48_mixed_best_rm8_tw8
0-96-92-95-63-33-26-28-27-62-29-71-38-40-44-61-81-90-69-88-78-73-79-7-6-8-46-5-3-1-43-35-37-72-54-56-66-82-98-55-68-80-94-93-70-100-2-4-60-17-13-0,15598.177047524403,seed607_lns_start46_random_regret_rm4_tw15
0-42-36-39-92-63-62-33-28-27-29-30-67-71-38-40-44-41-61-81-90-98-78-79-6-8-46-5-3-1-68-55-60-7-4-2-100-70-43-35-37-72-54-96-93-94-80-66-12-17-13-0,15605.627899295394,seed601_lns_start40_random_best_rm3_tw10
0-65-82-14-45-1-69-11-47-15-16-73-88-99-83-64-84-51-76-18-23-19-49-20-22-57-52-86-87-9-10-13-97-59-74-75-58-77-25-21-48-24-56-95-50-34-31-26-32-85-89-0,15639.71256751541,seed608_lns_start33_random_regret_rm4_tw6_guarded
0-1-3-45-65-52-59-11-14-47-15-16-73-88-69-82-99-9-87-86-57-22-49-19-23-18-76-51-84-95-56-64-66-83-20-24-74-97-75-58-77-25-21-48-89-85-50-34-31-32-26-0,15665.376030421148,seed606_lns_start41_random_regret_rm6_tw10_guarded
0-92-65-1-45-69-14-47-11-15-16-73-88-99-64-84-51-76-18-48-23-21-19-49-20-22-57-86-87-9-10-52-74-59-97-75-58-77-25-24-83-56-91-95-50-34-31-26-32-85-89-0,15678.626348648786,seed605_lns_start34_random_regret_rm5_tw12_guarded
0-42-36-39-92-63-62-33-28-27-29-30-67-71-72-38-40-44-41-61-81-90-98-53-78-79-6-2-8-46-4-55-68-66-13-17-12-60-7-3-1-100-70-96-54-93-94-80-43-35-0,15684.38299615636,seed606_lns_start37_random_random_best_rm5_tw12
0-42-36-39-92-63-62-33-28-27-29-30-67-71-72-38-44-40-37-41-61-81-53-78-79-6-8-46-4-1-43-35-54-96-94-93-68-55-98-12-13-17-60-7-2-70-100-80-66-0,15685.5009191115,seed608_lns_start40_random_random_best_rm6_tw8
0-42-36-39-92-63-62-33-28-27-29-30-67-71-72-38-44-40-37-41-61-90-53-78-79-7-6-46-8-4-55-68-43-35-54-96-93-94-80-66-98-100-2-5-3-1-70-60-17-13-0,15686.666394247346,seed605_lns_start33_random_best_rm4_tw15
0-42-36-39-96-92-63-33-28-27-29-30-62-67-71-81-61-41-44-38-40-46-8-6-79-78-12-53-90-94-54-72-37-35-43-68-55-60-7-4-5-3-1-2-70-100-98-66-80-17-0,15722.694298580805,seed601_lns_start36_late_regret_rm8_tw8
0-96-94-92-95-85-63-33-28-26-27-29-62-71-72-38-44-61-81-90-69-88-53-78-73-79-7-6-8-46-5-3-1-43-35-37-41-68-4-2-55-98-82-66-56-80-93-54-70-100-60-17-13-0,15725.64338356009,seed601_lns_start49_random_regret_rm4_tw6
0-42-36-39-92-63-62-33-28-27-29-30-67-71-38-40-44-41-61-81-90-98-53-12-78-79-7-6-8-2-46-4-5-3-1-68-55-70-100-66-80-94-93-96-54-72-35-43-60-17-0,15749.850591727096,seed608_lns_start33_random_regret_rm5_tw10
0-96-94-92-95-63-33-26-28-27-62-29-71-61-44-40-38-41-81-90-69-88-53-78-73-79-7-6-46-8-5-1-4-2-55-68-43-35-37-72-54-93-80-66-82-98-100-70-60-13-17-0,15752.679563677557,seed601_lns_start54_random_best_rm4_tw8
0-91-65-82-7-45-69-14-47-11-15-16-73-88-99-64-84-51-76-18-48-23-19-49-20-22-57-52-86-9-10-13-87-74-59-97-75-58-77-25-21-24-83-56-95-50-34-31-26-32-85-89-0,15763.564500625343,seed604_lns_start37_random_regret_rm5_tw12_guarded
0-65-37-36-39-42-45-12-14-47-15-16-11-99-64-67-84-51-76-18-48-23-21-19-49-20-22-57-86-87-9-13-10-52-74-59-97-75-58-77-25-24-85-50-34-31-30-32-89-83-0,15775.160908699007,seed602_lns_start53_random_random_best_rm4_tw8_guarded
0-42-36-39-92-63-33-28-27-29-30-62-67-71-38-40-44-41-61-81-90-98-53-78-79-6-8-46-5-1-3-4-2-7-12-60-55-68-43-35-37-72-54-96-94-80-66-70-100-17-13-0,15788.616591662805,seed602_lns_start38_late_random_best_rm5_tw15
0-98-82-65-85-63-33-28-26-27-29-31-62-71-44-40-37-38-41-61-81-90-69-88-53-78-73-79-7-6-2-8-46-4-5-3-1-43-35-72-54-68-55-100-70-96-94-93-80-91-56-66-60-17-0,15792.390951618681,seed606_lns_start46_random_best_rm4_tw12_guarded
0-96-94-92-95-63-33-28-26-27-29-50-62-71-72-38-44-40-41-61-81-90-88-53-78-73-79-8-46-5-3-1-6-7-4-2-68-54-56-66-82-98-55-70-100-60-17-13-80-93-35-43-0,15796.57175124258,seed602_lns_start54_random_regret_rm4_tw10
0-96-94-92-95-85-63-33-28-26-27-29-62-71-72-38-44-40-41-61-81-90-88-53-78-73-79-8-46-5-3-1-6-7-4-2-68-54-56-66-82-98-55-70-100-60-17-13-80-93-35-43-0,15796.594394298872,seed604_lns_start56_random_regret_rm5_tw6
0-42-36-39-92-63-62-33-28-27-29-30-67-71-38-40-44-41-61-81-90-98-53-78-79-7-6-8-46-2-68-55-1-5-4-43-35-37-72-54-96-93-94-80-70-100-60-17-13-66-0,15802.090035937828,seed606_lns_start44_random_regret_rm3_tw6
0-96-42-39-36-63-33-28-27-29-30-62-67-71-38-40-44-41-61-81-90-53-78-79-6-8-46-68-55-12-13-17-60-4-1-3-5-7-100-98-66-80-94-93-54-72-37-35-43-70-0,15810.322407442472,seed603_lns_start40_random_best_rm4_tw10
0-91-65-45-12-14-47-15-11-82-69-88-73-16-87-86-57-64-51-76-18-23-19-49-22-20-84-56-66-99-10-9-13-97-59-74-58-77-25-21-48-24-83-95-50-34-31-26-32-85-89-0,15821.345213377666,seed602_lns_start34_random_random_best_rm8_tw12_guarded
0-42-36-39-92-63-62-33-28-27-29-30-67-71-38-40-44-41-61-81-90-53-78-79-6-46-55-68-96-54-72-43-35-37-1-3-5-8-4-2-60-12-17-13-98-100-70-80-94-93-0,15834.234058468173,seed603_lns_start40_random_best_rm6_tw12
0-42-36-39-92-63-33-28-27-29-30-62-67-71-44-40-37-38-41-61-81-90-98-53-78-79-6-2-8-46-4-55-68-66-13-17-12-60-7-3-1-100-70-96-54-72-93-94-80-43-35-0,15867.170640541288,seed607_lns_start34_random_regret_rm4_tw12
0-42-36-39-92-63-62-33-28-27-29-30-67-71-38-40-44-41-61-81-90-53-78-79-6-8-46-5-3-1-4-43-35-37-72-54-96-93-94-80-66-68-70-100-55-98-12-13-17-60-2-0,15876.37358008228,seed602_lns_start44_random_best_rm4_tw8
0-42-36-39-92-63-62-33-28-27-29-30-67-38-40-44-41-61-81-90-53-78-79-7-6-8-46-68-66-13-17-12-60-55-100-2-4-5-3-1-70-54-96-94-93-72-37-35-43-80-0,15878.952917014738,seed606_lns_start37_random_regret_rm5_tw8
0-65-83-82-12-14-45-69-11-15-16-47-73-88-99-64-84-51-76-18-23-19-49-20-22-57-86-87-9-10-13-52-74-59-97-75-58-77-25-21-48-24-56-95-50-34-31-26-32-85-89-0,15885.224182000617,seed604_lns_start43_random_regret_rm5_tw12_guarded
0-65-91-92-94-85-63-33-28-26-27-29-31-34-62-30-76-67-71-81-61-41-38-40-44-2-6-46-8-7-79-5-4-3-1-55-68-54-72-96-95-93-35-37-43-70-100-60-52-83-89-0,15889.529318082672,seed608_lns_start66_random_regret_rm4_tw15
0-65-82-1-45-7-14-47-15-11-69-88-73-16-99-64-84-51-76-18-23-19-49-22-20-57-52-86-9-10-13-87-74-59-97-75-58-77-25-21-48-24-83-80-91-95-50-34-31-26-32-85-89-0,15891.600100084926,seed601_lns_start34_random_best_rm8_tw6_guarded
0-42-36-39-92-63-62-33-28-27-29-30-71-38-40-44-41-61-81-90-53-78-79-6-8-46-2-68-98-55-1-5-3-4-7-60-12-17-13-66-80-94-93-54-72-37-35-43-70-100-0,15896.18014618794,seed606_lns_start40_random_best_rm3_tw8
0-42-36-39-92-63-62-33-27-29-30-67-71-38-40-44-41-61-81-90-53-78-79-7-6-8-46-68-66-98-55-2-4-5-3-43-35-37-72-54-96-93-94-80-70-100-60-12-17-13-0,15917.59259507326,seed602_lns_start33_random_random_best_rm8_tw15
0-42-36-39-92-63-62-33-28-27-29-30-67-71-38-40-44-41-61-81-90-98-53-78-79-7-6-8-46-68-55-60-1-5-3-4-2-100-70-43-37-35-72-54-93-94-80-66-13-17-0,15918.757768981759,seed608_lns_start40_random_random_best_rm3_tw12
0-72-96-94-92-95-63-33-26-27-29-62-71-38-44-40-61-81-90-69-88-53-78-73-79-6-8-7-2-46-5-3-1-4-55-68-43-35-41-54-80-56-66-82-98-70-100-60-17-13-0,15924.600901892294,seed608_lns_start50_random_random_best_rm8_tw12
0-98-82-92-95-63-33-26-28-27-29-62-71-37-38-44-40-41-81-90-69-88-53-78-73-79-7-6-8-46-55-68-43-35-72-54-60-2-4-5-3-1-100-70-96-94-80-56-66-13-17-0,15927.281437045542,seed601_lns_start49_random_regret_rm8_tw8
0-98-92-95-85-63-33-28-26-27-29-62-71-72-38-44-61-81-90-69-88-53-78-73-79-7-6-8-46-43-41-35-1-3-5-4-2-55-68-82-66-80-94-93-96-54-70-100-60-17-13-37-0,15987.261888220368,seed608_lns_start48_random_random_best_rm3_tw8
0-72-96-94-92-63-33-28-26-27-29-62-71-38-44-40-61-81-90-69-88-53-78-73-79-6-8-7-2-46-5-3-1-4-55-68-43-35-41-54-93-95-56-80-82-98-60-17-13-100-70-0,15987.554656307266,seed606_lns_start52_random_random_best_rm3_tw12
0-42-36-37-39-96-92-63-62-33-30-28-29-67-71-38-40-44-41-61-81-90-53-78-79-6-8-46-5-3-1-68-55-60-7-4-2-100-70-43-35-72-54-93-94-80-66-98-12-17-13-0,15989.364103205427,seed606_lns_start34_random_random_best_rm4_tw12
0-42-36-39-92-63-62-33-28-27-29-30-67-71-38-40-44-41-61-81-90-53-78-79-6-8-46-55-68-66-94-96-54-37-35-43-3-5-4-7-2-60-12-17-13-98-100-70-80-93-0,16035.045814037187,seed606_lns_start36_random_best_rm5_tw8
0-94-92-95-63-33-26-28-27-62-29-71-61-44-40-38-41-81-90-69-53-78-73-79-7-6-8-46-55-68-66-56-96-54-72-37-35-43-1-3-5-4-2-70-100-98-60-17-13-82-80-93-0,16046.711617471201,seed604_lns_start46_random_regret_rm3_tw6
0-42-36-39-92-63-62-33-28-27-29-30-71-72-38-44-40-37-41-61-81-90-98-53-78-79-6-2-8-46-4-55-68-66-13-17-12-60-7-3-1-100-70-96-54-93-94-80-43-35-0,16085.26093218461,seed603_lns_start39_random_best_rm4_tw12
0-42-36-39-92-63-62-33-28-27-29-30-67-71-38-40-44-41-61-81-90-53-12-78-79-8-7-6-46-4-68-55-98-60-2-1-43-35-72-54-96-93-94-80-70-100-17-13-66-0,16089.607097220627,seed608_lns_start35_random_random_best_rm6_tw8
0-42-36-39-92-63-33-28-27-29-30-62-67-94-71-96-81-90-98-53-78-79-6-8-46-44-43-40-38-41-61-54-68-55-7-4-5-3-1-60-12-13-17-100-70-37-35-72-93-80-0,16090.145618902225,seed607_lns_start36_random_best_rm8_tw8
0-42-36-39-92-63-33-28-27-29-30-62-67-71-44-40-37-38-41-61-81-90-53-78-7-6-2-1-3-5-8-46-4-68-55-98-60-17-13-12-66-96-54-80-94-93-72-70-100-43-35-0,16093.119459154792,seed607_lns_start38_random_best_rm5_tw12
0-94-42-39-36-63-33-28-27-29-30-62-67-71-38-40-44-41-61-81-90-53-78-79-6-8-46-5-3-4-2-55-68-96-54-72-43-35-37-1-7-17-13-12-98-60-100-70-80-66-0,16097.733803750269,seed602_lns_start37_random_best_rm6_tw15
0-42-36-39-92-63-62-33-28-27-29-30-67-71-38-40-44-41-61-81-53-78-79-6-8-46-5-3-1-4-43-35-37-72-54-96-68-93-94-80-66-55-98-12-13-17-60-2-100-70-0,16109.812655223723,seed607_lns_start34_random_best_rm4_tw15
0-65-45-47-14-12-69-11-15-16-73-88-99-64-84-51-76-18-23-19-49-22-20-57-86-87-9-10-13-97-59-74-24-48-21-25-77-75-58-52-83-66-91-95-50-34-31-26-32-85-89-0,16129.513774726478,seed605_lns_start44_random_best_rm4_tw6_guarded
0-96-94-92-63-33-26-28-27-62-29-71-61-44-40-38-41-81-90-69-88-53-78-73-79-7-6-8-46-5-3-1-4-2-55-68-43-37-35-54-93-95-56-66-80-70-100-60-98-82-13-0,16165.474383839732,seed603_lns_start48_random_random_best_rm3_tw10
0-98-82-92-85-63-33-28-26-27-29-62-71-72-38-44-61-81-90-69-88-53-78-73-79-7-8-46-5-3-1-6-2-4-55-68-66-56-95-94-96-93-54-41-35-43-70-100-60-17-13-80-0,16175.788432974365,seed605_lns_start49_random_best_rm4_tw15
0-42-36-39-92-63-62-33-28-27-29-30-67-71-38-40-44-41-61-81-90-53-78-79-7-6-46-68-55-2-4-5-3-1-43-35-37-72-54-80-94-93-96-70-100-98-12-60-17-13-66-0,16197.739683547528,seed601_lns_start44_random_random_best_rm3_tw15
0-42-36-39-92-63-62-33-28-27-29-30-67-71-38-40-44-41-61-81-90-53-78-79-7-6-8-46-5-3-1-4-55-68-66-96-54-93-94-80-60-100-70-2-43-35-37-72-12-13-0,16210.650448567267,seed603_lns_start44_random_regret_rm6_tw15
0-65-45-47-14-12-69-82-11-15-16-73-88-99-64-84-51-76-18-23-19-49-22-20-57-52-86-87-9-10-13-74-59-97-75-58-77-25-21-48-24-83-56-91-95-50-34-31-26-32-85-89-0,16233.130874229453,seed602_lns_start40_random_best_rm6_tw12_guarded
0-72-96-94-92-63-33-28-26-27-29-62-71-38-44-61-81-90-69-88-53-78-73-79-6-8-46-2-41-37-35-40-43-1-3-5-4-7-60-55-68-54-93-98-82-56-95-80-70-100-13-0,16248.069233011027,seed604_lns_start53_late_random_best_rm8_tw8
0-65-82-98-45-7-14-47-15-11-69-88-73-16-99-64-84-51-76-18-23-19-49-22-20-57-52-86-87-9-10-13-97-59-74-75-58-77-25-21-48-24-83-56-95-50-34-31-26-32-85-89-0,16253.09654814644,seed601_lns_start33_random_random_best_rm5_tw12_guarded
0-96-92-95-63-33-26-28-27-62-29-71-61-44-40-38-41-81-90-69-88-53-78-73-79-7-6-46-8-4-5-3-2-55-68-82-66-56-94-93-54-72-37-35-43-70-100-60-98-80-17-0,16258.81590875398,seed606_lns_start56_random_regret_rm6_tw8
0-42-36-39-94-92-63-62-33-28-27-29-30-67-71-38-40-44-41-61-81-90-53-78-79-7-6-8-46-4-68-55-98-12-13-17-60-100-70-66-80-96-93-54-72-37-35-43-1-5-0,16259.608758215976,seed604_lns_start36_random_regret_rm8_tw8
0-42-36-39-92-63-62-33-28-27-29-30-67-71-38-44-40-37-41-61-90-53-78-79-7-6-2-8-46-4-5-3-1-55-68-43-35-72-54-96-93-94-80-66-98-60-12-17-13-100-70-0,16262.469061676167,seed603_lns_start43_random_best_rm6_tw6
0-82-92-95-85-63-33-62-28-26-29-71-61-44-40-38-41-81-90-69-88-53-78-73-79-7-6-46-8-2-68-55-60-4-5-1-43-35-37-72-54-93-94-96-56-80-70-100-98-13-17-0,16267.396456193772,seed601_lns_start50_random_regret_rm8_tw15
0-72-96-94-92-63-33-28-26-27-29-62-71-38-44-40-61-81-90-69-88-53-78-73-79-6-8-7-2-46-5-3-1-4-55-68-43-41-54-93-95-56-66-80-70-100-98-60-17-13-82-0,16271.144399883746,seed602_lns_start51_random_random_best_rm4_tw10
0-96-92-95-63-33-26-28-27-62-29-71-61-44-40-38-41-81-90-69-88-53-78-73-79-6-8-46-68-56-66-82-55-60-7-4-5-3-1-43-35-37-72-54-93-94-80-70-100-17-0,16275.516129056026,seed603_lns_start55_random_regret_rm6_tw15
0-92-65-82-45-69-14-47-11-15-16-73-88-99-64-84-51-76-18-23-19-49-22-20-57-86-87-59-97-13-9-10-74-24-48-21-25-77-75-58-52-83-56-95-50-34-31-26-32-85-89-0,16305.370481281467,seed602_lns_start41_random_random_best_rm4_tw12_guarded
0-96-42-39-92-63-33-28-27-29-30-62-67-94-71-38-40-41-61-81-90-98-53-78-79-8-6-46-5-3-1-4-2-55-68-44-43-35-37-54-72-80-66-13-12-17-60-7-70-100-0,16325.397022421119,seed605_lns_start34_mixed_random_best_rm8_tw10
0-42-36-37-39-92-63-33-28-27-29-30-62-67-71-81-61-44-40-38-41-1-8-6-53-98-90-66-68-3-5-46-7-79-60-55-2-4-43-35-72-54-93-96-94-80-70-100-12-0,16332.265551429835,seed606_lns_start39_mixed_random_best_rm6_tw6
0-65-52-14-45-69-82-11-47-15-16-73-88-99-64-84-51-76-18-48-21-23-19-49-20-22-57-86-9-10-13-87-74-59-97-75-58-77-25-24-83-66-56-95-50-34-31-26-32-85-89-0,16332.420935215687,seed607_lns_start44_random_regret_rm5_tw15_guarded
0-42-36-39-92-63-62-33-28-27-29-30-67-71-38-40-44-41-61-81-90-53-78-79-8-46-6-68-55-2-3-4-7-60-17-13-12-98-100-70-43-37-35-72-54-96-93-94-80-66-0,16338.631943034356,seed603_lns_start40_random_best_rm8_tw10
0-42-36-39-92-63-62-33-28-27-29-30-67-71-38-41-44-40-37-61-81-90-53-78-79-7-6-46-4-55-68-54-72-35-43-96-93-94-80-66-98-100-2-5-3-1-70-60-17-13-0,16340.176216592577,seed606_lns_start34_random_regret_rm5_tw10
0-96-94-92-63-33-26-28-27-62-29-71-61-44-40-38-41-81-90-69-88-53-78-79-7-6-8-46-43-37-35-72-54-95-56-66-82-98-55-2-4-5-3-1-70-100-68-80-93-60-17-0,16349.360379258793,seed606_lns_start49_random_regret_rm5_tw12
0-92-95-63-33-34-31-26-28-27-62-29-71-61-44-40-38-41-81-90-69-88-53-78-73-79-7-6-46-8-5-1-4-2-55-68-43-35-37-72-54-96-93-94-80-66-82-98-100-70-60-17-13-0,16365.237310221246,seed602_lns_start49_random_best_rm6_tw15
0-42-36-39-92-63-33-28-27-29-30-62-67-94-71-61-44-38-40-41-81-90-78-53-98-55-68-54-72-37-35-43-1-3-5-46-6-2-4-7-79-60-12-13-66-80-96-70-100-0,16365.75094237653,seed607_lns_start41_mixed_regret_rm6_tw8
0-42-36-39-92-63-62-33-28-27-29-30-67-71-72-38-44-40-37-41-61-81-98-53-78-79-6-2-8-46-4-55-68-66-13-17-12-60-7-3-1-100-70-96-54-93-94-80-43-35-0,16373.517842059502,seed606_lns_start40_random_regret_rm5_tw15
0-98-94-92-95-63-33-28-26-27-29-62-71-72-38-44-40-41-61-81-90-69-88-53-78-73-79-8-1-3-5-6-7-46-4-55-68-54-96-93-56-66-13-17-60-100-70-80-43-35-0,16376.900112520589,seed604_lns_start51_random_regret_rm3_tw10
0-65-91-96-92-95-63-33-28-26-27-29-34-62-30-67-71-81-61-41-38-40-44-8-6-79-7-46-2-37-35-43-1-3-4-60-55-100-70-68-54-72-93-94-50-85-76-89-83-52-80-0,16379.99952870197,seed606_lns_start66_random_random_best_rm8_tw12
0-42-36-39-92-63-62-33-28-27-29-30-67-71-38-40-44-41-61-81-90-53-78-79-6-8-46-68-66-98-55-4-7-60-2-5-1-43-35-37-72-54-93-94-80-70-100-12-13-0,16386.23849156213,seed606_lns_start33_random_regret_rm6_tw8
0-96-92-95-63-33-26-28-27-62-29-71-44-40-37-38-41-61-81-90-88-53-78-73-79-6-8-46-5-3-4-1-43-35-54-94-56-66-82-98-55-68-70-100-2-7-60-17-13-80-93-0,16393.11550225118,seed606_lns_start46_random_regret_rm3_tw15
0-42-36-39-92-63-62-33-28-27-29-30-67-71-38-40-44-41-61-81-90-53-78-79-8-46-6-2-68-55-1-4-7-60-17-13-12-98-100-70-43-37-35-72-54-96-93-94-80-66-0,16404.606554199116,seed608_lns_start34_random_regret_rm5_tw6
0-42-36-39-92-63-62-33-28-27-29-31-30-67-71-38-40-44-41-61-81-90-53-78-79-8-46-6-55-68-43-37-35-72-54-96-93-94-80-66-98-100-70-2-4-3-5-60-12-17-13-0,16420.07128638287,seed601_lns_start34_random_best_rm8_tw6
0-96-94-92-95-63-33-28-26-27-29-62-71-72-38-44-61-81-90-69-88-53-78-73-79-7-6-8-46-43-41-3-5-4-2-55-98-82-66-56-80-93-54-68-70-100-60-17-13-37-35-0,16422.79010151631,seed606_lns_start55_random_random_best_rm4_tw10
0-42-36-39-92-63-33-28-27-29-30-62-67-71-38-40-44-41-61-81-90-53-78-79-6-8-46-68-55-12-13-17-60-4-1-3-5-7-100-98-66-80-94-93-96-54-72-37-35-43-70-0,16439.202965744065,seed603_lns_start34_random_regret_rm3_tw6
0-92-95-63-33-34-26-28-27-62-29-71-61-44-40-38-41-81-90-69-88-53-78-73-79-7-6-8-46-1-3-5-4-55-68-43-37-35-72-54-96-93-94-56-80-82-98-60-17-13-100-70-0,16445.87389025117,seed601_lns_start50_random_regret_rm6_tw8
0-65-45-47-14-12-83-64-69-88-73-16-15-11-99-84-51-76-18-23-19-49-20-22-57-52-86-9-10-13-87-74-59-97-75-58-77-25-21-48-24-56-95-50-34-31-26-32-85-89-0,16457.99754956975,seed608_lns_start41_random_regret_rm3_tw15_guarded
0-96-94-92-95-63-33-26-28-27-29-62-71-72-37-38-44-40-41-61-81-69-88-53-78-73-79-7-6-8-46-55-68-43-35-54-60-2-4-5-3-1-70-100-80-56-66-82-98-17-13-93-0,16470.75538287061,seed602_lns_start56_random_random_best_rm3_tw15
0-82-92-94-63-33-28-26-27-29-62-71-37-38-44-61-81-69-98-88-53-78-73-79-6-8-46-55-90-66-54-41-43-40-35-68-96-93-95-56-80-70-100-2-1-3-5-7-4-60-0,16519.278839532024,seed605_lns_start48_mixed_random_best_rm8_tw8
0-45-12-14-65-69-98-11-47-15-16-73-88-99-64-84-51-76-18-48-23-19-49-20-22-57-52-86-9-10-13-87-74-59-97-75-58-77-25-21-24-83-56-91-95-50-34-31-26-32-85-89-0,16529.41254710534,seed607_lns_start43_random_random_best_rm3_tw6_guarded
0-92-39-36-63-33-28-27-29-30-62-67-71-38-40-44-41-61-81-90-53-78-79-6-8-46-68-55-12-13-17-60-4-1-3-5-7-100-98-66-80-94-93-96-54-72-37-35-43-70-0,16529.910922552106,seed601_lns_start36_random_regret_rm5_tw15
0-96-94-92-95-63-33-26-28-27-29-62-71-72-37-38-44-40-41-61-81-90-69-88-78-73-79-7-6-8-46-55-68-43-35-54-60-2-4-5-3-1-70-100-80-56-66-82-98-17-13-93-0,16529.977398155443,seed608_lns_start56_random_best_rm3_tw8
0-42-36-39-92-63-33-28-27-29-30-62-67-71-38-41-44-40-37-81-61-90-78-79-6-8-46-43-35-72-54-96-94-68-55-100-70-2-4-5-3-1-7-60-12-17-13-66-80-93-0,16535.529574892003,seed605_lns_start42_random_best_rm5_tw15
0-65-91-92-94-63-33-62-50-34-31-28-26-27-29-30-76-85-67-71-81-61-41-38-40-44-6-46-8-79-55-68-72-35-37-43-2-60-7-4-5-1-100-70-96-93-95-83-52-54-89-0,16540.892177368427,seed605_lns_start66_random_best_rm4_tw6
0-42-36-39-92-63-62-33-28-27-29-30-67-71-38-40-44-61-81-90-53-78-79-6-8-46-98-55-68-66-94-96-54-72-37-35-43-70-100-2-4-5-3-1-7-60-12-17-13-80-93-0,16545.81305843201,seed603_lns_start35_random_regret_rm5_tw10
0-42-36-39-96-92-63-62-33-28-27-29-30-67-71-38-44-40-37-41-81-90-53-78-79-7-6-46-8-4-55-68-43-35-72-54-80-66-98-100-2-5-3-1-70-93-94-60-17-13-0,16546.149084674824,seed601_lns_start42_random_best_rm4_tw8
0-98-82-92-95-63-33-28-26-27-29-62-71-38-44-40-61-81-69-88-53-78-73-79-7-8-46-6-55-90-66-56-54-68-2-4-3-5-1-43-37-41-72-93-94-96-80-70-100-60-17-13-0,16547.060218349943,seed608_lns_start55_late_random_best_rm6_tw15
0-98-92-95-63-33-26-28-27-29-62-94-71-38-44-40-37-41-61-81-90-69-88-53-78-79-6-8-46-55-68-43-35-72-54-56-66-82-60-7-4-5-3-1-2-100-70-96-93-80-13-17-0,16561.80670281561,seed604_lns_start50_random_regret_rm3_tw10
0-96-94-92-95-63-33-26-28-27-31-29-62-71-72-38-44-61-81-90-69-88-53-78-73-79-7-6-8-46-5-3-1-43-35-37-41-68-4-2-55-98-82-66-56-80-93-54-70-100-60-17-13-0,16575.070581346277,seed602_lns_start53_random_random_best_rm4_tw15
0-65-92-94-95-63-33-28-26-27-29-62-71-72-38-44-61-81-90-69-88-53-78-73-79-7-6-8-46-5-3-1-43-35-37-41-68-4-2-55-98-82-66-56-80-96-93-54-70-100-60-17-13-0,16584.062604173323,seed601_lns_start51_random_random_best_rm3_tw12
0-42-36-37-92-63-33-28-27-29-30-62-67-71-38-40-44-41-61-81-90-53-78-79-8-7-6-98-68-2-4-46-5-3-1-43-35-72-54-96-94-80-66-13-17-12-60-55-100-70-0,16586.385018533703,seed603_lns_start35_random_regret_rm5_tw15
0-92-83-63-33-26-28-27-62-29-71-61-44-40-38-41-81-90-69-98-53-78-73-79-8-46-6-55-68-66-56-95-94-54-72-37-35-43-1-3-4-7-2-70-100-60-17-13-80-96-93-0,16589.71923978907,seed604_lns_start51_random_best_rm5_tw8
0-42-36-37-39-96-92-63-62-33-30-27-29-67-71-38-40-44-41-61-81-90-53-78-79-6-8-46-5-3-1-68-55-60-7-4-2-100-70-43-35-72-54-93-94-80-66-98-12-17-13-0,16590.546223013105,seed604_lns_start42_random_random_best_rm4_tw10
0-42-36-39-92-63-33-28-27-29-30-62-67-71-38-40-44-41-61-6-8-79-78-53-90-81-54-72-68-55-2-4-46-5-3-7-60-17-13-12-98-66-80-93-96-100-70-43-35-37-0,16603.454440407084,seed605_lns_start39_random_regret_rm5_tw8
0-42-36-39-92-63-62-33-28-27-29-30-67-71-38-40-44-41-61-81-90-53-78-6-8-5-46-7-4-3-1-43-35-37-72-54-96-93-94-80-68-55-70-100-98-60-13-66-23-0,16605.37935526776,seed607_lns_start43_random_random_best_rm8_tw10
0-42-36-39-92-63-62-33-28-27-29-30-67-71-38-40-44-41-61-81-53-78-79-6-8-46-68-55-12-13-17-60-4-1-3-5-7-100-98-66-80-94-93-96-54-72-37-35-43-70-0,16629.674060952173,seed602_lns_start40_random_regret_rm6_tw12
0-42-36-39-92-63-62-33-28-27-29-30-67-71-38-40-44-41-61-81-90-53-78-79-7-6-8-46-2-68-55-3-5-4-1-43-35-37-72-54-96-70-100-60-17-13-66-80-94-93-0,16631.504447258783,seed605_lns_start44_random_best_rm6_tw15
0-42-36-37-39-92-63-62-33-28-27-29-30-67-71-38-44-40-41-61-81-90-98-53-78-79-6-2-8-46-4-55-68-66-13-17-12-60-7-3-1-100-70-54-80-94-93-72-35-43-0,16636.298012367337,seed607_lns_start39_random_regret_rm4_tw8
0-96-94-92-63-33-26-28-27-62-29-71-61-44-40-38-41-81-90-69-88-53-78-73-79-7-6-8-46-5-3-1-4-2-55-68-43-37-54-93-80-95-56-66-82-98-100-70-60-17-13-0,16637.499538404987,seed607_lns_start54_random_best_rm6_tw10
0-96-92-95-63-33-28-26-27-29-62-94-71-72-44-40-37-41-61-81-90-69-88-53-78-73-79-6-8-46-5-3-1-4-55-68-54-35-43-70-100-2-7-60-98-82-80-93-56-66-13-17-0,16663.193625080457,seed605_lns_start52_random_best_rm3_tw10
0-91-65-82-45-14-47-15-11-69-88-73-16-99-64-84-51-76-18-23-19-49-22-20-57-86-87-9-10-13-97-59-52-74-75-58-77-25-21-48-24-83-56-95-50-34-31-26-32-85-89-0,16663.829906150986,seed603_lns_start38_random_random_best_rm4_tw8_guarded
0-42-36-39-92-63-33-28-27-29-62-67-71-38-40-44-41-61-81-90-53-78-79-7-6-8-46-68-4-55-98-2-5-3-1-43-35-37-72-54-96-93-94-80-66-60-17-13-100-70-0,16679.12323610719,seed601_lns_start35_random_best_rm5_tw10
0-96-94-92-63-33-26-28-27-62-29-71-61-44-40-38-41-81-90-69-88-53-78-73-79-7-6-46-8-5-1-4-2-55-68-43-35-37-72-54-80-95-56-66-82-98-100-70-60-13-17-0,16722.97206376259,seed601_lns_start49_random_best_rm8_tw6
0-72-42-39-36-63-33-28-27-29-30-62-67-71-38-40-44-41-61-81-90-53-78-79-6-8-46-2-68-98-55-1-5-3-4-7-60-17-13-12-100-70-54-80-94-93-37-35-43-66-0,16739.40359940277,seed602_lns_start33_random_best_rm4_tw6
0-83-65-98-45-2-69-14-47-11-15-16-73-88-82-99-64-84-51-76-18-23-19-49-20-22-57-52-86-9-10-13-87-74-59-97-75-58-77-25-21-48-24-56-91-95-50-34-31-26-32-85-89-0,16741.840149918517,seed601_lns_start35_random_random_best_rm6_tw10_guarded
0-42-36-37-39-92-63-33-27-29-30-62-67-94-71-38-44-41-61-81-90-53-12-78-79-8-6-7-46-4-5-3-1-43-40-35-72-54-68-66-80-93-96-70-100-55-98-13-17-60-0,16744.933580039844,seed601_lns_start35_random_regret_rm3_tw8
0-42-36-39-72-63-33-28-27-29-30-67-71-38-40-44-61-81-90-98-53-78-79-6-8-37-41-43-35-54-68-55-2-4-1-3-5-46-7-60-12-17-13-66-80-94-93-96-70-100-0,16764.268466169488,seed606_lns_start38_random_best_rm8_tw6
0-91-65-82-45-1-69-11-14-47-15-16-73-88-99-64-84-51-76-18-48-21-23-19-49-20-22-57-86-87-9-10-52-74-59-97-75-58-77-25-24-83-66-56-95-50-34-31-26-32-85-89-0,16777.09473572023,seed601_lns_start41_random_best_rm6_tw12_guarded
0-42-36-39-92-63-62-33-28-27-29-30-67-71-38-40-44-41-61-81-90-53-78-79-6-8-46-68-55-98-13-17-12-60-7-4-5-1-3-43-37-35-72-54-70-100-96-93-80-66-0,16825.74234224787,seed607_lns_start42_random_random_best_rm4_tw6
0-65-39-36-42-45-47-14-12-15-16-11-99-64-67-84-51-76-18-19-23-48-49-20-22-57-52-86-87-9-10-13-97-59-74-75-58-77-25-21-24-83-56-50-34-31-30-32-89-0,16834.531645440944,seed607_lns_start50_random_best_rm5_tw6_guarded
0-42-36-39-92-63-62-33-28-27-29-30-67-71-38-44-40-37-41-61-81-90-53-78-79-7-6-8-46-4-3-68-55-66-13-17-12-60-98-80-54-72-96-94-93-70-100-43-35-0,16840.724333502083,seed602_lns_start35_random_best_rm8_tw10
0-96-92-95-63-33-26-28-27-31-62-29-71-44-40-38-41-61-81-90-69-88-78-73-79-6-8-46-43-37-35-72-54-94-56-66-82-98-55-68-70-100-1-3-5-4-7-2-60-17-80-93-0,16857.95717311601,seed605_lns_start53_random_best_rm3_tw6
0-92-95-63-33-34-26-28-27-62-29-71-61-44-40-38-41-81-90-69-88-53-78-73-79-8-6-7-46-4-5-3-1-2-68-43-35-37-72-54-96-93-94-56-80-55-98-82-13-60-100-70-0,16867.39744231638,seed602_lns_start47_random_random_best_rm5_tw8
0-96-94-92-95-63-33-26-28-27-31-62-29-71-44-40-38-41-61-81-90-69-88-53-78-73-79-6-8-46-5-3-4-1-43-35-37-72-54-68-66-82-98-55-60-7-2-100-70-80-93-13-0,16880.026095218975,seed605_lns_start56_random_best_rm8_tw8
0-96-72-94-92-63-33-28-26-27-29-62-71-38-44-40-61-69-98-88-53-78-73-79-6-46-8-7-55-66-56-68-81-54-41-35-43-4-5-3-1-2-100-70-80-93-95-82-60-17-13-0,16880.62976222159,seed607_lns_start56_random_regret_rm8_tw12
0-42-36-39-92-63-62-33-28-27-29-30-67-71-38-40-44-41-61-81-90-53-78-79-6-8-46-68-55-12-13-17-60-4-1-3-5-7-100-98-66-80-94-96-54-72-37-35-43-70-0,16903.75099575431,seed603_lns_start37_random_regret_rm4_tw6
0-96-94-92-63-33-26-28-27-62-29-71-72-38-44-40-41-61-81-90-69-88-53-78-73-79-7-6-8-46-5-3-4-1-43-35-37-54-95-56-82-98-55-68-70-100-60-17-13-80-93-0,16908.163827501787,seed601_lns_start55_random_best_rm5_tw15
0-65-82-7-45-1-69-14-47-11-15-16-73-88-99-52-86-57-64-84-51-76-18-23-19-49-20-22-9-10-13-87-74-59-97-75-58-77-25-21-48-24-83-56-95-50-34-31-26-32-85-89-0,16930.24544029474,seed602_lns_start39_random_regret_rm6_tw12_guarded
0-92-50-63-33-34-26-28-27-62-29-71-44-40-38-41-61-81-90-69-88-53-78-73-79-7-6-46-8-4-5-3-2-55-68-43-35-37-72-54-96-93-94-95-80-66-82-98-100-70-60-13-17-0,16940.327339972348,seed605_lns_start55_random_random_best_rm6_tw10
0-65-52-82-45-14-47-15-11-69-88-73-16-99-64-84-51-76-18-23-19-49-22-20-57-86-87-9-10-13-97-59-74-24-48-21-25-77-58-83-66-91-56-95-50-34-31-26-32-85-89-0,16940.69265109856,seed601_lns_start44_random_best_rm4_tw10_guarded
0-94-92-63-33-34-31-27-26-62-29-71-61-44-40-38-41-81-90-69-88-53-78-73-79-7-6-2-46-8-5-3-4-55-68-43-37-72-54-93-80-95-56-66-82-98-100-70-60-17-13-0,16998.660388199085,seed607_lns_start52_random_best_rm6_tw12
0-42-36-39-92-63-62-33-28-27-29-30-67-71-38-40-44-41-61-81-90-53-78-79-7-6-8-46-68-98-55-2-4-5-3-43-35-37-72-54-96-93-94-80-66-70-100-60-12-17-13-0,16999.2268601563,seed603_lns_start43_random_random_best_rm4_tw12
0-96-94-92-95-63-33-28-26-27-29-62-69-88-44-40-38-41-61-81-90-53-78-73-79-7-8-46-6-68-56-66-55-60-2-4-5-3-1-43-35-37-72-93-54-70-100-98-82-13-17-80-0,17002.971947059148,seed606_lns_start50_random_best_rm5_tw6
0-42-36-37-39-92-63-62-33-28-27-29-30-67-71-38-44-40-41-61-81-90-53-78-79-8-46-6-2-1-3-4-7-60-17-13-12-98-55-68-54-96-94-70-100-66-80-72-35-43-0,17012.777392590695,seed606_lns_start41_random_random_best_rm3_tw12
0-42-36-39-92-63-62-33-28-27-29-30-67-71-38-40-44-41-61-81-90-98-53-78-79-7-6-8-46-68-55-60-1-5-3-4-2-100-70-96-54-43-37-35-72-93-80-66-13-17-0,17032.384779147094,seed601_lns_start43_random_regret_rm3_tw8
0-42-36-39-72-96-92-62-33-28-27-29-30-67-71-44-40-37-38-41-61-81-84-90-53-78-79-8-46-4-6-55-68-54-94-66-13-17-12-60-98-100-70-2-7-5-43-35-80-0,17042.021947752255,seed607_lns_start42_random_regret_rm8_tw6
0-96-94-92-63-33-26-28-27-62-29-71-61-44-40-38-41-81-90-69-88-53-78-73-79-7-6-8-46-1-3-5-4-55-68-54-72-93-95-56-66-80-82-98-70-100-60-17-13-43-37-0,17063.803000147633,seed607_lns_start51_random_best_rm3_tw10
0-96-92-95-63-33-26-28-27-62-29-71-61-44-40-38-41-81-90-69-88-53-78-79-6-8-46-43-37-35-72-54-94-56-66-82-98-55-68-70-100-2-4-5-3-1-60-17-13-80-93-0,17075.496634057763,seed602_lns_start46_random_random_best_rm5_tw12
0-83-65-2-45-14-47-15-11-82-69-88-73-16-99-64-84-51-76-18-23-19-49-20-22-57-86-87-9-10-52-74-59-97-75-58-77-25-21-48-24-66-56-95-50-34-31-26-32-85-89-0,17094.088709893294,seed606_lns_start37_random_best_rm6_tw15_guarded
0-94-92-95-63-33-26-28-27-62-29-71-61-44-40-38-41-81-90-69-88-53-78-73-79-6-8-46-5-3-1-4-2-60-55-68-66-56-96-54-93-82-98-100-70-43-35-37-17-13-0,17107.74334186876,seed605_lns_start54_random_random_best_rm8_tw8
0-72-92-63-33-26-28-27-29-62-71-44-38-40-61-81-90-69-88-53-78-73-79-6-8-7-5-3-1-46-4-2-55-68-43-37-35-41-54-96-93-94-95-56-66-80-70-100-60-17-13-82-0,17124.09913647276,seed607_lns_start51_random_best_rm4_tw6
0-98-82-92-95-63-33-28-26-27-29-62-71-72-38-44-40-61-81-90-69-88-53-78-73-79-7-8-46-6-5-3-1-2-4-55-68-66-56-94-93-96-54-41-37-35-43-70-100-60-13-17-0,17125.927983819973,seed603_lns_start51_late_regret_rm8_tw12
0-65-91-42-45-14-47-15-11-98-69-88-73-16-9-87-86-57-64-84-51-76-18-48-23-19-49-22-20-56-66-99-52-74-59-97-75-58-77-25-21-24-83-95-50-34-31-26-32-85-89-0,17135.778087547686,seed601_lns_start44_random_best_rm4_tw8_guarded
0-91-65-45-5-14-47-15-11-98-69-88-73-16-87-86-99-64-84-51-76-18-23-19-49-20-22-57-52-9-10-13-74-59-97-75-58-77-25-21-48-24-83-56-95-50-34-31-26-32-85-89-0,17141.34640262421,seed603_lns_start41_random_regret_rm3_tw8_guarded
0-92-94-39-36-63-33-28-27-29-30-62-71-38-40-44-41-61-81-90-53-78-79-7-6-8-46-43-72-54-96-68-55-2-4-5-3-1-100-60-17-13-12-98-70-37-35-93-80-66-0,17144.03598625931,seed604_lns_start39_random_regret_rm3_tw15
0-98-94-92-95-63-33-28-26-27-29-62-71-38-44-40-61-81-90-69-88-53-78-73-8-6-7-46-79-5-3-1-4-2-55-68-54-41-43-37-72-93-96-56-80-100-70-60-13-17-82-0,17161.724178351284,seed608_lns_start55_late_best_rm8_tw12
0-42-36-39-92-63-62-33-28-27-29-30-67-71-38-40-44-41-61-81-90-53-78-79-46-98-66-96-54-68-55-60-7-4-1-3-5-6-2-100-70-43-35-37-72-93-94-13-17-12-0,17192.118431583178,seed602_lns_start33_mixed_best_rm5_tw12
0-65-96-92-85-63-33-28-26-27-62-29-30-67-71-72-38-81-61-44-40-37-41-3-5-46-8-7-6-79-78-55-68-2-4-60-100-70-54-93-94-50-32-31-34-95-91-80-43-35-0,17193.849660813685,seed604_lns_start57_mixed_random_best_rm8_tw10
0-65-39-36-42-45-14-47-12-15-16-11-99-64-51-76-19-23-21-48-18-49-22-57-86-87-9-10-97-59-74-24-20-84-32-30-31-34-50-67-56-66-83-52-58-75-77-25-89-0,17273.934542753468,seed608_lns_start56_random_random_best_rm5_tw15_guarded
0-42-36-39-92-63-33-28-27-29-30-62-67-71-61-44-40-38-41-81-90-98-53-79-78-55-68-6-7-8-46-5-3-4-2-60-12-17-13-66-96-80-94-93-54-72-35-43-70-100-0,17277.75458616973,seed601_lns_start37_random_random_best_rm8_tw10
0-94-92-95-85-63-33-26-28-27-62-29-71-61-44-40-38-41-81-90-69-88-53-73-79-6-8-46-55-68-66-56-96-54-37-35-43-1-3-5-4-7-2-70-100-98-60-17-13-82-80-93-0,17297.166414646268,seed608_lns_start51_random_regret_rm8_tw8
0-65-42-36-39-45-14-12-47-16-15-11-99-64-67-84-76-51-19-18-23-21-48-49-22-20-57-86-87-9-10-97-59-52-74-75-77-58-25-24-83-91-50-34-32-30-85-89-0,17323.68149475708,seed606_lns_start46_random_best_rm4_tw12
0-65-82-14-45-1-69-11-47-15-16-73-88-99-64-84-51-76-18-19-23-49-22-20-57-86-52-9-10-87-59-97-75-74-58-77-25-21-48-24-83-66-56-95-50-34-31-26-32-85-89-0,17341.201919818417,seed602_lns_start39_random_best_rm5_tw12_guarded
0-65-82-12-14-45-2-69-11-47-15-16-73-88-99-64-84-51-76-18-48-21-23-19-49-20-22-57-86-87-9-10-52-74-59-97-75-58-77-25-24-83-66-56-91-95-50-34-31-26-32-85-89-0,17342.364618488846,seed603_lns_start42_random_best_rm5_tw6_guarded
0-65-82-12-14-45-69-98-11-47-15-16-73-88-99-64-84-51-76-18-23-19-49-22-20-57-52-86-87-9-10-13-74-59-97-75-58-77-25-21-48-24-83-66-56-95-50-34-31-26-32-85-89-0,17365.87967729818,seed607_lns_start33_random_regret_rm5_tw6_guarded
0-96-92-85-63-33-26-28-27-62-29-71-44-40-37-38-41-61-81-90-88-53-78-73-79-6-8-46-5-3-4-1-43-35-54-94-95-56-66-82-98-55-68-70-100-2-7-60-17-13-80-93-0,17378.94051421343,seed607_lns_start49_random_best_rm8_tw12
0-65-92-95-63-33-26-28-27-62-29-71-61-44-40-38-41-81-90-69-88-53-78-73-79-7-6-8-46-5-1-4-2-55-98-82-56-94-93-96-54-37-35-43-68-70-100-60-17-13-80-0,17393.428563836384,seed606_lns_start56_random_best_rm5_tw8
0-96-92-85-63-33-26-28-27-62-29-71-61-44-40-38-41-81-90-69-88-53-78-73-79-6-46-8-5-3-1-4-7-2-55-68-43-35-37-72-54-93-94-95-80-66-82-98-100-70-60-17-13-0,17394.297186337943,seed607_lns_start46_random_best_rm8_tw15
0-42-36-39-92-63-62-33-28-27-29-30-67-71-38-40-44-41-61-81-90-53-78-79-7-6-8-46-68-55-66-13-17-12-98-60-4-5-1-3-100-70-54-80-94-93-72-37-35-43-0,17397.63504712168,seed602_lns_start35_random_regret_rm5_tw6
0-65-92-95-63-33-26-28-27-62-29-71-61-44-40-38-41-81-90-69-88-53-78-73-79-7-6-46-8-5-1-4-2-55-68-43-35-37-72-54-96-94-80-56-66-82-98-100-70-60-13-17-0,17408.913403867373,seed608_lns_start55_random_regret_rm5_tw10
0-92-95-63-33-34-26-28-27-62-29-71-44-40-37-38-41-81-90-69-88-53-78-73-79-6-46-8-7-2-1-3-4-55-68-43-35-72-54-96-93-94-56-66-80-70-100-98-60-17-13-82-0,17412.851245308084,seed608_lns_start48_random_best_rm5_tw6
0-65-82-12-14-45-69-11-47-15-16-73-88-99-64-84-51-76-18-23-19-49-22-20-57-86-52-9-10-13-87-74-59-97-75-58-77-25-21-48-24-83-66-56-95-50-34-31-26-32-85-89-0,17418.832333332506,seed603_lns_start42_random_best_rm4_tw15_guarded
0-65-83-82-45-14-47-15-11-69-88-73-16-99-64-84-51-76-18-48-23-19-49-20-22-57-86-87-9-10-13-74-59-97-75-58-77-25-21-24-66-56-91-95-50-34-31-26-32-85-89-0,17425.999707425584,seed601_lns_start34_random_regret_rm3_tw15_guarded
0-42-36-37-39-92-63-62-33-28-27-29-30-67-71-38-44-40-41-61-81-90-53-78-79-7-6-2-8-46-4-55-68-96-54-43-35-72-93-80-66-94-70-100-1-3-60-12-17-13-0,17445.658689777076,seed607_lns_start35_random_regret_rm5_tw6
0-65-96-92-85-63-33-50-62-28-26-27-29-30-76-67-71-81-61-41-38-37-40-44-6-46-8-7-79-55-1-3-5-4-2-68-54-72-94-93-31-34-95-91-83-52-60-100-70-43-35-0,17451.73960739591,seed601_lns_start66_random_best_rm6_tw8
0-42-36-39-92-63-62-33-28-27-29-30-67-71-38-40-44-41-61-81-90-53-78-79-7-6-8-46-5-3-1-4-2-68-66-96-54-94-80-13-17-12-60-55-100-70-72-37-35-43-0,17455.291607416533,seed602_lns_start38_random_random_best_rm4_tw12
0-65-12-14-7-45-69-98-11-47-15-16-73-88-82-99-64-84-51-76-18-23-19-49-20-22-57-52-86-9-10-13-87-74-59-97-75-58-77-25-21-48-24-83-56-91-95-50-34-31-26-32-85-89-0,17465.423133754175,seed601_lns_start41_random_regret_rm8_tw10_guarded
0-65-98-45-47-14-52-64-69-88-73-11-15-16-9-87-86-57-19-18-23-49-22-20-76-51-84-56-66-99-10-13-74-59-97-75-58-77-25-21-48-24-83-91-95-50-34-31-26-32-85-89-0,17475.86897868524,seed604_lns_start37_random_random_best_rm4_tw15_guarded
0-65-45-47-14-12-52-83-64-69-88-73-15-16-11-9-87-86-57-22-49-19-23-18-20-76-51-84-56-66-99-10-13-74-59-97-75-58-77-25-21-48-24-91-95-50-34-31-26-32-85-89-0,17476.36781803909,seed601_lns_start41_random_best_rm5_tw15_guarded
0-72-94-92-63-33-28-27-26-29-71-69-88-44-38-41-61-81-90-53-78-73-79-6-8-46-5-3-1-4-7-2-55-68-43-40-35-37-54-96-95-56-66-70-100-98-82-13-17-60-0,17496.202212661312,seed603_lns_start46_random_regret_rm6_tw12
0-65-45-47-14-12-69-82-11-15-16-73-88-99-87-86-57-22-49-19-23-18-76-51-84-56-64-66-52-9-10-13-97-59-74-58-77-25-21-48-20-24-83-91-95-50-34-31-26-32-85-89-0,17507.558065451474,seed604_lns_start37_random_best_rm4_tw6_guarded
0-96-94-92-63-33-26-28-27-31-62-29-71-44-40-38-41-61-81-90-69-88-53-78-73-79-7-6-2-46-5-8-4-3-1-43-35-37-72-54-93-95-56-80-68-70-100-55-98-82-13-17-60-0,17510.564867601104,seed604_lns_start49_random_best_rm5_tw6
0-65-52-14-45-69-12-47-11-15-16-73-88-99-86-57-64-51-76-18-23-19-49-22-20-84-56-66-10-9-13-87-74-59-97-75-58-77-25-21-48-24-83-95-50-34-31-26-32-85-89-0,17534.07506892358,seed602_lns_start43_random_random_best_rm5_tw12_guarded
0-65-42-45-69-14-47-11-15-16-73-88-99-86-64-84-51-76-18-23-19-49-20-22-57-52-9-10-13-87-74-59-97-75-58-77-25-21-48-24-83-56-91-95-50-34-31-26-32-85-89-0,17562.07504690024,seed603_lns_start43_random_regret_rm3_tw10_guarded
0-65-96-92-95-63-33-28-26-27-29-62-71-72-38-44-40-81-88-53-78-73-79-8-46-6-69-90-66-56-94-54-41-43-1-3-5-4-2-60-55-100-70-68-37-35-93-80-98-17-13-0,17563.028126638186,seed604_lns_start46_random_best_rm8_tw8
0-92-91-65-45-14-47-15-11-69-88-73-16-87-86-57-64-51-76-18-23-19-49-22-20-84-56-66-99-10-9-13-74-59-97-75-58-77-25-21-48-24-83-95-50-34-31-26-32-85-89-0,17568.667507209066,seed606_lns_start35_random_best_rm5_tw10_guarded
0-72-96-92-63-33-26-28-27-29-62-71-44-38-40-61-81-90-69-88-53-79-73-78-6-8-46-7-2-5-4-3-1-43-35-37-41-54-93-94-95-56-68-70-100-55-60-98-82-13-17-0,17589.108056133275,seed604_lns_start47_random_random_best_rm8_tw8
0-65-83-52-82-45-69-11-14-47-15-16-73-88-99-64-84-51-76-18-23-19-49-22-57-86-87-9-10-66-56-20-48-24-74-59-97-75-58-77-25-21-91-95-50-34-31-26-32-85-89-0,17593.026998622892,seed606_lns_start40_random_regret_rm8_tw8_guarded
0-92-91-65-82-45-69-14-47-11-15-16-73-88-99-64-22-23-18-19-49-76-51-84-56-66-57-86-87-9-10-13-97-59-74-24-20-48-21-25-77-75-58-52-83-95-50-34-31-32-26-89-0,17622.921082548324,seed602_lns_start35_random_best_rm6_tw8_guarded
0-96-94-92-63-33-26-28-27-62-29-71-44-40-37-38-41-61-81-90-69-88-53-78-73-79-7-6-8-46-4-3-1-2-68-55-43-35-72-54-93-95-56-66-82-98-100-70-60-17-13-0,17630.849740647798,seed602_lns_start47_random_best_rm5_tw10
0-42-36-39-92-63-62-33-28-27-29-30-67-71-38-40-44-41-61-81-90-53-78-79-6-8-46-68-55-4-7-60-12-17-13-98-100-70-2-5-1-43-37-35-72-54-96-93-80-66-0,17636.27960969844,seed604_lns_start37_random_best_rm5_tw15
0-96-94-92-95-63-33-26-28-27-62-29-71-44-40-38-41-61-81-90-88-53-78-73-79-6-46-8-7-55-68-98-82-66-56-54-72-37-35-43-1-3-5-4-2-100-70-80-93-60-17-13-0,17643.401593443486,seed605_lns_start46_random_random_best_rm3_tw12
0-92-91-65-82-45-69-14-47-11-15-16-73-88-99-64-84-51-76-18-23-19-49-22-20-57-86-9-10-87-59-97-75-74-24-48-21-25-77-58-52-83-66-56-95-50-34-31-26-32-85-89-0,17643.56228117843,seed604_lns_start35_random_regret_rm5_tw6_guarded
0-42-36-37-39-92-63-62-33-28-27-29-30-67-71-72-38-44-40-41-61-81-90-53-12-78-79-8-6-46-4-1-3-2-55-68-54-96-94-93-80-66-98-70-100-60-17-13-43-35-0,17666.96212480829,seed601_lns_start44_random_best_rm6_tw12
0-92-65-82-45-14-47-15-11-69-88-73-16-99-64-84-51-76-18-23-19-49-22-57-86-87-9-10-66-56-20-24-48-21-25-77-58-75-97-59-74-52-83-95-50-34-31-26-32-85-89-0,17696.527813866538,seed606_lns_start33_random_best_rm4_tw10_guarded
0-94-92-95-63-33-26-28-27-62-29-71-61-44-40-38-41-81-90-69-88-53-78-73-79-7-6-8-46-5-3-1-4-2-55-68-43-37-35-72-54-93-80-56-66-82-98-100-70-60-17-13-0,17702.028691488464,seed603_lns_start54_random_regret_rm4_tw10
0-42-36-39-92-63-33-28-27-29-30-62-67-71-37-38-40-44-41-61-81-90-53-78-79-6-8-55-2-4-1-43-35-72-54-96-93-94-80-66-98-60-7-5-3-100-70-68-12-17-13-0,17724.02729008007,seed603_lns_start38_random_random_best_rm6_tw15
0-92-95-63-33-34-31-26-28-27-62-29-71-61-44-40-38-41-81-90-69-88-53-78-73-79-6-46-8-5-3-1-4-7-2-55-68-43-35-37-72-54-96-93-94-80-66-82-98-100-70-60-13-17-0,17735.853182900115,seed605_lns_start53_random_best_rm6_tw10
0-65-82-12-14-7-45-69-11-47-15-16-73-88-99-64-84-51-76-18-23-19-49-22-20-57-86-87-9-10-52-74-97-59-75-58-77-25-21-48-24-83-66-91-56-95-50-34-31-26-32-85-89-0,17737.288339956078,seed605_lns_start40_random_random_best_rm3_tw10_guarded
0-94-92-95-50-63-33-28-26-27-62-29-71-38-40-44-41-61-81-90-69-98-53-78-73-79-7-8-2-6-46-5-3-1-4-55-68-66-56-80-96-93-54-72-37-35-43-70-100-60-17-13-82-0,17770.091600862987,seed607_lns_start50_random_best_rm3_tw15
0-96-94-92-63-33-26-28-27-31-62-29-71-44-40-38-41-61-81-90-69-88-53-78-73-79-7-6-46-8-5-1-4-2-68-43-35-37-72-54-93-95-56-66-82-98-55-100-70-60-17-13-0,17770.309256520646,seed604_lns_start54_random_regret_rm4_tw12
0-91-65-82-98-45-69-14-47-11-15-16-73-88-99-64-84-51-76-18-48-23-19-49-20-22-57-52-86-9-10-13-87-74-59-97-75-58-77-25-21-24-83-66-56-95-50-34-31-26-32-85-89-0,17778.167771486253,seed608_lns_start33_random_random_best_rm4_tw12_guarded
0-42-36-39-92-63-33-28-27-29-30-62-67-38-37-40-44-41-61-2-6-46-8-79-78-90-68-81-54-96-71-72-35-43-1-3-5-4-70-100-55-60-12-17-13-98-66-80-94-93-0,17789.073972300183,seed601_lns_start44_random_best_rm3_tw10
0-45-14-47-82-65-91-64-69-88-73-15-16-11-9-87-86-57-22-49-19-23-18-76-51-84-95-56-66-83-99-52-10-13-74-59-97-75-58-77-25-21-48-24-20-85-50-34-31-32-26-89-0,17799.401938072915,seed607_lns_start39_random_regret_rm4_tw10_guarded
0-96-92-85-63-33-26-28-27-62-29-71-61-44-40-38-41-81-90-69-88-53-78-73-79-7-6-2-46-5-8-4-3-1-43-35-37-72-54-93-94-95-56-80-68-70-100-55-98-82-13-17-60-0,17809.047913296727,seed605_lns_start50_random_regret_rm5_tw6
0-65-45-47-14-12-69-82-11-15-16-73-88-99-64-84-51-76-18-23-19-49-22-57-86-87-97-9-10-66-56-20-24-48-21-25-77-58-75-59-74-52-83-91-95-50-34-31-26-32-85-89-0,17848.507126022752,seed606_lns_start39_random_random_best_rm3_tw8_guarded
0-42-36-37-96-92-63-33-28-27-29-30-62-67-94-71-41-44-38-40-61-2-8-7-6-46-79-78-53-66-90-55-68-81-54-72-35-43-1-3-5-4-60-12-17-13-100-70-80-93-0,17894.198259474553,seed605_lns_start34_random_regret_rm6_tw15
0-42-36-39-92-63-33-28-27-29-30-62-67-71-37-44-61-81-38-40-41-2-6-1-5-8-3-46-4-7-79-60-78-17-13-12-53-98-55-68-54-96-80-94-93-72-70-100-43-35-0,17906.600676652295,seed605_lns_start35_random_regret_rm5_tw12
0-98-82-92-95-63-33-28-26-27-29-31-62-71-72-38-44-40-37-41-61-81-90-69-88-53-78-73-79-7-6-8-5-3-1-46-4-2-55-68-66-96-54-94-93-80-70-100-60-17-13-43-35-0,17919.102905493066,seed601_lns_start48_random_regret_rm6_tw12
0-94-92-95-63-33-26-28-27-31-62-29-71-44-40-38-41-61-81-90-69-88-53-78-73-79-7-6-8-46-5-3-1-4-2-55-68-43-35-37-72-54-93-80-56-66-82-98-70-100-60-17-13-0,17923.722300532783,seed601_lns_start55_random_best_rm4_tw15
0-92-91-65-82-45-69-11-14-47-15-16-73-88-99-64-84-51-76-18-23-19-49-22-20-57-86-87-9-10-13-97-59-74-24-48-21-25-77-75-58-52-83-66-56-95-50-34-31-26-32-85-89-0,17937.207063851205,seed607_lns_start41_random_random_best_rm3_tw10_guarded
0-65-45-47-14-69-82-52-11-15-16-73-88-64-84-51-76-18-23-19-49-22-57-86-87-9-10-99-66-56-20-48-21-24-74-59-97-75-58-77-25-83-95-50-34-31-26-32-85-89-0,17965.86494845723,seed607_lns_start38_random_best_rm4_tw8_guarded
0-42-36-39-92-63-62-33-28-27-29-30-67-71-44-38-37-40-41-46-8-6-7-79-78-53-98-90-61-54-81-68-55-60-1-5-3-4-2-100-70-80-96-94-93-72-35-43-66-13-0,17996.718518875983,seed604_lns_start40_random_best_rm5_tw12
0-96-94-92-63-33-26-28-27-31-62-29-71-44-40-38-41-61-81-90-69-88-53-78-79-6-8-46-5-3-4-1-43-35-37-72-54-95-56-66-82-98-55-68-70-100-2-7-60-17-13-80-93-0,18001.076925147172,seed606_lns_start53_random_regret_rm5_tw8
0-96-94-92-95-63-33-28-26-27-29-62-71-38-44-61-81-90-69-88-98-53-78-73-79-8-46-6-2-55-82-66-56-54-72-41-37-35-40-43-1-4-5-3-7-60-68-70-100-17-13-80-93-0,18008.301364142717,seed604_lns_start46_late_random_best_rm8_tw10
0-72-96-92-95-63-33-28-26-27-29-62-71-38-44-61-69-88-53-78-73-79-6-8-46-40-43-41-54-81-90-66-56-94-68-55-98-60-7-4-5-3-1-2-70-100-82-80-93-37-35-13-0,18013.493721292387,seed601_lns_start49_late_regret_rm8_tw12
0-96-92-95-63-33-26-28-27-62-29-71-61-44-40-38-41-81-90-69-88-53-78-73-79-6-8-46-5-3-1-4-2-55-68-54-56-66-82-98-60-100-70-43-37-35-72-93-94-80-13-17-0,18017.302690009143,seed607_lns_start56_random_best_rm5_tw12
0-92-95-63-33-34-26-28-27-62-29-71-61-44-40-38-41-81-90-69-88-53-78-73-79-6-46-8-5-3-1-4-7-2-55-68-98-82-66-56-80-94-93-96-54-72-37-43-70-100-60-17-13-0,18021.340804414674,seed608_lns_start56_random_best_rm8_tw6
0-92-94-50-63-33-26-28-27-62-29-71-61-44-40-38-41-81-90-69-88-53-78-73-79-6-8-46-5-3-1-4-2-60-55-68-96-54-72-37-35-43-70-100-98-82-66-56-95-80-13-17-0,18026.10087245275,seed605_lns_start48_random_random_best_rm4_tw6
0-98-92-63-33-26-28-27-31-62-29-71-38-40-44-61-90-69-88-53-78-73-79-6-46-8-7-55-68-82-66-56-95-94-96-54-72-37-35-43-1-3-5-4-2-100-70-80-93-60-17-13-0,18031.32007074284,seed608_lns_start52_random_best_rm3_tw6
0-96-92-63-33-34-31-26-28-27-29-62-95-71-38-40-44-61-81-90-69-88-53-78-73-79-7-6-2-8-46-5-3-1-4-68-54-41-43-35-37-72-93-94-56-66-82-98-55-100-70-60-17-13-0,18044.52877390551,seed607_lns_start47_random_best_rm8_tw6
0-94-92-95-63-33-26-28-27-62-29-71-38-40-44-61-81-90-69-88-53-78-73-79-6-8-46-5-3-1-43-35-37-72-54-56-66-82-13-17-60-7-4-2-70-100-55-98-68-96-93-80-0,18048.732162460383,seed604_lns_start46_random_best_rm3_tw10
0-96-92-95-63-33-26-28-27-62-29-71-44-40-37-38-41-61-81-90-69-88-53-78-73-79-7-6-8-46-4-2-55-68-54-94-56-66-82-98-60-100-70-1-3-43-35-72-93-80-13-17-0,18054.940962997895,seed603_lns_start47_random_regret_rm3_tw10
0-42-36-39-92-63-62-33-28-27-29-30-67-71-38-37-40-44-41-61-81-90-53-12-79-55-2-6-46-8-7-4-5-1-43-35-72-54-96-80-94-93-68-70-100-98-60-17-13-66-0,18068.20806227922,seed607_lns_start38_random_best_rm8_tw8
0-82-92-63-33-26-28-27-31-62-29-71-44-40-38-41-61-81-90-69-88-53-78-73-79-7-6-46-8-5-4-2-55-68-66-56-95-94-93-96-54-72-37-35-43-1-3-70-100-60-98-80-17-0,18087.529752285045,seed604_lns_start55_random_best_rm5_tw15
0-96-94-92-95-63-33-26-28-27-29-62-71-37-38-44-40-41-61-81-90-69-88-53-78-73-79-7-6-8-46-43-54-66-56-68-55-60-2-4-5-3-1-70-100-98-17-13-82-80-93-35-0,18094.66290112152,seed607_lns_start52_random_regret_rm8_tw8
0-96-94-92-63-33-26-28-27-31-62-29-71-44-40-38-41-81-90-69-88-53-78-73-79-6-8-46-5-3-4-1-43-35-37-72-54-95-56-66-82-98-55-68-70-100-2-7-60-17-13-80-93-0,18118.442821349083,seed603_lns_start52_random_regret_rm4_tw15
0-65-52-82-45-2-69-14-47-11-15-16-73-88-99-87-86-57-83-64-84-51-76-20-22-49-19-18-48-21-23-74-9-10-13-59-97-75-58-77-25-24-56-91-95-50-34-31-26-32-85-89-0,18146.057888188432,seed604_lns_start34_random_random_best_rm3_tw15_guarded
0-42-36-39-92-63-62-34-33-30-28-27-29-67-71-38-40-44-41-61-81-90-53-78-79-7-6-8-46-4-5-3-1-2-68-55-60-100-70-43-35-37-72-54-96-93-94-80-66-98-12-17-13-0,18155.992052398025,seed607_lns_start41_random_regret_rm5_tw10
0-65-82-14-45-3-69-11-47-15-16-73-88-52-99-64-51-84-76-18-48-21-23-19-49-20-22-57-86-9-10-87-74-59-97-75-58-77-25-24-83-56-91-95-50-34-31-26-32-85-89-0,18194.248225013525,seed603_lns_start42_random_best_rm5_tw6
0-42-36-39-92-63-33-28-27-29-30-62-67-71-38-40-44-41-61-81-90-53-78-6-12-79-8-5-3-1-46-4-2-55-68-43-37-35-54-96-93-94-80-66-98-100-70-60-17-13-0,18232.103267372113,seed601_lns_start36_random_regret_rm8_tw15
0-65-82-12-14-45-69-11-47-15-16-73-88-99-86-57-22-19-49-23-18-76-51-84-56-66-64-52-9-10-13-87-59-97-75-58-77-25-21-48-20-24-83-91-95-50-34-31-26-32-85-89-0,18291.989137155517,seed604_lns_start33_random_regret_rm4_tw12_guarded
0-65-91-42-36-39-45-14-12-47-16-15-11-99-64-51-76-67-84-18-23-19-49-22-20-57-86-9-10-87-59-97-75-24-21-48-25-77-58-74-52-83-50-32-30-31-34-89-0,18302.51924796957,seed605_lns_start53_random_random_best_rm3_tw8
0-92-83-63-33-26-28-27-62-29-71-61-44-40-38-41-81-90-69-88-53-78-73-79-6-46-8-5-3-1-4-7-2-55-68-43-35-37-72-54-96-93-94-95-80-66-82-98-100-70-60-13-17-0,18317.49174161832,seed608_lns_start52_random_best_rm6_tw12
0-91-92-36-39-42-45-14-12-47-15-16-11-99-64-19-23-18-76-30-34-67-84-51-49-20-22-57-86-74-87-9-10-17-13-59-97-75-58-77-25-21-48-24-52-83-50-31-32-89-0,18375.697914254066,seed603_lns_start46_random_random_best_rm3_tw8_guarded
0-98-92-95-85-63-33-26-28-27-29-62-71-72-37-38-44-40-41-61-81-69-88-53-78-73-79-7-6-8-46-5-55-68-54-35-43-1-3-4-2-100-82-66-56-94-93-80-96-70-60-17-13-0,18378.386159046684,seed604_lns_start51_random_random_best_rm8_tw6
0-65-92-95-63-33-26-28-27-62-29-71-61-44-40-38-41-81-90-69-88-53-78-73-79-6-7-46-8-4-2-55-68-82-66-56-94-93-96-54-72-37-35-43-70-100-1-5-60-17-13-80-0,18383.146142111487,seed601_lns_start50_random_best_rm4_tw15
0-98-82-65-92-95-63-33-28-26-27-29-62-71-72-38-44-40-61-69-88-53-78-73-79-7-8-46-6-90-66-56-54-68-55-2-4-1-3-5-60-17-13-96-94-93-41-35-43-70-100-0,18393.17364498949,seed608_lns_start48_random_best_rm8_tw8
0-72-96-94-92-63-33-28-26-27-29-62-71-38-44-40-61-90-69-88-53-78-73-79-8-46-7-6-66-56-95-54-68-55-2-4-1-3-5-60-98-82-80-93-41-35-43-70-100-17-13-0,18438.719485400077,seed605_lns_start56_random_regret_rm6_tw6
0-96-91-92-63-33-26-28-27-62-29-71-61-44-40-38-41-81-90-69-88-53-78-73-79-7-6-2-46-5-8-4-3-1-43-35-37-72-54-93-94-95-56-80-68-70-100-55-98-82-13-17-60-0,18449.22066567998,seed601_lns_start56_random_random_best_rm6_tw12
0-98-92-63-33-26-28-27-62-29-71-61-44-40-38-41-81-90-69-88-53-78-73-79-6-8-46-5-3-1-4-2-55-66-56-95-94-93-96-54-80-68-70-100-60-17-82-72-37-35-43-0,18453.72312834767,seed603_lns_start51_random_regret_rm4_tw12
0-96-94-92-63-33-34-28-26-27-29-62-71-72-38-44-40-61-81-90-69-88-53-78-73-79-6-8-7-2-46-5-3-1-4-55-68-43-35-41-54-95-56-66-93-80-70-100-98-82-13-17-60-0,18463.604384032602,seed603_lns_start51_random_best_rm8_tw6
0-65-45-47-14-12-98-69-11-15-16-73-88-99-9-87-86-57-22-49-19-23-18-76-51-84-56-66-64-20-24-74-52-10-13-59-97-75-58-77-25-21-48-85-95-91-50-34-31-32-26-89-0,18507.05174499799,seed608_lns_start41_random_best_rm4_tw6_guarded
0-92-95-63-33-34-26-28-27-62-29-71-61-44-40-38-41-81-90-69-88-53-78-73-79-6-46-8-5-4-55-68-66-56-94-96-54-72-37-35-43-1-3-7-2-70-100-98-82-17-60-80-93-0,18542.98494648464,seed603_lns_start46_random_best_rm8_tw12
0-65-92-95-63-33-26-28-27-62-29-71-61-44-40-38-41-81-90-69-88-53-78-73-79-8-6-7-46-5-4-2-68-55-98-66-56-96-94-54-43-35-37-72-93-80-70-100-60-17-13-0,18554.302954670424,seed604_lns_start46_random_regret_rm6_tw8
0-65-42-36-39-45-14-12-47-16-15-11-99-52-86-64-67-84-51-76-49-19-18-48-23-20-22-57-9-10-87-74-59-97-75-58-77-25-21-24-83-91-50-34-31-30-32-85-89-0,18574.352995135287,seed607_lns_start50_random_best_rm5_tw6
0-91-42-36-39-45-14-12-47-16-15-11-99-52-86-64-84-76-51-19-18-48-23-21-49-20-22-57-87-9-10-59-97-75-74-58-77-25-24-85-32-30-31-34-50-67-83-89-0,18587.925349746798,seed601_lns_start52_random_random_best_rm3_tw8
0-96-94-92-95-63-33-31-28-26-27-29-34-62-71-38-44-40-61-81-90-69-88-53-78-73-79-8-46-6-2-55-98-66-56-68-54-41-37-43-1-5-4-7-100-70-60-17-13-82-80-93-32-0,18615.59476644237,seed605_lns_start49_random_best_rm8_tw6
0-96-94-92-95-63-33-26-28-27-29-62-71-72-37-38-44-40-41-61-81-90-69-88-53-78-73-79-8-6-2-68-56-66-55-60-7-46-4-5-3-43-35-54-93-80-82-98-13-17-100-70-0,18634.61215954441,seed602_lns_start55_random_regret_rm3_tw6
0-72-94-92-63-33-28-26-27-31-29-62-71-38-44-40-61-81-90-69-88-53-78-73-79-6-8-7-2-46-5-3-1-4-68-43-35-41-54-96-80-95-56-66-82-98-55-70-100-60-17-13-0,18642.04985255334,seed605_lns_start54_random_random_best_rm6_tw12
0-94-92-95-63-33-26-28-27-31-62-29-71-44-40-38-41-61-81-90-69-88-53-78-73-79-7-6-8-46-5-3-1-4-2-55-98-66-56-80-68-96-93-54-72-37-35-43-70-100-60-17-13-0,18649.026521847984,seed603_lns_start47_random_regret_rm6_tw12
0-82-65-92-95-63-33-28-26-27-29-62-71-38-44-61-81-90-69-88-78-73-79-6-8-46-41-40-43-1-5-3-4-7-55-53-66-56-80-94-93-96-54-68-100-70-37-35-72-60-13-0,18663.802050853625,seed608_lns_start55_random_regret_rm6_tw15
0-91-65-82-45-14-47-15-11-69-88-73-16-99-64-95-84-51-76-18-23-19-49-22-20-56-57-86-10-9-87-97-74-24-48-21-25-77-58-75-59-52-83-85-50-34-31-32-26-89-0,18664.755771197724,seed605_lns_start43_random_best_rm6_tw15
0-92-95-63-33-34-26-28-27-62-29-71-61-44-40-38-41-81-90-69-88-53-78-73-79-6-8-46-5-3-4-55-68-66-56-94-96-93-54-37-35-43-1-7-2-70-100-98-60-17-13-80-0,18673.31800271649,seed608_lns_start56_random_regret_rm5_tw12
0-45-12-14-47-65-83-64-11-15-16-73-88-69-62-84-51-76-18-23-19-49-20-22-57-86-87-9-13-10-99-52-74-59-97-75-58-77-25-21-48-24-85-50-34-31-26-32-95-91-89-0,18693.461684664333,seed606_lns_start33_random_random_best_rm3_tw10_guarded
0-63-83-65-45-14-47-11-15-16-73-88-69-99-64-84-51-76-18-48-23-19-49-22-20-57-52-86-74-87-9-10-13-59-97-75-58-77-25-21-24-56-91-95-50-34-31-26-32-85-89-0,18698.525494225516,seed606_lns_start37_random_random_best_rm4_tw10_guarded
0-98-94-92-95-63-33-28-26-27-29-62-71-38-44-40-61-81-90-69-88-53-78-73-79-8-6-2-46-1-3-5-7-4-55-68-66-56-96-54-41-43-35-72-93-80-70-100-60-17-13-82-0,18726.23278947654,seed608_lns_start48_random_best_rm5_tw15
0-65-92-95-63-33-26-28-27-62-29-71-61-44-40-38-41-81-90-69-88-53-78-73-79-6-46-8-5-4-55-68-66-56-94-96-54-72-37-35-43-1-3-7-2-70-100-98-82-17-60-80-93-0,18729.869775054445,seed601_lns_start54_random_best_rm3_tw6
0-65-83-82-45-14-47-15-11-98-69-88-73-16-87-86-57-22-19-49-23-18-76-51-84-95-56-66-64-20-74-52-99-10-9-13-59-97-75-58-77-25-21-48-24-85-50-34-31-32-26-89-0,18740.513632869806,seed602_lns_start40_random_regret_rm4_tw10_guarded
0-94-92-95-63-33-26-28-27-31-62-29-71-44-40-38-41-61-90-69-88-53-78-73-79-7-6-8-46-5-3-4-1-43-35-37-72-54-56-66-82-98-55-68-96-93-80-70-100-2-60-13-17-0,18769.226999004175,seed607_lns_start47_random_best_rm6_tw15
