route,score,source
0-2-6-7-8-46-4-45-3-1-70-0,94.92623984546442,seed705_explore_lns_start21_random_random_best_rm25_tw6
0-2-6-7-8-46-4-45-5-3-1-0,95.88470913081827,seed601_lns_start1_random_regret_rm6_tw6_guarded
0-69-6-7-8-46-4-45-5-3-1-0,96.71809961385824,seed710_explore_lns_start10_mixed_regret_rm20_tw15
0-69-2-6-8-46-4-45-5-3-1-0,96.82753995191467,seed713_explore_lns_start1_late_regret_rm25_tw6
0-22-24-23-21-48-18-19-49-20-66-0,98.44628516308504,seed708_explore_lns_start1_random_random_best_rm25_tw8
0-22-24-23-21-48-18-19-49-20-64-0,99.29775147600115,seed706_explore_lns_start1_random_best_rm15_tw10
0-69-2-6-7-8-46-45-5-3-1-70-0,100.62839937689573,seed702_explore_lns_start1_late_regret_rm25_tw10
0-12-10-11-15-16-17-47-14-55-0,101.07032938649525,seed709_explore_lns_start12_mixed_random_best_rm15_tw6
0-57-24-23-21-48-18-19-49-22-0,101.72278859313671,seed703_explore_lns_start3_random_random_best_rm20_tw10
0-61-44-43-38-37-35-36-40-39-41-0,102.53890745076174,seed701_explore_lns_start43_random_random_best_rm15_tw10
0-42-44-43-38-37-35-36-40-39-41-0,102.54545588910067,seed601_lns_start42_mixed_regret_rm8_tw10
0-61-70-2-8-46-4-45-5-3-1-0,102.58072977474943,seed706_explore_lns_start1_mixed_random_best_rm15_tw8
0-61-42-44-43-38-37-35-36-40-41-0,102.65645512481674,seed702_explore_lns_start51_mixed_random_best_rm20_tw15
0-61-42-44-43-38-37-35-36-40-39-0,102.70808525077234,seed716_explore_lns_start0_late_best_rm25_tw8
0-70-2-6-7-8-46-4-45-1-61-0,102.89131521081394,seed701_explore_lns_start1_mixed_random_best_rm25_tw15
0-69-11-9-53-55-70-68-0,103.30810508959797,seed705_explore_lns_start1_mixed_regret_rm25_tw12
0-61-1-3-5-45-46-8-7-6-2-70-0,103.88879044071486,seed701_explore_lns_start0_random_random_best_rm15_tw10
0-61-1-3-5-46-8-7-6-2-70-68-0,104.09427555970166,seed715_explore_lns_start1_mixed_best_rm20_tw8
0-68-61-70-6-8-46-4-45-5-3-1-0,104.77897122761927,seed711_explore_lns_start0_mixed_best_rm20_tw8
0-44-39-38-37-35-36-40-43-42-54-0,104.965217829527,seed715_explore_lns_start42_mixed_regret_rm25_tw12
0-68-61-2-6-8-46-4-45-5-3-1-0,105.06075764399922,seed701_explore_lns_start55_random_best_rm10_tw15
0-61-70-6-7-8-46-4-45-5-3-1-0,105.68833982175039,seed605_lns_start55_mixed_best_rm6_tw6
0-65-69-10-11-53-60-55-0,105.95919863611132,seed709_explore_lns_start28_late_random_best_rm25_tw12
0-61-2-6-7-8-46-4-45-5-3-1-0,105.97012623813035,seed601_lns_start1_random_regret_rm6_tw6
0-61-70-2-7-8-4-45-5-3-1-0,105.9784045077068,seed714_explore_lns_start0_mixed_regret_rm20_tw6
0-60-6-7-8-46-45-4-5-3-1-70-0,106.56615466969876,seed708_explore_lns_start16_mixed_random_best_rm25_tw12
0-10-11-15-16-17-47-14-12-13-65-0,106.6572356495844,seed712_explore_lns_start17_late_best_rm15_tw12
0-68-61-6-7-8-46-4-45-5-3-1-0,106.94229343896096,seed704_explore_lns_start1_mixed_random_best_rm10_tw12
0-69-10-11-53-60-55-70-0,107.14966978687629,seed701_explore_lns_start1_random_best_rm20_tw10
0-68-61-2-7-8-46-4-45-5-3-1-0,107.22980574915393,seed701_explore_lns_start55_random_random_best_rm15_tw8
0-66-20-49-19-23-21-48-18-25-65-0,107.64458448088233,seed710_explore_lns_start44_mixed_random_best_rm15_tw8
0-69-2-6-8-3-45-4-46-7-60-0,107.71332689561956,seed703_explore_lns_start11_late_random_best_rm20_tw15
0-69-10-11-53-60-55-70-68-0,107.79841722347479,seed710_explore_guarded
0-64-20-49-19-23-21-48-18-25-24-0,107.81311370112627,seed701_explore_guarded
0-64-20-49-19-23-21-48-18-25-24-66-0,107.99802553678987,seed715_explore_lns_start1_mixed_regret_rm15_tw6
0-65-69-11-12-53-60-55-0,108.09416958154806,seed705_explore_lns_start22_late_regret_rm25_tw15
0-52-24-23-21-48-18-19-49-20-22-0,108.23459804841372,seed710_explore_lns_start0_late_best_rm20_tw12
0-66-49-19-23-48-18-21-25-24-65-0,108.2615240746696,seed704_explore_lns_start52_late_random_best_rm10_tw6
0-66-20-49-19-23-48-18-21-25-24-65-0,108.26424761382123,seed703_explore_lns_start52_late_random_best_rm10_tw12
0-52-24-23-21-48-18-19-49-20-22-66-0,108.29571840436425,seed704_explore_lns_start1_mixed_best_rm20_tw15
0-65-52-24-23-21-48-18-19-49-20-22-0,108.55707355964361,seed702_explore_lns_start22_mixed_best_rm20_tw12
0-20-49-19-23-21-48-18-25-24-22-0,108.9005270322596,seed601_lns_start1_random_regret_rm6_tw6
0-66-64-49-19-23-18-48-21-25-65-0,108.9324142745303,seed715_explore_lns_start50_mixed_best_rm10_tw12
0-22-23-21-48-18-19-49-20-51-0,109.05261177400104,seed705_explore_lns_start55_late_best_rm10_tw15
0-66-49-19-23-18-48-21-25-57-65-0,109.0687773706609,seed704_explore_lns_start49_random_random_best_rm10_tw8
0-52-24-22-23-21-48-18-19-49-20-64-0,109.34522374446593,seed717_explore_lns_start4_mixed_random_best_rm15_tw6
0-66-64-49-19-23-48-18-21-25-24-65-0,109.5520774074692,seed710_explore_lns_start51_late_best_rm10_tw12
0-22-24-23-21-48-18-19-49-20-51-0,110.85457274681545,seed702_explore_lns_start54_mixed_best_rm25_tw15
0-66-24-49-19-23-48-18-21-25-20-0,110.90878426066257,seed701_explore_lns_start44_late_best_rm15_tw12
0-10-11-15-16-17-47-14-12-13-52-65-0,111.00108674991255,seed709_explore_lns_start13_mixed_best_rm10_tw10
0-24-49-19-23-48-18-21-25-57-65-0,111.06747683977821,seed716_explore_lns_start51_late_random_best_rm25_tw10
0-66-24-49-19-23-48-18-21-25-57-0,111.18648452277348,seed701_explore_lns_start51_mixed_best_rm10_tw8
0-64-24-23-21-48-18-19-49-20-51-56-0,111.32117124781563,seed705_explore_lns_start55_late_best_rm20_tw8
0-68-60-6-7-8-46-4-45-5-3-1-0,111.3759240700979,seed704_explore_guarded
0-12-14-15-11-10-9-13-16-17-47-0,111.61782498158766,seed715_explore_lns_start16_late_best_rm20_tw12
0-20-49-19-23-21-48-18-25-24-57-0,111.63259954279782,seed703_explore_lns_start23_random_random_best_rm15_tw10
0-66-20-49-19-23-21-48-18-25-24-57-0,111.63662361283215,seed701_explore_lns_start1_late_random_best_rm25_tw6
0-65-69-11-14-53-60-55-0,111.73650977723526,seed706_explore_lns_start28_late_best_rm25_tw10
0-64-20-49-23-21-48-19-25-24-22-0,112.01747619311838,seed706_explore_lns_start0_random_regret_rm10_tw12
0-65-24-49-19-23-21-48-18-25-20-0,112.02647265061006,seed701_explore_lns_start0_mixed_regret_rm15_tw6
0-69-10-9-53-60-55-70-0,112.55692681238293,seed702_explore_lns_start0_late_best_rm15_tw8
0-56-20-49-19-23-21-48-18-25-24-65-0,112.77154286372865,seed704_explore_lns_start8_mixed_regret_rm20_tw10
0-66-64-20-49-23-48-18-21-25-19-65-0,113.04848760382104,seed701_explore_lns_start42_late_random_best_rm10_tw12
0-56-20-49-23-21-48-18-25-24-22-0,113.07097986306707,seed710_explore_lns_start0_mixed_random_best_rm10_tw8
0-69-10-9-53-60-55-70-68-0,113.20567424898142,seed713_explore_lns_start1_random_best_rm25_tw15
0-12-10-11-15-16-17-47-14-13-52-0,113.3889624166261,seed704_explore_lns_start11_mixed_best_rm10_tw15
0-61-1-3-5-45-46-8-7-6-2-60-0,113.40285606596936,seed703_explore_lns_start0_random_random_best_rm15_tw15
0-66-64-20-22-23-21-48-18-25-49-24-0,113.55235134919565,seed702_explore_lns_start26_mixed_random_best_rm25_tw6
0-66-49-19-23-18-48-21-25-52-65-0,113.70982060113417,seed713_explore_lns_start42_late_best_rm20_tw6
0-66-20-49-19-23-18-48-21-25-52-65-0,113.7125441402858,seed608_lns_start43_late_random_best_rm8_tw12
0-10-11-15-16-17-47-14-12-13-66-0,114.15700067563954,seed708_explore_lns_start5_mixed_best_rm10_tw10
0-61-70-1-3-5-45-8-7-6-2-60-0,114.31361437927796,seed714_explore_lns_start54_random_regret_rm20_tw8
0-12-14-47-17-15-16-9-13-10-52-65-0,114.37507387645206,seed703_explore_lns_start44_random_best_rm20_tw8
0-66-64-22-20-23-48-18-21-25-49-65-0,114.62395467724899,seed710_explore_lns_start49_mixed_random_best_rm20_tw12
0-69-11-9-53-60-55-70-0,114.69756191676748,seed604_lns_start0_mixed_random_best_rm8_tw6
0-60-2-6-7-8-46-45-5-3-1-70-61-0,114.75687669688966,seed702_explore_lns_start1_late_regret_rm25_tw10
0-20-22-23-21-48-19-49-25-24-65-0,114.95463327015128,seed713_explore_lns_start0_random_random_best_rm20_tw8
0-66-64-49-19-23-18-48-21-25-52-65-0,115.00037393393377,seed604_lns_start42_late_best_rm8_tw12
0-64-20-49-19-23-21-48-18-25-57-52-0,115.00230684625329,seed703_explore_guarded
0-61-2-6-8-5-3-45-4-46-7-60-0,115.15560762150338,seed713_explore_lns_start43_random_random_best_rm20_tw12
0-10-11-15-47-17-16-13-14-12-60-0,115.17261380646863,seed701_explore_lns_start16_late_random_best_rm20_tw15
0-69-10-11-53-60-55-70-61-68-0,115.34418450862226,seed703_explore_lns_start0_mixed_random_best_rm10_tw8
0-69-11-9-53-60-55-70-68-0,115.34630935336598,seed601_lns_start1_mixed_best_rm8_tw15
0-56-20-22-49-23-21-48-18-25-57-0,115.77757679338131,seed707_explore_lns_start1_mixed_regret_rm20_tw10
0-60-2-6-7-8-46-45-4-3-1-61-0,115.78802087310386,seed715_explore_lns_start54_mixed_regret_rm15_tw10
0-69-11-9-52-57-24-22-20-64-0,116.14824406301281,seed708_explore_lns_start44_late_best_rm10_tw8
0-56-20-49-23-21-48-18-19-25-24-66-0,116.30047805882401,seed702_explore_lns_start1_late_regret_rm25_tw10
0-20-49-19-23-21-48-18-25-24-52-0,116.74996027353882,seed705_explore_lns_start0_mixed_regret_rm10_tw8
0-54-61-2-6-8-46-4-45-5-3-1-0,117.19778609695264,seed708_explore_lns_start49_mixed_regret_rm10_tw10
0-69-10-11-53-60-55-65-66-0,117.56929381249375,seed706_explore_lns_start27_late_regret_rm20_tw6
0-24-20-49-19-23-21-48-18-25-57-52-0,118.14681646330283,seed705_explore_lns_start22_late_regret_rm25_tw15
0-64-24-20-49-23-21-48-18-25-22-56-0,118.7995072734505,seed708_explore_lns_start1_random_random_best_rm25_tw8
0-54-61-6-7-8-46-4-45-5-3-1-0,119.07932189191438,seed702_explore_lns_start50_random_random_best_rm10_tw6
0-54-61-2-6-7-8-46-45-5-3-1-68-0,119.27115527176048,seed705_explore_lns_start44_mixed_best_rm10_tw6
0-54-61-2-7-8-46-4-45-5-3-1-0,119.36683420210734,seed701_explore_lns_start49_mixed_random_best_rm10_tw8
0-22-20-49-19-23-21-48-18-63-56-0,119.4510598514771,seed708_explore_lns_start54_late_random_best_rm20_tw15
0-69-10-9-53-60-55-70-61-0,119.49176202310532,seed701_explore_lns_start1_late_random_best_rm25_tw6
0-52-23-21-48-18-19-49-22-20-51-0,119.63812962949021,seed701_explore_lns_start55_late_regret_rm10_tw10
0-66-64-20-49-23-19-18-48-21-25-52-0,120.17409192802062,seed710_explore_lns_start43_late_random_best_rm15_tw8
0-69-11-12-53-10-13-52-65-0,120.31299507435321,seed701_explore_lns_start54_late_best_rm15_tw8
0-69-11-9-53-55-2-0,120.5226884091227,seed708_explore_lns_start18_mixed_best_rm15_tw6
0-14-47-17-16-15-9-13-59-52-0,120.62846486954582,seed713_explore_lns_start0_random_regret_rm20_tw8
0-12-47-17-16-15-9-13-59-52-0,120.66139529162173,seed702_explore_lns_start1_random_random_best_rm15_tw8
0-54-61-6-7-8-46-4-5-3-1-68-0,121.0837726821803,seed715_explore_lns_start44_mixed_regret_rm15_tw10
0-66-20-49-23-21-48-18-19-25-24-52-0,121.40060792861598,seed703_explore_lns_start0_random_random_best_rm25_tw6
0-66-64-22-24-23-21-48-49-18-25-0,121.46908643951335,seed705_explore_lns_start1_mixed_best_rm25_tw6
0-65-66-49-19-23-18-48-21-25-24-52-0,121.60139981401454,seed706_explore_lns_start42_random_best_rm20_tw15
0-69-11-9-53-60-55-70-61-0,121.63239712748988,seed716_explore_lns_start0_late_regret_rm25_tw6
0-65-69-10-11-53-60-55-70-0,121.75957585775588,seed702_explore_lns_start26_mixed_random_best_rm20_tw12
0-12-14-11-15-47-17-16-13-10-52-66-0,121.89176738427776,seed712_explore_lns_start5_mixed_best_rm20_tw12
0-63-18-23-21-48-19-49-20-22-66-0,121.91934453661169,seed715_explore_lns_start54_random_best_rm20_tw12
0-65-24-20-23-21-48-18-19-49-25-57-0,121.95603803330329,seed712_explore_lns_start28_mixed_regret_rm15_tw8
0-22-24-49-23-21-48-18-19-25-52-0,121.9755718581482,seed704_explore_lns_start0_mixed_regret_rm20_tw15
0-22-20-49-19-23-21-48-18-51-63-0,122.0554478547044,seed601_lns_start54_mixed_random_best_rm4_tw12
0-66-24-23-21-48-18-49-20-22-25-57-0,122.2438100621201,seed705_explore_lns_start6_mixed_best_rm25_tw6
0-60-7-1-3-5-8-46-45-4-2-61-0,122.24388011196044,seed704_explore_lns_start51_random_regret_rm10_tw8
0-14-47-17-16-15-10-9-13-52-57-66-0,122.35916040578616,seed717_explore_lns_start49_random_best_rm15_tw10
0-12-14-11-10-9-53-60-55-70-0,122.36983048644298,seed712_explore_lns_start1_late_best_rm15_tw12
0-61-69-6-7-8-46-4-45-5-3-1-0,122.41491663195005,seed705_explore_lns_start0_mixed_regret_rm15_tw12
0-56-18-48-21-23-19-49-25-24-20-0,122.42189542774793,seed710_explore_lns_start10_mixed_regret_rm20_tw15
0-65-57-22-20-23-21-48-18-49-25-24-0,122.58120104705975,seed709_explore_lns_start12_mixed_random_best_rm15_tw6
0-61-60-6-7-8-46-4-45-5-3-1-0,122.60112502243089,seed701_explore_lns_start55_random_regret_rm15_tw8
0-24-22-49-19-23-21-48-18-51-63-0,122.7180954160846,seed701_explore_lns_start55_random_best_rm10_tw15
0-12-14-47-17-15-16-9-13-59-52-0,122.79291885419859,seed715_explore_lns_start1_mixed_best_rm20_tw8
0-57-24-22-20-23-21-48-18-49-25-0,122.9589326413865,seed717_explore_lns_start0_random_random_best_rm20_tw12
0-12-14-47-17-15-16-9-13-59-65-0,122.96112355154183,seed704_explore_lns_start52_random_random_best_rm15_tw10
0-69-11-9-53-55-2-68-0,123.14759383534394,seed712_explore_lns_start15_mixed_random_best_rm20_tw10
0-1-3-5-45-46-8-7-6-2-55-70-61-0,123.22839663455792,seed703_explore_lns_start0_mixed_best_rm20_tw6
0-63-18-23-21-48-19-49-20-22-64-0,123.28514060959135,seed710_explore_lns_start54_late_best_rm15_tw12
0-10-11-15-16-17-47-14-12-13-59-0,123.3008782826291,seed704_explore_lns_start8_mixed_regret_rm20_tw10
0-64-20-23-21-48-18-49-22-24-25-57-0,123.55023612055155,seed714_explore_lns_start1_random_regret_rm15_tw10
0-65-66-49-23-21-48-18-19-25-57-52-0,123.64487958882138,seed712_explore_lns_start49_mixed_random_best_rm10_tw12
0-12-14-47-17-15-16-10-13-59-52-0,123.68364677856512,seed608_lns_start1_random_regret_rm8_tw8
0-52-24-49-23-21-48-19-25-22-20-0,123.75145243003553,seed715_explore_lns_start22_random_regret_rm20_tw8
0-66-22-24-23-21-48-18-19-49-63-0,123.84912486639016,seed717_explore_lns_start55_random_best_rm25_tw10
0-66-64-62-67-54-68-55-70-0,123.85438314153123,seed701_explore_lns_start55_mixed_best_rm20_tw6
0-22-24-23-21-48-19-49-20-51-63-0,123.97963665671739,seed709_explore_lns_start54_random_best_rm15_tw12
0-70-2-6-46-45-5-8-7-55-60-0,124.00322617554546,seed716_explore_lns_start16_late_random_best_rm20_tw8
0-24-20-49-19-23-21-48-18-51-63-0,124.1125441406206,seed715_explore_lns_start54_random_best_rm20_tw12
0-24-22-20-19-23-21-48-18-51-63-0,124.1125441406206,seed704_explore_lns_start55_random_best_rm15_tw10
0-14-47-17-16-15-10-9-13-59-52-0,124.19448373748922,seed707_explore_lns_start49_late_best_rm10_tw15
0-66-69-11-9-53-55-70-0,124.50597438343183,seed714_explore_lns_start1_late_regret_rm25_tw15
0-66-24-23-21-48-18-19-49-20-51-63-0,124.6068095854317,seed707_explore_lns_start54_random_best_rm15_tw10
0-52-23-21-48-18-19-49-25-22-20-0,124.70010152437206,seed717_explore_lns_start0_mixed_regret_rm10_tw15
0-69-10-11-53-60-55-2-0,125.0130005429995,seed702_explore_lns_start22_mixed_best_rm20_tw12
0-66-20-24-23-48-18-19-49-25-57-52-0,125.03237603965047,seed709_explore_lns_start1_random_random_best_rm25_tw15
0-12-11-15-14-47-17-16-13-59-52-0,125.1294338662759,seed715_explore_lns_start1_late_regret_rm20_tw6
0-20-49-23-21-48-19-22-24-25-52-65-0,125.19312489716222,seed713_explore_lns_start25_mixed_random_best_rm15_tw12
0-66-22-24-23-21-48-19-49-20-25-52-0,125.19350000735676,seed715_explore_lns_start1_random_random_best_rm25_tw15
0-57-20-21-23-48-18-19-49-25-24-64-0,125.63780215266326,seed714_explore_lns_start4_random_regret_rm20_tw6
0-61-60-2-6-8-46-4-45-5-3-1-0,125.6879637337447,seed705_explore_lns_start55_random_regret_rm10_tw8
0-69-11-9-53-10-13-52-65-0,125.72591625880764,seed708_explore_lns_start54_late_best_rm20_tw8
0-64-20-49-23-21-48-19-22-24-25-52-0,125.72613976888277,seed709_explore_lns_start1_random_random_best_rm15_tw8
0-10-15-11-9-53-60-55-70-68-0,125.80729795561119,seed703_explore_lns_start0_random_random_best_rm25_tw6
0-20-22-24-23-21-48-18-19-49-63-0,125.84510079635581,seed706_explore_lns_start54_late_best_rm10_tw15
0-65-22-23-21-48-18-19-49-20-63-0,125.84709426119585,seed717_explore_lns_start55_random_random_best_rm20_tw6
0-66-20-22-24-23-21-18-19-49-63-0,125.84912486639016,seed707_explore_lns_start55_mixed_random_best_rm25_tw12
0-14-47-17-16-15-12-10-13-59-0,125.85961652626877,seed714_explore_lns_start1_mixed_random_best_rm20_tw12
0-52-57-24-23-21-48-18-49-25-22-20-0,126.29435728603852,seed702_explore_lns_start1_late_regret_rm25_tw10
0-66-22-24-23-21-48-18-49-20-51-63-0,126.32086690194845,seed602_lns_start54_mixed_best_rm8_tw6
0-22-24-23-48-18-19-49-20-51-63-0,126.36480146385188,seed704_explore_lns_start55_mixed_best_rm10_tw15
0-64-24-23-21-48-18-19-49-20-51-63-0,126.53327494918705,seed715_explore_lns_start54_random_regret_rm10_tw10
0-69-11-53-10-13-52-57-65-0,126.67381491514293,seed703_explore_lns_start55_late_best_rm15_tw8
0-51-18-48-23-21-19-49-25-24-20-0,126.92415743880804,seed709_explore_lns_start1_mixed_regret_rm10_tw15
0-69-11-12-53-60-55-2-0,127.14797148843626,seed712_explore_lns_start28_mixed_regret_rm15_tw8
0-12-14-47-17-15-16-9-13-59-57-0,127.30651464063946,seed703_explore_lns_start52_late_best_rm15_tw15
0-64-20-22-24-23-21-48-18-49-51-63-0,127.50828246015419,seed706_explore_lns_start55_mixed_random_best_rm15_tw12
0-50-33-32-30-28-26-27-29-31-34-0,127.56174327066151,seed601_lns_start55_random_regret_rm3_tw12
0-65-24-22-23-21-48-18-49-20-51-63-0,127.81748208471078,seed715_explore_lns_start55_random_random_best_rm15_tw15
0-12-60-6-7-8-46-45-4-5-3-1-0,128.14556603349422,seed707_explore_lns_start6_mixed_regret_rm10_tw10
0-12-14-47-17-15-16-9-59-13-10-0,128.4590068904279,seed712_explore_lns_start42_late_best_rm25_tw6
0-65-10-15-16-17-47-14-12-13-59-52-0,128.45979107457134,seed709_explore_lns_start44_mixed_best_rm20_tw12
0-66-18-48-21-23-49-20-22-24-25-52-0,128.60711046326333,seed710_explore_lns_start21_late_random_best_rm25_tw10
0-69-60-53-12-16-13-10-52-65-0,128.69082935015825,seed706_explore_lns_start54_random_random_best_rm20_tw8
0-14-47-17-16-15-10-9-13-59-57-0,128.7080795239301,seed701_explore_lns_start49_late_regret_rm10_tw15
0-69-10-11-53-60-55-70-54-0,128.7519846072065,seed702_explore_lns_start22_mixed_best_rm20_tw8
0-52-57-23-48-18-49-20-22-25-24-66-0,128.75449144767333,seed708_explore_lns_start4_late_regret_rm20_tw6
0-64-24-49-23-21-48-18-19-25-51-0,128.75924097030767,seed717_explore_guarded
0-66-69-10-11-53-60-55-70-0,128.99628651730865,seed601_lns_start0_mixed_random_best_rm8_tw6
0-12-10-11-15-16-17-47-14-13-52-64-0,129.0044905447144,seed603_lns_start15_random_regret_rm8_tw6
0-64-18-48-21-23-49-20-22-24-25-52-0,129.06390842736351,seed706_explore_lns_start1_random_best_rm15_tw6
0-62-67-63-51-20-22-64-66-65-0,129.13684380417504,seed715_explore_lns_start42_mixed_regret_rm25_tw12
0-52-57-20-23-21-48-18-49-25-22-64-0,129.24875792026913,seed709_explore_lns_start21_random_regret_rm20_tw10
0-65-69-11-9-53-60-55-70-0,129.30746798764704,seed704_explore_lns_start0_mixed_random_best_rm10_tw8
0-57-24-23-21-48-18-19-49-20-51-63-0,129.37062754353124,seed716_explore_guarded
0-66-69-10-11-53-60-55-70-68-0,129.64503395390716,seed601_lns_start0_mixed_best_rm8_tw10
0-12-14-47-17-15-16-9-10-13-59-52-0,129.86398666606408,seed601_lns_start42_mixed_best_rm5_tw15
0-65-69-11-9-53-60-55-70-68-0,129.95621542424556,seed705_explore_lns_start1_mixed_regret_rm20_tw12
0-57-23-21-48-18-19-49-22-20-63-0,130.04565231822195,seed701_explore_lns_start55_late_best_rm10_tw15
0-12-14-16-15-11-10-9-13-59-52-0,130.05450573104315,seed716_explore_lns_start12_late_regret_rm20_tw6
0-34-31-29-27-26-28-30-32-33-56-0,130.24763553338272,seed701_explore_lns_start0_late_random_best_rm10_tw6
0-62-67-50-63-51-64-57-65-0,130.35417056898717,seed717_explore_lns_start0_mixed_regret_rm15_tw6
0-12-14-11-15-47-17-16-13-10-64-0,130.37743457447044,seed702_explore_lns_start6_mixed_best_rm15_tw15
0-51-18-48-23-21-49-20-22-25-24-66-0,130.76358629010286,seed705_explore_lns_start0_mixed_regret_rm15_tw12
0-68-54-62-67-63-51-64-66-65-0,131.11254458511107,seed701_explore_lns_start1_late_best_rm10_tw8
0-66-69-11-12-53-60-55-70-0,131.13125746274537,seed701_explore_lns_start0_late_regret_rm15_tw10
0-68-61-6-7-8-46-45-5-3-1-2-60-0,131.7215723394874,seed707_explore_lns_start1_mixed_best_rm20_tw10
0-66-69-11-12-53-60-55-70-68-0,131.78000489934388,seed701_explore_lns_start2_late_random_best_rm10_tw15
0-66-56-62-67-54-68-70-55-65-0,132.11009212883744,seed715_explore_lns_start55_random_random_best_rm20_tw8
0-54-67-50-63-51-64-57-65-0,132.28071145771324,seed709_explore_lns_start0_random_random_best_rm15_tw15
0-12-14-15-11-47-17-16-13-59-57-0,132.45327932862344,seed707_explore_lns_start51_late_best_rm10_tw8
0-69-11-9-53-60-55-2-0,132.5608926728907,seed712_explore_lns_start1_mixed_best_rm10_tw10
0-66-69-11-12-53-60-55-65-0,132.98461263295712,seed706_explore_lns_start23_late_regret_rm10_tw10
0-68-70-54-67-63-51-64-56-0,133.61562949640802,seed703_explore_lns_start24_late_best_rm10_tw15
0-69-11-12-53-10-13-57-65-0,133.6484995445875,seed601_lns_start54_late_best_rm5_tw15
0-10-15-11-9-53-60-55-66-0,133.7495400520064,seed712_explore_lns_start1_late_random_best_rm15_tw12
0-62-50-67-54-68-55-60-0,133.83534112013177,seed703_explore_lns_start44_random_regret_rm25_tw6
0-56-51-62-67-54-68-55-70-0,134.00509351022086,seed717_explore_lns_start43_mixed_random_best_rm20_tw12
0-69-11-12-53-10-13-52-57-0,134.03966891683666,seed715_explore_lns_start55_random_random_best_rm15_tw15
0-66-69-10-9-53-60-55-70-0,134.40354354281527,seed602_lns_start1_late_random_best_rm8_tw15
0-60-12-11-15-16-17-47-14-13-59-0,134.71656456495413,seed711_explore_lns_start11_late_regret_rm15_tw12
0-66-69-11-14-53-60-55-70-0,134.77359765843258,seed713_explore_lns_start0_mixed_regret_rm15_tw15
0-64-51-62-67-54-68-55-70-0,134.92361258387828,seed710_explore_lns_start54_random_best_rm15_tw8
0-12-14-47-17-15-16-9-13-59-52-65-0,135.00307617678516,seed702_explore_lns_start49_late_random_best_rm25_tw6
0-12-14-47-17-15-16-9-10-13-59-65-0,135.1433002188574,seed701_explore_lns_start42_late_random_best_rm20_tw12
0-69-53-9-10-55-2-0,135.2620870684546,seed710_explore_lns_start13_mixed_best_rm20_tw6
0-52-22-23-21-48-18-19-49-20-63-0,135.38486024132942,seed706_explore_lns_start54_random_best_rm20_tw8
0-20-49-23-21-48-18-19-22-24-58-0,135.59679390064642,seed709_explore_lns_start0_late_random_best_rm10_tw6
0-12-14-15-16-17-47-9-13-10-52-66-0,135.77976715396366,seed709_explore_lns_start44_random_regret_rm15_tw12
0-14-47-15-11-10-9-59-58-57-52-0,135.81995019428823,seed705_explore_lns_start2_late_random_best_rm20_tw6
0-66-64-62-67-54-68-55-60-0,135.83769433182823,seed716_explore_guarded
0-10-16-15-11-14-47-17-13-59-66-0,135.83920055460263,seed707_explore_lns_start6_mixed_regret_rm10_tw10
0-14-47-17-16-15-9-59-58-57-52-0,136.25393132634483,seed702_explore_lns_start4_mixed_random_best_rm25_tw10
0-68-54-62-67-50-63-51-64-66-65-0,136.27292020954732,seed706_explore_lns_start1_late_random_best_rm15_tw8
0-14-47-17-16-15-10-9-13-59-52-65-0,136.4046410600758,seed717_explore_lns_start44_mixed_best_rm25_tw8
0-66-69-11-9-53-60-55-70-0,136.54417864719983,seed601_lns_start1_random_regret_rm6_tw6
0-66-69-11-14-53-60-55-65-0,136.62695282864433,seed710_explore_lns_start25_late_best_rm15_tw12
0-10-16-15-11-12-14-47-17-13-56-0,136.8308728665027,seed715_explore_lns_start7_mixed_random_best_rm15_tw15
0-69-10-11-53-17-13-52-65-0,136.92551489360008,seed702_explore_lns_start54_late_random_best_rm15_tw8
0-54-62-67-63-51-22-24-66-0,137.1007601928249,seed703_explore_guarded
0-66-69-11-9-53-60-55-70-68-0,137.19292608379834,seed601_lns_start1_mixed_regret_rm8_tw15
0-69-10-11-53-57-24-22-64-0,137.2902064420047,seed702_explore_lns_start49_late_random_best_rm25_tw6
0-66-64-62-50-67-54-55-61-68-0,137.35340440973226,seed703_explore_lns_start13_mixed_random_best_rm15_tw10
0-12-16-15-11-9-59-13-17-47-14-0,137.5544826682626,seed701_explore_lns_start51_late_random_best_rm15_tw15
0-68-70-54-67-63-51-64-56-66-0,137.84582238678627,seed701_explore_lns_start26_late_regret_rm10_tw10
0-69-10-11-53-52-57-22-64-0,137.96681981403026,seed711_explore_lns_start52_late_best_rm10_tw6
0-66-62-67-63-51-22-57-52-65-0,138.56244457306883,seed710_explore_guarded
0-68-54-62-67-56-64-22-57-65-0,138.6656876148157,seed707_explore_lns_start0_mixed_regret_rm20_tw15
0-65-69-60-53-10-16-13-52-57-0,138.72395764689247,seed702_explore_lns_start54_mixed_best_rm25_tw15
0-68-70-54-67-50-63-51-64-56-0,138.7760051208443,seed701_explore_lns_start27_late_regret_rm10_tw12
0-66-20-24-23-21-48-18-19-49-25-51-0,138.9614803603737,seed706_explore_lns_start1_mixed_regret_rm15_tw10
0-68-54-67-50-63-51-64-57-65-0,139.2529550803933,seed702_explore_lns_start1_late_random_best_rm10_tw6
0-70-69-11-12-53-60-55-65-0,139.3498360048364,seed716_explore_lns_start4_random_regret_rm20_tw6
0-47-17-16-15-10-9-59-58-57-52-0,139.79214692843445,seed706_explore_lns_start2_random_best_rm10_tw8
0-14-47-15-11-9-17-16-13-59-52-0,139.79285198022015,seed715_explore_lns_start43_mixed_regret_rm15_tw12
0-68-54-62-67-63-51-64-56-66-65-0,140.30425441680237,seed706_explore_lns_start0_late_random_best_rm10_tw8
0-54-62-67-64-66-65-55-70-68-0,140.4741033699624,seed706_explore_lns_start54_mixed_best_rm20_tw6
0-68-69-10-11-53-52-57-22-0,140.67759873918598,seed707_explore_lns_start52_late_random_best_rm10_tw10
0-70-69-60-53-12-17-16-13-65-0,140.84523595931427,seed705_explore_lns_start2_late_random_best_rm20_tw6
0-54-62-67-63-51-64-57-65-0,140.99261588331686,seed601_lns_start1_mixed_regret_rm8_tw15
0-54-62-67-63-51-22-57-65-0,140.99261588331686,seed711_explore_lns_start1_mixed_best_rm15_tw15
0-12-14-15-16-17-47-9-10-13-57-65-0,141.16690899367882,seed716_explore_lns_start52_random_random_best_rm15_tw8
0-66-64-56-67-54-68-70-55-60-0,141.46590232821248,seed702_explore_lns_start54_mixed_best_rm10_tw15
0-65-69-10-11-12-53-60-55-0,141.66201754803944,seed703_explore_lns_start23_random_best_rm25_tw6
0-66-62-67-54-68-70-55-60-0,141.83435789499998,seed711_explore_guarded
0-12-17-15-11-10-53-60-55-2-0,141.90175340126643,seed709_explore_lns_start16_late_random_best_rm20_tw10
0-56-33-32-30-28-26-27-29-31-34-50-0,142.03548851014386,seed601_lns_start1_random_regret_rm6_tw6
0-68-69-10-11-53-60-5-70-0,142.10289953481393,seed709_explore_lns_start1_random_random_best_rm25_tw15
0-68-69-10-11-53-52-22-64-0,142.1045151681162,seed702_explore_lns_start52_late_random_best_rm10_tw6
0-66-69-11-12-53-10-13-52-65-0,142.15961180478556,seed706_explore_lns_start54_mixed_regret_rm10_tw12
0-65-69-10-11-53-12-47-13-52-0,142.1780323955973,seed705_explore_lns_start54_mixed_best_rm10_tw8
0-66-56-62-67-54-68-70-55-60-0,142.2400481489227,seed601_lns_start54_mixed_random_best_rm8_tw6
0-14-16-15-11-10-9-59-13-17-47-0,142.2544812102094,seed713_explore_lns_start49_late_random_best_rm25_tw8
0-65-69-12-14-53-10-13-52-57-0,142.5080928005797,seed710_explore_lns_start54_random_random_best_rm20_tw15
0-68-69-10-11-53-55-14-12-0,142.53403175486199,seed717_explore_lns_start28_random_best_rm25_tw15
0-68-69-11-53-57-22-20-64-0,142.58488380102142,seed708_explore_lns_start43_late_best_rm20_tw8
0-10-16-15-11-14-47-17-13-59-52-65-0,142.68337038477648,seed704_explore_lns_start16_mixed_regret_rm10_tw8
0-68-54-67-63-51-56-64-57-65-0,142.83289994493344,seed702_explore_lns_start1_late_random_best_rm10_tw12
0-66-64-62-67-54-70-55-60-0,143.06503667227656,seed605_lns_start55_mixed_random_best_rm8_tw12
0-69-10-11-53-55-4-60-0,143.23506326647885,seed706_explore_lns_start24_mixed_best_rm20_tw8
0-66-69-11-9-53-60-55-70-61-0,143.4790138579222,seed605_lns_start0_mixed_regret_rm6_tw15
0-69-10-11-12-53-60-55-70-68-0,143.5012361354029,seed707_explore_lns_start1_random_best_rm20_tw6
0-68-54-67-50-63-51-19-64-65-0,144.25514636172292,seed702_explore_lns_start1_late_regret_rm25_tw10
0-56-18-48-21-23-49-20-22-24-25-52-0,144.35183226230782,seed713_explore_lns_start0_late_regret_rm20_tw15
0-70-69-10-12-53-60-55-66-0,144.3969122188598,seed717_explore_lns_start0_late_random_best_rm15_tw15
0-66-69-10-11-12-53-55-70-0,144.85518949745267,seed711_explore_lns_start1_late_regret_rm25_tw12
0-66-64-62-67-54-68-55-2-70-0,144.87657406382058,seed704_explore_lns_start55_mixed_regret_rm15_tw12
0-66-51-49-23-19-18-48-21-25-52-65-0,144.88809020235448,seed703_explore_lns_start44_mixed_regret_rm15_tw10
0-66-49-19-23-18-48-21-25-58-0,144.9401236111329,seed713_explore_lns_start43_random_best_rm15_tw6
0-66-20-49-19-23-18-48-21-25-58-0,144.9428471502845,seed701_explore_lns_start50_random_best_rm15_tw12
0-68-54-62-67-63-51-20-64-56-0,145.34387840023112,seed702_explore_lns_start21_random_random_best_rm15_tw6
0-68-69-11-9-53-60-55-2-0,145.38294279439012,seed702_explore_lns_start1_mixed_random_best_rm25_tw12
0-63-18-23-21-48-19-49-25-22-20-0,145.62350931931852,seed708_explore_lns_start0_mixed_random_best_rm10_tw6
0-70-69-11-10-53-60-55-65-66-0,145.73798782533004,seed713_explore_guarded
0-64-20-49-19-23-18-48-21-25-58-0,145.79431346320064,seed703_explore_lns_start51_random_best_rm20_tw8
0-64-62-67-54-68-70-55-60-0,145.94382018318672,seed602_lns_start54_mixed_best_rm8_tw6
0-69-11-53-57-24-22-20-64-0,145.97819020231023,seed701_explore_lns_start43_random_random_best_rm10_tw10
0-56-51-62-67-54-68-55-60-0,145.9884047005179,seed701_explore_lns_start42_random_random_best_rm25_tw6
0-54-62-67-50-63-51-22-64-65-0,146.15299150775314,seed707_explore_lns_start1_mixed_random_best_rm20_tw6
0-54-62-67-50-63-51-22-57-65-0,146.15299150775314,seed707_explore_guarded
0-66-64-49-19-23-18-48-21-25-58-0,146.23067694393248,seed608_lns_start42_random_best_rm5_tw12
0-54-62-67-63-51-64-57-52-65-0,146.3944310180714,seed604_lns_start1_mixed_random_best_rm8_tw10_guarded
0-54-62-67-63-51-22-57-52-65-0,146.3944310180714,seed701_explore_guarded
0-68-62-67-63-51-64-57-52-65-0,146.7961896644063,seed604_lns_start1_mixed_random_best_rm8_tw10
0-66-69-10-11-53-60-55-2-0,146.85961727343187,seed704_explore_lns_start1_mixed_random_best_rm10_tw12
0-68-69-11-12-53-10-13-52-57-0,146.86171903833605,seed711_explore_lns_start55_random_random_best_rm15_tw12
0-66-64-62-67-54-61-55-2-70-0,146.8683022521614,seed704_explore_guarded
0-64-51-62-67-54-68-55-60-0,146.9069237741753,seed709_explore_lns_start54_random_random_best_rm10_tw6
0-65-20-49-19-23-18-48-21-25-58-0,147.02357665332727,seed701_explore_lns_start43_late_best_rm20_tw6
0-68-69-10-11-53-12-13-57-65-0,147.11547456122864,seed706_explore_lns_start54_random_best_rm20_tw8
0-66-56-62-67-63-51-64-54-68-0,147.11664485052364,seed716_explore_lns_start3_late_best_rm10_tw8
0-66-24-49-19-23-18-48-21-25-58-0,147.1237349159138,seed601_lns_start51_late_best_rm5_tw8
0-66-51-62-67-54-68-55-60-0,147.21038037830658,seed716_explore_lns_start55_mixed_regret_rm20_tw15
0-65-69-10-11-53-60-55-52-0,147.23087566387147,seed701_explore_lns_start27_late_regret_rm10_tw12
0-68-54-62-67-56-51-64-57-65-0,147.40600810379212,seed705_explore_lns_start0_mixed_best_rm20_tw8
0-70-1-3-5-45-8-6-4-55-60-0,147.56670893827376,seed711_explore_lns_start7_random_regret_rm25_tw8
0-70-69-11-9-10-60-55-66-0,147.5875707566992,seed706_explore_lns_start0_mixed_random_best_rm15_tw15
0-65-52-24-23-21-48-18-19-25-49-20-66-0,147.60966997230736,seed717_explore_lns_start28_random_best_rm25_tw15
0-68-54-62-67-63-51-22-64-56-0,147.74120818395247,seed703_explore_lns_start23_random_random_best_rm15_tw10
0-68-54-62-67-63-51-64-57-65-0,147.9648595059969,seed601_lns_start1_mixed_random_best_rm8_tw12
0-68-54-62-67-63-51-22-57-65-0,147.9648595059969,seed608_lns_start1_random_regret_rm8_tw8
0-68-54-62-67-63-51-22-64-65-0,147.96485950599694,seed701_explore_lns_start1_late_random_best_rm25_tw6
0-66-64-51-62-67-54-55-61-68-0,148.02175187007546,seed704_explore_lns_start8_mixed_regret_rm20_tw10
0-54-62-67-63-51-64-57-66-65-0,148.16825211107405,seed601_lns_start1_mixed_best_rm8_tw15
0-63-62-67-54-68-55-60-0,148.17275202456938,seed713_explore_lns_start43_random_best_rm15_tw8
0-61-54-62-67-63-51-64-66-68-0,148.23745781989626,seed703_explore_lns_start11_late_random_best_rm20_tw15
0-65-24-49-19-23-21-18-48-25-58-0,148.24142330586125,seed701_explore_lns_start43_mixed_best_rm20_tw12
0-68-54-62-67-63-51-19-20-64-0,148.33341352880663,seed714_explore_guarded
0-56-63-62-67-54-68-55-60-0,148.36246345795246,seed703_explore_lns_start42_random_best_rm10_tw15
0-69-10-11-53-52-22-20-64-0,148.3665114935855,seed706_explore_lns_start52_random_best_rm20_tw12
0-70-69-11-10-53-60-55-68-54-0,148.403607331657,seed710_explore_guarded
0-66-69-11-53-10-13-52-57-65-0,148.5204316455753,seed707_explore_lns_start54_mixed_random_best_rm20_tw15
0-2-69-53-9-55-65-0,148.52360713952606,seed714_explore_lns_start14_mixed_regret_rm15_tw6
0-70-69-11-12-53-10-13-52-65-0,148.52483517666482,seed710_explore_lns_start54_random_random_best_rm10_tw15
0-65-69-11-12-53-10-13-52-57-0,148.64957498771622,seed601_lns_start54_mixed_random_best_rm4_tw12
0-68-54-62-67-50-63-51-57-65-0,148.66680877382427,seed708_explore_lns_start1_random_regret_rm15_tw12
0-14-47-17-16-15-9-59-58-25-0,148.8621138976583,seed703_explore_lns_start54_late_random_best_rm15_tw8
0-68-69-11-9-53-57-22-64-0,148.8916353937261,seed706_explore_lns_start44_late_random_best_rm20_tw10
0-66-64-24-19-23-18-48-21-25-58-0,148.9384589477175,seed705_explore_lns_start52_random_random_best_rm10_tw8
0-68-61-62-67-63-51-22-64-56-0,148.9419647147853,seed705_explore_lns_start21_random_random_best_rm25_tw6
0-69-10-11-12-53-55-60-70-0,149.24768769914317,seed709_explore_lns_start0_late_random_best_rm15_tw12
0-70-69-11-12-53-60-55-68-65-0,149.3498360048364,seed705_explore_lns_start3_late_best_rm15_tw10
0-65-69-11-12-53-60-55-52-0,149.36584660930822,seed702_explore_lns_start25_late_regret_rm10_tw12
0-42-2-6-7-8-46-4-45-5-3-1-0,149.50247292269844,seed701_explore_lns_start43_random_random_best_rm15_tw10
0-68-69-11-9-53-22-20-64-0,149.62063471575183,seed701_explore_lns_start51_late_random_best_rm15_tw10
0-68-54-62-67-50-51-64-57-65-0,149.62496576987547,seed703_explore_lns_start0_random_random_best_rm15_tw8
0-65-69-11-9-53-4-3-1-0,149.64864559122665,seed716_explore_lns_start16_late_random_best_rm20_tw8
0-65-66-49-19-23-18-48-21-25-58-0,149.7902626207259,seed601_lns_start42_mixed_best_rm5_tw15
0-65-66-20-19-23-48-18-21-25-58-0,149.79298615987753,seed701_explore_lns_start44_random_regret_rm20_tw15
0-66-64-62-67-54-61-70-55-60-0,150.0330136080474,seed707_explore_lns_start54_mixed_regret_rm10_tw8
0-65-66-22-49-23-18-48-21-25-58-0,150.05767094620722,seed702_explore_lns_start43_random_random_best_rm15_tw8
0-65-69-11-12-53-55-60-14-0,150.29692513069642,seed710_explore_lns_start25_late_regret_rm25_tw8
0-65-64-49-19-23-18-48-21-25-58-0,150.45248989645853,seed601_lns_start42_mixed_best_rm5_tw15_guarded
0-70-69-11-12-53-60-55-54-0,150.5817243665691,seed706_explore_lns_start4_random_random_best_rm20_tw10
0-20-22-24-49-23-21-48-18-25-58-0,150.59795659111586,seed716_explore_lns_start0_random_regret_rm20_tw6
0-57-24-23-21-48-18-19-49-20-63-64-0,150.72137991994006,seed707_explore_lns_start55_late_regret_rm20_tw8
0-65-69-10-11-53-17-13-57-0,151.2842392118137,seed707_explore_lns_start55_mixed_random_best_rm15_tw12
0-65-66-24-19-23-18-48-21-25-58-0,151.37699816293966,seed711_explore_lns_start50_mixed_regret_rm10_tw8
0-65-69-11-53-12-17-13-57-0,151.42418138097545,seed702_explore_lns_start54_late_best_rm15_tw6
0-65-57-49-19-23-48-18-21-25-58-0,151.56526099562893,seed706_explore_lns_start43_random_regret_rm10_tw15
0-57-24-49-19-23-21-48-18-25-58-0,151.6137993048722,seed704_explore_lns_start51_mixed_regret_rm20_tw6
0-57-24-22-49-23-21-48-18-25-58-0,151.87848409120187,seed714_explore_guarded
0-66-69-11-53-60-12-13-65-0,152.39664837433062,seed712_explore_lns_start2_random_random_best_rm10_tw15
0-65-52-57-23-21-48-18-25-58-0,152.4128051085345,seed709_explore_lns_start19_random_best_rm10_tw10
0-60-44-38-39-37-35-36-40-43-42-0,152.47351160973076,seed707_explore_lns_start0_late_random_best_rm10_tw6
0-51-63-62-67-54-55-60-0,152.66252330753292,seed701_explore_lns_start43_random_best_rm15_tw10
0-66-69-10-9-53-55-2-60-0,152.90159582659115,seed712_explore_lns_start1_late_random_best_rm25_tw6
0-14-47-17-15-11-9-59-58-57-52-0,153.0333030073285,seed707_explore_lns_start4_late_best_rm25_tw6
0-69-10-11-12-53-55-2-60-0,153.14786218821274,seed716_explore_lns_start0_mixed_regret_rm20_tw8
0-65-49-19-23-18-48-21-58-25-0,153.1677300928404,seed713_explore_lns_start44_random_best_rm15_tw12
0-24-20-49-23-21-48-18-19-25-58-0,153.585446665293,seed704_explore_lns_start1_random_regret_rm15_tw6
0-70-69-11-53-10-13-12-60-0,153.80615413234682,seed703_explore_lns_start4_random_random_best_rm10_tw10
0-70-69-10-53-52-57-22-65-0,153.94420978873566,seed701_explore_lns_start51_late_random_best_rm15_tw15
0-66-69-11-9-53-60-55-2-0,154.40750940332305,seed605_lns_start0_mixed_best_rm5_tw10
0-56-65-69-53-9-58-57-52-0,154.4757203990801,seed704_explore_lns_start9_random_random_best_rm15_tw12
0-14-47-17-15-11-10-59-58-57-52-0,154.64813820019398,seed716_explore_lns_start4_mixed_best_rm20_tw15
0-66-57-23-21-48-18-49-22-20-51-63-0,154.75478691833493,seed701_explore_lns_start54_random_best_rm25_tw10
0-68-70-54-67-63-51-19-56-0,155.0524550244817,seed702_explore_lns_start26_mixed_random_best_rm25_tw6
0-51-63-62-67-56-55-60-0,155.20600853969762,seed703_explore_lns_start42_late_random_best_rm15_tw6
0-69-12-15-16-17-47-13-59-52-0,155.25014583803986,seed710_explore_lns_start1_late_random_best_rm20_tw15
0-68-69-11-53-57-24-22-64-66-0,155.25922956466124,seed701_explore_lns_start43_late_best_rm20_tw6
0-10-16-15-11-9-53-55-70-66-0,155.28369627029036,seed711_explore_lns_start0_late_best_rm25_tw15
0-70-69-11-53-57-24-22-66-0,155.46706766140923,seed708_explore_lns_start43_mixed_best_rm15_tw10
0-66-64-62-67-54-68-55-60-70-0,155.5519601737077,seed601_lns_start54_mixed_random_best_rm4_tw12
0-60-69-9-53-55-2-70-68-0,155.61622323319767,seed709_explore_lns_start19_random_best_rm10_tw10
0-66-69-11-12-53-10-13-57-65-0,155.89208340137128,seed605_lns_start54_mixed_regret_rm8_tw15
0-14-47-17-16-15-9-59-13-52-57-0,155.93695506093002,seed707_explore_lns_start25_random_best_rm20_tw15
0-70-69-11-10-53-52-57-22-0,156.02424263052285,seed708_explore_lns_start52_random_best_rm15_tw15
0-66-64-51-62-67-56-54-68-70-0,156.10477021570793,seed707_explore_lns_start27_mixed_regret_rm15_tw15
0-70-69-11-53-52-57-24-22-0,156.16671920973994,seed705_explore_lns_start43_mixed_random_best_rm10_tw10
0-70-69-11-53-57-22-64-0,156.16875088325415,seed703_explore_lns_start44_random_best_rm15_tw12
0-70-2-6-7-46-8-3-45-4-55-61-0,156.1722604617864,seed714_explore_lns_start1_mixed_best_rm20_tw12
0-66-69-11-12-53-10-13-52-57-0,156.28325277362046,seed602_lns_start54_mixed_random_best_rm8_tw15
0-66-57-49-19-23-18-48-21-25-58-0,156.363692155145,seed704_explore_lns_start43_random_random_best_rm10_tw15
0-20-49-23-21-48-19-22-24-25-58-0,156.42342790716094,seed703_explore_lns_start25_mixed_regret_rm15_tw10
0-65-66-64-49-23-19-18-48-25-58-0,156.52823850895857,seed701_explore_lns_start44_mixed_random_best_rm10_tw10
0-70-69-11-53-57-22-64-66-0,156.6538853138697,seed704_explore_lns_start43_random_best_rm15_tw8
0-54-62-67-63-51-25-57-65-0,156.65462008683232,seed715_explore_lns_start1_mixed_best_rm25_tw15
0-51-63-62-67-54-55-68-66-0,156.79683294870838,seed714_explore_lns_start4_random_regret_rm20_tw6
0-70-69-11-53-57-22-20-66-0,156.80295481027449,seed708_explore_lns_start43_late_best_rm20_tw15
0-70-69-11-53-57-24-22-64-0,156.8328637343889,seed608_lns_start43_late_random_best_rm8_tw12
0-70-69-11-53-52-57-22-64-0,156.9295227875354,seed701_explore_lns_start44_late_best_rm10_tw8
0-66-64-62-67-54-70-4-60-0,156.98600989711613,seed708_explore_lns_start55_random_random_best_rm10_tw8
0-70-69-11-53-12-13-14-60-0,157.0677617168235,seed717_explore_lns_start2_random_best_rm20_tw6
0-51-63-62-67-54-68-55-60-0,157.08271893869534,seed601_lns_start42_mixed_best_rm5_tw15
0-70-69-11-10-53-57-22-20-0,157.3205670121578,seed712_explore_lns_start52_mixed_best_rm15_tw10
0-70-69-11-10-53-22-20-64-0,157.41938647719752,seed702_explore_lns_start52_random_best_rm10_tw12
0-70-69-11-10-53-52-22-64-0,157.45115905945303,seed601_lns_start51_late_best_rm6_tw6
0-65-69-10-11-12-53-60-55-70-0,157.462394769684,seed702_explore_lns_start4_mixed_random_best_rm25_tw10
0-70-69-11-53-57-24-22-20-0,157.4630435913749,seed604_lns_start42_late_best_rm8_tw12
0-70-69-11-53-52-57-22-20-0,157.55970264452142,seed708_explore_lns_start44_late_random_best_rm10_tw15
0-70-69-11-53-57-22-20-64-0,157.65442112319062,seed701_explore_lns_start43_mixed_best_rm20_tw12
0-66-64-62-67-54-68-55-6-70-0,157.68987840480796,seed713_explore_lns_start55_mixed_regret_rm10_tw8
0-70-69-11-10-53-52-22-65-0,157.6996800859857,seed703_explore_lns_start52_late_best_rm15_tw15
0-68-54-62-67-63-51-64-57-66-0,157.80206820669565,seed704_explore_lns_start0_mixed_random_best_rm10_tw8
0-70-69-11-53-24-22-20-64-0,157.943798772096,seed704_explore_lns_start43_random_random_best_rm10_tw15
0-70-69-11-10-53-52-22-20-0,158.08133891643905,seed701_explore_lns_start52_random_random_best_rm15_tw15
0-70-69-11-53-57-22-24-65-0,158.10153096585125,seed710_explore_lns_start43_late_random_best_rm15_tw8
0-70-69-11-12-53-57-24-22-0,158.10570061228842,seed706_explore_lns_start43_mixed_best_rm20_tw12
0-2-69-53-9-59-58-52-0,158.2531375992714,seed704_explore_lns_start17_mixed_random_best_rm15_tw6
0-63-62-67-54-68-55-6-0,158.75795231188883,seed703_explore_lns_start44_mixed_regret_rm15_tw10
0-68-69-11-53-57-24-22-20-64-0,158.80024032380965,seed602_lns_start44_late_random_best_rm8_tw8
0-56-51-63-67-54-68-55-60-0,158.83112818410893,seed703_explore_lns_start42_mixed_regret_rm15_tw10
0-2-69-53-9-59-58-57-0,159.03148529554244,seed708_explore_lns_start14_mixed_regret_rm15_tw10
0-70-61-54-67-63-51-22-64-56-0,159.09882411656324,seed717_explore_lns_start28_random_best_rm25_tw15
0-66-69-11-9-53-55-70-41-0,159.4346639285515,seed707_explore_lns_start0_late_random_best_rm10_tw6
0-68-69-11-53-52-57-22-20-64-0,159.47685369583522,seed704_explore_lns_start52_late_random_best_rm15_tw10
0-65-69-10-11-53-60-55-57-0,159.66856195330038,seed702_explore_lns_start26_mixed_random_best_rm25_tw6
0-70-69-11-12-53-57-22-20-0,160.22669466213372,seed705_explore_lns_start50_late_best_rm10_tw10
0-65-64-56-62-67-63-51-54-68-0,160.4112867635427,seed704_explore_lns_start4_late_regret_rm10_tw15
0-69-10-11-9-53-55-70-0,160.50205393185007,seed710_explore_lns_start0_late_random_best_rm15_tw6
0-61-54-62-67-63-51-19-64-66-0,160.92833329955766,seed712_explore_lns_start15_mixed_random_best_rm20_tw10
0-56-62-50-32-30-28-26-27-29-31-34-0,161.14163938573884,seed713_explore_lns_start0_mixed_best_rm25_tw6
0-68-69-10-11-53-52-22-20-64-0,161.18856161508492,seed601_lns_start51_late_random_best_rm8_tw8
0-64-63-62-67-54-55-60-68-0,161.2032125871485,seed706_explore_lns_start51_random_random_best_rm10_tw15
0-64-56-62-67-54-68-55-60-70-0,162.3447969458391,seed704_explore_lns_start55_mixed_random_best_rm20_tw10
0-68-61-54-67-50-63-51-22-64-65-0,162.44850013331015,seed708_explore_lns_start16_mixed_random_best_rm25_tw12
0-69-11-15-53-60-55-70-0,162.7303852118793,seed717_explore_lns_start0_random_regret_rm20_tw12
0-51-63-62-67-54-68-55-2-0,162.96273850452155,seed706_explore_lns_start51_mixed_regret_rm10_tw10
0-65-69-10-11-53-52-22-20-64-0,162.9764175644651,seed717_explore_lns_start51_late_best_rm15_tw12
0-54-62-67-50-63-51-19-64-65-0,163.00424019858573,seed703_explore_lns_start0_random_regret_rm25_tw10
0-65-69-11-53-2-55-52-0,163.2244462021054,seed705_explore_lns_start6_mixed_best_rm25_tw6
0-69-11-15-53-60-55-70-68-0,163.37913264847782,seed715_explore_lns_start1_random_random_best_rm25_tw15
0-68-70-54-67-63-51-22-64-56-0,163.5073550566062,seed702_explore_lns_start28_late_best_rm25_tw10
0-1-3-5-45-46-8-7-6-4-55-70-0,163.51447349876236,seed701_explore_lns_start16_late_random_best_rm20_tw15
0-70-69-60-53-9-13-16-12-65-0,163.59885316736384,seed716_explore_lns_start4_mixed_best_rm20_tw15
0-2-69-53-9-10-55-65-0,163.6644229485148,seed713_explore_lns_start18_late_regret_rm20_tw8
0-68-54-67-62-63-51-20-22-64-56-0,164.46068724776785,seed702_explore_lns_start4_mixed_random_best_rm25_tw10
0-51-62-67-54-68-55-60-70-0,164.52005764488035,seed717_explore_lns_start55_mixed_best_rm15_tw12
0-12-14-47-16-15-10-9-13-59-57-65-0,164.62190728444125,seed710_explore_lns_start51_late_random_best_rm20_tw8
0-68-54-67-62-63-51-20-22-64-65-0,164.68433856981235,seed713_explore_lns_start0_random_regret_rm20_tw8
0-66-56-33-32-30-28-26-27-29-31-34-0,164.73980955117253,seed702_explore_lns_start0_late_random_best_rm10_tw6
0-12-14-47-17-15-16-9-13-59-57-65-0,164.8022471719402,seed601_lns_start51_late_best_rm6_tw6
0-64-50-67-54-68-55-60-70-0,164.97429131730877,seed715_explore_lns_start54_mixed_regret_rm10_tw8
0-14-47-17-16-15-9-59-58-24-65-0,164.98388895103525,seed704_explore_lns_start54_random_regret_rm10_tw12
0-66-69-10-11-53-55-4-60-0,165.08167999691122,seed703_explore_lns_start1_random_best_rm25_tw10
0-66-69-10-11-12-53-60-55-70-0,165.49303968193968,seed701_explore_lns_start0_mixed_regret_rm15_tw6
0-65-57-69-53-12-17-13-10-52-0,165.5311864880574,seed709_explore_lns_start55_random_regret_rm10_tw12
0-14-47-17-16-15-10-9-13-59-57-65-0,166.20381205523083,seed703_explore_lns_start50_random_random_best_rm20_tw12
0-52-6-7-8-46-45-4-5-3-1-70-0,166.30993945500379,seed709_explore_lns_start16_late_random_best_rm20_tw10
0-65-52-11-15-16-17-47-14-12-13-59-0,166.5071795812812,seed713_explore_lns_start52_late_random_best_rm15_tw8
0-66-69-11-12-53-60-55-70-65-0,166.570963195997,seed711_explore_lns_start2_late_regret_rm10_tw12
0-66-69-11-9-53-60-5-1-0,166.75620911783744,seed714_explore_lns_start1_mixed_best_rm20_tw12
0-66-64-62-67-54-68-4-60-0,166.91434296908415,seed713_explore_lns_start54_random_best_rm20_tw6
0-68-61-54-62-67-63-51-64-66-65-0,166.91713997611163,seed701_explore_lns_start18_late_regret_rm10_tw15
0-68-54-62-67-55-4-46-0,167.19456887134245,seed714_explore_lns_start54_random_regret_rm20_tw8
0-65-69-10-53-12-16-13-52-57-0,167.39915083136214,seed706_explore_lns_start55_random_best_rm10_tw6
0-63-18-23-21-48-49-25-24-22-20-0,167.8969609655628,seed708_explore_lns_start0_random_regret_rm15_tw15
0-65-10-16-15-17-47-14-12-13-59-57-0,167.95491746299166,seed701_explore_lns_start51_late_random_best_rm15_tw10
0-68-54-67-62-63-51-22-64-66-65-0,167.9815012166201,seed704_explore_lns_start1_random_regret_rm15_tw6
0-66-69-11-53-57-24-22-20-64-0,168.22177405909406,seed713_explore_lns_start44_random_best_rm15_tw12
0-70-69-11-53-12-13-16-60-0,168.22256784554807,seed713_explore_lns_start4_mixed_best_rm20_tw15
0-51-63-62-67-55-60-70-68-0,169.17138556707306,seed710_explore_lns_start42_late_random_best_rm10_tw12
0-68-54-67-62-63-51-19-64-56-0,169.34587855275527,seed713_explore_lns_start28_random_best_rm20_tw8
0-12-16-15-17-47-10-9-13-59-52-65-0,169.53907786930537,seed708_explore_lns_start43_random_random_best_rm20_tw6
0-68-54-67-62-63-51-19-64-65-0,169.56952987479974,seed710_explore_lns_start1_late_regret_rm20_tw10
0-70-69-11-12-53-65-22-64-0,169.64910461136174,seed706_explore_lns_start49_mixed_best_rm10_tw12
0-66-64-51-62-67-68-55-70-54-0,169.68357095004953,seed704_explore_lns_start54_random_regret_rm10_tw12
0-63-62-67-54-68-55-60-65-0,169.89873454201026,seed602_lns_start43_random_random_best_rm5_tw15
0-68-54-67-62-63-51-19-57-65-0,170.22440684805255,seed604_lns_start0_mixed_random_best_rm8_tw6
0-56-51-62-67-68-55-60-2-0,170.2422431736574,seed717_explore_lns_start49_random_random_best_rm10_tw12
0-12-14-47-17-15-16-13-59-58-0,170.9565050790721,seed709_explore_lns_start1_mixed_best_rm10_tw15
0-68-54-62-67-63-51-19-66-65-0,171.2131406400623,seed714_explore_lns_start1_random_regret_rm15_tw10
0-68-54-62-67-63-51-64-57-52-0,171.30939390665074,seed601_lns_start0_mixed_random_best_rm8_tw6_guarded
0-68-54-62-67-63-51-22-57-52-0,171.30939390665074,seed705_explore_guarded
0-66-33-32-30-28-26-27-29-31-34-50-0,171.5553004446819,seed701_explore_lns_start1_mixed_regret_rm10_tw12
0-70-1-3-5-45-8-7-46-4-55-60-0,171.5673141540284,seed711_explore_lns_start12_late_regret_rm15_tw8
0-68-54-67-62-63-51-19-24-56-0,171.77799414154717,seed709_explore_lns_start21_random_regret_rm20_tw10
0-69-11-17-53-55-60-70-0,171.8825446009078,seed704_explore_lns_start0_late_best_rm15_tw6
0-14-47-17-16-15-59-58-57-52-65-0,172.24152616121327,seed715_explore_lns_start4_random_random_best_rm25_tw6
0-12-10-11-15-14-47-17-16-13-6-0,172.44620140481672,seed711_explore_lns_start12_late_regret_rm15_tw8
0-65-69-60-53-12-14-10-13-52-57-0,172.62527921713536,seed701_explore_lns_start55_mixed_best_rm20_tw6
0-68-54-67-62-63-51-56-57-65-0,172.78588274473705,seed701_explore_lns_start1_random_random_best_rm15_tw15
0-68-69-11-12-53-24-22-20-64-0,172.83359844551097,seed702_explore_lns_start50_mixed_best_rm20_tw15
0-64-51-62-67-54-55-60-70-0,173.03656627013723,seed706_explore_lns_start54_random_best_rm20_tw8
0-14-47-15-11-9-59-58-57-52-65-0,173.08603173980975,seed716_explore_lns_start2_random_best_rm20_tw8
0-56-63-33-32-30-28-26-27-29-31-34-0,173.1257341395,seed701_explore_lns_start52_mixed_random_best_rm10_tw12
0-68-54-67-62-63-51-56-64-57-0,173.2417549297782,seed706_explore_lns_start1_random_random_best_rm25_tw6
0-12-14-47-16-15-9-59-58-57-52-65-0,173.55294329394226,seed711_explore_lns_start4_random_best_rm20_tw6
0-2-46-7-53-10-58-57-65-0,173.98924108130703,seed711_explore_lns_start7_random_regret_rm25_tw8
0-68-54-67-62-63-51-22-57-64-0,174.0025268340595,seed713_explore_lns_start0_mixed_regret_rm25_tw15
0-63-51-23-21-48-18-19-49-20-22-52-0,174.2482930384143,seed707_explore_lns_start55_mixed_random_best_rm15_tw12
0-65-69-11-12-53-60-55-57-0,174.61335857135742,seed701_explore_lns_start26_late_regret_rm10_tw10
0-60-14-11-10-9-53-55-70-66-0,174.71983256342665,seed710_explore_lns_start1_late_random_best_rm20_tw15
0-69-10-11-14-53-55-60-70-0,174.74406906895348,seed709_explore_lns_start0_late_regret_rm15_tw10
0-66-64-62-67-68-70-55-41-0,174.80879750568036,seed710_explore_lns_start55_random_random_best_rm20_tw8
0-66-64-24-23-21-48-18-19-49-20-51-63-0,174.82137538141856,seed714_explore_lns_start54_random_regret_rm20_tw8
0-47-17-16-15-9-59-58-57-52-65-0,175.10704479887806,seed715_explore_lns_start27_mixed_best_rm10_tw15
0-1-3-5-45-46-8-7-6-4-55-60-0,175.4977846890594,seed708_explore_lns_start9_late_best_rm15_tw12
0-66-64-20-49-23-19-18-48-21-58-65-0,176.77248739216233,seed704_explore_lns_start49_late_best_rm25_tw15
0-10-12-14-15-16-17-47-13-58-52-0,177.28472648726702,seed705_explore_lns_start0_mixed_regret_rm15_tw12
0-51-18-48-23-21-49-20-22-24-25-52-0,177.51834733869103,seed714_explore_lns_start0_random_regret_rm15_tw6
0-14-47-17-16-15-9-13-59-58-0,177.90132317005282,seed701_explore_lns_start0_mixed_regret_rm15_tw6
0-12-47-17-16-15-9-13-59-58-0,177.93425359212873,seed605_lns_start1_random_best_rm5_tw10
0-63-62-67-51-19-64-66-68-0,178.20699536013973,seed706_explore_lns_start4_random_random_best_rm20_tw10
0-52-2-6-7-8-46-4-45-5-3-1-0,178.37742428586301,seed704_explore_lns_start54_random_best_rm10_tw12
0-63-33-32-30-28-26-27-29-31-34-50-0,178.70478329743713,seed701_explore_lns_start42_random_random_best_rm25_tw6
0-66-64-62-67-63-51-25-57-65-0,178.83857319943036,seed701_explore_lns_start1_random_regret_rm20_tw6
0-70-69-12-53-57-24-22-20-64-0,178.88878271643293,seed715_explore_lns_start43_mixed_regret_rm15_tw12
0-68-69-23-21-48-18-25-49-20-22-0,178.96698150954217,seed711_explore_lns_start7_random_regret_rm25_tw8
0-68-61-54-62-67-63-51-22-64-0,179.0625075138559,seed705_explore_lns_start12_mixed_regret_rm10_tw6
0-66-51-49-19-23-48-18-21-25-58-0,179.5786773679011,seed602_lns_start43_random_random_best_rm5_tw15
0-2-69-53-9-52-57-22-65-0,179.6968212190089,seed701_explore_lns_start5_mixed_random_best_rm20_tw8
0-66-64-56-67-63-51-19-49-20-22-24-0,179.79408486420496,seed709_explore_lns_start19_random_best_rm10_tw10
0-12-14-47-17-15-16-9-13-59-58-0,180.0657771547056,seed601_lns_start0_random_best_rm8_tw8
0-12-69-53-17-16-13-10-52-65-0,180.28347008683485,seed707_explore_lns_start55_late_regret_rm20_tw8
0-2-60-53-10-59-58-52-65-0,180.49650510345464,seed713_explore_lns_start9_late_random_best_rm25_tw15
0-2-69-53-9-59-58-52-65-0,180.8410830917877,seed703_explore_lns_start13_late_random_best_rm10_tw6
0-14-47-17-16-15-9-59-58-57-52-65-0,180.9528085380294,seed702_explore_lns_start4_late_best_rm25_tw12
0-12-14-47-17-15-16-10-13-59-58-0,180.95650507907212,seed602_lns_start1_random_regret_rm8_tw10
0-68-69-11-14-12-53-55-70-65-0,181.07206828994612,seed713_explore_lns_start27_mixed_regret_rm10_tw8
0-66-64-62-67-54-68-55-2-60-0,181.17953360949042,seed605_lns_start55_mixed_best_rm6_tw6
0-47-17-16-15-10-9-13-59-58-0,181.43953877214244,seed708_explore_lns_start28_mixed_regret_rm20_tw15
0-14-47-17-16-15-10-9-13-59-58-0,181.46734203799622,seed702_explore_lns_start25_late_regret_rm10_tw12
0-12-14-47-17-16-10-9-13-59-58-0,181.50027246007213,seed715_explore_lns_start1_random_random_best_rm25_tw15
0-61-1-3-5-45-46-8-7-6-55-2-0,182.5408156110298,seed704_explore_lns_start55_random_random_best_rm15_tw10
0-60-47-17-15-16-14-12-10-13-59-52-0,182.68807035179472,seed714_explore_lns_start1_late_regret_rm25_tw15
0-66-69-10-11-9-53-55-70-0,182.7456377886339,seed601_lns_start1_mixed_random_best_rm8_tw15
0-68-54-67-62-63-51-22-24-64-65-0,182.77411821198598,seed707_explore_lns_start0_random_regret_rm25_tw6
0-66-64-56-62-67-68-55-60-12-0,182.95847425917475,seed715_explore_lns_start54_random_random_best_rm15_tw10
0-51-63-62-67-56-55-60-68-0,182.9612915281757,seed704_explore_lns_start51_random_best_rm25_tw15
0-54-62-67-63-51-56-64-57-52-0,183.6859319707254,seed713_explore_lns_start27_mixed_regret_rm10_tw8
0-65-66-64-62-67-54-70-55-60-0,183.85128555905197,seed711_explore_lns_start55_random_random_best_rm15_tw12
0-68-69-11-53-57-24-22-64-65-0,183.96030976978167,seed714_explore_lns_start49_late_best_rm20_tw6
0-14-47-17-16-15-9-59-58-22-20-0,184.31039981384424,seed717_explore_guarded
0-54-34-31-29-27-26-28-30-32-33-50-0,184.39891731005577,seed704_explore_lns_start51_random_best_rm25_tw15
0-2-69-53-9-59-58-57-65-0,184.49351745575396,seed603_lns_start15_random_regret_rm8_tw6
0-68-70-69-11-53-57-22-64-0,185.03023559808665,seed711_explore_lns_start42_late_best_rm10_tw10
0-65-64-62-67-54-68-55-60-70-0,185.10465084139025,seed602_lns_start54_mixed_random_best_rm8_tw15
0-17-11-10-9-53-60-55-2-68-0,185.21718692132137,seed702_explore_lns_start1_mixed_random_best_rm25_tw10
0-66-69-11-15-53-60-55-70-0,185.37093619501456,seed701_explore_lns_start0_late_best_rm20_tw6
0-65-69-10-11-12-53-55-7-60-0,185.67070016278004,seed710_explore_lns_start28_random_regret_rm20_tw15
0-64-62-67-54-68-55-5-70-0,185.82404300085426,seed715_explore_lns_start54_mixed_regret_rm15_tw10
0-50-34-31-29-27-26-28-30-32-33-64-0,185.8790616274912,seed601_lns_start54_mixed_random_best_rm8_tw6
0-56-69-11-10-53-55-60-70-0,186.7619472302817,seed703_explore_lns_start0_late_random_best_rm10_tw10
0-57-52-10-11-9-53-55-60-70-0,186.78371639276747,seed711_explore_lns_start1_late_best_rm20_tw12
0-70-69-11-53-10-13-52-57-65-0,186.875777186687,seed715_explore_lns_start54_random_random_best_rm15_tw10
0-68-54-67-62-63-51-18-64-56-0,186.9211951210508,seed703_explore_lns_start25_mixed_regret_rm15_tw10
0-70-69-11-53-60-12-13-65-0,187.52641837902777,seed702_explore_lns_start3_random_best_rm10_tw10
0-60-12-14-15-16-17-47-13-59-58-0,187.86203077534407,seed711_explore_lns_start0_mixed_random_best_rm25_tw6
0-70-69-10-53-57-24-22-20-64-0,187.89973087442084,seed701_explore_lns_start44_mixed_regret_rm10_tw10
0-69-12-14-47-17-16-13-59-58-0,188.12043604141832,seed703_explore_lns_start0_random_random_best_rm25_tw6
0-12-14-15-11-9-47-17-16-13-59-52-0,188.24593003793274,seed707_explore_lns_start43_random_random_best_rm15_tw15
0-66-69-10-11-53-60-55-52-65-0,188.4483935175854,seed702_explore_lns_start25_late_random_best_rm15_tw15
0-66-69-11-9-53-55-4-0,188.52450194601954,seed702_explore_lns_start1_late_regret_rm25_tw10
0-65-69-12-11-9-10-13-58-52-0,188.5826237442636,seed701_explore_lns_start54_random_best_rm25_tw10
0-12-14-47-17-15-16-9-59-58-57-52-0,188.92869717698315,seed709_explore_lns_start2_random_random_best_rm20_tw10
0-65-69-11-14-12-53-55-60-70-0,188.96254911469015,seed708_explore_lns_start28_mixed_regret_rm20_tw15
0-65-69-10-11-53-47-13-52-57-0,189.06529172874366,seed710_explore_lns_start55_mixed_random_best_rm15_tw15
0-66-64-51-62-67-54-68-55-60-0,189.86252480775062,seed710_explore_lns_start54_random_random_best_rm10_tw15
0-68-54-67-62-63-64-22-57-65-0,190.10797724213654,seed701_explore_lns_start1_mixed_regret_rm20_tw8
0-66-69-11-9-53-55-4-70-0,190.71694713350644,seed703_explore_lns_start0_random_random_best_rm15_tw15
0-54-62-67-63-51-64-22-57-65-0,190.861221224341,seed702_explore_lns_start1_mixed_random_best_rm25_tw10
0-61-54-67-62-63-51-19-24-64-66-0,191.0154540193402,seed711_explore_lns_start7_random_regret_rm25_tw8
0-65-69-10-11-53-16-13-52-57-0,191.23458742852776,seed701_explore_lns_start55_random_best_rm10_tw15
0-12-14-47-17-15-16-9-13-59-52-57-0,191.25108564190043,seed706_explore_lns_start27_late_regret_rm20_tw6
0-51-63-62-67-54-68-55-6-0,191.34435113096848,seed703_explore_lns_start49_mixed_random_best_rm15_tw6
0-54-62-67-50-63-51-22-57-64-0,191.4240894698675,seed705_explore_lns_start1_mixed_regret_rm20_tw12
0-66-24-20-49-23-21-48-18-19-25-58-0,191.52089416528958,seed705_explore_lns_start52_late_random_best_rm25_tw6
0-10-12-14-15-16-17-47-13-59-52-57-0,192.5765112784378,seed712_explore_lns_start0_late_random_best_rm15_tw8
0-14-47-17-16-15-10-9-13-59-52-57-0,192.65265052519106,seed701_explore_lns_start49_mixed_random_best_rm10_tw10
0-12-47-17-16-15-10-9-13-59-52-57-0,192.68558094726694,seed706_explore_lns_start28_late_best_rm25_tw10
0-68-54-67-62-51-19-57-64-65-0,193.37194060658464,seed701_explore_lns_start1_mixed_regret_rm15_tw10
0-56-51-62-67-68-55-60-7-0,193.92112113075814,seed715_explore_lns_start52_random_regret_rm15_tw12
0-14-47-17-15-10-9-59-58-57-52-65-0,194.61109426357478,seed708_explore_lns_start2_mixed_random_best_rm15_tw12
0-14-47-16-15-10-9-59-58-57-52-65-0,194.61109426357478,seed710_explore_lns_start2_late_best_rm15_tw8
0-68-54-67-62-63-51-18-57-65-0,195.00785662958128,seed706_explore_lns_start0_random_regret_rm10_tw12
0-12-47-16-15-14-9-13-59-52-57-0,195.0820375367457,seed713_explore_lns_start1_late_regret_rm25_tw6
0-12-14-47-17-16-15-9-59-58-52-65-0,196.04779807373237,seed712_explore_lns_start51_random_random_best_rm20_tw10
0-12-14-47-17-15-16-9-10-13-59-52-65-0,196.223195916064,seed608_lns_start42_random_best_rm5_tw12
0-66-69-11-16-53-55-60-70-0,196.30432206166253,seed707_explore_lns_start1_late_random_best_rm25_tw8
0-69-11-15-16-9-13-17-47-14-12-0,196.38173841157538,seed713_explore_lns_start9_late_random_best_rm25_tw15
0-51-63-62-67-54-55-66-64-0,196.67391024494836,seed702_explore_lns_start4_late_best_rm25_tw12
0-66-69-10-11-14-53-55-60-70-0,196.98765292573728,seed605_lns_start1_random_best_rm5_tw10
0-69-10-11-9-53-55-60-70-0,197.17938950557865,seed701_explore_lns_start0_random_random_best_rm10_tw12
0-63-50-62-67-54-55-60-68-0,197.2242758436866,seed702_explore_lns_start42_random_best_rm15_tw6
0-52-24-49-23-21-19-18-48-25-20-51-0,198.25977113984885,seed701_explore_lns_start1_mixed_regret_rm20_tw8
0-68-70-54-67-63-51-19-64-56-0,198.52269402591378,seed703_explore_lns_start23_random_best_rm25_tw6
0-14-47-17-16-15-10-9-59-58-57-52-0,198.73965136001758,seed702_explore_lns_start4_mixed_random_best_rm10_tw12
0-68-54-67-62-63-51-19-20-64-65-0,199.11172865881045,seed714_explore_lns_start1_late_regret_rm25_tw15
0-68-69-10-9-53-55-4-60-0,199.36032184461283,seed716_explore_lns_start1_mixed_best_rm15_tw8
0-70-69-11-53-52-57-24-22-66-0,199.3644480974018,seed703_explore_lns_start44_random_random_best_rm25_tw6
0-65-69-60-53-12-16-13-10-52-57-0,199.5487448861531,seed706_explore_lns_start55_random_random_best_rm15_tw6
0-60-47-17-15-16-9-13-59-52-57-0,199.63807343744884,seed703_explore_lns_start25_mixed_regret_rm15_tw10
0-54-62-67-63-51-21-22-64-65-0,199.67897780150614,seed709_explore_lns_start1_random_random_best_rm25_tw15
0-66-65-69-11-10-53-55-12-14-0,199.98094694807781,seed714_explore_lns_start23_random_regret_rm15_tw15
0-65-69-11-14-53-60-55-57-0,200.10973994116773,seed702_explore_lns_start27_late_regret_rm10_tw6
0-56-62-33-32-30-28-26-27-29-31-34-0,200.1579008475669,seed702_explore_lns_start1_late_regret_rm25_tw10
0-14-47-15-11-9-59-58-25-22-0,200.49191986307153,seed707_explore_lns_start55_late_regret_rm20_tw8
0-66-69-10-11-9-53-55-2-0,200.60896854475712,seed702_explore_lns_start0_random_random_best_rm20_tw12
0-66-69-10-9-53-55-6-7-60-0,200.8336114617395,seed712_explore_lns_start1_late_best_rm25_tw12
0-12-14-47-17-15-16-59-58-25-22-0,200.88553006014536,seed705_explore_lns_start55_late_best_rm20_tw8
0-68-54-67-62-63-51-64-57-52-65-0,201.39592476043308,seed601_lns_start1_random_regret_rm6_tw6
0-2-69-53-9-59-58-57-66-0,201.62360844546507,seed711_explore_lns_start16_mixed_best_rm15_tw6
0-69-11-9-53-55-2-7-60-0,201.6264709452831,seed711_explore_lns_start0_mixed_best_rm20_tw8
0-34-31-29-27-26-28-30-32-33-56-64-0,201.65215690358622,seed708_explore_lns_start1_random_regret_rm15_tw12
0-14-47-16-15-9-59-58-25-24-0,201.8027636309255,seed709_explore_lns_start54_mixed_best_rm15_tw15
0-12-14-47-16-15-9-59-58-25-24-0,201.83569405300145,seed707_explore_lns_start55_mixed_random_best_rm15_tw12
0-59-11-9-53-60-55-2-70-0,202.23962692162428,seed705_explore_lns_start0_mixed_regret_rm15_tw12
0-65-69-10-11-53-55-60-14-12-0,202.3614228712553,seed702_explore_lns_start20_late_regret_rm10_tw6
0-65-69-12-14-47-17-16-13-59-58-0,202.73034211229793,seed703_explore_guarded
0-70-69-11-10-53-52-24-22-66-0,202.82072068266123,seed703_explore_lns_start51_random_best_rm20_tw8
0-51-63-62-67-68-55-2-60-0,203.0810538569366,seed711_explore_lns_start42_mixed_regret_rm10_tw12
0-66-64-51-63-67-54-55-61-68-0,203.20641715893456,seed710_explore_lns_start10_mixed_regret_rm20_tw15
0-61-54-67-62-63-51-64-57-52-65-0,203.38765294877393,seed601_lns_start1_random_regret_rm6_tw6_guarded
0-61-54-67-62-63-51-22-57-52-65-0,203.38765294877393,seed710_explore_guarded
0-47-17-16-15-9-59-58-25-24-0,203.38979555793725,seed716_explore_lns_start55_mixed_random_best_rm15_tw8
0-66-69-11-12-53-60-55-52-65-0,203.39319013564244,seed716_explore_lns_start26_late_regret_rm10_tw6
0-14-17-16-15-9-59-58-25-24-0,203.41759882379102,seed716_explore_lns_start54_mixed_best_rm10_tw15
0-68-69-11-9-53-52-57-22-64-0,203.62411484476792,seed701_explore_lns_start44_late_best_rm15_tw12
0-12-14-47-15-11-9-59-58-25-24-0,203.73132980936455,seed710_explore_lns_start55_random_random_best_rm20_tw8
0-66-69-11-9-53-60-55-70-54-0,203.8308133732286,seed604_lns_start1_mixed_random_best_rm8_tw10
0-66-62-33-32-30-28-26-27-29-31-34-0,204.25173843823686,seed701_explore_lns_start27_late_regret_rm10_tw12
0-69-10-11-53-52-57-24-22-64-0,204.41631184114414,seed710_explore_lns_start51_late_best_rm20_tw15
0-68-69-11-9-53-52-57-64-66-65-0,204.58720900364736,seed710_explore_lns_start5_random_best_rm15_tw6
0-69-11-9-53-55-4-60-0,204.6078070188604,seed717_explore_lns_start0_mixed_best_rm15_tw8
0-14-47-17-16-15-12-9-13-59-52-66-0,204.70755627048615,seed711_explore_lns_start50_late_random_best_rm25_tw12
0-65-69-11-9-53-57-24-22-64-0,204.73535742212252,seed703_explore_lns_start44_late_random_best_rm15_tw12
0-64-65-69-53-12-47-13-10-52-57-0,204.7843278853943,seed710_explore_lns_start54_mixed_regret_rm10_tw10
0-64-24-20-49-23-21-48-18-19-25-58-0,205.00615171157716,seed608_lns_start1_random_regret_rm8_tw8
0-66-69-11-9-53-60-55-2-70-0,205.08329076009326,seed715_explore_lns_start0_mixed_random_best_rm15_tw6
0-51-63-50-67-54-55-60-68-0,205.28572340470532,seed714_explore_lns_start44_random_regret_rm10_tw6
0-70-69-11-53-52-57-24-22-64-0,205.46228070216125,seed701_explore_lns_start42_late_random_best_rm20_tw12
0-54-62-67-53-60-55-70-68-0,205.5517405675653,seed701_explore_lns_start54_random_best_rm25_tw10
0-52-59-9-53-55-4-60-0,206.1597103982448,seed702_explore_lns_start1_late_regret_rm25_tw10
0-16-15-11-9-10-53-55-60-70-0,206.62780163854785,seed707_explore_lns_start1_random_regret_rm20_tw12
0-51-50-62-67-54-55-60-68-0,206.83533157685412,seed701_explore_lns_start52_mixed_random_best_rm10_tw12
0-17-16-15-11-12-14-47-13-59-58-0,207.37316973149183,seed709_explore_lns_start0_mixed_best_rm15_tw8
0-65-24-20-49-19-23-48-18-21-25-58-0,207.3952722933829,seed704_explore_lns_start43_random_best_rm15_tw8
0-50-34-31-29-27-26-28-30-32-33-51-0,207.52222053188822,seed701_explore_lns_start42_random_best_rm20_tw15
0-51-63-62-67-54-70-55-60-0,207.67411532183365,seed701_explore_guarded
0-12-14-47-17-16-9-59-58-25-24-0,207.69058353971633,seed704_explore_lns_start54_late_regret_rm10_tw15
0-56-51-33-32-30-28-26-27-29-31-34-0,207.72975268076246,seed702_explore_lns_start42_random_best_rm15_tw6
0-65-69-10-11-53-17-13-52-57-0,207.78343042959492,seed713_explore_lns_start54_random_best_rm20_tw6
0-59-23-21-48-18-19-25-49-20-57-0,207.81638511199762,seed707_explore_lns_start0_random_regret_rm25_tw6
0-70-69-11-53-57-24-22-20-66-0,208.03904476743284,seed601_lns_start42_mixed_best_rm5_tw15_guarded
0-51-63-62-67-64-55-68-54-0,208.15681486166383,seed706_explore_lns_start3_random_best_rm15_tw15
0-2-69-53-60-17-47-57-65-0,208.1643302917078,seed716_explore_lns_start12_late_regret_rm20_tw6
0-14-47-17-16-15-9-59-58-25-22-0,208.3586966612912,seed602_lns_start54_mixed_random_best_rm6_tw8_guarded
0-66-69-10-9-53-55-4-60-0,208.38488845354576,seed708_explore_lns_start0_random_best_rm20_tw8
0-64-66-69-53-9-58-57-52-65-0,208.71104774404185,seed714_explore_lns_start9_random_random_best_rm10_tw8
0-68-54-67-62-51-48-19-20-64-56-0,208.79346152777006,seed713_explore_lns_start27_mixed_regret_rm15_tw6
0-70-69-11-53-10-13-60-65-0,208.86055448305834,seed709_explore_lns_start2_random_random_best_rm20_tw10
0-12-16-15-11-10-14-47-17-13-58-0,209.16628209976082,seed702_explore_lns_start1_late_regret_rm25_tw10
0-14-47-17-16-15-9-59-58-25-24-0,209.23555929708857,seed601_lns_start54_mixed_random_best_rm4_tw12
0-54-62-67-63-51-25-20-64-66-0,209.3310545369018,seed703_explore_lns_start3_random_random_best_rm20_tw10
0-12-14-17-16-15-9-59-58-25-24-0,209.46607225161992,seed710_explore_lns_start55_mixed_random_best_rm15_tw15
0-60-17-11-10-53-55-7-70-61-0,209.71769062543507,seed713_explore_lns_start1_late_regret_rm25_tw6
0-51-63-62-67-68-55-6-60-0,209.75545512774698,seed706_explore_lns_start50_mixed_regret_rm10_tw12
0-68-70-69-11-53-10-13-12-60-0,209.84210404681605,seed703_explore_lns_start4_late_best_rm20_tw15
0-64-51-62-67-54-68-55-66-56-0,209.89794872363714,seed715_explore_lns_start4_random_random_best_rm25_tw6
0-56-66-69-53-10-12-60-55-70-0,209.95963046159335,seed701_explore_lns_start1_late_best_rm15_tw15
0-68-69-10-11-9-53-55-60-70-0,210.00143962707807,seed708_explore_lns_start1_mixed_random_best_rm10_tw12
0-70-69-11-12-53-52-57-24-22-0,210.14379166412954,seed706_explore_lns_start50_late_best_rm15_tw12
0-10-23-21-48-18-19-49-25-24-20-0,210.24438390050935,seed704_explore_lns_start0_mixed_regret_rm15_tw12
0-70-69-11-53-57-24-22-20-64-0,210.53656905174773,seed601_lns_start42_mixed_best_rm5_tw15
0-66-20-49-23-21-48-18-19-24-58-59-0,210.83088826855794,seed716_explore_lns_start52_random_random_best_rm15_tw8
0-12-14-47-17-15-16-59-58-25-57-0,210.85767177994336,seed708_explore_lns_start54_late_best_rm20_tw8
0-70-69-11-53-52-57-22-20-64-0,211.2131824237733,seed701_explore_lns_start51_late_best_rm10_tw12
0-66-69-11-9-53-55-6-7-60-0,211.33566378815675,seed706_explore_lns_start1_mixed_random_best_rm15_tw8
0-68-54-67-63-51-19-57-64-65-0,211.4127732299104,seed713_explore_lns_start0_late_regret_rm20_tw15
0-65-69-11-12-53-10-13-57-64-0,211.69359385605642,seed701_explore_lns_start55_late_regret_rm10_tw10
0-65-69-10-11-9-53-55-60-70-0,211.78929557645824,seed706_explore_lns_start1_random_random_best_rm25_tw6
0-2-69-53-59-58-57-52-65-0,212.4713649695827,seed704_explore_lns_start17_random_best_rm15_tw8
0-52-15-16-17-47-14-12-13-59-58-0,212.75325539682495,seed606_lns_start0_mixed_regret_rm8_tw15
0-70-60-11-10-53-52-22-20-64-0,212.86851325531475,seed706_explore_lns_start51_mixed_regret_rm10_tw10
0-68-54-67-62-63-51-19-20-57-65-0,213.0605830758316,seed705_explore_lns_start1_mixed_best_rm25_tw6
0-70-2-69-53-59-58-52-65-0,213.20170621095593,seed715_explore_lns_start16_late_best_rm20_tw12
0-68-54-67-62-63-51-25-57-65-0,213.21724824175953,seed702_explore_lns_start0_random_best_rm20_tw8
0-70-69-11-53-52-57-24-22-20-0,213.22413075409597,seed711_explore_lns_start44_late_regret_rm15_tw10
0-50-62-33-32-30-28-26-27-29-31-34-0,213.5656676941262,seed701_explore_lns_start26_late_regret_rm10_tw10
0-68-54-67-62-63-51-64-57-66-65-0,213.81267241145164,seed701_explore_lns_start0_mixed_best_rm10_tw8
0-14-47-17-16-15-59-25-19-24-64-0,213.8795964947877,seed701_explore_lns_start54_random_best_rm25_tw10
0-12-14-47-17-15-9-59-58-25-20-0,214.19943780076352,seed701_explore_lns_start55_random_best_rm10_tw15
0-70-69-11-10-53-52-22-20-64-0,214.8646363271967,seed601_lns_start51_late_best_rm5_tw8
0-68-69-11-9-53-52-22-20-64-0,215.12718426603246,seed709_explore_lns_start52_late_random_best_rm20_tw15
0-2-69-53-9-59-58-57-52-0,215.13093414542016,seed701_explore_lns_start18_late_regret_rm10_tw15
0-70-69-11-9-53-57-24-22-0,215.18636373206866,seed701_explore_lns_start42_late_random_best_rm10_tw12
0-65-69-10-11-53-55-5-60-0,215.6511340097399,seed705_explore_lns_start21_random_random_best_rm25_tw6
0-57-64-62-67-50-63-51-54-0,215.93534494889323,seed703_explore_lns_start2_late_regret_rm10_tw10
0-66-69-10-11-9-53-4-60-0,216.20234148328828,seed702_explore_lns_start1_random_random_best_rm20_tw6
0-70-69-11-10-53-52-24-22-20-0,216.68040333935556,seed706_explore_lns_start51_random_best_rm15_tw8
0-70-69-11-12-53-57-24-19-0,216.69022678519227,seed710_explore_lns_start49_mixed_random_best_rm20_tw12
0-68-69-11-12-53-10-13-52-57-65-0,216.84821050223104,seed605_lns_start55_mixed_random_best_rm8_tw12
0-2-69-53-9-58-57-52-65-0,217.5095271622907,seed703_explore_lns_start16_mixed_best_rm25_tw12
0-68-54-67-62-63-51-19-24-64-65-0,217.72480603611984,seed707_explore_lns_start1_mixed_regret_rm20_tw10
0-70-69-11-12-53-52-57-22-64-0,217.7902479401678,seed701_explore_lns_start50_late_best_rm10_tw8
0-66-64-62-67-54-55-4-70-68-0,217.82008857607394,seed706_explore_lns_start55_mixed_random_best_rm10_tw8
0-70-69-11-53-52-22-20-64-66-0,218.07186334418014,seed716_explore_lns_start51_late_random_best_rm25_tw10
0-68-61-54-67-62-63-51-64-57-65-0,218.07486327400972,seed709_explore_lns_start1_random_random_best_rm15_tw12
0-65-69-60-53-12-17-13-10-52-57-0,218.27578149119114,seed703_explore_lns_start55_random_random_best_rm15_tw15
0-14-47-17-16-15-9-59-58-25-57-0,218.3308383810892,seed706_explore_lns_start54_late_best_rm10_tw15
0-68-61-54-67-62-63-51-19-64-66-0,218.8552416028133,seed704_explore_lns_start17_mixed_random_best_rm15_tw6
0-66-24-49-19-23-48-18-21-25-58-52-0,219.17175644914582,seed701_explore_lns_start51_late_random_best_rm15_tw10
0-51-63-62-67-54-68-55-7-0,219.4248536426876,seed709_explore_lns_start52_random_random_best_rm10_tw10
0-66-69-10-11-9-53-55-60-70-0,219.8199404887139,seed602_lns_start0_random_random_best_rm8_tw15
0-14-47-17-16-15-9-59-58-25-64-0,220.1926138265945,seed714_explore_lns_start54_late_best_rm10_tw8
0-68-70-54-67-63-51-56-64-57-0,220.40542271495877,seed702_explore_lns_start25_late_regret_rm10_tw12
0-12-14-11-10-9-53-60-55-70-66-0,220.6871993726909,seed713_explore_lns_start0_random_best_rm10_tw15
0-70-69-11-12-53-24-22-64-66-0,221.34916907294365,seed703_explore_lns_start49_random_best_rm15_tw10
0-39-6-7-8-46-4-45-5-3-1-2-0,221.46509052066273,seed702_explore_lns_start51_mixed_random_best_rm20_tw15
0-51-63-62-67-54-55-2-61-0,221.52739005964708,seed710_explore_lns_start5_random_best_rm15_tw6
0-14-47-17-16-15-9-59-58-25-20-0,221.59930304485064,seed707_explore_lns_start54_random_regret_rm10_tw6
0-51-63-62-67-68-55-7-60-0,221.7028604053837,seed708_explore_lns_start49_mixed_regret_rm10_tw10
0-70-69-11-53-57-24-22-20-65-0,221.75254082617028,seed710_explore_lns_start44_random_best_rm20_tw15
0-65-69-60-53-17-16-13-10-52-57-0,221.81957385837495,seed710_explore_lns_start55_random_random_best_rm20_tw8
0-65-66-49-19-23-48-18-21-25-58-52-0,221.83828415395791,seed702_explore_lns_start44_mixed_best_rm10_tw8
0-68-54-67-62-51-24-57-64-66-65-0,222.18013310271184,seed708_explore_lns_start0_mixed_random_best_rm10_tw6
0-70-69-11-12-53-52-24-22-64-0,222.24385657994722,seed703_explore_lns_start50_random_random_best_rm20_tw12
0-56-64-69-53-9-58-57-52-65-0,222.37078434527692,seed709_explore_lns_start11_random_random_best_rm15_tw6
0-2-69-53-9-10-52-57-64-65-0,222.425432884501,seed717_explore_lns_start15_random_random_best_rm15_tw6
0-52-11-15-16-17-47-14-12-13-59-57-0,222.71946752387362,seed713_explore_lns_start18_late_regret_rm20_tw8
0-57-64-62-67-63-51-54-68-0,222.7849592005195,seed711_explore_lns_start2_late_regret_rm10_tw12
0-69-10-11-9-53-55-2-60-0,222.80696294136135,seed701_explore_lns_start1_mixed_best_rm10_tw10
0-70-69-11-9-53-57-22-64-0,222.83282000810692,seed705_explore_lns_start51_late_regret_rm10_tw15
0-68-54-67-62-50-63-51-64-57-65-0,223.4538363178792,seed701_explore_lns_start0_late_random_best_rm10_tw6
0-68-54-67-62-50-63-51-22-64-65-0,223.4538363178792,seed707_explore_lns_start1_random_regret_rm20_tw12
0-65-69-10-11-12-53-60-55-52-0,223.61924927911375,seed704_explore_lns_start20_late_regret_rm10_tw6
0-65-69-10-11-14-12-53-55-70-0,224.03817497546555,seed703_explore_lns_start25_mixed_regret_rm15_tw10
0-69-10-11-53-52-57-22-20-64-0,224.18253645594768,seed702_explore_lns_start52_late_best_rm20_tw6
0-70-69-11-12-53-22-20-64-66-0,224.42652078478605,seed712_explore_lns_start50_mixed_best_rm15_tw10
0-68-61-54-67-62-63-51-64-57-66-0,224.47695146857706,seed703_explore_lns_start13_late_random_best_rm10_tw6
0-68-54-67-62-63-51-56-64-57-65-0,224.76546223998616,seed701_explore_lns_start1_mixed_regret_rm10_tw12
0-70-69-11-12-53-57-24-22-20-0,224.87548462007695,seed715_explore_lns_start50_mixed_best_rm10_tw12
0-70-69-11-12-53-60-55-57-0,224.88208400855837,seed704_explore_lns_start4_late_regret_rm10_tw15
0-68-61-54-67-62-63-51-18-66-0,224.909408569216,seed706_explore_lns_start11_mixed_best_rm25_tw6
0-66-64-62-67-54-61-70-55-60-68-0,225.0562092058391,seed603_lns_start55_mixed_best_rm5_tw10
0-68-61-54-67-63-51-22-57-64-65-0,225.32082012837301,seed702_explore_lns_start1_late_regret_rm25_tw10
0-66-64-56-62-67-54-68-55-60-70-0,225.7407379601481,seed601_lns_start55_random_regret_rm3_tw12
0-68-70-69-11-53-52-57-24-22-0,225.92100380260317,seed703_explore_lns_start44_late_best_rm10_tw6
0-14-47-17-16-15-9-59-58-25-49-0,226.4453771859611,seed704_explore_lns_start55_random_best_rm15_tw10
0-66-69-11-12-53-10-13-52-57-65-0,226.66671136386688,seed605_lns_start54_mixed_regret_rm5_tw10
0-65-69-10-11-53-12-14-13-52-57-0,227.2123543204842,seed703_explore_lns_start54_mixed_random_best_rm10_tw6
0-66-69-11-9-53-55-4-60-0,227.24835800199568,seed701_explore_lns_start0_random_random_best_rm15_tw10
0-69-60-53-10-57-24-22-20-64-0,227.31235936008335,seed717_explore_lns_start43_mixed_random_best_rm20_tw12
0-70-69-11-12-53-24-22-20-64-0,227.35445634058834,seed701_explore_lns_start49_mixed_random_best_rm10_tw10
0-14-47-17-15-11-9-59-58-25-24-0,228.03302187134665,seed704_explore_lns_start54_late_random_best_rm20_tw8
0-14-47-16-15-11-9-59-58-25-24-0,228.03302187134665,seed709_explore_lns_start55_random_regret_rm10_tw12
0-70-69-65-53-12-14-10-13-52-57-0,228.2429374141502,seed709_explore_lns_start54_random_random_best_rm10_tw6
0-14-47-17-16-15-10-9-13-59-57-64-0,229.63900029582018,seed704_explore_lns_start49_mixed_random_best_rm15_tw15
0-70-69-11-12-53-52-24-22-20-0,230.00570663188194,seed704_explore_lns_start49_mixed_random_best_rm15_tw15
0-65-24-23-21-48-18-49-20-22-25-58-0,230.21962657504832,seed713_explore_lns_start28_random_best_rm20_tw8
0-54-62-67-63-51-19-57-64-65-0,230.46069900641808,seed705_explore_lns_start1_mixed_regret_rm25_tw12
0-70-69-11-9-53-57-22-20-0,230.59467006004164,seed705_explore_lns_start50_late_random_best_rm15_tw6
0-64-62-50-67-54-68-55-60-70-0,230.68322762842362,seed708_explore_lns_start54_mixed_random_best_rm10_tw15
0-69-10-11-53-55-4-45-60-0,230.7108122058766,seed715_explore_lns_start1_mixed_best_rm20_tw8
0-51-63-62-67-55-4-60-0,231.0004807774281,seed705_explore_lns_start44_mixed_best_rm10_tw6
0-51-63-62-67-56-55-60-70-0,231.13015962879342,seed708_explore_lns_start42_mixed_random_best_rm10_tw12
0-14-47-17-16-15-9-59-58-25-19-0,231.36256310709857,seed602_lns_start54_mixed_best_rm8_tw6
0-14-47-16-15-10-9-59-58-25-24-0,232.11207631492877,seed702_explore_lns_start54_late_best_rm15_tw6
0-51-63-62-67-66-55-68-61-54-0,232.29833771231205,seed603_lns_start15_random_regret_rm8_tw6
0-57-62-67-63-51-64-66-54-0,232.88037610763487,seed704_explore_lns_start3_late_regret_rm10_tw15
0-68-54-67-62-63-19-57-64-65-0,232.92821655313026,seed705_explore_lns_start0_mixed_regret_rm15_tw12
0-64-51-62-67-54-68-55-60-70-0,233.03656627013723,seed706_explore_lns_start54_mixed_regret_rm10_tw12
0-70-69-11-9-53-55-10-65-0,233.22704414415006,seed714_explore_lns_start0_mixed_random_best_rm15_tw15
0-14-47-17-16-15-53-12-10-13-59-0,233.34294046100385,seed708_explore_lns_start44_late_best_rm10_tw8
0-70-69-11-12-53-52-22-20-64-0,233.48258166047447,seed714_explore_lns_start52_mixed_regret_rm15_tw8
0-60-15-11-10-9-53-55-70-66-0,233.50117036651963,seed711_explore_lns_start0_random_best_rm10_tw15
0-68-70-69-11-53-52-57-22-64-0,233.56746007864143,seed702_explore_lns_start44_late_best_rm15_tw15
0-65-69-11-53-9-13-10-52-57-0,233.62100909782737,seed705_explore_lns_start55_late_best_rm20_tw8
0-68-70-69-60-53-12-10-16-13-65-0,233.78197208068084,seed707_explore_lns_start4_late_best_rm25_tw6
0-14-47-17-16-15-9-59-58-25-21-0,235.09631744879857,seed704_explore_lns_start55_mixed_best_rm10_tw15
0-65-52-10-11-9-53-55-60-12-14-0,235.1505972630959,seed704_explore_lns_start26_late_random_best_rm10_tw12
0-20-49-18-21-23-22-24-25-58-57-0,235.39566546128827,seed715_explore_lns_start1_late_regret_rm20_tw6
0-65-69-11-9-53-60-55-70-66-0,235.58928696957642,seed703_explore_lns_start0_mixed_regret_rm10_tw15
0-68-65-69-53-10-52-57-22-20-64-0,236.12015724621276,seed711_explore_lns_start52_late_random_best_rm10_tw8
0-70-69-11-53-52-57-22-64-65-0,236.37325186974533,seed713_explore_lns_start52_late_random_best_rm10_tw8
0-66-12-16-15-17-47-14-13-59-58-0,238.37527188570573,seed709_explore_lns_start0_mixed_random_best_rm10_tw15
0-68-54-67-62-63-51-64-57-52-66-0,238.50878469323362,seed717_explore_lns_start0_random_random_best_rm10_tw8
0-51-63-62-67-56-64-55-70-68-0,238.53528225971922,seed715_explore_lns_start27_mixed_best_rm10_tw15
0-64-51-63-62-67-56-54-70-68-0,238.94390309519247,seed715_explore_lns_start27_mixed_random_best_rm15_tw6
0-51-63-62-67-54-55-2-60-0,238.95333643942325,seed707_explore_lns_start43_mixed_random_best_rm20_tw6
0-14-47-17-16-15-11-9-59-58-52-65-0,239.27798831229097,seed709_explore_lns_start51_late_random_best_rm25_tw10
0-68-61-54-67-62-63-51-20-22-64-66-0,239.46478010814118,seed714_explore_lns_start14_mixed_regret_rm15_tw6
0-70-69-11-47-53-60-55-66-0,239.88305013754373,seed715_explore_lns_start0_late_best_rm15_tw6
0-54-69-11-53-10-13-14-12-60-0,240.11923665883333,seed715_explore_lns_start27_mixed_best_rm10_tw15
0-68-70-69-11-53-57-24-22-20-0,240.65269675855058,seed701_explore_lns_start43_random_best_rm15_tw10
0-12-14-47-17-15-16-9-10-13-59-58-0,241.2858968939844,seed604_lns_start42_late_best_rm8_tw12
0-68-70-69-11-53-52-57-22-20-0,241.32931013057615,seed710_explore_lns_start51_late_random_best_rm10_tw10
0-68-61-54-67-62-63-51-19-64-56-0,241.7121412549362,seed705_explore_lns_start6_mixed_best_rm25_tw6
0-64-51-63-62-67-54-55-70-68-0,241.7830357032778,seed712_explore_lns_start2_random_random_best_rm10_tw15
0-68-69-11-53-52-57-24-22-20-64-0,242.45916750644935,seed701_explore_lns_start49_late_best_rm10_tw15
0-14-47-17-16-15-9-59-58-22-52-0,242.74572757710303,seed714_explore_lns_start4_random_regret_rm20_tw6
0-68-70-69-53-12-10-13-22-64-0,243.21324314544597,seed709_explore_lns_start51_late_random_best_rm25_tw10
0-70-69-11-53-24-22-20-64-65-0,243.47318376166942,seed709_explore_lns_start42_late_best_rm20_tw6
0-64-51-63-62-67-54-55-68-61-0,244.07423153401112,seed702_explore_lns_start11_random_best_rm10_tw10
0-52-15-16-17-47-14-9-13-58-0,245.03343375107272,seed707_explore_lns_start0_random_regret_rm25_tw6
0-68-54-67-62-63-51-25-64-56-0,245.0544926618352,seed702_explore_lns_start22_mixed_best_rm20_tw12
0-14-47-16-15-11-9-59-58-25-49-0,245.24283976021917,seed703_explore_lns_start55_random_random_best_rm15_tw15
0-57-24-21-23-48-18-19-49-25-58-52-0,245.3186507492425,seed714_explore_lns_start14_mixed_regret_rm15_tw6
0-61-2-6-7-8-46-45-5-3-1-55-68-0,245.50349781064625,seed708_explore_lns_start55_random_random_best_rm10_tw8
0-68-54-67-62-63-51-25-64-65-0,245.70455085507254,seed709_explore_lns_start0_late_random_best_rm10_tw6
0-51-63-62-67-55-60-6-70-0,246.50057631501153,seed701_explore_lns_start49_mixed_random_best_rm10_tw8
0-70-69-11-10-53-55-60-12-14-0,246.58948339403878,seed706_explore_lns_start26_mixed_best_rm10_tw6
0-65-10-12-14-15-16-17-47-13-59-58-0,247.3480842042664,seed709_explore_lns_start52_late_random_best_rm20_tw15
0-68-70-54-67-63-51-18-64-56-0,247.49538955374305,seed706_explore_lns_start27_late_regret_rm20_tw6
0-68-70-69-11-53-10-13-17-60-0,247.64414424538197,seed711_explore_lns_start4_random_best_rm20_tw6
0-2-69-53-9-59-58-57-64-0,247.92870569634331,seed716_explore_lns_start17_mixed_random_best_rm10_tw6
0-70-69-11-12-53-65-24-22-64-0,249.0018486705455,seed701_explore_lns_start50_random_best_rm15_tw12
0-66-64-62-67-54-68-55-5-70-0,250.05889441438472,seed708_explore_lns_start54_mixed_random_best_rm10_tw15
0-66-64-62-67-54-70-55-7-60-0,250.3927365410758,seed712_explore_lns_start54_random_random_best_rm25_tw12
0-54-62-67-63-51-64-57-52-65-66-0,250.4944702519081,seed707_explore_lns_start1_random_best_rm20_tw6
0-69-11-12-53-57-24-22-20-64-0,250.68059105572044,seed707_explore_lns_start49_late_best_rm10_tw15
0-68-69-11-9-53-55-60-7-70-0,251.31767296223285,seed717_explore_lns_start0_mixed_regret_rm15_tw6
0-65-69-11-12-53-60-55-52-57-0,252.00752181485348,seed703_explore_lns_start20_late_random_best_rm10_tw8
0-63-18-23-21-49-22-24-25-58-0,252.76794553711454,seed713_explore_lns_start27_mixed_regret_rm15_tw6
0-65-69-10-11-53-12-47-13-52-57-0,252.779974516575,seed716_explore_lns_start54_mixed_best_rm10_tw15
0-66-69-70-60-53-55-17-10-0,252.97296148904883,seed711_explore_lns_start1_late_random_best_rm15_tw8
0-64-51-63-62-67-54-55-60-0,253.11759945697628,seed714_explore_lns_start44_mixed_best_rm15_tw15
0-68-54-67-62-63-51-19-57-66-65-0,253.41215019352873,seed706_explore_lns_start1_random_best_rm15_tw6
0-65-69-11-15-53-10-13-52-57-0,253.64288115912655,seed704_explore_lns_start54_late_regret_rm10_tw15
0-66-64-50-67-54-68-55-2-60-0,253.99780576740048,seed705_explore_lns_start55_random_random_best_rm20_tw6
0-68-54-67-62-50-63-51-64-57-52-0,254.0912530075454,seed711_explore_lns_start1_random_regret_rm20_tw12
0-65-69-11-53-12-13-14-60-70-0,254.21395909011665,seed706_explore_lns_start2_random_best_rm10_tw8
0-70-69-11-10-53-52-22-20-49-0,254.22229359454084,seed705_explore_lns_start52_random_random_best_rm10_tw8
0-14-47-17-16-15-9-59-58-25-48-0,255.1407399670194,seed707_explore_lns_start55_mixed_random_best_rm25_tw12
0-66-64-62-67-54-70-4-60-68-0,255.4213010301053,seed704_explore_lns_start55_random_random_best_rm15_tw10
0-51-63-62-67-54-61-55-60-68-0,255.46955698261604,seed707_explore_lns_start43_mixed_random_best_rm15_tw6
0-66-64-51-62-67-56-55-68-61-54-0,255.5287076701017,seed703_explore_lns_start16_mixed_best_rm25_tw12
0-12-10-11-15-16-17-47-14-13-55-0,256.0435490587872,seed707_explore_lns_start15_late_random_best_rm15_tw15
0-66-69-11-9-53-55-46-6-60-0,256.2161176431838,seed714_explore_lns_start0_mixed_regret_rm20_tw6
0-66-56-62-34-31-29-27-26-28-30-32-33-0,256.52764483495275,seed703_explore_lns_start1_late_random_best_rm10_tw8
0-66-64-62-67-68-70-55-60-7-0,257.00497052374874,seed714_explore_lns_start55_random_random_best_rm15_tw12
0-70-69-15-10-53-60-55-66-0,257.06463422369075,seed708_explore_lns_start0_late_best_rm15_tw15
0-70-2-69-53-9-59-58-52-0,257.0871440044375,seed712_explore_lns_start17_late_best_rm15_tw12
0-66-64-62-67-54-70-55-60-6-0,257.3555498523702,seed701_explore_lns_start55_random_random_best_rm15_tw8
0-61-2-6-7-8-46-45-3-1-4-55-0,257.44104249492136,seed709_explore_lns_start1_random_random_best_rm25_tw15
0-51-63-62-67-54-55-7-60-0,257.5751429878703,seed712_explore_lns_start43_mixed_best_rm15_tw10
0-47-17-16-15-11-9-59-58-25-24-0,257.7158486196713,seed701_explore_lns_start55_mixed_best_rm20_tw6
0-68-54-67-62-63-51-48-19-64-65-0,257.73605420741615,seed715_explore_lns_start1_late_regret_rm20_tw6
0-70-69-11-9-10-53-55-7-0,257.775409236463,seed711_explore_lns_start1_mixed_random_best_rm10_tw10
0-14-17-16-15-11-9-59-58-25-24-0,258.24411067089306,seed710_explore_lns_start54_mixed_regret_rm10_tw10
0-66-64-62-67-54-68-70-55-7-0,258.3884606241883,seed705_explore_lns_start55_random_regret_rm10_tw8
0-68-54-67-62-63-51-18-57-64-0,258.44304487017064,seed713_explore_lns_start0_random_random_best_rm20_tw8
0-70-69-11-53-57-24-49-22-64-0,258.4447277859766,seed701_explore_lns_start44_random_regret_rm20_tw15
0-68-54-67-62-63-51-20-57-64-65-0,259.74571411424006,seed707_explore_lns_start1_random_regret_rm20_tw6
0-66-69-10-11-47-53-55-60-70-0,259.8452528770946,seed707_explore_lns_start1_late_random_best_rm20_tw8
0-70-54-67-62-63-51-22-64-56-0,259.95023594393865,seed710_explore_lns_start28_random_regret_rm20_tw15
0-70-54-67-62-63-51-64-57-65-0,260.600294137176,seed704_explore_lns_start1_mixed_random_best_rm10_tw12
0-66-52-23-49-19-48-21-18-25-58-0,260.67902409431406,seed709_explore_lns_start42_random_random_best_rm15_tw12
0-68-70-69-11-53-12-13-16-60-0,260.9765371799715,seed708_explore_lns_start2_mixed_random_best_rm15_tw12
0-54-62-67-63-51-20-57-64-66-65-0,261.2464342460282,seed704_explore_lns_start0_mixed_regret_rm20_tw15
0-52-69-12-14-47-17-13-59-58-0,261.290355627439,seed707_explore_lns_start1_random_regret_rm20_tw12
0-68-54-67-62-63-51-22-57-64-65-0,262.57816818326796,seed703_explore_lns_start1_mixed_regret_rm10_tw12
0-68-61-54-67-62-63-51-18-64-66-0,262.63381477088234,seed713_explore_lns_start18_late_regret_rm20_tw8
0-68-70-69-11-53-12-13-17-60-0,263.2338657585808,seed710_explore_lns_start2_late_best_rm15_tw8
0-66-65-69-11-53-12-13-60-70-0,263.44101785545945,seed706_explore_lns_start3_random_best_rm15_tw15
0-66-49-19-23-18-48-21-25-58-59-0,264.1521728030651,seed701_explore_lns_start43_random_random_best_rm25_tw6
0-70-69-11-9-53-10-13-12-60-0,264.4328673062503,seed715_explore_lns_start4_random_random_best_rm25_tw6
0-51-63-62-67-54-55-60-6-0,264.53795629916476,seed701_explore_lns_start51_random_regret_rm10_tw10
0-51-63-62-67-54-68-55-60-65-0,265.74732915391746,seed717_explore_lns_start52_late_best_rm15_tw12
0-69-15-16-47-14-12-13-59-58-0,265.80281421893005,seed702_explore_lns_start1_mixed_random_best_rm25_tw10
0-65-49-19-23-21-48-18-25-58-59-0,266.1358552530888,seed709_explore_lns_start44_random_regret_rm15_tw12
0-68-54-67-62-63-51-24-57-64-65-0,266.5875560620034,seed717_explore_lns_start0_mixed_regret_rm10_tw15
0-65-57-10-9-53-55-5-1-70-0,267.9586552189262,seed703_explore_lns_start11_late_random_best_rm20_tw15
0-68-69-11-53-10-13-12-60-2-0,269.10244305100866,seed702_explore_lns_start4_late_best_rm25_tw12
0-14-47-17-16-15-9-59-58-25-18-0,269.27374544110467,seed709_explore_lns_start54_random_best_rm15_tw12
0-70-69-11-53-10-13-12-60-65-0,269.3325492964524,seed714_explore_lns_start4_random_regret_rm20_tw6
0-51-63-62-67-54-68-55-1-0,270.12163903925216,seed710_explore_lns_start51_random_random_best_rm25_tw8
0-64-63-62-67-54-68-55-60-70-0,270.4034057624649,seed709_explore_lns_start54_mixed_regret_rm10_tw15
0-70-69-10-9-53-60-55-57-0,270.4578115135232,seed712_explore_lns_start1_late_random_best_rm10_tw12
0-65-69-11-53-10-13-12-60-2-0,270.89029900038884,seed716_explore_lns_start4_random_best_rm20_tw8
0-70-69-10-9-53-60-55-66-56-0,271.5622380319685,seed707_explore_lns_start0_late_best_rm10_tw6
0-70-69-12-53-52-57-24-22-20-64-0,272.0878273031431,seed711_explore_lns_start49_mixed_random_best_rm20_tw15
0-2-69-53-10-9-58-57-52-0,272.9877063759377,seed711_explore_lns_start11_late_regret_rm15_tw12
0-70-69-11-14-53-57-24-22-64-0,273.0307860080711,seed708_explore_lns_start43_random_random_best_rm20_tw6
0-70-69-11-53-52-25-22-64-0,273.4376152343249,seed716_explore_lns_start52_random_random_best_rm15_tw8
0-70-69-11-12-53-22-49-20-64-0,273.62799155301065,seed711_explore_lns_start50_mixed_regret_rm10_tw8
0-66-63-62-67-54-68-55-2-61-0,273.88526247294476,seed709_explore_lns_start11_random_random_best_rm15_tw6
0-69-15-47-17-16-13-59-58-52-0,274.09254679552487,seed712_explore_lns_start1_late_best_rm15_tw12
0-64-19-18-48-23-21-49-25-58-59-0,274.094697926105,seed706_explore_lns_start43_random_random_best_rm25_tw8
0-60-69-11-53-12-10-13-52-57-0,276.10506758265683,seed704_explore_lns_start54_random_regret_rm10_tw12
0-14-47-17-16-15-9-13-59-58-52-0,276.2065450648,seed703_explore_lns_start1_late_best_rm20_tw10
0-12-14-17-16-15-9-13-59-58-52-0,276.2394754868759,seed707_explore_lns_start1_late_random_best_rm20_tw8
0-12-47-17-16-15-9-13-59-58-52-0,276.2394754868759,seed708_explore_lns_start0_late_regret_rm15_tw8
0-66-69-10-11-9-53-55-70-41-0,276.9144275125698,seed716_explore_lns_start0_late_best_rm25_tw8
0-51-63-62-67-54-68-55-60-70-0,277.74595863480295,seed702_explore_lns_start49_late_random_best_rm25_tw6
0-12-14-47-16-15-10-9-13-59-58-52-0,278.1906591619538,seed704_explore_lns_start0_late_best_rm15_tw6
0-12-14-47-17-15-10-9-13-59-58-52-0,278.1906591619538,seed707_explore_lns_start1_late_random_best_rm25_tw8
0-12-14-47-17-15-16-9-13-59-58-52-0,278.3709990494528,seed602_lns_start1_late_random_best_rm8_tw8
0-12-14-47-17-15-16-10-13-59-58-52-0,279.26172697381935,seed601_lns_start1_mixed_random_best_rm8_tw12
0-68-54-67-33-63-51-64-57-65-0,279.6230047142489,seed713_explore_lns_start0_mixed_best_rm25_tw6
0-64-63-62-67-66-55-70-68-54-0,279.7236234747045,seed702_explore_lns_start54_mixed_best_rm25_tw15
0-14-47-17-16-15-10-9-13-59-58-52-0,279.7725639327434,seed701_explore_lns_start0_late_regret_rm15_tw10
0-12-47-17-16-15-10-9-13-59-58-52-0,279.8054943548193,seed701_explore_lns_start1_random_regret_rm10_tw8
0-12-14-47-17-16-10-9-13-59-58-52-0,279.8054943548193,seed701_explore_lns_start0_late_best_rm20_tw6
0-12-14-17-16-15-10-9-13-59-58-52-0,279.8054943548193,seed715_explore_lns_start0_late_best_rm15_tw6
0-69-15-47-17-16-13-59-58-57-0,279.9860364553871,seed704_explore_lns_start26_late_random_best_rm10_tw12
0-12-14-11-15-47-17-16-13-59-58-52-0,280.7075140615301,seed602_lns_start1_late_random_best_rm8_tw15
0-52-56-62-67-63-51-64-65-68-0,280.78833979323383,seed702_explore_lns_start22_mixed_best_rm20_tw8
0-66-64-62-67-54-4-55-68-0,281.08687168852464,seed704_explore_lns_start55_random_random_best_rm15_tw15
0-12-14-47-17-15-16-10-9-13-59-52-66-0,281.2168076845401,seed714_explore_lns_start42_mixed_random_best_rm10_tw10
0-65-69-11-12-53-10-13-52-57-64-0,282.07125469220057,seed702_explore_lns_start55_late_regret_rm10_tw10
0-14-47-17-16-15-9-13-59-58-57-0,282.1000347246623,seed702_explore_lns_start28_late_best_rm25_tw10
0-12-14-47-17-15-16-9-13-59-58-65-0,282.4151697944458,seed702_explore_lns_start52_late_random_best_rm25_tw8
0-56-63-62-67-54-68-55-60-2-0,282.7329370581862,seed706_explore_lns_start52_mixed_best_rm15_tw10
0-22-62-67-63-51-64-54-68-0,283.366118009866,seed716_explore_lns_start4_random_regret_rm20_tw6
0-54-69-11-53-57-24-22-20-64-0,283.3745749395474,seed710_explore_lns_start42_late_random_best_rm10_tw12
0-14-47-17-16-15-10-9-13-59-58-65-0,283.81673467773635,seed706_explore_lns_start4_random_random_best_rm20_tw10
0-12-14-47-17-15-16-9-13-59-58-57-0,284.26448870931506,seed702_explore_lns_start21_random_random_best_rm15_tw6
0-51-63-62-67-55-2-45-60-0,285.3937808620698,seed715_explore_lns_start44_mixed_regret_rm15_tw10
0-70-69-11-9-10-53-55-57-0,285.4695597634331,seed706_explore_lns_start0_late_best_rm10_tw15
0-12-14-47-17-15-11-9-59-58-25-0,285.5988012007305,seed702_explore_lns_start54_mixed_best_rm25_tw15
0-47-17-16-15-10-9-13-59-58-57-0,285.6382503267519,seed710_explore_lns_start25_late_regret_rm25_tw8
0-60-12-14-15-47-17-16-13-59-58-52-0,285.7980139730462,seed701_explore_lns_start0_random_best_rm10_tw15
0-51-63-62-67-54-68-55-2-61-0,285.9475856908095,seed714_explore_lns_start9_random_random_best_rm10_tw8
0-60-12-15-16-17-47-14-10-13-59-58-0,286.13008582656755,seed705_explore_lns_start1_mixed_regret_rm25_tw12
0-60-15-16-17-47-9-10-13-59-58-0,286.2247917875145,seed713_explore_lns_start27_mixed_regret_rm10_tw8
0-70-69-11-9-10-53-55-66-56-0,286.5739862818782,seed713_explore_lns_start1_late_best_rm10_tw10
0-60-14-47-17-15-16-9-13-59-58-0,287.8925806985677,seed706_explore_lns_start0_mixed_random_best_rm20_tw6
0-70-69-11-10-53-60-55-68-41-0,288.452043475898,seed715_explore_lns_start42_mixed_regret_rm25_tw12
0-54-56-62-67-63-51-21-19-64-0,288.976839131717,seed708_explore_lns_start4_late_regret_rm20_tw6
0-68-54-67-50-63-51-22-57-64-65-0,291.6239451912647,seed716_explore_lns_start0_late_regret_rm25_tw6
0-65-69-10-11-53-12-17-13-52-57-0,292.0192521120016,seed709_explore_lns_start54_mixed_best_rm15_tw15
0-68-69-11-9-53-60-55-70-41-0,292.05348200195976,seed701_explore_lns_start1_random_regret_rm20_tw6
0-66-69-10-11-53-55-3-5-60-0,292.1487428972789,seed701_explore_lns_start1_mixed_random_best_rm25_tw15
0-66-64-62-67-54-68-70-55-57-0,292.4665215513585,seed706_explore_lns_start54_random_random_best_rm20_tw8
0-70-69-11-53-52-57-22-20-51-0,292.55798211302226,seed711_explore_lns_start52_mixed_random_best_rm20_tw6
0-60-47-17-15-16-9-13-59-58-57-0,292.65147650486347,seed717_explore_lns_start28_random_best_rm25_tw15
0-64-63-62-67-54-68-55-6-70-0,292.8288853420552,seed713_explore_lns_start54_mixed_regret_rm15_tw12
0-68-70-69-10-53-12-13-16-17-60-0,294.22036093536104,seed716_explore_lns_start2_random_best_rm20_tw8
0-51-18-48-23-21-19-49-20-24-25-58-0,294.25156607086234,seed707_explore_lns_start0_mixed_regret_rm20_tw15
0-70-69-11-12-53-60-55-65-57-0,294.8704990110697,seed716_explore_lns_start3_late_best_rm10_tw8
0-70-69-11-10-53-52-22-20-51-0,296.2094360164457,seed706_explore_lns_start51_random_random_best_rm10_tw15
0-70-69-11-53-57-24-19-20-64-0,297.212867971127,seed702_explore_lns_start43_random_random_best_rm15_tw8
0-14-47-17-16-15-9-59-58-25-51-0,297.63733711129544,seed707_explore_lns_start55_late_best_rm15_tw12
0-66-51-62-67-54-68-70-55-60-0,300.311440155577,seed703_explore_lns_start55_late_best_rm15_tw8
0-66-24-20-49-23-21-48-18-19-25-58-52-0,301.3194513628546,seed714_explore_lns_start1_mixed_random_best_rm20_tw12
0-12-14-47-15-11-9-16-13-59-58-52-0,302.0697876045646,seed711_explore_lns_start1_late_random_best_rm15_tw8
0-68-70-69-11-53-13-12-60-65-0,302.0865186308758,seed704_explore_lns_start3_mixed_random_best_rm10_tw6
0-59-23-21-48-18-19-49-25-24-20-66-0,302.10714877024975,seed705_explore_lns_start1_mixed_regret_rm20_tw12
0-52-15-16-17-47-9-13-59-58-57-0,302.5135607131205,seed702_explore_lns_start20_late_regret_rm10_tw6
0-2-69-53-9-13-59-58-52-0,304.12934281019056,seed708_explore_lns_start16_mixed_random_best_rm25_tw12
0-66-10-16-15-17-47-14-12-13-59-58-0,304.17289689738533,seed710_explore_lns_start1_mixed_random_best_rm20_tw15
0-69-12-14-47-17-16-13-59-58-52-0,305.10184816941404,seed711_explore_lns_start0_random_best_rm10_tw15
0-54-62-67-63-51-18-57-64-65-0,305.52349027947565,seed702_explore_lns_start1_mixed_random_best_rm25_tw12
0-70-69-11-12-53-10-13-52-57-65-0,305.57158329458105,seed704_explore_lns_start55_random_random_best_rm15_tw8
0-68-54-67-62-63-51-22-57-52-64-0,305.8361636349058,seed701_explore_lns_start0_mixed_regret_rm15_tw6
0-66-69-10-11-9-53-55-4-0,308.23134356772135,seed702_explore_lns_start0_mixed_regret_rm10_tw8
0-65-52-15-47-17-16-9-13-59-58-0,309.68694446573954,seed706_explore_lns_start26_mixed_best_rm10_tw6
0-64-51-63-62-67-54-55-70-61-68-0,309.8710285582513,seed707_explore_lns_start6_mixed_regret_rm10_tw10
0-70-69-11-53-10-13-22-64-0,309.8740168701071,seed712_explore_lns_start51_random_random_best_rm20_tw10
0-56-51-63-62-67-54-55-60-68-0,309.94885874696547,seed701_explore_lns_start42_late_random_best_rm20_tw12
0-12-14-47-17-11-9-16-13-59-58-52-0,310.31542911364005,seed708_explore_lns_start0_late_best_rm15_tw15
0-64-51-63-62-67-54-55-68-66-0,311.10234246390496,seed706_explore_lns_start3_mixed_best_rm10_tw15
0-70-69-11-9-53-60-55-57-0,311.12987849682975,seed704_explore_lns_start1_mixed_random_best_rm10_tw12
0-66-52-15-16-17-47-14-12-13-59-58-0,311.2718334456729,seed702_explore_lns_start0_mixed_best_rm10_tw8
0-54-62-67-61-68-70-55-60-66-0,311.6690829116922,seed706_explore_lns_start55_mixed_random_best_rm15_tw12
0-2-69-53-12-9-58-57-66-0,312.2071249208926,seed704_explore_lns_start16_mixed_regret_rm10_tw8
0-66-62-50-34-31-29-27-26-28-30-32-33-0,313.2958983228665,seed702_explore_lns_start25_late_regret_rm10_tw12
0-70-69-10-9-53-52-22-64-65-0,313.68441643282597,seed707_explore_lns_start51_late_best_rm10_tw8
0-70-69-11-9-53-57-24-22-20-0,314.4336748465839,seed705_explore_lns_start42_random_random_best_rm15_tw10
0-70-69-11-17-53-52-22-64-0,314.4338683220515,seed710_explore_lns_start51_late_random_best_rm20_tw8
0-12-14-47-17-15-16-9-13-59-52-57-65-0,315.6465945397839,seed702_explore_lns_start51_mixed_random_best_rm10_tw10
0-70-69-12-53-52-57-24-22-25-0,316.05855303604466,seed704_explore_lns_start49_late_best_rm25_tw15
0-51-63-62-67-54-68-55-60-2-0,317.2535516364119,seed701_explore_lns_start43_random_random_best_rm10_tw10
0-54-62-67-50-63-51-20-57-64-65-0,317.55948847443943,seed704_explore_lns_start0_mixed_regret_rm20_tw12
0-47-17-16-15-9-59-58-25-24-66-0,319.13133508264093,seed703_explore_lns_start54_mixed_random_best_rm10_tw6
0-70-69-11-10-53-52-58-22-0,319.69802958476345,seed705_explore_lns_start52_late_random_best_rm10_tw8
0-51-63-62-67-54-68-55-60-66-0,324.6072647525276,seed717_explore_lns_start43_mixed_random_best_rm20_tw10
0-14-47-17-16-15-53-12-13-59-58-0,325.01010883647507,seed706_explore_lns_start0_mixed_random_best_rm15_tw15
0-50-62-67-51-64-66-55-68-54-0,325.5398729273668,seed713_explore_lns_start4_mixed_best_rm20_tw15
0-68-54-67-62-63-51-19-57-64-65-0,329.13593571652086,seed710_explore_lns_start1_late_random_best_rm20_tw15
0-14-47-17-16-15-9-59-58-25-24-66-0,330.7950592950899,seed702_explore_lns_start55_mixed_random_best_rm15_tw6
0-70-69-11-53-52-57-24-22-20-64-0,330.8622876401563,seed701_explore_lns_start42_mixed_random_best_rm15_tw10
0-64-51-63-62-67-54-55-60-68-0,332.91183558840083,seed701_explore_lns_start52_random_random_best_rm15_tw15
0-2-69-53-9-59-58-57-52-65-0,333.2604284727205,seed701_explore_lns_start16_late_random_best_rm20_tw15
0-70-2-60-53-9-59-58-57-22-0,333.82997035589847,seed710_explore_lns_start10_mixed_regret_rm20_tw15
0-56-51-63-33-32-30-28-26-27-29-31-34-0,335.3910795568339,seed703_explore_lns_start13_mixed_random_best_rm15_tw10
0-70-69-11-9-53-52-22-20-64-0,336.3280841651091,seed706_explore_lns_start51_late_random_best_rm15_tw10
0-52-15-16-17-47-14-12-13-59-58-57-0,338.0730404527111,seed710_explore_lns_start1_random_best_rm20_tw15
0-54-62-67-63-51-25-57-64-65-0,339.3409318449495,seed708_explore_lns_start1_random_random_best_rm25_tw8
0-65-69-14-47-16-9-13-59-58-57-0,340.475410937264,seed709_explore_lns_start16_late_random_best_rm20_tw10
0-14-47-17-16-15-9-59-58-25-24-64-0,340.81757693527913,seed701_explore_lns_start54_mixed_best_rm10_tw12
0-70-69-11-53-52-57-24-22-20-65-0,342.07825941457884,seed704_explore_lns_start43_late_random_best_rm15_tw8
0-70-69-11-53-57-24-22-20-21-0,343.2279043285099,seed701_explore_lns_start44_mixed_random_best_rm10_tw10
0-12-14-47-16-15-9-59-58-25-24-57-0,343.68316894881065,seed702_explore_lns_start54_late_random_best_rm15_tw8
0-14-17-16-15-9-59-58-25-24-57-0,345.26507371960025,seed705_explore_lns_start54_mixed_best_rm10_tw8
0-51-63-62-67-54-68-55-65-66-64-0,346.25713531916557,seed717_explore_lns_start2_random_best_rm20_tw6
0-14-47-17-15-11-9-16-13-59-58-52-0,346.76224092067775,seed701_explore_lns_start1_late_best_rm15_tw15
0-70-2-69-53-59-58-57-52-65-0,350.2505032917963,seed711_explore_lns_start14_late_best_rm20_tw10
0-14-47-17-16-15-9-59-58-25-57-65-0,350.46937034916596,seed717_explore_lns_start4_mixed_random_best_rm15_tw6
0-51-63-62-67-54-68-55-60-10-0,352.50856403248713,seed715_explore_lns_start43_mixed_regret_rm15_tw12
0-70-69-53-10-9-58-22-64-0,354.15983164039164,seed713_explore_lns_start52_late_random_best_rm15_tw8
0-12-14-47-17-15-16-9-59-58-25-24-0,354.8845903394019,seed703_explore_lns_start55_late_best_rm15_tw8
0-66-64-51-62-67-54-68-55-70-60-0,355.25132620559896,seed706_explore_lns_start54_late_best_rm10_tw15
0-66-24-49-23-21-48-18-19-25-13-0,355.355469571725,seed702_explore_lns_start4_mixed_random_best_rm25_tw10
0-14-47-17-16-15-9-59-58-25-24-57-0,356.90099466619534,seed701_explore_lns_start54_late_best_rm15_tw8
0-56-51-63-62-67-54-55-60-70-0,358.1177268475832,seed703_explore_lns_start42_late_best_rm15_tw10
0-70-69-11-12-53-52-24-22-20-64-0,361.7535691343505,seed701_explore_lns_start49_late_regret_rm10_tw15
0-69-12-15-16-17-47-14-13-59-58-0,367.38560172974894,seed711_explore_lns_start1_late_best_rm20_tw12
0-66-64-51-62-67-54-68-55-2-61-0,367.9020059581224,seed704_explore_lns_start9_random_random_best_rm15_tw12
0-70-2-69-53-9-59-58-57-52-0,372.1394128679019,seed708_explore_lns_start9_late_best_rm15_tw12
0-60-69-12-14-47-17-13-59-58-52-0,374.8896228190772,seed711_explore_lns_start0_late_best_rm25_tw15
0-66-69-11-9-53-60-55-70-52-0,375.1125815484429,seed709_explore_lns_start0_mixed_random_best_rm10_tw6
0-70-69-11-53-57-22-24-58-0,392.12317898370816,seed701_explore_lns_start44_late_best_rm10_tw12
0-2-69-53-9-58-52-57-22-0,393.0891308434855,seed704_explore_lns_start8_mixed_regret_rm20_tw10
0-60-14-47-17-15-16-9-13-59-58-52-0,395.3123132390704,seed711_explore_lns_start1_late_regret_rm25_tw12
0-70-69-12-14-47-17-16-13-59-58-52-0,406.3270184246204,seed712_explore_lns_start1_late_random_best_rm15_tw12
0-12-14-47-17-15-16-9-13-59-58-25-0,412.43186321177274,seed715_explore_lns_start0_random_best_rm10_tw6
0-12-14-47-17-15-16-10-13-59-58-25-0,413.3225911361393,seed706_explore_lns_start0_late_random_best_rm20_tw8
0-64-51-63-62-67-66-55-68-61-54-0,423.4994205717626,seed704_explore_lns_start11_mixed_best_rm10_tw15
