route,score,source
0-92-95-64-83-65-52-75-23-21-18-19-22-51-76-63-85-84-62-50-34-31-29-27-26-28-30-32-33-67-94-71-72-37-35-43-54-96-93-91-56-66-80-68-55-100-70-4-1-0,1451.5575473127806,seed606_lns_start37_random_regret_rm6_tw10_guarded
0-92-95-64-83-65-52-75-23-21-18-19-22-51-76-63-85-84-62-50-34-31-29-27-26-28-30-32-33-67-71-94-96-54-72-41-37-35-43-70-100-55-68-66-56-91-80-93-89-0,1955.0587790523352,seed601_lns_start37_random_regret_rm3_tw12_guarded
0-65-64-83-52-75-23-21-51-22-19-18-76-63-85-95-92-94-81-71-67-62-34-31-29-27-26-28-30-32-33-50-84-56-66-91-96-54-37-35-43-70-100-55-68-80-93-89-0,2057.190663060134,seed602_lns_start38_mixed_random_best_rm5_tw10_guarded
0-69-82-65-52-83-64-92-95-51-19-18-21-23-22-76-63-85-62-67-94-81-72-71-34-31-29-27-26-28-30-32-33-50-84-56-66-91-80-96-54-37-35-43-68-55-100-70-93-89-0,2059.7218335162297,seed601_lns_start40_random_best_rm4_tw8_guarded
0-69-65-52-83-64-92-95-62-63-76-18-21-23-19-22-51-84-85-33-28-26-27-29-31-30-32-34-50-67-71-94-96-81-54-72-41-37-35-43-70-100-55-68-66-56-91-93-80-89-0,2060.010377318979,seed606_lns_start38_random_best_rm5_tw15_guarded
0-95-62-31-29-27-28-30-33-63-76-51-64-92-94-67-71-72-41-39-38-36-35-37-40-43-44-42-81-61-1-3-4-46-8-79-78-14-10-9-97-58-74-13-17-60-55-100-70-68-0,2112.6013610041705,seed604_lns_start15_late_random_best_rm8_tw6_guarded
0-69-98-82-92-67-71-72-39-38-36-40-44-42-61-81-90-99-53-88-2-3-5-45-46-8-6-7-79-73-78-14-10-9-87-74-57-24-20-49-48-25-77-58-97-13-17-60-4-1-0,2169.644442195182,seed601_lns_start45_mixed_best_rm8_tw10_guarded
0-69-82-12-11-15-16-47-73-7-5-45-2-6-88-98-90-65-83-99-52-86-87-59-97-75-77-25-23-21-48-18-19-49-20-22-24-57-66-56-84-50-34-26-32-96-54-93-80-91-89-0,2183.6263693592227,seed602_lns_start3_late_regret_rm6_tw12_guarded
0-65-64-83-52-59-75-23-21-19-18-22-51-76-63-85-84-95-62-50-33-32-30-28-26-27-29-31-34-67-92-94-71-96-54-72-37-35-43-70-100-55-68-66-56-91-80-93-89-0,2200.9797938639467,seed604_lns_start40_mixed_regret_rm8_tw12_guarded
0-69-98-12-11-15-16-47-73-7-5-45-2-6-88-53-82-90-65-99-52-86-87-59-75-77-25-23-21-48-18-19-49-20-22-24-57-83-66-56-84-50-34-26-32-96-54-93-80-91-89-0,2275.423441570479,seed602_lns_start4_late_regret_rm6_tw12_guarded
0-69-82-92-95-67-71-72-39-38-36-40-44-42-61-81-90-99-53-98-88-2-3-5-45-46-8-6-7-79-73-78-14-10-9-87-57-24-20-49-48-25-77-58-97-74-13-17-1-0,2278.4843442808105,seed603_lns_start48_late_best_rm8_tw8_guarded
0-98-82-12-11-15-16-47-73-7-2-45-5-8-6-88-69-90-65-99-52-86-87-59-75-77-25-23-21-48-18-19-49-20-22-24-57-83-66-56-84-50-34-26-32-96-54-93-80-91-89-0,2314.4295609278215,seed603_lns_start4_late_regret_rm6_tw15_guarded
0-92-62-31-29-27-28-30-33-63-76-51-64-95-67-94-71-72-41-42-39-38-37-35-36-40-43-44-61-81-53-9-10-14-78-79-8-3-1-4-46-100-70-68-55-60-17-13-74-58-0,2328.801974668866,seed601_lns_start19_late_random_best_rm8_tw10_guarded
0-69-65-92-95-67-71-72-39-38-36-40-44-42-61-81-90-98-53-88-2-3-5-45-46-8-6-7-79-73-78-12-10-9-87-86-57-24-20-49-48-25-77-58-97-74-13-17-4-1-0,2419.371364082195,seed602_lns_start48_late_regret_rm8_tw12_guarded
0-65-82-12-11-15-16-47-73-7-5-45-2-6-88-53-98-69-90-99-52-86-87-59-75-77-25-23-21-48-18-19-49-20-22-24-57-83-66-56-84-50-34-26-32-93-96-54-68-91-89-0,2507.8608785159786,seed601_lns_start3_late_random_best_rm8_tw12_guarded
0-69-98-12-11-15-16-47-73-2-45-7-79-88-53-82-90-65-99-52-86-87-59-75-77-25-23-21-48-18-19-49-20-22-24-57-83-66-56-84-50-34-26-32-93-96-54-68-91-80-89-0,2528.6116141009998,seed606_lns_start1_late_best_rm8_tw12_guarded
0-65-64-83-52-12-11-75-23-21-18-19-22-51-76-63-85-84-95-92-67-62-50-33-32-30-31-29-27-26-28-34-71-93-94-96-54-37-35-43-70-100-55-68-66-56-91-80-89-0,2653.543478198753,seed603_lns_start38_mixed_random_best_rm8_tw8_guarded
0-69-98-82-92-67-71-72-39-38-36-40-44-42-61-81-90-99-53-88-2-6-46-45-3-5-8-7-79-73-78-14-10-9-87-86-57-24-20-49-48-25-77-58-97-74-13-17-4-1-0,2693.985213788378,seed605_lns_start48_late_random_best_rm6_tw12_guarded
0-64-95-62-31-29-27-28-30-33-63-76-51-85-67-92-94-71-72-41-39-38-37-35-36-40-43-44-42-81-61-1-3-4-46-8-6-78-14-10-9-97-58-74-13-17-60-55-100-70-68-0,2782.7676742557724,seed603_lns_start5_late_regret_rm6_tw10_guarded
0-92-62-31-29-27-28-30-33-76-63-85-51-64-95-67-94-71-72-41-39-38-37-35-36-40-43-44-42-61-81-68-53-9-10-14-78-6-8-3-1-46-4-70-100-55-60-17-13-74-58-0,2790.5418487847123,seed606_lns_start5_late_best_rm8_tw15_guarded
0-64-95-62-31-29-27-28-30-33-63-76-51-85-67-92-94-71-72-41-39-38-37-35-36-40-43-44-42-81-61-1-3-5-8-46-6-78-14-10-9-97-58-74-13-17-60-55-100-70-4-0,2799.8396184411395,seed606_lns_start1_late_best_rm8_tw12_guarded
0-82-65-64-83-52-59-75-23-21-18-19-22-76-51-84-95-92-94-71-67-62-85-63-33-32-30-31-29-28-26-27-34-50-93-96-54-72-37-35-43-70-100-55-68-66-56-91-80-89-0,2910.332598631069,seed603_lns_start39_mixed_best_rm6_tw8_guarded
0-65-82-69-98-12-14-15-16-47-73-7-2-88-53-11-9-87-59-75-77-25-23-21-48-18-19-49-20-22-83-57-86-52-99-90-66-56-84-50-34-26-32-93-96-54-68-80-91-24-89-0,2948.3900154133235,seed604_lns_start8_mixed_random_best_rm8_tw15_guarded
0-83-65-69-98-88-12-11-15-16-47-73-79-7-45-2-90-82-99-52-57-86-87-59-75-77-25-23-21-48-18-19-49-22-20-84-85-32-26-34-50-93-96-54-56-66-80-91-24-89-0,2966.8664100032374,seed605_lns_start17_late_random_best_rm6_tw6_guarded
0-65-82-52-83-23-21-76-63-51-64-92-95-84-94-67-62-50-34-31-29-27-26-28-30-32-33-85-18-48-19-49-20-22-24-57-99-59-97-10-60-100-70-55-74-58-77-25-89-0,2980.51759889926,seed606_lns_start35_late_best_rm8_tw15
0-65-98-12-11-15-16-47-73-7-5-45-6-2-88-53-69-90-82-99-52-86-87-59-75-77-25-23-21-48-18-19-49-20-22-24-57-83-66-56-96-54-93-50-34-26-32-89-91-80-68-0,3047.1198108090252,seed602_lns_start4_late_best_rm8_tw6_guarded
0-64-95-62-31-29-27-28-30-33-63-76-51-85-67-92-94-71-72-41-39-38-37-35-36-40-43-44-42-81-61-1-3-4-46-8-79-78-14-10-9-97-58-74-13-17-60-55-100-70-80-0,3064.9369412544056,seed601_lns_start3_late_random_best_rm8_tw12_guarded
0-92-62-31-29-27-28-30-33-76-63-85-51-64-95-67-94-71-72-41-39-38-37-35-36-40-43-44-42-61-81-68-53-9-10-14-78-79-8-3-1-46-4-70-100-55-60-17-13-74-58-0,3083.978212554398,seed605_lns_start5_late_best_rm8_tw10_guarded
0-92-72-42-44-61-39-38-36-40-41-71-67-81-90-99-82-69-98-53-88-2-3-5-45-46-8-6-7-79-73-78-14-10-9-87-97-74-57-24-20-48-25-77-58-13-17-1-0,3108.972627545052,seed605_lns_start48_late_regret_rm8_tw10_guarded
0-64-95-62-31-29-27-28-30-33-85-63-76-51-84-67-92-94-71-72-41-39-38-37-36-40-43-44-42-81-61-2-45-46-8-6-78-14-10-9-97-58-74-13-17-60-55-100-70-68-35-0,3147.991074338903,seed601_lns_start5_late_random_best_rm6_tw10_guarded
0-95-62-31-29-27-28-30-33-63-76-51-64-92-94-67-71-72-81-61-41-39-38-37-36-40-43-44-42-1-3-4-46-8-7-6-79-14-10-9-97-58-74-13-17-60-55-100-70-68-35-0,3157.030817638706,seed603_lns_start10_late_regret_rm8_tw6_guarded
0-64-95-62-31-29-27-28-30-33-63-76-51-85-67-92-94-71-72-41-39-38-37-36-40-43-44-42-81-61-1-3-4-46-8-79-78-14-10-9-97-58-74-13-17-60-55-100-70-68-35-0,3159.6072743174245,seed601_lns_start6_late_best_rm6_tw6_guarded
0-64-83-65-82-98-88-12-11-99-52-86-23-21-18-19-76-63-85-33-28-26-27-29-31-30-32-34-50-67-94-84-51-22-49-20-57-74-59-97-75-58-77-25-48-24-91-80-93-89-0,3186.641161920532,seed604_lns_start53_late_random_best_rm6_tw10_guarded
0-65-52-75-83-64-19-23-21-18-22-92-95-84-51-76-63-85-50-34-33-28-26-27-29-30-32-71-72-54-81-94-91-56-66-80-96-68-55-100-70-43-37-35-93-89-0,3208.4170559583026,seed601_lns_start39_late_regret_rm8_tw10
0-92-62-31-29-27-28-30-33-63-76-51-64-95-67-94-71-72-41-39-38-36-37-40-43-44-42-81-61-7-8-46-3-4-6-79-78-14-17-10-9-13-97-58-74-55-68-70-100-60-1-0,3240.54389156406,seed604_lns_start14_late_random_best_rm6_tw8_guarded
0-95-62-31-29-27-28-30-33-63-76-51-64-92-94-67-71-72-41-39-38-36-35-37-40-43-44-42-81-61-3-46-8-6-7-79-78-14-10-9-97-58-74-13-17-60-55-100-70-4-1-0,3276.9838502651346,seed601_lns_start10_mixed_random_best_rm8_tw15_guarded
0-64-95-62-31-29-27-28-30-33-85-63-76-51-84-67-92-94-71-72-41-39-38-37-35-36-40-43-44-42-81-61-3-46-8-79-78-14-10-9-97-58-74-13-17-60-55-100-70-4-1-0,3279.925581146163,seed602_lns_start4_late_best_rm8_tw6_guarded
0-64-95-62-31-29-27-28-30-33-63-76-51-85-67-92-94-71-72-41-39-38-37-36-40-43-44-42-61-81-6-8-45-5-3-1-4-46-79-78-10-97-58-74-13-17-60-55-100-70-35-0,3288.9292699771668,seed604_lns_start8_mixed_random_best_rm8_tw15_guarded
0-69-98-2-5-45-88-73-47-16-15-11-12-53-82-90-65-99-52-86-87-59-75-77-25-23-21-48-18-19-49-20-22-24-57-83-84-85-32-26-34-50-56-66-68-54-96-93-80-91-89-0,3320.9212771340262,seed602_lns_start18_late_best_rm8_tw6_guarded
0-92-62-31-29-27-28-30-33-63-76-51-64-95-67-94-71-72-41-42-39-38-37-35-36-40-43-44-81-61-3-4-46-8-7-6-79-78-14-10-9-13-97-58-74-55-68-70-100-60-17-0,3337.97311420604,seed606_lns_start18_late_random_best_rm8_tw12_guarded
0-65-83-52-11-12-47-16-15-59-75-23-21-18-19-22-76-51-64-95-62-50-34-31-29-27-26-28-30-32-33-63-85-84-56-66-91-94-93-96-41-43-35-37-54-68-55-70-100-60-80-89-0,3370.1576936613633,seed605_lns_start48_late_random_best_rm6_tw12_guarded
0-2-45-5-88-12-11-15-16-47-73-78-53-98-69-90-65-82-99-52-86-87-59-75-77-25-23-21-48-18-19-49-20-22-24-57-83-66-56-84-85-50-34-26-32-96-54-93-80-91-89-0,3375.2953751568784,seed602_lns_start12_random_random_best_rm8_tw12_guarded
0-69-98-44-42-61-39-38-36-40-41-90-53-88-2-45-3-5-46-8-6-7-79-73-78-12-11-15-16-47-14-10-9-87-97-59-86-57-24-20-49-48-25-77-58-74-13-17-60-4-1-0,3386.513816760477,seed605_lns_start37_mixed_regret_rm6_tw10_guarded
0-65-83-52-11-12-47-15-16-75-59-86-22-19-23-21-18-76-51-64-95-62-50-34-31-29-27-26-28-30-32-33-63-85-84-56-94-93-96-54-41-37-35-43-70-100-55-68-80-91-66-89-0,3388.270770283135,seed601_lns_start45_mixed_best_rm8_tw10_guarded
0-98-65-64-83-52-23-21-19-76-63-85-62-84-95-92-94-67-50-34-31-29-27-26-28-30-32-33-51-18-48-22-49-20-99-57-24-25-77-58-97-59-74-10-55-100-70-60-89-0,3388.922611315208,seed601_lns_start34_mixed_best_rm8_tw10
0-65-64-83-52-15-16-75-23-21-18-19-22-51-76-63-85-84-95-92-94-71-67-62-33-30-32-31-29-28-26-27-34-50-56-93-96-54-72-37-35-43-70-100-55-68-80-91-66-89-0,3420.6949803250805,seed603_lns_start38_mixed_random_best_rm8_tw12_guarded
0-92-62-31-29-27-28-30-33-76-63-85-64-95-67-94-71-72-81-61-41-39-38-37-36-40-43-44-42-1-3-4-46-8-7-6-79-14-10-9-97-58-74-13-17-60-55-100-70-68-35-0,3440.9089988881105,seed604_lns_start19_late_regret_rm8_tw6_guarded
0-65-82-12-11-15-16-47-73-7-5-45-2-6-88-98-69-90-99-52-86-87-59-97-75-77-25-23-21-48-18-19-49-20-22-57-83-66-56-84-85-50-34-26-32-93-96-54-80-91-24-89-0,3452.845033250591,seed601_lns_start19_late_random_best_rm8_tw10_guarded
0-69-98-12-11-15-16-47-73-7-5-45-2-6-88-53-82-90-65-99-52-86-87-59-75-77-25-23-21-48-18-19-49-20-22-57-83-66-56-84-85-50-34-26-32-93-96-54-80-91-24-89-0,3455.8111824895486,seed605_lns_start14_late_random_best_rm6_tw8_guarded
0-92-72-42-44-61-39-38-36-40-41-71-81-90-99-82-69-98-53-88-2-3-5-45-46-8-6-7-79-73-78-14-10-9-87-86-74-24-20-49-48-25-77-58-97-13-17-4-1-0,3459.658381889143,seed605_lns_start46_late_random_best_rm8_tw8_guarded
0-92-72-42-44-61-39-38-36-40-71-81-90-99-82-98-53-88-69-2-3-5-45-46-8-6-7-79-73-78-12-10-9-87-97-57-24-49-20-48-25-77-58-74-13-4-1-0,3469.581127952185,seed603_lns_start48_late_regret_rm8_tw10
0-65-64-83-52-75-23-21-76-63-85-62-84-95-92-94-67-50-34-31-29-27-26-28-30-32-33-51-18-48-19-49-20-22-24-57-99-59-97-10-60-100-70-55-74-58-77-25-89-0,3510.900114147886,seed603_lns_start36_mixed_random_best_rm8_tw10
0-92-95-62-31-29-27-30-28-33-63-76-51-64-84-67-94-71-72-41-39-38-36-35-37-40-43-44-42-81-61-3-4-46-8-6-60-53-78-17-10-9-13-97-58-74-55-100-70-68-0,3593.589147120494,seed603_lns_start18_mixed_best_rm8_tw12
0-69-98-2-88-14-15-16-47-73-78-12-11-9-53-82-99-52-87-59-75-86-57-23-21-48-18-19-49-20-22-83-65-90-66-56-84-50-34-26-32-93-96-54-68-80-91-24-25-89-0,3595.569931702298,seed606_lns_start8_mixed_regret_rm6_tw15_guarded
0-69-98-65-64-83-52-75-23-21-18-19-22-51-76-63-85-84-95-92-67-62-50-33-32-30-31-29-27-26-28-34-71-94-96-54-72-41-37-35-43-70-100-55-68-66-56-91-80-93-89-0,3595.8726211988587,seed602_lns_start39_random_best_rm5_tw8_guarded
0-69-92-71-67-39-42-44-40-36-38-61-81-90-98-82-99-53-88-2-3-5-45-46-8-6-7-79-73-78-12-10-9-13-87-97-57-24-49-20-48-25-77-58-74-4-1-0,3613.508285263583,seed601_lns_start49_late_best_rm8_tw12
0-82-11-14-47-15-16-59-75-23-21-18-19-22-52-99-83-64-51-76-63-85-33-32-30-28-26-27-29-31-34-50-62-84-56-66-91-94-96-54-41-43-35-37-93-80-68-70-100-55-60-89-0,3633.2531644572314,seed602_lns_start48_late_regret_rm8_tw12_guarded
0-65-64-83-52-75-23-21-19-18-22-51-76-63-85-84-95-92-94-93-71-67-62-50-33-32-30-31-29-27-26-28-34-96-81-54-72-37-35-43-70-100-55-68-80-91-66-56-89-0,3635.3865240342534,seed603_lns_start37_mixed_random_best_rm4_tw12
0-69-98-2-5-45-88-12-14-47-16-15-11-9-82-90-65-53-99-83-57-52-86-87-59-58-77-25-23-21-48-18-19-49-22-20-84-85-32-26-34-50-93-54-96-80-91-56-66-24-89-0,3727.073380720771,seed605_lns_start22_late_random_best_rm8_tw10
0-2-45-5-12-11-15-16-47-73-79-7-88-98-69-90-65-82-99-52-86-87-59-97-75-77-25-23-21-48-18-19-49-20-22-24-57-83-66-56-84-50-34-26-32-96-54-93-80-91-89-0,3730.2375958532148,seed603_lns_start1_late_regret_rm8_tw12_guarded
0-65-82-59-75-99-83-64-51-63-85-84-95-92-94-67-62-50-34-31-29-27-26-28-30-32-33-76-18-48-21-23-19-49-20-22-24-57-74-25-77-58-97-13-10-60-55-100-70-89-0,3771.625371779971,seed601_lns_start36_mixed_regret_rm4_tw8_guarded
0-82-11-14-12-98-69-61-42-44-40-36-38-39-41-81-90-53-88-2-6-46-45-3-5-8-7-79-73-78-47-16-10-9-87-59-74-86-57-24-20-49-48-25-77-58-97-13-17-60-4-1-0,3795.7099603174406,seed606_lns_start37_random_best_rm6_tw6_guarded
0-65-83-52-11-14-47-15-16-75-86-23-21-18-19-22-64-95-62-50-34-31-29-27-26-28-30-32-33-85-63-76-51-84-56-66-80-94-93-96-54-41-37-35-43-68-55-70-100-60-91-89-0,3802.585390625718,seed606_lns_start47_late_best_rm8_tw15_guarded
0-92-95-64-83-65-82-52-99-59-75-23-21-18-19-76-84-94-67-62-50-34-31-29-27-26-28-30-32-33-63-85-51-49-20-22-57-24-48-25-77-58-97-74-10-55-100-70-60-89-0,3805.14705030732,seed602_lns_start36_late_regret_rm5_tw8
0-69-98-44-42-61-39-38-36-40-41-90-99-82-53-88-2-6-46-45-3-5-8-7-79-73-78-12-14-47-10-9-87-59-74-86-57-24-22-20-49-48-25-77-58-97-13-17-60-4-1-0,3812.0268173710074,seed605_lns_start39_random_regret_rm8_tw15_guarded
0-64-63-33-30-28-27-29-31-67-62-85-76-51-95-92-94-71-72-41-39-38-37-35-36-40-43-44-42-61-81-68-53-9-10-14-78-79-46-4-3-1-70-100-55-60-17-13-97-58-74-0,3822.978985620839,seed603_lns_start4_late_regret_rm6_tw15_guarded
0-82-98-69-72-39-38-36-42-44-40-41-61-88-53-90-2-3-5-45-46-8-6-7-79-73-78-12-14-47-16-15-10-9-87-59-97-74-86-57-24-20-48-25-77-58-13-17-60-4-1-0,3841.4147576809028,seed606_lns_start38_random_best_rm5_tw15
0-2-69-52-82-98-88-73-78-12-14-47-16-15-11-9-87-59-86-25-23-48-18-19-49-20-22-24-83-65-99-53-90-57-66-56-84-50-34-32-26-89-91-96-54-93-80-77-0,3863.353958754669,seed601_lns_start8_late_regret_rm5_tw12
0-64-92-95-62-63-76-33-30-28-27-29-31-67-94-71-72-41-42-39-38-37-35-36-40-43-44-81-61-1-3-4-46-8-7-6-78-53-14-10-9-97-58-74-13-17-60-55-100-70-68-0,3870.7684575497988,seed603_lns_start13_late_random_best_rm8_tw10_guarded
0-92-95-64-63-62-67-72-42-44-40-38-39-41-61-81-84-85-76-51-19-21-58-75-97-9-10-17-78-79-6-8-46-5-3-43-36-35-37-54-96-68-55-100-70-1-4-60-0,3878.82986098693,seed604_lns_start44_random_regret_rm8_tw6
0-69-98-2-5-45-88-73-47-16-15-11-12-53-82-90-65-99-52-86-87-59-75-77-25-23-21-48-18-19-49-20-22-24-57-83-66-84-85-50-34-32-26-89-56-91-80-96-93-54-1-0,3909.655613728676,seed606_lns_start18_late_random_best_rm8_tw12_guarded
0-69-98-2-5-45-88-73-47-16-15-11-12-53-82-90-65-83-57-99-52-86-87-59-75-77-25-23-21-48-18-19-49-24-22-20-84-85-50-34-32-26-56-66-91-80-96-54-93-35-89-0,3930.0216306443663,seed604_lns_start14_late_random_best_rm6_tw8_guarded
0-92-72-42-44-61-39-38-36-40-41-71-67-81-90-99-82-69-98-88-2-3-5-45-46-8-6-7-79-73-78-53-10-9-87-97-57-24-20-49-48-25-77-58-74-13-17-89-0,3943.8890618544306,seed605_lns_start45_late_best_rm8_tw10_guarded
0-65-75-52-83-64-19-23-21-18-22-51-76-84-95-92-94-93-71-67-62-85-63-33-32-30-31-29-27-26-28-34-50-96-81-54-72-37-35-43-70-55-68-80-91-66-56-89-0,4000.1120382702024,seed605_lns_start37_mixed_random_best_rm6_tw15
0-82-11-14-12-98-61-42-44-40-36-38-39-41-81-90-53-88-2-6-46-45-3-5-8-7-79-73-78-47-16-15-10-9-87-97-59-86-57-24-20-49-48-25-77-58-74-13-17-60-4-1-0,4025.4593516429795,seed602_lns_start40_mixed_best_rm6_tw6_guarded
0-2-45-5-61-39-38-36-40-44-42-41-90-69-98-53-88-7-8-46-3-1-4-6-79-73-78-47-15-11-10-9-87-97-59-86-99-57-24-49-20-48-25-77-58-74-13-17-60-0,4074.9309799065995,seed603_lns_start39_random_best_rm6_tw15
0-92-62-64-65-83-52-75-23-21-18-51-19-22-76-63-85-84-95-67-50-33-32-30-28-26-27-29-31-34-94-93-71-96-54-72-37-35-43-70-100-55-68-66-80-91-56-89-0,4096.936391171759,seed605_lns_start39_mixed_regret_rm8_tw10
0-69-98-2-5-45-88-73-12-47-16-15-11-82-90-65-99-52-57-86-87-59-75-25-23-21-48-18-19-49-20-22-24-83-66-56-84-85-89-26-32-34-50-93-54-96-80-91-77-1-0,4181.047916046591,seed602_lns_start17_mixed_random_best_rm8_tw8
0-65-15-75-52-99-83-64-22-19-23-21-18-76-51-95-67-62-50-34-31-29-27-26-28-30-32-33-63-85-84-56-92-94-71-93-96-54-72-37-35-43-70-100-55-68-80-91-66-89-0,4231.963300709798,seed606_lns_start37_random_best_rm6_tw6_guarded
0-65-83-52-59-75-23-21-19-76-51-64-95-92-94-67-84-62-50-34-31-29-27-26-28-30-32-33-63-85-20-22-49-18-48-25-24-57-99-74-77-58-97-13-10-60-55-100-70-89-0,4242.394378499595,seed601_lns_start33_mixed_regret_rm6_tw8
0-83-69-98-2-5-45-88-73-47-16-12-11-82-90-65-99-52-57-86-87-59-75-77-25-23-21-48-18-19-49-20-22-24-84-85-32-26-34-50-93-54-96-80-91-56-66-89-1-0,4269.580100205279,seed604_lns_start19_mixed_random_best_rm8_tw10
0-69-98-2-88-61-44-39-38-36-40-42-71-92-81-6-46-5-3-1-45-8-7-79-73-78-12-82-99-90-53-10-9-87-97-57-49-20-24-48-25-77-58-74-13-4-0,4270.26476370807,seed601_lns_start48_late_regret_rm8_tw8
0-65-82-64-83-52-75-23-21-19-22-18-76-51-84-95-92-94-93-71-67-62-85-63-33-32-30-31-29-27-26-28-34-50-96-81-54-72-37-35-43-70-100-55-68-80-91-66-56-89-0,4270.984819177327,seed603_lns_start39_mixed_best_rm6_tw8
0-92-72-71-67-39-38-36-40-44-42-61-81-90-69-98-88-2-3-1-5-45-46-8-6-7-79-73-78-12-53-82-99-9-10-87-97-57-49-20-24-48-25-77-58-74-13-4-0,4274.720405449453,seed601_lns_start45_late_regret_rm8_tw10
0-65-83-52-11-12-14-47-16-15-59-75-86-23-21-18-19-22-64-95-62-50-34-31-29-27-26-28-30-32-33-85-63-76-51-84-56-66-91-80-94-93-96-54-37-35-43-68-70-100-55-60-4-1-0,4276.373948982044,seed605_lns_start45_late_best_rm8_tw10_guarded
0-65-82-14-47-15-16-52-73-78-12-11-9-75-59-87-86-23-21-18-19-49-20-22-24-83-90-69-88-53-99-57-56-84-34-26-32-50-93-54-96-80-91-66-77-25-48-89-0,4278.956019369912,seed606_lns_start8_random_random_best_rm4_tw10
0-82-98-69-92-67-71-61-42-44-39-38-36-40-81-90-88-6-2-8-45-5-3-1-4-46-7-79-73-78-53-12-10-9-13-87-99-57-24-49-20-48-25-77-58-97-74-17-0,4284.820491065425,seed601_lns_start45_mixed_best_rm8_tw10
0-82-11-47-14-12-88-61-42-44-40-36-38-39-41-81-90-69-98-53-2-3-5-45-46-8-6-7-79-73-78-10-9-87-97-59-86-99-57-24-20-49-48-25-77-58-74-13-17-60-4-1-0,4291.153233321838,seed603_lns_start38_mixed_random_best_rm8_tw12_guarded
0-82-11-14-12-88-61-42-44-40-36-38-39-81-90-99-53-2-6-46-45-3-5-8-7-79-73-78-47-16-15-10-9-87-97-59-86-57-24-20-49-48-25-77-58-74-13-17-60-4-1-0,4315.005887493208,seed602_lns_start39_random_best_rm5_tw8_guarded
0-52-82-69-98-88-12-14-15-16-47-11-9-59-86-87-75-23-21-19-99-53-78-73-79-7-6-4-2-8-46-45-5-3-1-43-37-35-54-34-26-32-50-80-68-55-100-70-60-0,4317.197321498486,seed601_lns_start68_random_best_rm6_tw10
0-95-62-31-29-27-28-30-33-63-76-51-64-92-94-67-71-72-41-39-38-36-37-40-43-44-42-81-61-3-5-46-8-6-60-53-78-17-14-10-9-13-97-58-74-55-68-70-100-4-1-35-0,4327.574330850578,seed605_lns_start17_late_random_best_rm6_tw6_guarded
0-92-64-83-65-98-88-69-82-99-52-90-57-86-11-12-73-47-16-15-87-59-75-58-77-25-23-21-48-18-19-49-24-22-20-84-94-96-54-93-50-34-32-26-89-56-91-66-80-0,4328.161938598707,seed604_lns_start42_mixed_best_rm6_tw10
0-2-45-5-88-12-11-15-16-47-73-78-53-98-69-90-65-82-99-52-86-87-59-75-77-25-23-21-48-18-19-49-22-20-51-84-83-57-66-56-91-80-96-54-93-50-34-32-26-89-24-0,4359.008637142012,seed604_lns_start19_late_regret_rm8_tw6_guarded
0-65-52-11-12-47-16-15-59-75-23-21-18-19-22-57-83-64-95-67-62-50-34-31-29-27-26-28-30-32-33-85-63-76-51-84-56-66-91-94-96-54-43-37-35-93-80-68-70-100-55-60-89-0,4415.787672459623,seed605_lns_start46_late_random_best_rm8_tw8_guarded
0-65-52-59-75-83-64-19-23-21-18-22-51-76-63-85-84-95-92-94-93-71-67-62-50-33-32-30-28-26-27-29-31-34-96-81-54-72-37-35-43-70-100-55-68-66-80-91-56-89-0,4418.565629786211,seed603_lns_start37_mixed_regret_rm8_tw10
0-98-65-64-83-52-59-75-23-21-19-18-76-63-85-84-95-92-94-67-62-50-34-31-29-27-26-28-30-32-33-51-49-20-22-99-57-24-48-25-77-58-97-74-10-55-100-70-60-89-0,4458.340818103053,seed606_lns_start33_mixed_regret_rm5_tw12
0-92-95-62-71-72-38-39-44-42-61-69-53-78-73-79-7-8-46-45-5-3-2-6-14-47-17-16-15-13-87-9-10-90-81-41-43-40-36-35-37-54-96-56-66-68-55-100-70-1-4-60-0,4501.053854094445,seed601_lns_start54_late_best_rm5_tw12_guarded
0-92-72-71-67-39-38-36-40-44-42-61-81-90-69-98-88-2-3-5-45-46-8-6-7-79-73-78-12-53-82-99-10-9-87-97-59-57-24-20-49-48-25-77-58-74-13-17-4-1-0,4525.079621775165,seed604_lns_start45_late_best_rm8_tw8_guarded
0-92-62-31-29-27-28-30-33-63-76-51-64-95-67-94-71-72-41-42-44-39-38-40-36-35-37-43-61-81-68-6-73-79-8-46-4-3-1-100-60-78-17-10-13-97-74-55-70-0,4536.361157708302,seed602_lns_start22_late_random_best_rm8_tw12
0-2-45-5-12-11-15-16-47-73-79-88-98-69-90-65-82-99-52-86-87-59-75-77-25-23-21-48-18-19-49-20-22-24-57-83-84-51-85-50-34-26-32-56-66-91-80-96-54-93-89-0,4548.070494433543,seed603_lns_start13_late_random_best_rm8_tw10_guarded
0-65-64-83-52-11-15-16-75-23-21-18-19-51-76-63-85-84-95-62-50-33-32-30-28-26-27-29-31-34-67-92-94-71-93-96-81-54-72-37-35-43-70-100-55-68-66-56-91-80-89-0,4553.693759852272,seed605_lns_start39_random_regret_rm8_tw15_guarded
0-65-98-12-11-15-16-47-73-7-5-45-2-79-88-69-90-82-99-52-83-57-86-87-59-75-77-25-23-48-18-19-49-24-22-20-84-56-91-96-54-93-50-34-32-26-89-66-80-1-0,4557.744531082909,seed603_lns_start6_random_random_best_rm8_tw12
0-69-98-2-5-45-88-12-14-47-16-15-11-9-53-82-90-65-83-99-52-57-86-87-59-75-58-77-25-23-21-48-18-19-49-24-22-20-84-85-32-26-34-50-93-54-96-80-91-56-66-89-0,4581.700174166046,seed604_lns_start22_mixed_best_rm8_tw12
0-65-52-11-12-47-15-16-75-59-86-83-64-22-19-23-21-18-76-51-85-63-33-32-30-28-26-27-29-31-34-50-62-84-56-66-91-80-94-93-96-41-43-35-37-54-68-70-100-55-60-4-89-0,4634.634352307111,seed603_lns_start48_late_best_rm8_tw8_guarded
0-92-95-62-33-30-28-27-29-31-67-71-42-44-94-64-49-19-23-21-48-18-76-63-85-84-51-20-22-74-87-9-13-97-58-77-25-24-66-56-91-80-93-50-34-32-26-89-0,4645.454577534699,seed603_lns_start50_mixed_random_best_rm6_tw15
0-82-92-71-72-61-42-44-39-36-40-38-81-90-69-98-88-2-3-1-5-45-4-46-8-6-7-79-73-78-53-12-10-9-87-97-99-57-49-19-20-24-48-25-77-58-74-13-0,4648.872307028,seed602_lns_start45_late_best_rm8_tw8
0-69-98-82-65-83-23-21-19-64-90-88-73-11-15-16-47-12-99-52-57-86-87-59-75-58-77-25-48-18-49-22-24-66-94-84-50-34-26-32-89-20-56-91-80-96-54-93-0,4659.711477448667,seed602_lns_start42_random_random_best_rm3_tw6
0-64-95-62-31-29-27-28-30-33-63-76-51-85-67-92-94-71-72-41-39-38-37-35-36-40-43-44-42-61-81-79-7-6-8-45-5-3-1-46-4-70-100-55-60-10-17-13-97-58-77-74-0,4675.285241420822,seed606_lns_start8_mixed_regret_rm6_tw15_guarded
0-69-98-82-12-11-15-16-47-73-7-5-45-2-79-88-90-65-99-52-57-86-87-59-75-77-25-23-21-48-18-19-49-20-22-24-83-66-56-84-32-26-34-50-91-80-96-93-54-1-89-0,4679.078855992564,seed605_lns_start5_late_random_best_rm8_tw6
0-2-69-83-52-82-98-88-73-78-53-12-14-47-16-15-11-9-87-59-75-77-25-21-18-19-49-20-22-57-86-99-65-90-91-56-84-50-34-32-26-89-48-24-66-80-96-93-54-0,4685.702370065459,seed602_lns_start8_late_best_rm6_tw6
0-2-69-83-52-82-98-88-73-78-53-12-14-47-16-15-11-9-87-59-75-77-25-23-18-19-49-20-22-57-86-99-65-90-91-56-84-50-34-32-26-89-48-24-66-80-96-93-54-0,4685.702370065459,seed605_lns_start8_late_best_rm8_tw12
0-69-98-2-5-45-61-88-11-15-16-53-78-73-79-7-6-3-8-46-1-43-44-42-39-40-38-37-36-35-41-72-71-93-67-94-96-54-81-68-55-100-70-4-60-17-13-97-58-0,4687.063101035255,seed606_lns_start70_mixed_regret_rm6_tw15
0-69-65-83-52-11-15-16-47-12-73-79-7-5-45-2-88-98-90-82-99-57-86-87-59-75-77-25-23-21-48-19-49-24-22-20-84-56-91-80-96-54-93-34-26-32-50-89-66-1-0,4697.056573281494,seed606_lns_start5_random_random_best_rm8_tw8
0-64-83-65-82-98-88-12-11-99-52-19-23-21-18-76-63-85-84-94-67-34-31-29-27-26-28-30-32-33-50-51-49-22-57-86-74-59-97-75-58-77-25-48-24-20-91-80-68-93-89-0,4705.881862926664,seed605_lns_start56_random_random_best_rm5_tw8
0-82-92-71-61-42-44-39-40-36-38-72-81-90-69-98-88-2-3-1-5-45-4-46-8-6-7-79-73-78-53-12-16-10-9-87-97-99-57-49-20-24-48-25-77-58-74-13-0,4733.876563314961,seed601_lns_start46_late_regret_rm8_tw8
0-92-62-31-30-28-27-29-33-63-76-51-64-95-67-94-71-72-41-42-44-39-38-40-36-35-37-43-61-81-70-3-4-46-8-6-78-17-14-10-9-13-97-58-74-53-60-55-100-68-0,4788.239798398885,seed606_lns_start13_late_random_best_rm8_tw10
0-92-95-62-31-29-27-28-30-33-64-51-76-63-85-84-67-94-71-72-41-39-38-37-35-36-40-43-42-81-61-3-4-46-8-6-78-53-14-10-9-97-58-74-13-17-60-55-100-70-68-0,4805.992703543378,seed604_lns_start3_random_regret_rm5_tw6
0-82-69-42-44-61-39-38-36-40-41-90-98-88-7-45-5-3-8-46-2-6-79-73-78-53-12-14-47-16-11-10-9-87-97-59-86-58-77-25-48-49-20-24-74-13-17-60-4-1-0,4813.635113124167,seed605_lns_start39_random_best_rm8_tw15
0-69-98-2-14-15-16-73-47-78-12-11-9-75-59-87-86-52-99-53-88-82-90-65-66-83-57-22-20-49-21-48-18-89-84-26-32-34-50-93-96-54-80-91-56-24-25-77-0,4829.605213715082,seed601_lns_start8_late_regret_rm8_tw12
0-92-27-30-67-38-39-40-41-61-81-69-98-88-53-12-14-47-17-16-15-13-11-10-78-73-79-7-6-2-45-8-46-4-5-3-1-43-36-35-37-93-94-96-54-68-55-100-70-60-97-0,4864.419298414787,seed605_lns_start59_late_best_rm8_tw8
0-82-98-69-72-42-44-39-38-36-40-41-61-81-90-99-53-88-2-3-5-45-46-8-6-7-79-73-78-15-16-47-14-10-9-87-97-59-86-57-24-20-49-48-25-77-58-74-13-17-60-4-1-0,4873.862791798074,seed603_lns_start38_mixed_random_best_rm8_tw8_guarded
0-69-98-12-11-15-16-47-73-5-45-2-79-88-82-90-65-83-99-52-57-86-87-59-75-77-25-23-21-48-19-49-24-22-20-85-84-56-91-80-96-54-93-50-34-32-26-89-66-1-0,4881.400113507925,seed601_lns_start14_random_regret_rm8_tw15
0-2-92-67-71-61-39-38-36-40-44-42-81-90-98-69-53-88-6-46-45-5-3-1-8-4-7-79-73-78-12-10-13-9-87-99-57-24-49-20-48-25-77-58-97-74-0,4888.469503731983,seed605_lns_start48_random_regret_rm4_tw10
0-65-83-52-59-75-23-21-19-76-51-64-95-92-94-67-84-62-50-34-31-29-27-26-28-30-32-33-63-85-18-48-49-20-22-99-57-24-25-77-58-97-74-10-60-100-70-55-66-89-0,4896.314297467348,seed603_lns_start35_mixed_random_best_rm6_tw15
0-69-2-5-45-12-11-16-47-73-79-7-88-98-82-90-65-99-52-57-86-87-59-75-77-25-23-21-48-18-19-49-20-22-24-83-66-56-84-32-26-34-50-91-80-96-93-54-1-89-0,4897.018572513238,seed603_lns_start1_mixed_regret_rm8_tw12
0-69-65-83-64-95-67-62-31-29-27-28-30-33-85-63-76-51-22-19-18-21-23-75-52-99-66-92-94-93-71-72-54-96-84-50-34-26-32-56-91-80-68-55-100-70-43-37-35-89-0,4917.579581410443,seed602_lns_start40_mixed_best_rm6_tw6_guarded
0-92-29-30-67-38-36-40-39-41-61-81-94-69-98-88-53-12-14-47-17-16-15-13-11-10-78-73-79-7-6-2-8-46-4-45-5-3-1-43-37-35-54-96-93-68-70-100-55-60-97-0,4966.815623132199,seed601_lns_start59_late_random_best_rm8_tw12
0-69-82-12-11-15-16-47-73-88-98-90-65-99-52-57-86-87-59-75-77-25-23-21-48-18-19-49-20-22-24-83-53-79-7-4-5-3-1-66-56-91-80-96-54-93-50-34-32-26-89-0,4990.065516260989,seed601_lns_start5_late_random_best_rm6_tw10_guarded
0-98-69-92-67-71-42-44-39-38-36-40-61-81-88-90-82-99-86-87-13-9-10-12-78-73-79-7-2-1-3-5-45-4-46-8-6-53-57-24-49-20-48-25-77-58-97-74-0,5028.01947915876,seed605_lns_start48_late_random_best_rm6_tw12
0-65-69-98-15-16-73-47-14-78-12-11-9-75-59-87-86-23-21-18-19-49-20-22-24-57-99-82-53-88-2-90-56-84-50-34-32-26-89-48-25-77-66-91-96-54-93-80-0,5036.51131401486,seed601_lns_start8_random_regret_rm6_tw10
0-11-15-14-12-88-61-42-44-40-36-38-39-41-81-90-69-98-53-2-3-5-45-46-8-6-7-79-73-78-47-16-10-9-87-86-99-57-24-20-49-48-25-77-58-74-97-13-17-60-4-1-0,5055.9536220418995,seed603_lns_start39_mixed_best_rm6_tw8_guarded
0-64-92-95-62-31-29-27-28-30-33-63-76-51-85-84-67-94-71-72-41-39-38-36-35-37-40-43-44-42-61-81-68-100-45-4-8-7-6-5-3-1-46-70-55-60-10-17-13-97-58-74-0,5071.976225093727,seed601_lns_start8_random_best_rm8_tw6
0-82-65-83-64-19-21-23-75-59-86-52-99-57-84-95-92-94-67-62-50-34-31-29-27-26-28-30-32-33-63-85-76-51-20-18-48-22-49-24-25-77-58-97-10-60-55-100-70-74-89-0,5115.497481200751,seed603_lns_start32_late_best_rm8_tw6
0-69-98-92-72-71-42-44-39-38-36-40-61-81-88-90-82-99-57-86-87-13-9-10-12-78-73-79-7-6-2-1-3-5-45-4-46-8-53-97-49-20-24-48-25-77-58-74-0,5119.947563034274,seed606_lns_start47_late_random_best_rm8_tw15
0-65-52-11-75-23-21-76-51-64-22-19-18-83-92-95-84-85-63-33-32-30-28-26-27-29-31-34-50-62-67-94-93-71-96-54-72-37-35-43-70-100-55-68-80-91-56-66-89-0,5128.338258057068,seed606_lns_start40_random_best_rm6_tw12
0-64-92-95-62-31-29-27-28-30-33-63-76-51-19-23-21-18-49-22-83-65-90-82-99-52-9-14-47-10-87-59-86-57-56-84-85-50-34-26-32-89-48-25-20-24-77-74-66-80-91-0,5153.312903337217,seed604_lns_start70_random_regret_rm3_tw6
0-69-98-2-88-61-39-36-40-38-71-67-92-81-42-44-5-3-1-45-46-8-7-6-79-73-78-53-82-90-99-10-9-13-97-87-57-24-49-20-48-25-77-58-74-4-0,5174.768974138131,seed601_lns_start49_mixed_best_rm8_tw10
0-82-52-65-98-88-12-11-99-83-64-51-76-18-21-23-19-49-22-84-94-67-50-34-31-29-27-26-28-30-32-33-63-85-57-86-74-59-97-75-58-77-25-48-20-24-80-68-93-89-0,5210.876498264901,seed605_lns_start55_mixed_random_best_rm8_tw8
0-65-83-52-11-15-16-14-12-73-78-99-57-86-87-9-22-51-63-33-32-31-29-27-26-28-50-90-88-60-79-7-6-8-46-4-3-1-43-35-37-54-96-93-68-70-100-55-80-0,5228.1318327222225,seed602_lns_start0_late_best_rm6_tw6
0-82-65-98-88-12-11-99-52-83-64-19-23-21-18-51-85-84-94-67-50-34-31-28-26-27-29-32-33-63-89-76-49-20-22-57-86-74-59-97-75-58-77-25-48-24-91-80-68-93-0,5245.28141535634,seed604_lns_start55_mixed_best_rm8_tw8
0-69-42-44-61-39-38-36-40-41-90-82-53-98-88-2-45-5-3-1-46-8-6-7-79-78-12-14-47-17-16-15-11-10-9-87-97-59-86-57-24-49-20-48-25-77-58-74-13-60-4-0,5260.867346710791,seed604_lns_start38_random_best_rm4_tw12
0-65-83-21-23-11-12-15-16-47-73-79-7-5-45-2-88-53-98-69-90-82-99-52-86-87-59-75-77-25-48-18-19-49-20-22-24-57-66-56-84-50-34-26-32-93-96-54-80-91-89-0,5278.353386375618,seed603_lns_start5_late_regret_rm6_tw10_guarded
0-65-82-75-52-99-83-64-51-76-18-21-23-19-22-95-67-62-50-34-31-29-27-26-28-30-32-33-63-85-84-56-92-94-71-93-96-81-54-72-37-35-43-70-100-55-68-80-91-66-89-0,5305.208366305354,seed605_lns_start37_mixed_regret_rm6_tw10_guarded
0-69-98-12-11-15-16-47-73-5-45-2-79-88-82-90-65-99-52-57-86-87-59-75-77-25-23-21-48-18-19-49-85-84-20-24-22-56-91-80-96-54-93-50-34-26-32-89-66-1-0,5307.191042263768,seed605_lns_start12_random_random_best_rm5_tw15
0-69-98-42-44-61-39-38-36-40-41-90-82-99-53-88-7-6-2-3-1-5-45-4-46-8-79-73-78-14-47-17-16-11-10-9-87-97-59-86-57-24-49-20-48-25-77-58-74-13-60-0,5315.738697551893,seed605_lns_start39_random_regret_rm8_tw15
0-92-62-31-29-27-28-30-33-63-76-51-64-95-67-94-71-72-41-42-44-39-38-40-36-35-37-43-61-81-70-7-8-46-3-4-6-78-14-17-10-9-13-97-58-74-53-60-55-100-68-0,5315.849521756884,seed601_lns_start11_late_random_best_rm8_tw12
0-92-64-95-62-31-29-27-28-30-33-76-51-63-85-67-71-94-72-81-61-41-39-38-40-37-36-43-44-42-3-4-46-8-6-78-14-17-10-9-13-97-58-74-53-60-55-100-70-35-0,5333.61775752672,seed603_lns_start10_mixed_random_best_rm8_tw6
0-69-2-45-5-12-11-15-16-47-73-79-88-98-82-90-65-99-52-57-86-87-59-75-77-25-23-21-48-18-19-49-20-22-24-83-66-84-85-50-32-26-34-56-91-80-96-93-54-1-89-0,5367.157847644784,seed603_lns_start13_late_random_best_rm8_tw10
0-82-69-42-44-61-39-38-36-40-41-98-90-53-88-7-6-2-45-3-5-46-8-79-73-78-12-14-47-17-15-11-10-9-87-97-59-86-57-24-49-20-48-25-77-58-74-13-60-4-1-0,5389.259854391665,seed605_lns_start37_random_random_best_rm5_tw8
0-92-95-64-65-52-83-63-76-23-21-18-19-22-51-85-84-62-50-33-30-28-26-27-29-31-34-67-94-93-71-54-81-96-72-37-35-43-100-55-68-80-91-66-56-32-89-75-0,5403.122292319942,seed605_lns_start37_random_random_best_rm5_tw6
0-65-64-83-52-16-75-19-23-21-18-22-51-76-63-85-84-95-92-94-93-71-67-62-50-33-32-30-31-29-27-26-28-34-96-81-54-72-37-35-43-70-100-55-68-66-80-91-56-89-0,5407.365874337635,seed603_lns_start38_mixed_random_best_rm8_tw12
0-65-64-83-75-52-99-23-21-18-19-22-51-76-84-95-92-94-93-71-67-62-85-63-33-32-30-26-28-27-29-31-34-50-96-81-54-72-37-35-43-70-100-55-68-80-91-66-56-89-0,5408.810374822268,seed605_lns_start39_mixed_regret_rm8_tw6
0-92-95-62-31-29-27-28-30-33-76-51-63-85-67-94-71-72-41-44-39-38-40-36-35-37-43-42-81-61-100-7-46-3-8-6-78-17-14-10-9-13-97-58-74-53-55-68-70-60-4-0,5414.749982883659,seed601_lns_start19_random_random_best_rm5_tw8
0-65-64-83-52-11-12-47-15-16-75-59-86-23-21-18-19-49-22-51-76-63-85-33-32-30-28-26-27-29-31-34-50-62-84-95-56-66-91-80-94-93-96-54-37-35-43-68-70-100-55-60-4-89-0,5443.362856651745,seed605_lns_start48_late_regret_rm8_tw10_guarded
0-65-83-64-21-23-75-12-52-22-19-18-76-63-85-51-84-62-67-95-92-94-50-31-29-27-26-28-30-32-33-34-71-93-96-81-54-37-35-43-70-100-55-68-80-91-66-56-89-0,5453.611352489672,seed603_lns_start38_mixed_random_best_rm8_tw8
0-65-83-52-75-23-21-76-51-64-92-67-94-95-84-62-50-34-31-29-27-26-28-30-32-33-63-85-19-49-20-18-48-22-57-99-10-97-59-74-58-77-25-24-56-55-100-70-60-89-0,5493.0356097660215,seed604_lns_start36_mixed_random_best_rm5_tw6
0-69-98-12-14-11-88-42-44-39-38-36-40-41-61-81-90-99-82-53-2-3-5-45-46-8-6-7-79-73-78-47-17-15-13-10-9-87-59-97-74-86-57-24-20-48-25-77-58-60-4-1-0,5533.4423841219805,seed604_lns_start39_random_regret_rm5_tw8
0-64-92-95-62-30-28-27-29-31-33-63-76-51-85-67-94-71-72-41-44-39-38-40-36-35-37-43-42-61-81-70-1-45-46-6-8-5-3-4-79-17-10-13-97-58-74-60-55-100-68-0,5534.422907026075,seed604_lns_start8_mixed_random_best_rm8_tw15
0-69-12-2-61-39-38-36-40-44-42-41-90-98-53-82-99-57-86-87-9-11-15-16-14-78-73-79-7-8-46-5-3-45-4-6-88-10-59-97-24-20-48-25-77-58-74-13-17-60-1-0,5583.668229103632,seed603_lns_start38_random_regret_rm8_tw15
0-82-11-14-98-61-39-38-36-40-44-42-41-88-2-6-8-45-5-3-1-46-7-79-73-78-12-47-17-16-15-53-10-9-87-97-59-86-99-57-24-49-20-48-25-77-58-74-13-60-4-0,5591.882218397918,seed601_lns_start38_random_random_best_rm5_tw15
0-69-82-98-2-88-14-15-16-47-73-78-12-11-9-87-59-75-86-52-99-53-57-23-21-18-19-49-20-22-83-66-65-90-91-56-84-50-34-32-26-89-48-25-77-24-80-96-54-93-0,5670.014747584689,seed606_lns_start8_mixed_regret_rm6_tw15
0-69-98-42-44-61-39-38-36-40-41-90-88-53-82-99-57-86-87-9-11-12-14-16-17-73-79-7-8-46-4-45-5-3-1-2-6-60-78-10-13-59-97-58-24-49-20-48-25-77-74-0,5683.913669082092,seed602_lns_start40_random_best_rm5_tw6
0-82-98-69-72-39-38-36-42-44-40-41-61-90-53-88-6-45-5-3-2-46-8-7-79-73-78-12-14-47-17-16-15-11-10-9-87-59-97-86-74-57-24-49-20-48-25-77-58-13-60-4-1-0,5734.841568078934,seed601_lns_start40_random_random_best_rm8_tw6
0-82-11-14-12-98-61-39-38-36-40-44-42-41-90-88-2-6-8-45-5-3-1-46-7-79-73-78-53-47-17-15-10-9-87-97-59-86-99-57-24-49-20-48-25-77-58-74-13-60-4-0,5740.949653538119,seed601_lns_start39_random_best_rm5_tw10
0-82-11-15-14-12-88-61-42-44-40-36-38-39-41-81-90-69-98-53-2-3-5-45-46-8-6-7-79-73-78-47-16-10-9-87-74-86-99-57-24-20-49-48-25-77-58-97-13-17-60-4-1-0,5786.619014224082,seed604_lns_start38_random_regret_rm4_tw8_guarded
0-69-98-2-45-5-44-42-39-38-36-40-41-72-61-81-71-94-67-95-84-85-76-18-48-23-21-19-49-20-64-82-10-47-17-13-59-97-75-58-74-77-25-24-56-66-91-34-89-0,5794.558814769063,seed603_lns_start0_random_best_rm4_tw8
0-69-98-82-11-15-47-14-12-88-61-39-38-36-40-44-42-41-90-53-2-6-8-46-45-3-5-4-7-79-73-78-17-16-13-10-9-87-97-59-86-57-24-49-20-48-25-77-58-74-60-1-0,5837.760861767847,seed606_lns_start39_random_regret_rm8_tw12
0-52-75-83-65-99-23-21-19-22-18-76-51-64-95-92-67-62-84-85-63-33-26-27-29-31-28-30-32-34-50-71-93-94-96-81-54-37-35-43-70-100-55-68-80-91-66-56-89-0,5848.996322131629,seed606_lns_start40_random_random_best_rm6_tw6
0-82-98-69-72-42-44-39-38-36-40-41-61-90-53-88-2-3-5-45-46-8-6-7-79-73-78-12-11-15-16-47-14-10-9-87-97-59-86-99-57-24-20-49-48-25-77-58-74-13-17-60-4-1-0,5851.2201134460765,seed602_lns_start38_mixed_random_best_rm5_tw10_guarded
0-52-65-64-83-75-19-51-76-18-21-23-22-63-85-84-95-92-67-62-33-30-28-27-29-31-71-54-81-96-94-32-26-34-50-56-66-91-80-68-55-70-43-35-37-93-89-0,5911.0317932624785,seed606_lns_start39_random_random_best_rm3_tw8
0-92-95-64-31-29-27-28-30-33-63-76-51-85-62-67-94-71-72-41-42-39-38-40-36-35-37-43-44-61-81-70-3-4-46-8-6-78-14-17-10-9-13-97-58-74-53-60-55-100-68-0,5931.808507658033,seed603_lns_start5_mixed_random_best_rm8_tw15
0-92-95-62-71-72-38-39-42-44-2-69-90-53-78-9-15-16-47-73-79-7-6-61-81-41-37-35-36-40-43-5-45-8-46-4-3-1-70-54-96-56-66-10-13-17-60-55-100-0,5946.676647980073,seed602_lns_start54_random_best_rm8_tw8
0-69-98-42-39-36-38-44-5-45-7-88-53-79-73-12-14-47-15-11-9-10-16-78-2-6-8-46-4-61-81-41-37-35-40-43-3-100-70-55-60-17-13-97-58-74-68-89-0,5970.147625906582,seed602_lns_start43_late_best_rm8_tw6
0-82-98-2-45-5-42-44-36-38-39-40-41-72-71-61-81-94-67-95-64-20-23-21-48-18-19-49-76-85-84-90-53-10-47-17-13-59-97-75-58-77-25-24-66-56-91-74-89-0,5971.884129253659,seed603_lns_start0_random_random_best_rm8_tw8
0-69-52-83-65-64-92-95-63-76-21-23-19-18-22-51-84-85-33-30-28-26-27-29-31-32-34-50-62-67-71-93-94-96-81-54-72-37-35-43-70-100-55-68-80-91-56-66-89-75-0,5988.632641451783,seed606_lns_start38_random_best_rm5_tw15
0-69-98-2-88-61-39-36-40-38-71-67-92-90-81-42-44-5-3-1-45-8-46-4-6-7-79-73-78-53-12-10-9-13-97-87-99-57-24-49-20-48-25-77-58-74-17-0,5999.988042399083,seed605_lns_start47_mixed_regret_rm8_tw15
0-65-82-98-2-12-14-16-15-47-73-78-11-9-59-86-52-99-69-83-57-22-20-49-19-23-21-77-87-53-88-55-90-91-56-84-50-34-32-26-89-48-25-24-66-80-96-54-93-0,6012.077689895234,seed602_lns_start8_random_random_best_rm8_tw6
0-72-39-44-42-61-2-88-69-90-98-53-52-86-87-9-11-15-16-47-14-12-78-73-79-7-6-8-46-45-5-3-43-40-36-35-37-38-41-71-93-96-54-81-66-56-91-80-68-1-4-17-0,6013.126115027003,seed601_lns_start36_mixed_regret_rm4_tw8_guarded
0-92-62-71-72-38-39-44-42-61-90-69-53-78-73-79-7-6-2-45-3-5-46-8-60-17-16-15-14-47-13-87-9-10-81-41-37-35-36-40-43-54-96-56-66-55-100-70-1-4-0,6020.028356941873,seed601_lns_start54_late_best_rm5_tw12
0-2-45-42-44-61-39-38-36-40-41-90-69-98-53-82-99-9-11-15-16-47-14-78-73-79-7-8-46-3-5-4-6-88-10-87-59-97-57-24-20-49-48-25-77-58-74-13-17-60-1-0,6056.133541892327,seed604_lns_start39_random_random_best_rm5_tw12
0-82-11-69-61-42-44-39-38-36-40-41-88-98-53-12-15-16-47-14-73-79-7-8-46-5-3-45-4-2-6-60-78-10-9-87-97-59-86-99-57-24-49-20-48-25-77-58-74-13-17-1-0,6091.064462334558,seed604_lns_start39_random_random_best_rm6_tw15
0-64-83-52-11-12-88-98-82-65-67-22-19-23-21-18-49-51-85-63-33-30-32-28-26-27-29-31-34-50-84-94-99-57-86-74-59-97-75-58-77-25-48-20-24-91-80-68-93-89-0,6107.307842081078,seed605_lns_start55_late_random_best_rm6_tw10
0-69-98-12-11-15-14-16-47-73-5-45-2-79-88-90-65-82-99-52-86-87-59-75-77-25-21-48-18-19-49-20-22-24-83-66-80-96-54-93-50-34-26-32-89-85-84-56-91-1-0,6112.390797171349,seed605_lns_start10_random_regret_rm8_tw12
0-52-11-14-15-16-47-73-2-88-78-12-9-59-87-86-82-98-69-90-65-83-22-20-49-19-18-21-23-77-75-57-99-66-56-84-50-34-32-26-89-48-25-24-91-96-54-93-80-0,6121.074360842932,seed605_lns_start8_random_random_best_rm4_tw12
0-11-15-14-12-88-61-39-38-36-40-44-42-41-90-69-98-53-82-99-57-59-87-9-10-16-47-78-73-79-7-8-5-3-1-45-4-46-2-6-60-66-20-24-48-25-77-58-74-97-13-17-0,6131.267950897425,seed604_lns_start37_random_random_best_rm8_tw12
0-72-42-44-39-36-38-71-92-69-90-53-87-9-15-16-14-47-78-73-79-7-6-2-61-81-41-37-35-40-43-45-4-46-8-5-3-1-70-54-96-56-66-10-13-17-60-55-100-0,6140.6018217939,seed606_lns_start52_late_random_best_rm8_tw6
0-69-98-42-44-61-39-38-36-40-41-90-53-82-88-6-45-5-3-2-46-8-7-79-78-12-14-47-17-16-15-11-10-9-13-87-97-59-99-57-24-49-20-48-25-77-58-74-60-4-1-0,6243.5143331050895,seed601_lns_start37_random_random_best_rm6_tw8
0-82-98-69-72-39-38-36-42-44-40-41-61-90-99-53-88-2-45-5-3-1-46-8-7-6-79-73-78-14-47-16-15-11-10-9-87-59-97-86-74-57-24-49-20-48-25-77-58-13-17-60-4-0,6270.531861636271,seed604_lns_start40_random_best_rm8_tw8
0-65-64-83-52-75-76-23-21-18-19-22-51-84-95-62-85-63-33-30-32-28-26-27-29-31-34-67-92-94-93-71-72-54-96-81-38-37-35-43-70-55-68-80-91-66-56-50-89-0,6286.061205894011,seed603_lns_start37_random_regret_rm6_tw6
0-82-11-12-14-61-39-38-36-40-44-42-41-90-88-2-6-8-45-5-3-1-46-7-79-73-78-53-47-17-16-15-10-9-87-97-59-86-99-57-24-49-20-48-25-77-58-74-13-60-4-0,6330.632522300877,seed602_lns_start39_random_best_rm5_tw8
0-65-83-52-75-23-21-19-64-85-95-84-51-22-18-76-63-33-30-29-31-62-67-92-94-93-71-72-54-81-96-28-32-26-27-34-50-56-91-66-80-68-55-100-70-43-35-37-0,6334.133364854323,seed603_lns_start40_random_best_rm8_tw8
0-65-83-52-14-75-23-21-19-18-22-76-51-64-84-85-63-33-30-28-27-29-31-34-50-62-67-95-92-94-93-71-72-54-81-96-56-66-91-80-68-55-100-70-43-37-35-26-32-89-0,6334.750712529774,seed604_lns_start40_random_best_rm6_tw8
0-65-83-75-11-52-19-23-21-18-22-64-95-62-84-85-51-76-63-33-32-30-28-26-27-29-31-34-50-67-92-94-71-72-54-81-96-91-56-66-80-68-55-100-70-43-35-37-93-89-0,6336.888572577115,seed601_lns_start39_mixed_regret_rm6_tw6
0-65-52-82-69-98-88-2-14-11-99-73-78-53-12-47-16-15-9-86-87-59-75-77-25-23-21-48-18-49-20-22-24-57-83-66-90-91-56-84-50-34-32-26-89-96-54-93-80-0,6343.922476644856,seed602_lns_start8_late_best_rm8_tw8
0-65-15-75-52-83-64-23-21-18-19-22-76-51-62-67-94-92-95-84-85-63-33-32-30-28-26-27-29-31-34-50-93-71-72-54-96-81-37-35-43-70-100-55-68-80-91-66-56-89-0,6389.9151419614955,seed606_lns_start37_random_best_rm6_tw6
0-82-11-14-12-98-61-39-38-36-40-44-42-41-90-88-2-6-8-45-5-3-1-46-7-79-73-78-53-47-17-16-15-10-9-87-97-86-99-57-24-49-20-48-25-77-58-74-13-60-4-0,6416.940248745694,seed606_lns_start40_random_regret_rm4_tw6
0-64-63-95-67-62-31-29-27-28-30-33-76-51-85-92-94-71-72-41-44-39-38-40-36-37-35-43-42-81-61-4-46-8-6-78-17-14-10-9-13-97-58-74-53-60-55-100-70-68-0,6426.949839158886,seed604_lns_start4_mixed_regret_rm8_tw8
0-92-64-95-62-67-31-29-27-28-30-33-85-63-76-51-84-94-71-72-41-39-38-40-36-35-37-43-44-42-61-81-68-55-53-78-14-13-9-10-6-8-46-4-3-70-60-17-97-58-74-0,6430.2947497023115,seed605_lns_start2_random_best_rm8_tw10
0-92-95-62-31-29-27-28-30-33-63-85-76-51-64-84-67-94-71-72-41-39-38-36-35-37-40-43-44-42-81-61-1-3-5-45-46-8-7-79-6-4-100-55-10-17-13-97-58-74-60-70-68-0,6431.054825795181,seed604_lns_start8_random_best_rm3_tw8
0-65-52-59-75-16-99-83-64-51-76-63-85-84-95-92-94-67-62-50-34-31-29-27-26-28-30-32-33-89-18-48-21-23-19-24-22-20-49-25-77-58-57-74-97-10-60-55-100-70-0,6433.747570642116,seed601_lns_start36_mixed_regret_rm4_tw8
0-82-11-14-12-98-61-39-38-36-40-44-42-41-90-88-2-6-8-45-5-3-1-46-7-79-73-78-53-47-16-15-10-9-87-59-97-74-86-99-57-20-49-48-25-77-58-13-17-60-4-0,6451.462545283525,seed602_lns_start40_random_best_rm8_tw8
0-69-98-12-14-11-88-82-83-65-90-99-52-57-86-59-15-16-47-78-73-79-7-6-8-46-5-3-45-2-81-72-38-37-35-36-40-43-39-41-54-96-68-70-100-55-53-10-17-60-4-1-0,6462.092009975251,seed602_lns_start50_late_regret_rm5_tw10
0-92-31-29-27-28-30-33-62-95-64-51-76-63-85-67-94-71-72-41-39-38-40-36-35-37-43-44-42-61-81-68-100-3-5-45-4-6-7-8-46-79-10-97-58-74-13-17-60-55-70-1-0,6478.99821234216,seed603_lns_start8_late_random_best_rm6_tw8
0-82-11-14-12-98-61-39-38-36-40-44-42-41-90-88-2-6-8-45-5-3-1-46-7-79-73-78-53-47-16-15-10-9-87-97-59-86-99-57-24-20-49-48-25-77-58-74-13-17-60-4-0,6537.175949125479,seed601_lns_start40_random_best_rm4_tw8
0-69-2-45-5-12-11-15-16-47-73-79-7-88-98-82-90-65-99-52-57-86-87-59-75-77-25-23-21-48-18-19-49-20-22-24-83-66-91-96-54-93-34-26-32-50-56-80-1-46-89-0,6560.460188842377,seed604_lns_start3_random_best_rm8_tw10
0-65-98-11-15-16-47-12-73-2-45-5-7-79-88-69-90-82-99-52-57-86-87-59-75-77-25-23-21-48-18-19-49-20-22-24-83-66-56-84-85-32-26-34-50-91-80-96-93-54-1-89-0,6577.853989987212,seed604_lns_start15_late_random_best_rm8_tw6
0-65-83-64-95-30-28-27-29-31-33-85-63-76-18-22-57-90-62-67-71-72-39-38-36-40-42-41-81-96-94-91-92-56-84-51-49-20-24-48-25-77-58-97-13-17-10-74-89-93-0,6584.094605070159,seed606_lns_start68_random_best_rm8_tw10
0-11-12-14-47-2-45-5-44-42-39-40-38-41-72-61-81-90-69-98-88-53-82-9-15-16-13-97-87-10-78-73-79-7-6-8-46-4-3-1-43-35-37-54-93-96-68-70-100-55-60-17-0,6586.622050276193,seed605_lns_start20_late_random_best_rm6_tw6
0-65-64-83-52-75-23-21-19-51-85-63-76-18-22-84-95-92-62-50-34-31-29-27-26-30-28-32-33-67-94-93-71-72-96-81-80-91-56-54-37-35-43-70-100-55-68-66-20-89-0,6611.460926965197,seed605_lns_start40_random_best_rm5_tw10
0-69-98-12-14-88-61-42-44-40-36-38-39-41-81-90-99-82-53-11-15-16-47-73-79-7-6-2-3-5-45-46-8-78-10-9-87-59-97-86-57-24-20-49-48-25-77-58-74-13-17-60-89-0,6612.025323768826,seed606_lns_start37_random_regret_rm6_tw10_guarded
0-65-47-75-59-52-99-83-64-51-76-63-85-84-95-92-94-67-62-50-34-31-29-27-26-28-30-32-33-89-18-48-21-23-19-24-22-20-49-25-77-58-57-74-97-10-60-55-100-70-0,6634.601368182751,seed603_lns_start35_mixed_random_best_rm5_tw8
0-65-64-83-52-15-75-23-21-18-19-22-51-76-63-85-84-62-67-92-31-29-27-26-28-30-71-93-54-81-96-94-95-50-34-32-33-89-56-66-91-80-68-55-100-70-43-35-37-0,6676.167410192548,seed606_lns_start37_random_random_best_rm6_tw15
0-65-52-83-64-95-92-67-62-28-30-31-29-27-33-63-85-51-76-89-18-21-23-19-49-22-84-94-93-71-72-54-81-96-50-34-26-32-56-66-91-80-68-55-100-70-43-35-37-75-0,6678.465087785761,seed602_lns_start38_late_best_rm8_tw6
0-65-64-83-52-12-75-23-19-21-18-22-51-76-84-95-92-62-85-63-33-26-27-28-30-29-31-34-50-67-94-93-71-54-81-96-72-37-35-43-70-100-55-68-80-91-66-56-89-32-0,6733.233527543785,seed602_lns_start37_random_best_rm3_tw6
0-82-11-14-12-98-61-42-44-40-36-38-39-90-99-53-88-2-6-46-45-3-5-8-7-79-73-78-47-16-15-10-9-87-59-97-75-86-57-24-20-49-48-25-77-58-74-13-17-60-4-1-0,6799.669725655949,seed606_lns_start38_random_best_rm5_tw15_guarded
0-65-95-63-33-30-28-27-29-31-85-76-22-19-18-21-23-75-52-57-83-64-66-92-67-71-72-54-96-94-62-50-34-32-26-89-51-84-56-91-80-68-55-100-70-43-35-37-93-0,6804.100105056101,seed606_lns_start40_mixed_regret_rm6_tw12
0-69-92-31-30-67-38-40-39-41-61-88-98-53-12-14-47-15-16-11-13-10-78-73-79-7-6-2-8-46-4-45-5-3-1-81-94-96-54-37-36-35-43-70-100-55-68-93-60-17-97-0,6818.742955554527,seed606_lns_start59_late_regret_rm5_tw10
0-65-83-82-11-15-16-47-14-12-7-5-45-2-88-53-98-69-90-99-52-57-86-87-59-75-77-25-23-21-48-18-19-49-20-22-24-84-85-32-26-34-50-93-54-96-80-91-56-66-9-58-89-0,6849.413250850952,seed605_lns_start22_late_best_rm8_tw8
0-11-15-14-12-98-61-42-44-40-36-38-39-41-90-99-53-88-2-6-46-45-3-5-8-7-79-73-78-47-16-10-9-87-59-97-75-86-57-24-20-49-48-25-77-58-74-13-17-60-4-1-0,6871.358809274629,seed601_lns_start40_random_best_rm4_tw8_guarded
0-65-52-83-64-95-31-29-27-28-33-63-76-51-84-94-67-62-50-34-26-30-32-85-20-19-21-23-22-49-18-48-25-77-58-75-97-59-57-99-10-60-100-70-55-13-74-24-89-0,6896.254964023413,seed603_lns_start35_mixed_random_best_rm8_tw8
0-64-92-95-31-29-27-28-30-33-76-51-63-62-67-71-94-81-72-41-39-38-36-35-40-37-43-44-42-61-100-7-8-46-3-6-60-78-14-17-10-9-13-97-58-74-53-55-70-4-0,6921.6678928845495,seed603_lns_start16_random_regret_rm5_tw12
0-82-11-14-12-98-61-39-38-36-40-44-42-41-90-88-2-6-8-45-5-3-1-46-7-79-73-78-53-47-17-16-15-13-10-9-87-97-59-86-99-57-24-49-48-25-77-58-74-60-4-0,6957.150198784466,seed606_lns_start39_random_random_best_rm8_tw10
0-11-15-14-12-69-61-39-38-36-40-44-42-41-53-82-99-86-87-9-13-10-16-47-78-73-79-7-6-2-4-45-5-3-1-46-8-88-90-57-24-20-49-48-25-77-58-74-97-17-60-0,6961.231549935148,seed605_lns_start39_random_best_rm5_tw6
0-69-82-12-14-47-15-11-59-52-99-65-90-83-57-86-87-9-53-98-88-2-73-78-17-16-75-77-23-21-19-49-22-20-84-34-26-32-50-93-54-96-80-91-56-66-24-25-48-89-0,7007.248628172078,seed602_lns_start8_mixed_random_best_rm8_tw15
0-82-69-42-44-61-39-38-36-40-41-90-88-53-7-6-46-45-5-3-1-8-4-2-79-73-78-12-14-47-17-16-15-10-9-87-97-59-86-99-57-24-49-20-48-25-77-58-74-13-60-0,7007.649932081325,seed602_lns_start40_random_random_best_rm6_tw8
0-72-39-36-44-42-61-2-7-88-90-69-98-53-82-86-87-9-11-15-47-14-12-78-73-79-6-8-46-45-5-3-1-43-38-37-35-40-41-71-93-96-54-81-68-80-91-66-13-17-4-0,7019.793937557648,seed603_lns_start35_random_regret_rm4_tw8
0-65-83-52-59-75-23-21-19-64-51-18-76-63-85-84-95-62-50-34-31-29-27-26-28-30-32-33-67-92-94-71-72-54-96-81-68-100-55-80-91-56-22-24-66-93-37-35-43-89-0,7033.503701058105,seed602_lns_start40_random_best_rm4_tw6
0-69-92-95-62-67-71-72-38-39-44-42-61-90-53-78-14-15-16-47-73-79-7-6-2-8-46-45-5-3-43-37-35-36-40-41-54-81-96-56-66-87-9-10-13-17-60-55-100-70-4-1-0,7051.905372486473,seed602_lns_start55_late_best_rm8_tw8
0-52-82-98-69-88-12-11-99-65-83-57-86-87-59-75-18-23-25-48-19-49-20-22-24-15-16-47-73-79-7-45-5-1-2-90-66-56-91-80-96-54-93-50-34-26-32-89-77-0,7064.121442947135,seed603_lns_start3_random_regret_rm6_tw6
0-92-95-62-72-71-38-36-42-44-61-69-90-53-78-14-15-16-47-73-79-7-6-2-8-46-45-5-3-43-37-35-40-39-41-54-81-96-56-66-87-9-10-13-17-60-55-4-1-70-0,7069.06929648298,seed604_lns_start57_random_regret_rm3_tw10
0-65-83-52-47-75-23-21-19-18-22-64-51-76-84-95-92-94-67-62-85-63-33-30-28-26-27-29-31-34-71-93-54-81-96-72-37-35-43-70-100-55-68-80-91-66-56-50-32-89-0,7082.925417261902,seed603_lns_start39_mixed_random_best_rm8_tw10
0-82-12-98-69-61-42-44-36-40-38-39-81-90-88-53-99-9-11-15-16-47-73-79-7-6-2-4-45-3-5-46-8-78-14-10-87-59-97-86-57-24-20-49-48-25-77-58-74-13-17-60-1-0,7086.360853612623,seed601_lns_start37_random_regret_rm3_tw12_guarded
0-98-65-52-83-92-62-67-95-64-51-21-23-18-19-22-76-63-85-84-33-32-30-28-26-27-29-31-34-50-93-71-72-54-81-96-94-37-35-43-70-100-55-68-80-66-56-91-89-75-0,7087.098501013492,seed603_lns_start40_mixed_best_rm6_tw12
0-65-83-59-75-23-21-19-76-51-64-95-92-67-71-94-62-31-34-29-27-26-28-30-32-33-50-63-85-84-18-49-22-57-99-86-74-58-77-25-48-20-24-66-56-91-80-36-89-0,7111.050277589662,seed602_lns_start20_late_best_rm6_tw8
0-92-29-31-67-61-69-98-88-2-6-7-78-53-12-14-47-16-15-11-13-10-73-79-8-46-5-45-4-3-1-43-40-36-35-37-38-39-41-54-93-94-96-81-68-55-100-70-60-17-97-0,7129.365718203175,seed601_lns_start59_late_regret_rm4_tw15
0-69-2-42-44-61-39-38-36-40-41-88-98-90-82-99-53-11-15-16-14-78-73-79-7-8-46-4-45-5-3-1-6-60-10-9-87-97-59-86-57-24-49-20-48-25-77-58-74-13-17-0,7138.657460940777,seed602_lns_start38_random_random_best_rm4_tw8
0-64-95-71-67-62-31-29-27-28-30-33-85-63-76-51-92-94-81-72-41-39-38-40-36-37-35-43-44-42-1-3-45-6-7-79-8-5-46-4-100-70-61-68-55-60-17-10-13-97-0,7150.865393636649,seed602_lns_start8_random_best_rm8_tw8
0-72-39-36-44-42-61-2-7-88-90-69-98-53-82-86-87-9-11-16-47-14-12-78-73-79-6-8-46-45-5-3-1-43-38-37-35-40-41-71-93-96-54-81-68-80-91-66-13-17-4-0,7150.978001950046,seed605_lns_start32_mixed_random_best_rm6_tw10
0-72-39-36-44-42-61-2-7-88-90-69-98-53-82-86-87-9-11-15-47-14-12-78-73-79-6-8-46-45-5-3-1-43-38-37-35-40-41-71-93-96-54-81-68-80-91-56-13-17-4-0,7154.666362214709,seed604_lns_start34_random_regret_rm3_tw6
0-69-98-2-5-45-88-73-12-47-16-15-11-82-83-90-65-99-52-57-86-87-59-75-77-25-23-21-48-18-19-49-24-22-20-84-85-32-26-34-50-56-66-91-80-96-93-54-68-1-79-89-0,7157.89153288391,seed604_lns_start10_mixed_best_rm6_tw15
0-69-92-28-30-67-38-40-39-41-61-88-98-53-12-14-47-15-16-11-13-10-78-73-79-7-6-2-8-46-4-45-5-3-1-81-94-96-54-37-35-36-43-70-100-55-68-93-60-17-97-0,7166.765079824632,seed602_lns_start59_late_regret_rm5_tw15
0-11-14-12-69-61-39-38-36-40-44-42-41-90-98-53-82-99-86-87-59-13-9-10-16-47-78-73-79-7-8-46-45-5-3-1-4-2-6-88-97-58-77-25-48-49-20-24-74-17-60-0,7170.963297364978,seed601_lns_start38_random_random_best_rm3_tw8
0-69-98-2-45-5-12-11-15-16-47-73-79-88-82-90-65-99-52-57-86-87-59-75-77-25-23-21-48-19-49-20-22-24-83-66-56-84-85-32-26-34-50-91-80-81-96-93-54-1-89-0,7191.555802743368,seed605_lns_start18_mixed_regret_rm8_tw6
0-11-14-12-61-39-38-36-40-44-42-41-90-69-88-98-53-82-99-86-87-13-9-10-16-47-78-73-79-7-6-2-8-46-4-45-5-3-1-100-57-20-24-49-48-25-77-58-74-97-17-60-0,7195.308020737196,seed603_lns_start39_random_best_rm6_tw15
0-11-14-12-39-38-36-42-44-40-41-61-90-69-82-53-98-88-2-3-5-45-46-8-7-6-79-73-78-47-17-16-15-10-9-13-87-99-57-86-74-97-58-77-25-48-24-20-60-4-1-0,7205.610046285197,seed606_lns_start39_random_regret_rm8_tw12
0-15-47-14-12-88-61-39-38-36-40-44-42-41-69-98-53-82-99-87-11-9-16-13-10-17-78-73-79-7-8-46-45-5-3-1-4-2-6-60-57-24-20-49-48-25-77-58-97-74-89-0,7214.27604283955,seed602_lns_start38_random_best_rm4_tw10
0-82-92-71-67-61-42-44-39-40-36-38-72-81-90-69-98-88-2-3-1-5-45-4-46-8-6-7-79-73-78-53-12-10-9-13-97-87-99-57-24-49-20-76-48-25-77-58-74-0,7264.218149265571,seed601_lns_start45_late_best_rm8_tw12
0-69-92-71-67-39-38-36-42-44-40-41-61-81-90-98-82-99-53-88-2-1-3-5-45-4-46-8-6-7-79-73-78-12-10-9-13-97-87-57-24-20-49-76-48-25-77-58-74-0,7292.82709929124,seed604_lns_start49_mixed_regret_rm8_tw10
0-69-2-42-44-61-38-36-39-40-41-90-88-98-53-82-99-9-11-15-16-47-14-12-73-79-7-4-5-3-45-8-46-6-78-10-87-59-97-74-57-20-24-49-48-25-77-58-13-17-60-1-0,7304.408606514986,seed604_lns_start40_random_random_best_rm6_tw15
0-11-72-39-38-44-42-61-2-7-88-98-69-90-82-53-12-14-15-16-17-47-10-9-87-97-13-78-73-79-6-8-46-4-45-5-3-1-43-40-35-37-41-54-93-96-68-70-100-55-60-0,7341.427572630997,seed603_lns_start20_late_random_best_rm8_tw12
0-65-83-52-11-14-47-15-16-75-59-86-21-18-19-22-64-84-95-94-67-62-50-34-31-29-27-26-28-30-32-33-63-85-51-56-66-91-80-54-72-41-37-35-43-93-96-68-70-100-55-60-17-89-0,7347.083147641238,seed601_lns_start49_late_best_rm8_tw6
0-11-14-12-69-61-39-38-36-40-44-42-41-90-98-53-82-99-86-59-87-9-10-16-47-78-73-79-7-8-45-5-3-1-4-46-2-6-60-88-57-20-24-49-48-25-77-58-74-97-13-17-0,7349.988671272991,seed606_lns_start37_random_best_rm6_tw6
0-2-45-5-72-61-42-44-40-36-38-39-41-71-67-94-81-65-64-84-85-76-18-48-23-21-19-49-20-22-74-10-12-17-47-13-59-97-75-58-77-25-24-66-56-91-89-34-0,7371.814804904206,seed604_lns_start21_late_random_best_rm8_tw6
0-15-47-14-12-88-61-39-38-36-40-44-42-41-90-69-98-53-82-99-11-9-16-13-10-17-78-73-79-7-8-46-45-5-3-1-4-2-6-60-57-24-49-20-48-25-77-58-74-59-97-0,7372.646010507598,seed602_lns_start40_random_regret_rm3_tw6
0-65-82-98-11-12-88-99-83-64-51-76-33-30-28-27-29-31-34-63-85-84-49-19-18-48-21-23-25-77-58-75-97-59-74-86-52-57-24-22-20-91-80-94-93-50-32-26-89-68-0,7386.37064838346,seed602_lns_start55_late_best_rm8_tw8
0-2-5-42-44-61-39-38-36-40-41-90-69-88-98-82-53-12-15-16-47-17-14-78-73-79-7-8-46-45-1-3-4-6-60-10-9-13-97-59-87-86-57-24-49-20-48-25-77-58-74-0,7396.15696205754,seed606_lns_start40_random_best_rm3_tw8
0-64-92-95-62-31-29-27-28-30-33-63-76-51-85-84-67-94-71-72-41-39-38-36-35-37-40-43-44-42-61-81-68-70-100-55-53-78-14-13-9-10-6-8-46-3-4-60-17-97-58-74-0,7404.104801122567,seed605_lns_start5_random_regret_rm3_tw12
0-65-64-83-52-59-75-16-15-47-11-86-22-19-23-21-18-51-84-85-63-33-30-28-26-27-29-31-32-34-50-62-95-56-66-91-80-94-54-41-37-35-43-93-96-68-70-100-55-60-14-17-89-0,7404.56383410777,seed603_lns_start45_late_random_best_rm8_tw8
0-92-95-64-31-29-27-28-30-33-76-51-63-85-62-67-94-71-72-41-38-40-39-37-36-35-43-44-42-61-81-70-55-53-78-10-9-74-58-97-13-17-60-6-8-46-3-4-100-68-0,7412.811465921344,seed601_lns_start1_random_random_best_rm8_tw10
0-2-5-44-42-39-38-72-71-62-95-92-61-81-69-90-53-87-9-15-47-78-73-79-7-6-8-45-3-1-46-4-43-40-36-35-37-41-54-96-56-66-55-100-70-60-14-17-10-13-0,7413.579213500889,seed606_lns_start55_random_regret_rm3_tw10
0-95-31-29-27-28-30-33-62-67-85-63-76-51-22-64-92-94-71-72-41-39-38-36-35-37-40-43-42-44-61-81-70-6-8-46-3-4-60-78-17-10-13-9-97-58-74-53-55-100-68-0,7421.913191877926,seed603_lns_start2_random_random_best_rm6_tw8
0-65-82-12-11-15-59-75-23-21-19-57-52-99-83-64-51-84-95-92-94-67-62-50-34-31-29-27-26-28-30-32-33-85-63-76-89-18-48-49-22-20-24-25-77-58-97-74-10-60-55-100-70-0,7442.153178447607,seed603_lns_start33_late_random_best_rm8_tw12
0-65-82-52-75-23-21-76-63-33-31-62-67-95-64-83-22-19-18-51-84-50-34-29-27-26-28-30-32-85-56-91-92-94-93-71-96-81-54-37-35-43-70-100-55-68-80-66-89-0,7447.490929573733,seed601_lns_start38_random_best_rm4_tw8
0-82-98-69-72-39-38-36-42-44-40-41-61-88-53-99-90-2-3-5-45-46-8-6-7-79-73-78-12-14-47-15-11-10-9-59-97-58-87-86-57-24-49-48-25-77-74-13-17-60-4-1-0,7461.603026641602,seed603_lns_start38_random_best_rm8_tw12
0-65-52-59-75-16-99-83-64-76-63-85-84-95-92-94-67-62-50-34-31-29-27-26-28-30-32-33-51-20-22-49-19-21-18-48-23-25-77-58-24-57-74-97-10-17-60-55-100-70-89-0,7462.956368011957,seed603_lns_start32_mixed_regret_rm6_tw10
0-65-52-59-75-83-99-64-92-95-85-63-76-51-84-94-67-62-50-34-31-29-27-26-28-30-32-33-89-18-48-21-19-24-22-20-49-23-25-77-58-97-10-17-60-100-70-55-57-74-0,7465.241286039839,seed603_lns_start33_mixed_best_rm6_tw12
0-92-27-31-67-61-69-98-88-2-6-53-12-14-15-47-16-11-13-10-17-78-73-79-7-8-46-45-5-3-43-40-36-35-37-38-39-41-81-94-93-96-54-68-55-100-70-4-1-60-97-0,7513.238245457252,seed605_lns_start59_late_random_best_rm5_tw12
0-69-11-14-12-88-61-98-82-83-65-90-99-52-57-86-59-15-16-47-17-10-53-78-73-79-7-6-2-4-45-46-8-5-3-1-43-40-39-38-37-36-35-41-54-96-81-68-55-70-100-60-0,7536.384881383267,seed605_lns_start50_random_regret_rm3_tw8
0-2-45-42-44-61-39-38-36-40-41-90-69-88-98-53-82-99-86-59-87-9-15-16-17-47-14-12-78-73-79-7-8-46-4-5-3-1-6-60-10-13-57-24-49-20-48-25-77-58-97-74-0,7552.7711059612,seed604_lns_start37_random_regret_rm5_tw6
0-95-64-65-82-98-88-12-11-99-52-83-51-18-21-23-19-63-85-84-94-67-50-34-31-29-27-26-28-30-32-33-76-49-20-22-57-86-74-59-97-75-58-77-25-48-24-91-80-68-93-89-0,7569.5446705937375,seed604_lns_start53_late_random_best_rm6_tw10
0-69-82-12-98-61-42-44-39-38-36-40-41-90-88-53-99-11-15-16-47-14-73-79-7-6-2-4-45-5-3-1-46-8-78-10-9-13-87-97-59-74-86-57-24-49-48-25-77-58-17-60-0,7586.691106723592,seed604_lns_start39_random_regret_rm4_tw12
0-64-65-82-98-88-12-11-99-52-19-23-21-18-22-83-84-94-67-50-85-51-63-32-30-28-26-27-31-34-33-89-76-49-20-57-86-74-59-97-75-58-77-25-48-24-91-80-93-68-0,7608.271028438249,seed601_lns_start57_mixed_random_best_rm8_tw6
0-36-44-42-88-61-39-38-40-41-69-98-82-99-53-12-15-16-47-14-73-79-7-8-46-5-3-45-4-2-6-78-10-9-87-97-59-86-57-24-49-20-48-25-77-58-74-13-17-60-1-0,7613.632366801956,seed602_lns_start37_random_random_best_rm8_tw10
0-98-72-39-38-36-42-44-40-41-61-90-69-53-88-2-45-5-3-1-46-8-7-6-73-78-12-14-47-17-16-15-11-10-9-13-97-59-87-86-99-57-24-49-20-48-25-77-58-74-60-4-0,7623.461230679044,seed604_lns_start37_random_best_rm5_tw10
0-65-59-15-16-75-99-83-64-92-95-84-94-67-62-50-34-31-29-27-26-28-30-32-33-85-63-76-51-18-48-21-23-19-49-20-22-24-25-77-58-97-74-57-55-70-100-60-10-89-0,7636.111871636003,seed601_lns_start36_late_random_best_rm6_tw6
0-82-98-69-42-44-61-39-38-36-40-41-90-53-88-70-2-3-5-45-46-8-6-7-79-73-78-12-14-47-16-15-11-10-9-87-59-97-74-86-99-57-20-24-48-25-77-58-13-17-60-4-1-0,7642.77748337439,seed605_lns_start37_random_regret_rm3_tw12
0-65-83-52-11-14-47-15-16-59-75-86-23-21-18-19-22-64-95-62-31-34-29-27-26-28-30-32-33-50-85-63-76-51-84-56-66-91-80-94-93-54-41-37-35-43-96-68-70-100-55-60-17-89-0,7646.990815132147,seed605_lns_start45_late_best_rm8_tw10
0-69-2-45-5-61-42-44-39-38-36-40-41-90-98-82-99-53-88-7-6-3-8-46-4-79-73-78-12-14-47-17-16-15-11-10-9-87-97-59-86-24-49-20-48-25-77-58-74-13-60-1-0,7657.337165243345,seed602_lns_start39_random_best_rm5_tw8
0-65-83-52-75-23-21-76-19-18-22-51-64-99-84-85-63-33-30-28-27-29-31-62-67-95-92-93-71-72-54-96-94-34-26-32-50-56-91-80-68-55-100-70-43-37-35-66-89-0,7677.405761429822,seed605_lns_start40_random_random_best_rm6_tw15
0-82-69-42-44-61-39-38-36-40-41-98-90-99-53-88-7-6-2-45-3-5-46-8-79-73-78-12-10-11-15-47-17-13-9-87-59-97-86-74-57-24-49-20-48-25-77-58-60-4-1-0,7678.357673706411,seed605_lns_start38_mixed_regret_rm8_tw10
0-65-82-83-64-52-75-23-21-19-76-18-22-51-63-85-84-95-92-67-62-50-33-32-30-28-26-27-29-31-34-71-94-96-81-54-37-35-43-70-100-79-55-68-80-91-56-93-66-89-0,7690.355758408529,seed604_lns_start37_random_best_rm5_tw10
0-95-31-27-29-28-30-33-63-76-51-85-62-67-71-72-81-61-41-44-42-39-38-40-36-37-35-43-1-3-5-45-4-46-8-7-6-2-70-55-79-78-14-17-10-9-13-97-74-68-100-60-0,7690.532046893208,seed603_lns_start42_random_regret_rm4_tw15
0-83-64-92-95-62-31-29-27-28-30-33-63-85-76-23-21-18-19-22-57-65-90-82-12-47-14-10-9-87-59-74-86-52-99-66-56-84-51-20-49-24-77-25-48-89-26-32-34-50-91-80-0,7692.386479010865,seed601_lns_start70_late_best_rm5_tw12
0-65-64-83-52-12-75-23-21-18-19-22-51-76-63-85-62-95-67-33-30-31-29-27-93-71-72-54-81-96-94-92-56-84-34-28-26-32-50-91-66-80-68-55-100-43-35-37-89-0,7701.93364170089,seed603_lns_start39_random_best_rm5_tw12
0-69-98-2-14-47-15-16-52-73-78-12-11-9-59-87-53-88-82-99-86-57-23-21-18-19-49-20-22-83-65-90-66-56-91-80-96-54-93-50-34-26-32-89-48-25-77-75-24-0,7706.217828777732,seed604_lns_start8_random_best_rm3_tw8
0-98-52-59-75-23-21-76-51-64-83-65-22-19-18-95-84-85-63-33-32-30-28-26-27-29-31-34-50-62-67-92-94-93-71-54-81-96-72-37-35-43-70-100-55-68-80-91-56-66-89-0,7721.738457223884,seed605_lns_start39_random_best_rm5_tw6
0-65-52-83-64-92-95-31-29-27-28-33-85-51-84-94-67-62-50-34-26-30-32-63-76-18-48-21-23-19-22-20-49-25-77-75-58-57-74-59-97-10-99-60-55-100-70-68-24-89-0,7726.044945631879,seed603_lns_start34_random_random_best_rm4_tw8
0-82-98-69-72-39-38-36-42-44-40-41-61-88-53-99-90-2-3-5-45-46-8-6-7-79-73-78-12-14-47-17-16-15-13-10-9-87-59-97-86-74-57-24-49-20-48-25-77-58-60-4-1-0,7726.198655502703,seed601_lns_start38_random_random_best_rm5_tw10
0-69-98-42-44-61-39-38-36-40-41-90-82-53-88-2-6-8-5-3-1-45-46-4-7-79-73-78-12-14-47-17-16-15-11-10-9-87-97-59-86-99-57-24-49-20-48-25-77-58-74-13-60-0,7731.998730035935,seed605_lns_start37_mixed_regret_rm6_tw10
0-65-83-52-14-11-75-23-21-18-19-22-51-76-64-84-85-63-33-30-29-27-26-28-31-32-34-50-62-67-95-94-71-72-54-96-68-70-100-55-80-91-92-56-66-93-37-35-43-89-0,7766.566874571642,seed605_lns_start37_random_best_rm8_tw10
0-11-15-12-61-39-38-36-40-44-42-41-90-69-98-53-82-99-86-59-87-9-10-16-14-78-73-79-7-2-8-46-45-1-3-5-4-6-88-57-20-24-49-48-25-77-58-74-97-13-17-60-0,7785.658232478067,seed601_lns_start37_random_random_best_rm4_tw8
0-11-15-14-61-39-38-36-40-44-42-41-90-69-98-53-82-99-86-59-87-9-10-16-47-78-73-79-7-2-8-46-45-1-3-5-4-6-88-57-20-24-49-48-25-77-58-74-97-13-17-60-0,7797.02294126329,seed602_lns_start37_random_best_rm3_tw6
0-72-39-36-44-42-61-2-7-88-90-69-98-53-82-86-87-9-11-15-47-14-12-78-73-79-6-8-46-45-5-3-1-43-38-37-35-40-41-71-93-96-54-81-68-80-91-56-66-13-17-4-0,7804.185023037196,seed601_lns_start36_mixed_regret_rm4_tw8
0-64-83-52-98-69-65-75-23-21-18-19-22-76-51-63-85-84-62-95-92-94-67-50-31-29-32-30-27-26-28-33-34-71-72-54-96-81-37-35-43-70-100-55-68-80-91-56-66-93-89-0,7806.946053063994,seed602_lns_start39_random_best_rm5_tw8
0-82-98-69-42-44-61-39-38-36-40-41-90-99-53-88-2-45-5-3-1-46-8-6-7-79-73-78-12-14-47-16-15-11-10-9-87-59-97-74-86-57-20-49-48-25-77-58-13-17-60-100-4-0,7838.925226880959,seed602_lns_start38_random_random_best_rm4_tw10
0-92-95-64-65-52-83-76-21-23-19-22-51-63-85-84-62-67-50-34-31-29-27-26-28-30-33-89-18-49-66-56-94-93-71-54-81-96-72-37-35-43-100-55-68-80-91-32-75-0,7853.385946211322,seed605_lns_start37_random_regret_rm3_tw12
0-65-82-69-98-11-15-16-73-47-14-78-12-9-75-59-87-86-52-83-23-21-18-19-49-22-57-99-53-88-2-81-54-96-91-66-56-84-50-34-32-26-89-20-48-25-77-24-80-93-0,7855.416644978778,seed601_lns_start8_random_regret_rm4_tw15
0-72-42-44-36-38-39-61-69-98-88-53-12-9-86-87-16-47-78-73-79-7-6-2-45-3-5-8-46-68-81-43-40-35-37-41-54-71-93-96-80-91-56-66-90-14-17-13-4-1-0,7881.030548267606,seed605_lns_start32_late_random_best_rm8_tw8
0-11-15-14-12-88-61-39-38-36-40-44-42-41-90-69-98-82-99-86-87-59-13-9-10-16-47-73-79-7-6-2-8-46-4-45-5-3-1-100-53-57-20-24-49-48-25-77-58-74-97-17-60-0,7892.702766825747,seed602_lns_start37_random_random_best_rm4_tw10
0-11-15-14-12-61-39-38-36-40-44-42-41-69-98-53-82-99-86-87-59-13-9-10-47-78-73-79-7-8-46-45-5-3-1-4-2-6-88-90-57-20-24-49-48-25-77-58-74-97-17-60-0,7925.795946041218,seed601_lns_start40_random_random_best_rm3_tw6
0-2-45-42-44-61-39-38-36-40-41-90-69-88-98-82-99-53-12-11-15-14-78-73-79-7-8-46-4-5-3-1-6-60-10-9-13-97-59-87-86-57-24-49-20-48-25-77-58-74-17-0,7925.842635148578,seed601_lns_start38_random_best_rm4_tw12
0-72-39-36-44-42-61-2-7-88-90-69-98-53-82-86-87-9-11-16-47-14-12-78-73-79-6-8-46-45-5-3-1-43-38-37-35-40-41-71-93-96-54-81-68-80-91-56-66-13-17-4-0,7949.680076272401,seed602_lns_start35_mixed_best_rm6_tw10
0-69-12-14-61-39-38-36-40-44-42-41-90-98-53-82-99-57-86-87-9-11-15-16-47-78-73-79-7-8-46-45-5-3-1-4-2-6-88-10-59-97-74-24-20-48-25-77-58-13-17-60-89-0,7970.5035616017,seed603_lns_start40_random_best_rm8_tw6
0-95-29-27-28-31-30-33-63-76-51-85-62-67-71-72-81-61-41-42-44-39-38-40-36-37-35-43-70-2-4-45-5-3-46-8-6-7-79-78-53-14-17-10-9-13-97-74-68-100-1-60-0,8004.963297589154,seed604_lns_start42_random_random_best_rm8_tw8
0-92-95-62-31-29-27-28-30-63-51-83-90-69-98-88-53-82-99-52-57-86-87-9-11-15-16-14-78-73-79-7-8-46-3-1-4-6-60-55-100-70-68-54-96-93-50-33-26-32-80-43-37-35-0,8009.655864360038,seed604_lns_start21_late_random_best_rm8_tw6
0-69-2-45-5-61-42-44-39-38-36-40-41-90-98-82-53-88-7-6-3-8-46-4-79-73-78-12-14-47-17-16-15-11-10-9-87-97-59-86-99-57-20-49-48-25-77-58-74-13-60-1-0,8038.32392555851,seed604_lns_start37_random_regret_rm5_tw15
0-72-42-44-36-38-39-61-69-90-82-98-88-53-12-14-11-9-86-87-15-16-47-78-73-79-7-6-2-1-3-5-8-46-45-4-68-81-43-40-35-37-41-54-71-93-96-80-91-56-66-17-0,8047.72137952366,seed603_lns_start36_mixed_regret_rm6_tw12
0-2-5-42-44-61-39-38-36-40-41-90-69-88-98-82-99-53-12-15-16-47-17-14-78-73-79-7-8-46-45-1-3-4-6-60-10-9-13-97-87-86-57-24-49-20-48-25-77-58-74-0,8060.346558011805,seed603_lns_start37_random_random_best_rm5_tw10
0-69-98-72-42-61-88-11-15-16-53-78-73-79-7-6-2-45-3-5-8-46-4-1-39-38-44-43-40-37-35-36-41-81-94-67-71-93-96-54-68-70-100-55-60-17-13-97-75-58-0,8076.907414397012,seed601_lns_start70_late_best_rm5_tw12
0-69-65-64-83-52-75-23-21-19-18-22-76-51-63-84-62-95-92-94-67-50-33-30-28-26-27-29-31-34-71-93-96-81-54-72-37-35-43-70-100-55-68-80-91-66-56-85-32-89-20-0,8094.9121333282055,seed606_lns_start39_random_random_best_rm8_tw10
0-69-45-42-44-61-39-38-36-40-41-90-88-98-53-82-99-86-87-9-11-15-16-47-14-12-73-79-7-8-46-5-3-4-2-6-60-78-10-13-97-74-57-20-24-49-48-25-77-58-17-1-0,8097.956013989429,seed603_lns_start38_random_random_best_rm6_tw6
0-82-65-83-52-75-23-21-19-86-22-18-51-64-95-67-50-34-29-27-26-28-31-30-32-33-63-85-84-92-94-93-71-72-54-96-81-37-35-43-70-100-55-68-80-91-66-56-76-89-0,8128.321293231164,seed601_lns_start40_mixed_random_best_rm8_tw15
0-65-52-12-15-75-23-21-83-64-22-19-18-76-63-85-84-62-50-34-31-29-27-26-28-30-32-33-67-95-92-94-93-71-72-54-96-81-37-35-43-70-100-55-68-80-91-66-56-51-89-0,8185.188964629918,seed605_lns_start39_random_regret_rm8_tw15
0-65-82-69-98-14-15-16-47-73-7-2-78-12-11-9-75-59-87-86-52-99-57-25-23-21-48-18-19-49-22-83-53-88-90-91-56-84-50-34-32-26-89-20-66-80-96-54-93-24-77-0,8193.212420446678,seed603_lns_start8_mixed_best_rm6_tw6
0-69-98-62-39-38-36-42-44-40-41-61-88-2-6-46-45-5-3-1-8-7-79-73-78-12-14-47-17-16-15-11-10-53-90-99-9-13-97-59-87-57-24-49-20-48-25-77-58-74-60-4-0,8202.854545001584,seed601_lns_start40_mixed_random_best_rm8_tw15
0-15-14-12-61-39-38-36-40-44-42-41-90-69-98-53-82-11-9-16-13-10-47-78-73-79-7-8-46-5-3-45-4-2-6-88-57-86-87-59-97-74-24-20-48-25-77-58-17-60-1-0,8216.905687018469,seed605_lns_start38_random_best_rm5_tw10
0-95-62-31-29-27-28-30-33-63-76-51-85-67-71-61-81-72-41-42-44-39-38-40-36-37-35-43-1-3-5-45-4-46-8-7-79-6-2-70-55-53-78-14-10-9-13-97-74-68-100-0,8247.9133127851,seed605_lns_start42_random_random_best_rm5_tw8
0-65-83-52-75-23-21-76-51-19-18-22-99-64-84-85-63-33-30-28-26-27-29-31-34-50-62-67-95-92-94-93-71-96-81-54-72-37-35-43-70-100-55-68-80-91-66-56-32-89-49-0,8267.784670412633,seed605_lns_start38_random_best_rm5_tw10
0-69-98-82-65-92-64-52-11-12-73-47-16-15-99-88-90-57-86-87-59-75-58-77-25-23-21-48-18-19-49-24-22-20-84-50-34-26-32-94-93-54-96-80-91-56-83-66-55-89-0,8268.323145749571,seed604_lns_start42_random_random_best_rm8_tw8
0-65-15-75-52-99-83-64-95-85-76-51-84-92-94-67-62-50-34-31-29-27-26-28-30-32-33-63-18-48-21-23-19-49-20-22-24-25-77-58-57-74-97-10-60-55-100-70-59-89-0,8290.70279809679,seed602_lns_start35_mixed_best_rm6_tw10
0-69-2-45-5-61-42-44-39-38-36-40-41-90-98-82-53-88-7-6-3-8-46-4-79-73-78-12-47-17-16-15-11-10-9-13-87-97-59-86-99-57-24-49-20-48-25-77-58-74-60-1-0,8291.565129520506,seed602_lns_start39_random_regret_rm4_tw6
0-92-95-62-33-30-28-27-29-31-67-63-51-64-53-7-61-81-94-71-72-41-39-38-40-36-35-37-43-44-42-70-6-8-46-3-4-60-78-17-14-10-9-13-97-58-74-55-100-68-0,8292.152406426523,seed603_lns_start15_late_random_best_rm8_tw6
0-82-65-83-21-23-98-88-12-11-86-52-99-57-51-64-22-49-19-18-76-85-63-33-32-30-29-27-26-28-34-50-94-84-20-48-25-77-58-75-97-59-74-24-91-80-68-93-89-0,8316.464128166448,seed606_lns_start52_late_random_best_rm8_tw15
0-95-62-63-64-83-65-82-69-90-99-52-57-86-87-59-49-19-21-23-25-18-76-51-85-84-31-29-27-26-28-30-33-32-34-50-67-94-96-81-54-93-91-56-66-22-20-24-48-77-89-0,8408.272114750402,seed602_lns_start23_random_random_best_rm4_tw10
0-69-98-2-45-88-42-44-39-38-36-40-41-61-81-90-82-53-6-8-46-5-3-1-4-7-79-73-78-12-47-17-16-15-10-9-99-86-87-59-97-58-57-24-49-20-48-25-77-74-13-60-0,8414.360481293754,seed605_lns_start37_random_best_rm8_tw10
0-82-98-2-88-42-44-39-38-36-40-41-61-81-90-69-53-6-45-5-3-1-8-46-4-7-79-73-78-12-14-47-16-15-11-10-9-87-59-97-86-99-24-49-20-48-25-77-58-74-13-17-60-0,8421.59714661727,seed601_lns_start39_random_random_best_rm6_tw12
0-65-15-75-59-52-99-83-64-51-76-85-95-84-92-94-67-62-50-34-31-29-27-26-28-30-32-33-63-18-48-21-23-19-24-22-20-49-25-77-58-57-74-97-10-60-55-100-70-56-89-0,8442.0148099672,seed605_lns_start32_mixed_random_best_rm6_tw10
0-65-92-95-64-83-52-75-23-86-22-19-21-18-76-51-63-85-62-67-94-93-71-72-54-81-96-31-29-27-26-28-30-33-32-34-50-84-56-91-80-68-55-100-70-43-37-35-66-89-0,8497.391964662678,seed604_lns_start40_random_random_best_rm6_tw15
0-65-82-11-15-52-83-99-64-23-21-18-76-63-62-84-95-92-94-67-50-34-31-29-27-26-28-30-32-33-85-51-22-19-49-24-20-48-25-77-58-75-97-59-74-57-55-70-100-60-10-89-0,8500.553814714865,seed605_lns_start32_late_random_best_rm8_tw8
0-69-2-14-47-15-16-11-52-99-65-82-98-88-78-73-12-53-9-87-59-75-58-23-21-18-19-49-20-22-74-86-57-83-66-90-91-56-84-50-34-32-26-89-48-25-77-24-80-96-93-54-0,8536.195663728442,seed602_lns_start8_random_best_rm8_tw8
0-95-62-31-29-27-28-30-33-63-76-51-85-67-71-72-81-61-41-42-44-39-38-40-36-35-37-43-2-6-7-79-8-46-4-45-5-3-1-100-70-55-53-60-78-17-14-10-9-13-97-74-68-0,8554.2664723158,seed604_lns_start42_mixed_regret_rm4_tw12
0-69-82-12-11-15-16-47-98-65-52-99-90-83-57-86-87-59-75-77-23-25-21-48-18-19-49-20-22-88-73-79-7-45-5-1-2-66-56-91-80-96-54-93-50-34-26-32-89-24-0,8559.451175105783,seed605_lns_start5_random_regret_rm3_tw12
0-42-44-71-95-62-63-76-19-23-21-18-51-85-33-28-34-31-29-27-26-30-32-50-67-94-92-91-56-64-84-20-49-22-74-87-9-13-97-75-58-77-25-48-24-66-80-72-93-89-0,8565.157655826068,seed605_lns_start50_random_regret_rm3_tw8
0-69-98-2-45-5-88-73-12-47-16-15-11-82-83-90-65-99-52-57-86-87-59-75-77-25-23-21-48-18-19-49-24-22-20-84-85-76-89-26-32-34-50-56-66-91-80-96-93-54-1-79-0,8567.119932678354,seed603_lns_start15_late_random_best_rm8_tw6
0-69-98-5-88-12-14-47-15-16-11-9-86-82-53-78-73-79-7-6-2-8-46-45-3-43-44-42-39-38-37-35-36-40-41-72-71-93-96-54-81-61-68-90-80-91-56-66-87-13-4-1-0,8631.763112460352,seed603_lns_start33_mixed_best_rm6_tw12
0-65-52-75-23-21-19-64-83-95-92-67-29-27-28-31-30-33-63-85-51-84-62-93-71-72-54-81-96-94-50-34-32-26-89-76-18-22-24-66-56-91-80-68-55-70-43-37-35-0,8640.69949056583,seed602_lns_start38_random_random_best_rm4_tw10
0-65-52-11-14-47-15-16-59-75-83-64-51-76-18-21-23-19-22-84-85-63-33-30-32-28-26-27-29-31-34-50-62-95-56-66-91-80-94-93-54-72-41-37-35-43-96-68-70-100-55-60-17-89-0,8712.947430374645,seed605_lns_start48_late_random_best_rm6_tw12
0-65-52-59-16-75-99-83-64-92-95-84-94-67-62-50-34-31-29-27-26-28-30-32-33-85-63-76-51-19-18-48-21-23-25-22-20-49-24-57-77-58-97-74-10-60-55-100-70-56-89-0,8713.600670528283,seed603_lns_start35_random_regret_rm4_tw8
0-65-52-83-64-95-62-30-27-29-31-33-63-85-51-76-18-21-23-19-84-92-94-71-72-54-81-96-67-34-26-28-32-50-93-37-35-43-70-100-55-68-80-91-56-66-22-24-89-75-0,8719.808622376508,seed604_lns_start37_random_regret_rm5_tw15
0-65-52-83-64-95-62-30-67-92-90-84-51-76-18-19-21-23-22-85-63-33-32-31-28-26-27-29-34-50-94-93-71-96-81-54-72-37-35-43-70-100-55-68-80-91-66-56-89-75-0,8726.174461301733,seed602_lns_start39_random_best_rm4_tw6
0-82-98-69-72-39-38-36-42-44-40-41-61-88-53-99-90-2-3-1-5-45-4-46-8-6-7-79-73-78-12-14-47-17-16-11-10-9-13-87-59-97-86-74-57-24-49-20-48-25-77-58-60-0,8748.418987367562,seed606_lns_start37_random_random_best_rm6_tw15
0-11-15-14-61-39-38-36-40-44-42-41-69-88-98-53-82-99-86-59-87-9-10-16-47-73-78-79-7-6-2-8-46-4-45-5-3-1-70-90-57-20-24-49-48-25-77-58-74-97-13-17-60-0,8758.94303511005,seed603_lns_start39_random_best_rm5_tw12
0-98-12-14-47-15-16-11-92-71-72-61-88-78-73-79-7-6-2-44-42-41-39-38-40-36-35-37-43-1-3-5-45-8-46-4-53-9-10-68-70-100-55-60-17-13-97-75-58-74-80-0,8786.559742869238,seed602_lns_start23_random_random_best_rm4_tw10
0-69-98-2-5-45-88-73-12-14-47-16-15-11-82-90-65-99-52-57-86-87-59-75-77-25-23-21-48-18-19-49-20-22-24-83-66-56-84-50-32-26-34-93-80-96-54-1-7-79-91-89-0,8804.924196857324,seed601_lns_start1_random_random_best_rm8_tw10
0-65-47-12-75-52-83-64-19-23-21-18-22-51-76-63-85-62-95-50-34-31-29-27-26-28-30-32-33-67-92-94-93-71-54-81-96-72-37-35-43-70-100-55-68-80-91-56-84-66-89-0,8809.00008105245,seed602_lns_start38_random_random_best_rm4_tw8
0-65-52-14-16-83-19-23-21-18-22-64-51-76-84-95-92-94-93-71-67-62-85-63-33-32-30-31-29-27-26-28-34-50-96-81-54-72-37-35-43-70-100-55-68-80-91-66-56-89-75-0,8829.828989836917,seed605_lns_start38_mixed_regret_rm8_tw10
0-82-98-69-42-44-61-39-38-36-40-41-90-99-53-88-2-45-5-3-1-46-8-6-7-79-73-78-12-14-47-17-16-15-11-10-9-87-59-97-86-74-57-24-20-49-48-25-77-58-13-60-100-4-0,8863.207085631666,seed601_lns_start39_random_best_rm5_tw8
0-83-64-92-95-63-76-33-30-28-27-29-31-62-67-94-71-72-41-42-44-39-38-40-36-35-37-43-61-81-68-100-7-8-46-3-4-6-78-17-14-10-9-13-97-58-74-53-60-55-70-51-0,8865.13870563104,seed605_lns_start12_random_random_best_rm5_tw15
0-64-21-23-19-83-65-82-12-73-88-98-69-90-99-52-57-86-87-59-15-16-17-47-11-75-58-77-25-48-18-49-20-22-24-84-92-94-93-54-96-80-91-66-56-50-34-32-26-89-60-0,8865.513941985864,seed605_lns_start42_random_random_best_rm5_tw8
0-65-52-15-75-23-21-19-76-51-22-57-83-64-95-67-62-50-34-29-27-26-28-31-30-32-33-63-85-84-92-94-71-93-96-81-72-37-35-43-54-70-100-55-68-80-91-66-56-89-18-0,8883.694655206578,seed601_lns_start38_random_random_best_rm3_tw8
0-65-83-52-11-59-75-23-21-76-51-18-19-22-64-84-62-95-92-94-71-72-81-96-67-85-63-33-32-30-28-26-27-29-31-34-50-56-91-80-68-55-100-70-43-35-37-54-93-66-89-0,8899.640458491875,seed603_lns_start37_random_random_best_rm5_tw10
0-69-65-52-59-75-23-21-76-51-18-19-22-83-64-95-67-92-94-93-71-72-54-96-62-85-63-33-30-31-29-27-26-28-32-34-50-84-56-66-91-80-68-55-100-70-43-37-35-81-89-0,8927.843134638477,seed606_lns_start40_random_regret_rm4_tw6
0-65-11-14-47-15-16-75-59-52-86-83-51-76-18-21-23-19-22-64-95-62-34-31-29-27-26-28-30-32-33-50-85-63-84-56-66-91-94-93-96-54-72-41-37-35-43-70-100-55-68-80-60-89-0,8928.90239529832,seed601_lns_start45_mixed_best_rm8_tw10
0-72-42-44-36-38-39-61-69-98-88-53-78-73-79-7-6-2-45-3-5-8-46-68-43-40-35-37-41-81-90-86-87-9-13-16-17-47-14-66-91-56-80-96-71-93-54-1-4-0,8984.79194254094,seed603_lns_start33_late_random_best_rm8_tw12
0-92-95-62-31-67-71-72-38-42-44-61-90-69-53-78-14-15-16-47-73-79-7-6-2-8-46-4-45-5-3-43-40-36-35-37-39-41-54-81-96-56-66-87-9-10-13-17-60-55-100-70-1-0,8985.91699313903,seed606_lns_start52_late_random_best_rm8_tw15
0-92-95-62-29-71-72-38-42-44-61-69-90-53-78-14-15-16-47-73-79-7-6-2-8-46-4-45-5-3-43-37-35-36-40-39-41-54-81-96-56-66-87-9-10-13-17-60-55-100-70-1-0,9012.171528537801,seed601_lns_start57_mixed_random_best_rm8_tw6
0-11-15-14-12-61-39-38-36-40-44-42-41-98-53-82-99-86-87-9-13-10-16-47-78-73-79-7-6-2-8-46-4-45-5-3-1-88-69-90-57-20-49-48-25-77-58-74-97-17-60-70-0,9034.04764275516,seed602_lns_start40_random_best_rm4_tw6
0-82-98-2-88-42-44-39-38-36-40-41-61-81-90-69-53-6-45-5-3-1-8-46-4-7-79-73-78-12-14-47-17-16-15-11-10-9-13-97-59-87-57-24-49-20-48-25-77-58-86-74-60-0,9070.591834369592,seed605_lns_start40_random_random_best_rm6_tw15
0-69-98-12-47-16-15-11-88-82-90-65-99-52-57-86-87-59-75-25-23-21-48-18-19-49-20-22-83-73-79-7-45-5-3-1-2-66-84-56-91-80-96-54-93-50-34-26-32-89-24-77-0,9168.754720606043,seed604_lns_start4_mixed_regret_rm8_tw8
0-65-83-52-59-75-23-21-19-76-63-85-64-95-92-94-71-67-62-31-34-29-27-26-28-30-32-33-50-84-51-20-22-24-49-25-77-58-74-86-99-57-66-91-56-18-48-89-80-36-0,9169.24336957175,seed605_lns_start20_late_random_best_rm6_tw6
0-65-52-83-64-92-95-62-76-23-21-18-19-22-51-85-63-33-30-28-27-29-31-94-93-67-71-72-54-81-96-84-50-34-32-26-89-56-66-91-80-68-55-70-43-35-37-78-75-0,9180.402886912978,seed602_lns_start37_random_random_best_rm4_tw10
0-83-52-23-21-19-76-63-33-31-62-67-95-65-64-22-18-49-51-85-84-92-94-71-29-27-26-28-30-32-34-50-72-54-81-96-93-91-56-66-80-68-55-100-70-43-35-37-75-0,9210.284287372931,seed603_lns_start40_random_best_rm8_tw6
0-64-92-95-62-31-29-27-28-30-33-63-76-18-51-85-67-94-71-72-41-42-39-38-36-35-37-40-43-44-1-3-5-45-8-7-6-100-70-61-81-68-55-79-46-4-60-10-13-97-58-74-0,9236.567855488041,seed602_lns_start8_mixed_random_best_rm8_tw15
0-64-95-62-67-30-28-27-29-31-33-85-63-76-51-90-92-94-71-72-41-42-44-40-36-35-37-38-39-43-1-3-5-45-8-6-7-79-100-55-68-61-70-4-46-60-17-10-13-97-58-74-0,9261.121727825772,seed601_lns_start8_random_regret_rm4_tw15
0-65-83-52-11-14-47-15-16-75-59-86-23-21-18-19-22-64-84-95-62-50-34-31-29-27-26-28-30-32-33-63-85-76-51-56-91-80-94-93-54-72-41-37-35-43-96-68-70-100-55-66-60-17-89-0,9265.538432814383,seed605_lns_start48_late_best_rm6_tw10
0-11-15-14-12-69-61-39-38-36-40-44-42-41-88-90-82-98-53-99-86-59-87-9-10-16-47-78-73-7-6-2-1-3-5-45-4-46-8-79-60-57-20-24-48-25-77-58-74-97-13-17-0,9273.800428341823,seed602_lns_start37_random_regret_rm6_tw8
0-72-42-69-98-88-11-15-16-47-14-12-53-78-73-79-7-6-2-44-40-36-35-37-38-39-41-71-96-81-61-1-3-5-45-4-46-8-17-13-9-87-90-66-91-56-80-93-54-68-43-0,9274.976893933506,seed601_lns_start35_late_regret_rm4_tw10
0-65-83-82-11-12-15-16-47-73-7-2-88-98-69-90-99-52-57-86-87-59-75-77-25-23-21-48-18-19-49-20-22-24-79-45-5-1-68-66-84-56-91-80-96-54-93-50-34-32-26-89-0,9281.027580238173,seed603_lns_start10_mixed_random_best_rm8_tw6
0-65-62-31-27-29-28-30-33-63-76-51-19-22-18-21-23-75-57-52-83-66-95-67-94-93-71-72-96-81-92-56-64-84-85-32-26-34-50-91-80-55-100-70-68-54-43-37-35-89-0,9314.277077138546,seed602_lns_start39_random_best_rm5_tw8
0-69-98-82-23-76-92-71-61-39-38-36-40-44-42-81-2-3-5-45-46-8-6-7-79-78-73-88-53-90-99-12-10-9-13-97-87-57-20-24-49-48-25-77-58-74-4-1-0,9334.887633068762,seed601_lns_start49_late_best_rm8_tw6
0-65-52-23-21-75-16-47-83-64-22-18-19-76-51-84-95-92-67-62-85-63-33-32-30-28-26-27-29-31-34-50-94-93-71-54-81-96-72-37-35-43-70-100-55-68-80-91-66-56-89-0,9355.330465355122,seed601_lns_start38_random_best_rm4_tw12
0-92-95-62-64-19-76-51-63-85-33-30-28-27-29-31-67-94-71-72-41-39-38-40-36-35-37-43-44-42-1-3-45-6-7-79-8-5-46-4-100-70-61-81-68-55-60-17-10-13-97-58-74-0,9361.166348855071,seed602_lns_start8_late_best_rm8_tw8
0-65-52-11-75-23-21-19-76-18-22-83-64-51-63-85-84-95-62-67-71-72-54-81-96-94-92-34-31-29-27-26-28-30-32-33-50-56-66-91-80-90-68-55-100-70-43-35-37-93-89-0,9372.107585683985,seed602_lns_start37_random_random_best_rm8_tw10
0-65-52-11-14-47-15-16-59-75-83-64-22-19-23-21-18-51-84-95-85-63-33-30-32-28-26-27-29-31-34-50-62-56-91-80-94-93-54-72-37-35-43-96-68-70-100-55-66-86-60-17-89-0,9388.371345520938,seed604_lns_start49_mixed_regret_rm8_tw10
0-39-36-44-42-61-69-98-82-11-9-15-47-14-12-53-88-78-73-79-7-6-2-45-3-5-8-46-43-38-37-35-40-41-72-71-93-96-54-81-80-91-56-66-90-86-87-13-4-1-68-0,9389.88695242307,seed603_lns_start32_mixed_regret_rm6_tw10
0-65-82-98-11-12-88-99-52-23-21-18-19-64-84-95-94-67-62-50-34-31-29-27-26-28-30-32-33-85-63-76-51-83-57-86-74-59-97-75-58-77-25-48-49-22-20-91-68-80-93-24-89-0,9390.96112046797,seed606_lns_start52_late_random_best_rm8_tw6
0-95-31-29-27-28-30-33-67-62-63-76-18-51-64-92-94-71-72-41-39-38-40-36-35-37-43-44-42-61-70-55-53-78-14-13-9-10-7-6-3-46-8-4-100-68-60-17-97-58-74-0,9395.54085154026,seed605_lns_start18_mixed_regret_rm8_tw6
0-92-95-62-29-27-28-31-30-33-63-76-19-21-23-86-52-65-83-22-64-94-93-71-72-54-81-96-67-84-85-51-49-18-89-26-32-34-50-56-91-80-68-55-100-70-43-35-37-75-0,9408.83937559794,seed604_lns_start37_random_random_best_rm8_tw12
0-92-11-52-65-83-64-23-21-76-18-19-22-51-85-63-33-30-28-29-31-50-62-95-93-71-54-81-96-94-67-34-27-26-32-84-56-66-91-80-68-55-100-70-43-37-35-89-75-0,9414.778374641575,seed601_lns_start38_random_random_best_rm5_tw10
0-82-12-14-88-61-39-38-36-40-44-42-41-69-98-53-11-15-16-47-78-73-79-7-6-4-45-5-3-46-8-2-90-99-57-86-87-9-10-13-97-59-74-20-24-49-48-25-77-58-17-60-70-1-0,9420.094930471736,seed606_lns_start40_random_random_best_rm8_tw8
0-65-52-83-64-95-62-71-72-42-44-90-82-9-87-99-57-22-19-18-21-23-49-20-51-76-63-85-33-30-28-26-27-32-34-50-84-56-66-86-74-59-75-58-77-25-48-24-91-80-89-0,9456.72356531417,seed601_lns_start59_late_regret_rm4_tw15
0-65-52-83-64-95-62-71-72-42-44-90-82-9-87-99-57-22-19-18-21-23-49-20-51-76-63-85-33-32-28-26-27-31-34-50-84-56-66-86-74-59-75-58-77-25-48-24-91-80-89-0,9456.94888493295,seed601_lns_start59_late_random_best_rm4_tw10
0-69-83-52-16-75-23-21-19-51-76-18-22-64-65-84-85-63-33-30-28-26-27-29-31-34-50-62-67-95-92-94-93-71-54-81-96-72-37-35-43-70-100-55-68-80-91-66-56-89-32-0,9460.28045429765,seed601_lns_start39_random_best_rm5_tw10
0-11-15-14-12-61-39-38-36-40-44-42-41-90-69-98-53-9-87-59-13-10-16-47-78-73-79-7-8-46-45-1-3-5-4-2-6-88-99-86-74-57-20-24-49-48-25-77-58-97-17-60-0,9465.637949425476,seed602_lns_start38_mixed_regret_rm6_tw12
0-11-72-39-38-36-42-44-40-41-61-90-69-98-53-88-2-6-45-5-3-1-46-8-7-79-73-78-12-14-47-17-16-15-10-9-13-97-59-87-86-99-57-24-49-20-48-25-77-58-74-60-4-0,9475.484958149164,seed601_lns_start38_random_best_rm4_tw8
0-65-64-83-52-59-75-23-21-19-76-63-85-95-92-81-71-94-67-62-34-31-29-27-26-28-30-32-33-50-84-51-22-57-99-86-20-49-18-48-25-77-58-74-66-80-91-56-24-89-36-0,9480.039181779432,seed603_lns_start20_late_random_best_rm8_tw12
0-92-95-62-31-29-27-28-30-33-63-76-21-64-51-85-67-94-71-72-41-39-38-40-36-35-37-43-44-42-61-81-68-100-45-4-6-7-8-5-3-1-46-79-60-17-10-13-97-58-74-55-70-0,9491.744087389941,seed606_lns_start8_late_random_best_rm5_tw8
0-65-64-83-75-59-16-15-47-12-73-88-98-82-90-69-53-99-52-86-11-87-58-77-25-23-21-48-18-19-49-56-92-94-84-20-22-24-57-66-91-80-96-54-93-50-34-32-26-89-0,9517.005132840493,seed603_lns_start42_random_regret_rm4_tw15
0-65-83-64-21-23-52-16-75-18-19-22-76-51-84-95-92-94-93-71-67-62-85-63-33-32-30-28-26-27-29-31-34-50-96-54-81-68-70-100-55-80-91-56-66-20-89-37-35-43-0,9527.228662503883,seed603_lns_start38_random_best_rm8_tw12
0-92-95-64-83-52-16-65-99-75-23-21-18-76-19-22-51-84-85-63-33-32-30-28-26-27-29-31-34-50-62-67-93-71-72-54-81-96-94-56-66-91-80-68-55-100-70-43-35-37-89-0,9532.245735425797,seed605_lns_start37_random_random_best_rm5_tw8
0-92-95-62-31-29-27-28-30-33-63-85-76-51-21-64-84-67-94-71-72-41-39-38-36-35-37-40-43-44-42-61-81-68-70-6-8-46-4-3-100-55-53-60-78-14-17-10-9-13-97-58-74-0,9617.600418791302,seed603_lns_start3_random_regret_rm6_tw6
0-65-11-83-76-64-99-52-23-21-18-19-22-51-63-85-84-95-92-94-93-71-67-62-50-33-32-30-28-26-27-29-31-34-96-81-54-72-37-35-43-70-100-55-68-80-91-66-56-89-75-0,9649.849501542934,seed606_lns_start40_random_best_rm3_tw8
0-69-98-12-2-45-5-7-78-88-53-82-52-86-87-9-11-14-47-73-79-6-8-46-4-3-1-42-44-43-40-36-35-37-38-39-41-72-71-54-81-61-68-90-80-91-66-56-96-93-13-17-0,9664.324272897731,seed601_lns_start36_late_random_best_rm6_tw6
0-92-64-95-62-30-31-29-27-28-33-63-76-18-51-85-67-94-71-72-41-39-38-36-35-37-40-43-44-42-61-81-68-100-60-78-14-13-9-10-53-6-8-46-4-3-70-55-17-97-58-74-0,9708.010183366809,seed606_lns_start5_random_random_best_rm8_tw8
0-92-95-62-31-29-27-28-30-33-63-76-23-64-51-85-67-94-71-72-41-39-38-40-36-35-37-43-44-42-61-81-68-100-45-4-6-7-8-5-3-1-46-79-60-17-10-13-97-58-74-55-70-0,9735.19334901734,seed603_lns_start8_late_random_best_rm6_tw12
0-69-98-82-52-11-15-16-47-12-88-99-65-90-83-57-86-59-87-75-77-21-23-25-48-18-19-49-20-22-24-73-79-7-2-45-5-1-100-66-56-80-96-54-93-50-34-26-32-89-91-0,9736.17265855622,seed605_lns_start2_random_best_rm8_tw10
0-65-52-83-64-95-71-72-42-44-90-82-9-99-57-22-19-18-21-23-49-20-51-76-63-85-33-32-30-28-26-29-34-50-62-84-56-66-86-74-87-59-75-58-77-25-48-24-91-80-89-0,9749.317265221622,seed605_lns_start59_late_random_best_rm5_tw12
0-65-52-11-14-47-15-16-59-75-23-21-18-19-22-86-83-64-84-95-94-67-62-50-34-31-29-27-26-28-30-32-33-63-85-89-76-51-56-66-91-80-54-41-37-35-43-93-96-68-70-100-55-60-17-0,9761.524605022805,seed605_lns_start46_late_random_best_rm8_tw8
0-65-52-59-16-83-64-92-95-85-63-76-51-84-94-67-62-50-34-31-29-27-26-28-30-32-33-19-18-48-21-23-25-22-20-49-24-77-58-75-97-74-57-99-10-60-55-100-70-66-89-0,9797.554005190465,seed604_lns_start34_random_regret_rm3_tw6
0-69-98-42-44-61-2-5-7-88-90-82-53-12-11-9-86-87-15-16-47-14-78-73-79-6-8-46-45-3-43-40-36-35-37-38-39-41-72-71-93-54-81-96-80-91-56-66-13-17-4-1-0,9816.383384407964,seed603_lns_start34_random_random_best_rm4_tw8
0-64-83-65-82-12-11-52-23-21-19-18-76-51-85-63-33-30-31-29-27-28-26-34-50-67-94-68-88-98-99-57-86-74-59-97-75-58-77-25-48-49-22-24-20-84-91-80-93-32-89-100-0,9818.01086786973,seed604_lns_start57_random_regret_rm3_tw10
0-5-45-2-44-42-39-38-61-69-88-98-53-82-86-87-9-11-15-16-14-12-78-47-17-73-79-7-6-8-46-4-3-1-43-40-36-35-37-41-72-71-93-96-54-81-68-90-80-91-56-66-13-0,9881.026335277867,seed603_lns_start32_random_random_best_rm4_tw6
0-69-98-39-61-42-44-36-40-41-90-82-11-15-16-12-53-88-2-3-5-45-46-8-6-7-79-73-78-17-47-14-10-99-9-87-59-97-74-86-57-20-24-49-48-25-77-58-13-60-4-1-100-0,9883.753935660712,seed603_lns_start37_random_regret_rm6_tw6
0-69-65-83-52-75-23-21-76-18-19-22-64-95-67-31-29-28-30-33-50-62-94-93-71-72-54-81-96-92-56-84-85-63-51-34-27-26-32-89-24-66-91-80-68-55-100-70-43-37-35-0,9885.838823136364,seed602_lns_start40_random_best_rm8_tw8
0-65-83-52-59-75-23-76-63-33-30-28-27-29-31-62-94-67-95-64-22-49-19-18-21-51-85-84-92-91-80-81-96-93-71-72-37-35-43-54-68-70-100-55-66-56-50-34-32-26-89-0,9938.159880256584,seed606_lns_start39_random_regret_rm8_tw12
0-92-95-63-33-30-28-27-29-31-71-72-36-40-38-39-44-42-41-61-81-93-94-67-62-85-76-51-84-64-56-91-90-65-66-83-57-20-49-18-48-22-24-10-17-13-97-74-58-77-25-89-96-0,9942.249332429814,seed601_lns_start68_random_best_rm6_tw10
0-69-98-82-52-11-15-16-47-14-12-99-65-90-83-57-86-59-87-75-77-21-23-25-48-18-19-49-20-24-88-2-45-5-1-7-79-73-66-84-56-91-80-96-54-93-50-34-32-26-89-0,9946.253687202076,seed603_lns_start2_random_random_best_rm6_tw8
0-82-65-83-52-11-14-47-15-16-59-75-86-23-21-18-76-51-19-22-64-95-62-50-34-31-29-27-26-28-30-32-33-63-85-84-56-66-91-80-94-93-96-54-72-41-37-35-43-68-70-100-55-60-89-0,9960.92460473268,seed605_lns_start47_mixed_regret_rm8_tw15
0-65-83-52-21-23-19-62-51-76-18-22-86-87-64-92-95-84-85-63-33-32-30-28-26-27-29-31-34-50-67-94-93-71-54-81-96-72-37-35-43-70-100-55-68-80-91-66-56-89-75-0,9990.742263102704,seed602_lns_start40_random_regret_rm3_tw6
0-98-65-83-52-11-75-23-21-19-64-22-18-76-51-84-95-92-94-93-72-71-67-62-85-63-33-30-34-31-29-32-28-26-27-50-56-66-91-80-96-81-68-55-100-70-54-43-37-35-89-0,10026.41517412106,seed602_lns_start40_random_random_best_rm6_tw8
0-11-15-14-12-61-39-38-36-40-44-42-41-90-69-98-53-82-99-86-59-87-9-10-16-47-78-73-79-7-8-46-45-5-3-1-4-2-6-60-88-57-20-24-49-48-25-77-58-74-97-13-17-89-0,10046.682323716634,seed603_lns_start40_random_best_rm8_tw8
0-65-52-75-73-99-83-64-22-19-23-21-18-76-63-85-51-84-95-92-94-67-62-50-31-29-32-30-28-26-27-34-93-71-54-81-96-72-37-35-43-70-100-55-68-80-91-66-56-89-33-0,10046.87515999514,seed604_lns_start38_random_best_rm4_tw12
0-82-52-59-11-16-12-88-98-99-65-83-64-84-85-63-76-19-23-21-18-89-33-28-26-27-29-31-34-32-30-50-67-94-51-49-20-22-57-86-74-97-75-58-77-25-48-24-91-80-68-93-0,10066.983647636423,seed606_lns_start55_random_regret_rm3_tw10
0-65-52-83-64-95-62-71-72-42-44-90-82-9-87-99-57-22-19-18-21-23-49-20-51-76-63-85-34-29-27-26-28-32-33-50-84-56-66-86-74-59-75-58-77-25-48-24-91-80-89-0,10070.531094703265,seed605_lns_start59_late_best_rm4_tw10
0-65-64-83-52-15-59-75-23-21-22-19-18-76-63-33-50-62-67-95-92-94-71-29-27-26-28-30-32-31-34-72-54-81-96-93-84-85-51-56-66-91-80-68-55-70-43-37-35-89-0,10115.440438871894,seed603_lns_start39_random_best_rm6_tw15
0-95-62-64-83-52-59-75-23-21-86-65-90-92-67-50-33-30-32-28-26-27-29-31-34-85-63-76-18-19-22-51-84-56-94-93-71-54-81-96-72-37-35-43-70-100-55-68-80-91-66-0,10122.675897360139,seed602_lns_start38_random_best_rm4_tw10
0-69-65-52-82-88-15-16-47-14-12-11-9-59-86-99-53-98-2-79-73-78-87-75-23-21-48-18-19-49-20-22-57-90-91-66-83-56-50-34-26-32-89-25-77-24-80-96-54-93-0,10135.440041292699,seed601_lns_start8_random_best_rm8_tw6
0-14-12-47-15-16-69-61-42-44-39-40-38-41-72-81-90-98-88-53-82-52-9-11-10-87-13-17-73-79-7-8-46-4-45-5-3-1-2-6-78-60-55-100-70-68-54-96-93-37-35-43-97-0,10141.8070210748,seed602_lns_start20_late_best_rm6_tw8
0-65-83-52-11-14-47-15-16-59-75-23-21-51-76-18-19-22-64-84-95-94-67-62-50-34-31-29-27-26-28-30-32-33-63-85-56-66-91-80-54-37-35-43-93-96-68-70-100-55-60-17-41-89-0,10148.71015594635,seed606_lns_start47_late_random_best_rm8_tw15
0-65-52-83-64-95-71-72-42-44-90-82-9-99-57-22-19-18-21-23-49-20-51-76-63-85-34-31-29-27-26-32-33-50-62-84-56-66-86-74-87-59-75-58-77-25-48-24-91-80-89-0,10176.567710028874,seed602_lns_start59_late_regret_rm5_tw15
0-69-44-42-72-71-30-62-95-92-90-53-78-14-15-16-47-73-79-7-6-2-8-46-4-45-5-3-43-40-36-35-37-38-39-41-61-54-81-96-56-66-87-9-10-13-17-60-55-100-70-1-0,10215.25314546093,seed604_lns_start55_mixed_best_rm8_tw8
0-65-11-14-47-15-75-59-52-86-83-64-19-18-21-23-22-76-63-85-84-95-67-62-34-31-29-27-26-28-30-32-33-50-51-56-66-91-80-94-54-41-37-35-43-93-96-68-70-100-55-60-17-89-0,10219.44466148993,seed601_lns_start46_late_regret_rm8_tw8
0-72-39-42-44-5-45-2-88-98-69-90-82-86-87-9-11-15-16-47-14-12-78-73-79-7-6-8-46-4-3-1-43-40-36-35-37-38-41-61-81-54-71-96-92-91-56-66-53-17-68-80-93-0,10228.16944947028,seed603_lns_start35_mixed_random_best_rm8_tw8
0-92-62-42-44-61-67-29-31-27-28-30-33-63-85-76-51-84-95-94-71-93-56-64-18-48-21-23-19-49-20-22-74-87-9-13-97-75-58-77-25-24-66-80-91-50-34-32-26-89-0,10245.034757265234,seed605_lns_start50_late_best_rm4_tw12
0-92-95-62-31-29-27-28-30-33-63-85-76-51-21-64-67-94-71-72-41-42-44-39-38-40-36-35-37-43-3-6-8-46-4-70-61-81-68-55-53-60-78-14-17-10-9-13-97-58-74-100-0,10272.157267573768,seed603_lns_start6_random_random_best_rm8_tw12
0-92-64-95-62-31-29-27-28-30-33-63-76-18-51-67-94-71-72-41-39-38-36-35-37-40-43-44-42-61-81-68-100-60-78-14-13-9-10-53-7-6-46-3-8-4-70-55-17-97-58-74-0,10350.684336549575,seed601_lns_start14_random_regret_rm8_tw15
0-14-47-12-88-61-39-38-36-40-44-42-41-90-69-82-53-11-15-16-9-87-59-13-10-17-78-73-79-7-8-5-3-1-45-4-46-2-6-60-99-86-57-20-24-49-48-25-77-58-74-97-0,10469.509270006947,seed603_lns_start40_mixed_best_rm6_tw12
0-92-95-62-64-83-52-51-76-63-85-33-30-28-27-29-31-67-94-81-61-71-72-41-39-38-36-37-35-40-43-44-42-1-3-5-45-46-8-6-7-79-10-74-58-97-13-17-60-4-70-100-55-68-0,10482.53349341804,seed601_lns_start8_random_regret_rm6_tw10
0-92-95-63-62-67-71-31-29-27-28-30-33-76-51-64-94-81-61-72-41-42-44-39-38-40-36-35-37-43-3-4-46-8-6-7-79-78-14-15-9-10-53-55-68-70-100-60-17-13-97-58-74-0,10492.18496245932,seed604_lns_start19_mixed_random_best_rm8_tw10
0-92-69-65-83-52-11-15-16-14-12-9-99-86-87-57-22-51-62-50-34-31-29-27-26-28-30-32-33-63-88-60-78-73-79-7-6-8-46-4-3-1-70-100-55-68-96-54-43-35-37-93-80-0,10529.320047478608,seed603_lns_start0_random_random_best_rm8_tw8
0-82-98-69-72-39-38-36-42-44-40-41-61-90-99-53-88-2-100-1-3-5-45-4-46-8-6-7-79-73-78-12-14-47-16-15-11-10-9-87-59-97-86-74-57-24-49-20-48-25-77-58-13-17-60-0,10550.627481706846,seed606_lns_start39_random_random_best_rm3_tw8
0-92-95-64-63-76-33-30-28-27-29-31-62-85-51-84-67-94-71-72-41-39-38-36-35-40-37-43-44-42-61-81-70-55-53-78-17-14-10-9-13-97-58-74-60-6-8-4-3-100-68-0,10591.153025926882,seed604_lns_start3_random_best_rm8_tw10
0-92-95-64-23-19-76-63-51-85-33-30-28-27-29-31-62-67-94-71-72-41-39-38-40-36-35-37-43-44-42-1-3-45-6-7-79-8-5-46-4-100-70-61-81-68-55-60-17-10-13-97-58-74-0,10632.489783351293,seed601_lns_start8_late_regret_rm8_tw12
0-92-95-64-63-30-28-33-76-51-62-67-71-27-29-31-94-81-72-41-39-38-36-37-35-40-43-44-42-61-1-3-4-46-8-6-7-79-73-78-10-74-97-13-17-60-55-100-70-68-0,10656.880816754843,seed604_lns_start22_mixed_best_rm8_tw12
0-92-95-62-31-29-28-33-63-76-64-83-65-90-82-99-52-57-86-87-59-75-77-25-23-21-48-18-19-49-22-20-51-85-84-67-94-72-71-34-27-26-30-32-50-93-54-96-80-91-56-66-24-1-0,10676.69486770711,seed602_lns_start43_late_best_rm8_tw6
0-69-52-83-64-19-76-65-18-21-23-22-51-84-95-92-62-85-63-33-30-28-26-27-29-31-34-50-67-94-93-71-96-81-54-72-37-35-43-70-100-55-68-90-66-80-91-56-32-89-75-0,10742.648693990286,seed601_lns_start38_random_random_best_rm5_tw15
0-64-95-92-62-31-29-27-28-30-33-76-63-85-67-61-81-94-71-72-41-42-44-39-38-40-36-35-37-43-1-3-45-6-7-79-8-5-46-4-100-70-68-55-53-60-17-10-13-97-58-74-51-0,10753.57953878557,seed605_lns_start8_random_random_best_rm4_tw12
0-69-98-72-42-61-88-12-16-15-53-78-73-79-7-6-2-45-3-5-8-46-4-1-39-38-44-43-40-37-35-36-41-81-94-67-71-93-96-54-68-70-100-55-60-17-11-13-97-75-58-0,10795.639899208301,seed604_lns_start70_random_regret_rm3_tw6
0-92-95-62-72-71-38-42-44-61-2-69-90-53-78-79-73-47-16-15-14-7-6-8-46-4-45-5-3-43-37-35-36-40-39-41-54-81-96-56-66-10-9-87-13-17-60-55-100-70-1-0,10806.421256544256,seed606_lns_start56_random_random_best_rm3_tw8
0-69-98-36-44-61-2-7-88-90-82-53-12-11-9-86-87-16-15-14-78-73-79-6-8-46-45-5-3-1-43-42-38-37-35-40-39-41-72-71-93-96-54-81-68-80-91-56-66-13-17-4-0,10839.469532791674,seed603_lns_start35_mixed_random_best_rm5_tw8
0-65-64-21-23-19-83-82-98-88-14-12-11-99-52-51-63-85-84-94-67-50-34-31-29-27-26-28-30-32-33-89-76-18-49-20-22-57-86-74-87-59-97-75-58-77-25-48-24-91-80-93-68-0,10844.147428513308,seed602_lns_start54_random_best_rm8_tw8
0-69-98-2-45-88-42-44-39-38-36-40-41-61-81-90-99-82-53-6-8-46-5-3-1-4-7-79-73-78-12-14-47-17-16-15-10-9-13-86-59-97-58-57-24-49-20-48-25-77-74-87-60-0,10846.874041800564,seed606_lns_start40_random_best_rm6_tw12
0-69-98-44-61-88-12-15-16-47-14-11-9-87-59-75-86-23-21-19-52-99-82-53-60-78-73-79-7-8-46-45-5-4-2-1-3-6-55-100-70-68-43-35-37-54-80-66-50-34-32-26-0,10855.258671895976,seed606_lns_start68_random_best_rm8_tw10
0-65-12-75-23-21-19-51-76-18-22-86-52-83-64-95-62-67-92-94-71-96-81-54-72-31-29-28-26-27-30-33-32-34-50-63-85-84-56-66-91-80-68-55-100-70-43-35-37-93-89-0,10927.68263717233,seed604_lns_start39_random_random_best_rm5_tw12
0-65-52-83-63-33-30-28-27-29-31-85-51-76-19-18-21-23-22-49-84-92-64-95-93-71-72-54-96-94-67-62-50-32-26-34-37-35-43-70-100-55-68-80-91-66-56-89-75-16-0,10988.156393050815,seed604_lns_start39_random_regret_rm5_tw8
0-65-82-98-11-15-16-47-14-12-88-7-2-69-90-99-52-57-86-87-59-75-77-25-23-21-48-18-19-49-20-22-24-83-73-79-45-5-1-66-56-91-80-96-54-93-50-34-32-26-89-85-0,11002.054801664543,seed603_lns_start18_mixed_best_rm8_tw12
0-69-44-42-72-71-92-95-62-76-90-53-78-14-15-16-47-73-79-7-6-2-8-46-4-45-5-3-43-40-36-35-37-38-39-41-61-54-81-96-56-66-87-9-10-13-17-60-55-100-70-1-0,11070.981401336732,seed605_lns_start55_late_random_best_rm6_tw10
0-92-64-83-65-52-75-73-86-23-21-18-19-22-51-76-63-85-84-95-62-50-34-31-29-27-26-28-30-33-67-94-93-71-72-37-35-43-70-100-55-68-81-54-96-80-91-66-56-89-32-0,11187.816468114612,seed601_lns_start37_random_random_best_rm6_tw8
0-92-95-63-62-67-31-29-27-28-30-33-76-51-23-57-64-94-71-72-41-39-38-37-35-36-40-43-44-42-61-81-68-70-3-4-46-8-7-6-100-55-53-60-78-17-10-9-13-97-58-74-0,11239.42694685223,seed605_lns_start10_random_regret_rm8_tw12
0-92-95-31-27-29-28-30-33-63-76-51-85-62-67-71-61-81-72-41-42-44-39-38-40-36-37-35-43-1-3-5-45-4-6-7-8-46-2-70-100-55-53-60-79-78-17-14-10-9-13-97-74-68-0,11322.582709268441,seed602_lns_start42_random_random_best_rm3_tw6
0-92-64-95-62-31-29-27-28-30-33-63-76-18-51-85-67-94-71-72-41-39-38-36-37-35-40-43-44-42-61-81-68-100-4-6-7-8-5-3-45-46-79-17-10-13-97-75-58-74-60-1-70-0,11332.840541162055,seed602_lns_start8_random_random_best_rm8_tw6
0-39-36-44-42-61-2-88-12-14-15-86-53-69-90-82-87-9-11-16-17-47-78-73-79-7-6-8-46-45-5-3-1-43-38-37-35-40-41-72-71-93-96-54-81-68-80-91-56-66-13-4-0,11357.113392551892,seed605_lns_start33_mixed_regret_rm6_tw6
0-65-12-11-14-47-15-16-75-59-86-52-83-64-51-76-18-21-23-19-22-85-62-50-34-31-29-27-26-28-30-32-33-63-84-95-56-66-91-80-94-93-54-72-41-37-35-43-96-68-70-100-55-60-17-89-0,11362.765207520022,seed601_lns_start49_mixed_best_rm8_tw10
0-65-52-11-47-15-16-59-75-23-21-18-86-83-64-84-95-94-67-62-50-34-31-29-27-26-28-30-32-33-63-85-89-76-51-22-66-56-91-80-54-41-37-35-43-93-96-68-70-100-55-60-14-17-0,11376.305951304956,seed602_lns_start45_late_best_rm8_tw8
0-92-95-62-72-71-42-44-61-2-69-90-53-78-79-73-47-16-15-14-7-6-8-46-4-45-5-3-43-38-37-35-36-40-39-41-54-81-96-91-56-66-87-9-10-13-17-60-55-100-70-1-0,11381.270280390407,seed605_lns_start55_mixed_random_best_rm8_tw8
0-69-2-5-45-88-98-82-52-99-65-90-64-83-57-86-87-59-75-77-23-25-21-48-18-19-49-20-22-24-11-15-16-47-73-12-66-56-84-50-32-26-34-93-96-54-91-80-1-79-89-0,11420.539817117993,seed601_lns_start19_random_random_best_rm5_tw8
0-52-47-15-75-23-21-76-51-64-65-83-22-18-19-92-95-84-85-63-33-32-30-28-26-27-29-31-34-50-62-67-94-93-71-72-54-96-81-68-70-100-55-66-80-91-56-37-35-43-89-0,11460.9541985063,seed602_lns_start40_random_best_rm5_tw6
0-65-82-11-14-47-15-16-75-59-86-52-83-51-85-76-18-21-23-19-22-64-95-62-50-34-31-29-27-26-28-30-32-33-63-84-56-66-91-80-94-93-54-72-41-37-35-43-96-68-70-100-55-60-17-89-0,11552.078411199385,seed605_lns_start48_mixed_best_rm6_tw6
0-65-11-75-23-21-76-63-85-62-51-22-19-18-49-52-99-83-64-95-92-94-71-54-81-96-67-34-31-29-28-27-30-32-33-50-84-56-66-91-80-68-55-100-70-43-35-37-93-26-89-0,11593.517129769456,seed606_lns_start38_random_best_rm5_tw15
0-69-98-2-45-5-61-42-44-36-40-38-39-41-72-71-67-62-84-85-76-18-23-21-48-19-49-20-64-56-95-92-94-81-82-53-10-47-17-13-59-97-75-58-74-77-25-24-66-91-34-30-89-0,11616.271145765972,seed602_lns_start0_late_best_rm6_tw6
0-65-52-75-15-99-83-51-76-18-21-23-19-22-57-64-95-67-62-34-31-29-27-26-28-30-33-63-85-84-92-94-93-71-72-54-96-81-68-70-100-55-80-91-56-66-50-32-89-37-35-43-0,11640.398246289458,seed605_lns_start39_random_best_rm8_tw15
0-72-42-69-98-88-11-15-16-47-14-12-53-78-73-79-7-6-2-61-44-43-40-36-35-37-38-39-41-71-93-96-81-90-68-1-3-5-45-4-46-8-17-13-9-87-86-66-80-91-56-54-0,11762.02068880968,seed602_lns_start36_late_regret_rm5_tw8
0-72-42-69-98-88-82-11-15-16-47-14-12-53-78-73-79-7-6-2-44-43-40-36-35-37-38-39-41-71-96-81-61-1-3-5-45-4-46-8-17-13-9-87-86-66-90-68-80-91-93-54-0,11764.654130393405,seed604_lns_start36_mixed_random_best_rm5_tw6
0-65-83-11-15-16-73-14-78-12-9-86-87-52-90-92-62-50-31-29-27-26-28-30-32-33-63-51-22-57-99-53-88-60-79-7-6-8-46-4-3-1-43-35-37-54-96-93-80-68-70-100-55-0,11766.732666731692,seed603_lns_start0_random_best_rm4_tw8
0-64-92-95-62-29-33-76-51-63-31-27-28-30-67-94-71-72-41-42-44-39-38-40-36-35-37-43-61-81-68-6-7-78-73-79-8-46-4-3-1-70-100-55-60-10-17-13-97-75-74-0,11870.919042623595,seed605_lns_start22_late_random_best_rm8_tw10
0-65-52-83-64-62-33-30-28-27-29-31-67-92-63-85-95-22-49-19-23-21-18-76-51-84-94-93-71-96-81-54-72-37-35-43-70-100-55-68-80-91-66-56-50-34-32-26-89-75-47-0,11958.830937754588,seed603_lns_start38_random_regret_rm8_tw15
0-72-42-69-98-88-82-11-15-16-47-14-12-53-78-73-79-7-6-2-44-43-40-36-35-37-38-39-41-71-96-81-61-1-3-5-45-4-46-8-17-13-9-87-86-90-68-80-91-56-93-54-0,11964.673195058502,seed603_lns_start35_mixed_random_best_rm6_tw15
0-65-52-83-64-95-71-72-42-44-90-82-9-99-57-22-19-18-21-23-49-51-62-50-34-31-29-26-28-32-33-63-85-89-76-84-56-66-86-74-87-59-75-58-77-25-48-20-24-91-80-0,12057.998779855381,seed605_lns_start59_late_best_rm8_tw8
0-64-95-62-31-29-27-28-30-33-63-76-51-83-65-90-82-99-57-23-21-18-19-49-20-22-52-86-74-75-59-87-9-47-14-12-10-66-56-84-85-34-26-32-50-92-91-80-24-77-25-48-89-0,12182.956625085304,seed606_lns_start70_mixed_regret_rm6_tw15
0-2-44-69-98-65-82-99-52-57-86-11-12-47-16-15-87-59-75-77-25-23-21-48-18-19-49-20-22-24-83-90-88-1-5-45-7-79-73-66-56-91-80-96-54-93-50-34-32-26-89-0,12456.16681740958,seed604_lns_start3_random_regret_rm5_tw6
0-15-64-95-67-62-31-29-27-28-30-33-63-76-51-85-92-94-71-72-41-39-38-36-37-35-40-43-44-42-61-81-68-100-78-14-9-10-53-6-8-46-4-3-70-55-60-17-13-97-58-74-0,12585.337775016673,seed603_lns_start1_mixed_regret_rm8_tw12
0-69-98-2-45-88-42-44-39-38-36-40-41-61-81-90-99-82-53-6-8-46-5-3-1-4-7-79-73-78-12-14-47-17-16-15-11-10-9-13-86-59-97-58-57-24-49-20-48-25-77-74-87-60-0,12602.525005166372,seed602_lns_start39_mixed_regret_rm6_tw8
0-65-83-82-12-14-16-52-76-19-18-21-23-22-64-51-63-85-84-95-92-94-71-72-54-81-96-67-62-33-32-30-28-26-27-29-31-34-50-56-91-80-68-55-100-70-43-35-37-93-66-89-75-0,12625.50262089434,seed603_lns_start39_random_best_rm6_tw15
0-92-64-95-62-67-31-29-27-28-30-33-85-63-76-51-98-79-6-2-61-42-44-43-40-36-35-37-38-39-41-72-71-94-81-68-7-8-46-4-45-5-3-1-70-55-100-60-17-10-13-97-58-74-0,12777.07022080411,seed606_lns_start8_random_random_best_rm4_tw10
0-69-98-82-52-59-75-11-99-86-57-83-65-90-15-16-47-14-12-73-79-78-53-88-6-7-8-46-5-3-45-4-2-61-81-72-41-39-38-37-35-36-40-43-54-96-68-70-100-55-60-10-17-1-0,12796.422470949958,seed603_lns_start50_mixed_random_best_rm6_tw15
0-65-83-52-11-14-47-15-16-59-75-23-21-18-19-22-76-51-84-95-64-85-63-33-30-28-26-27-29-31-32-34-50-62-67-94-93-96-54-72-41-37-35-43-70-100-60-17-55-68-80-91-66-86-56-89-0,12800.466481390606,seed604_lns_start48_late_random_best_rm8_tw6
0-69-98-82-12-11-15-16-47-14-73-7-45-2-88-53-90-65-94-71-31-34-29-27-26-28-30-32-33-50-83-99-52-86-74-59-87-13-57-22-20-49-18-48-23-25-77-24-66-56-91-80-93-89-0,12815.564755330332,seed604_lns_start44_random_regret_rm8_tw6
0-69-98-12-11-75-15-16-47-14-73-79-78-53-88-7-6-2-45-3-5-8-46-4-68-61-42-44-43-40-36-35-37-38-39-41-72-71-93-96-56-66-86-87-9-13-17-90-91-80-81-54-1-0,12875.845824717142,seed606_lns_start35_late_best_rm8_tw15
0-92-95-31-29-27-28-30-33-62-67-63-76-51-64-53-79-7-8-6-61-81-94-71-72-41-39-38-36-37-35-40-43-44-42-70-55-78-14-17-13-9-10-60-46-3-4-100-68-74-58-97-0,13023.42569923857,seed602_lns_start17_mixed_random_best_rm8_tw8
0-64-95-62-31-29-27-28-30-33-85-63-76-21-51-92-94-67-71-72-41-39-38-36-35-40-37-43-44-42-61-81-68-70-1-3-5-45-4-46-6-7-8-79-60-17-10-13-97-75-58-74-55-100-0,13169.537086343797,seed601_lns_start8_late_regret_rm5_tw12
0-69-5-45-2-88-12-14-47-11-73-78-53-82-86-87-9-16-15-79-7-6-8-46-4-3-1-61-42-44-43-40-36-35-37-38-39-41-72-71-93-81-90-80-66-56-91-96-54-68-17-13-75-0,13724.526871404769,seed601_lns_start34_mixed_best_rm8_tw10
0-62-31-67-39-38-36-40-44-42-41-61-69-98-53-82-99-86-87-59-13-9-10-11-15-16-47-14-12-78-73-79-7-8-46-45-5-3-4-2-6-88-90-57-20-24-49-48-25-77-58-74-97-17-60-1-0,14123.777711963165,seed601_lns_start39_late_regret_rm8_tw10
