route,score,source
0-65-59-82-83-64-52-11-15-16-47-14-12-98-69-88-2-6-45-5-3-46-8-7-79-73-78-53-10-9-99-90-94-96-54-37-35-43-68-55-60-4-1-100-70-80-93-17-0,6913.147424222251,seed603_lns_start45_mixed_random_best_rm5_tw8_guarded
0-65-59-82-83-64-52-11-15-16-47-14-12-99-90-69-98-88-2-45-5-3-46-8-6-7-79-73-78-53-55-68-61-81-96-54-37-35-43-70-100-1-4-60-17-80-93-89-0,7711.261840999576,seed604_lns_start1_random_best_rm3_tw12_guarded
0-42-39-36-72-92-95-62-33-30-28-27-29-31-85-76-51-84-67-94-81-61-44-41-38-40-37-43-71-34-26-32-50-56-91-80-96-93-54-68-55-70-100-60-4-1-35-0,8133.141228593227,seed605_lns_start65_random_random_best_rm4_tw12
0-65-59-82-83-64-52-11-15-16-47-14-12-98-69-90-81-61-2-45-5-8-7-79-73-78-53-88-6-46-4-3-1-43-35-37-54-96-68-55-60-17-100-70-80-91-93-26-0,8250.694000120913,seed608_lns_start1_late_best_rm6_tw8_guarded
0-65-59-82-83-64-52-11-15-16-47-14-12-98-69-88-2-8-45-5-3-46-6-7-79-73-78-53-99-66-90-68-61-81-96-54-37-35-43-1-4-60-17-55-100-70-93-89-0,8443.558639453862,seed604_lns_start2_late_regret_rm8_tw10_guarded
0-65-59-82-83-64-52-11-15-16-47-14-12-98-69-88-2-6-45-5-3-46-8-7-79-73-78-53-99-66-90-81-61-43-35-37-54-96-68-55-4-1-70-100-60-17-80-89-0,8450.161035442528,seed604_lns_start3_late_regret_rm6_tw12_guarded
0-42-39-36-72-92-95-62-63-33-30-28-27-29-31-85-76-51-84-67-94-81-61-44-38-37-40-43-41-71-34-26-32-50-56-91-96-54-68-55-60-4-1-100-80-93-35-0,8562.908515936242,seed604_lns_start65_late_regret_rm4_tw6
0-42-39-36-72-31-27-29-28-30-33-76-63-85-62-67-95-84-51-64-94-71-81-61-41-38-44-43-40-35-37-54-96-56-91-68-55-60-46-4-3-1-100-70-80-93-50-0,8786.235723734013,seed603_lns_start47_random_regret_rm5_tw8
0-72-92-95-62-29-31-27-28-30-33-63-64-83-52-59-75-23-21-18-49-19-22-20-51-84-85-32-26-34-50-67-94-93-71-96-54-91-56-66-24-48-25-77-58-89-80-0,8787.131760542428,seed605_lns_start71_mixed_best_rm6_tw8
0-72-92-95-62-31-29-27-28-30-33-63-76-64-83-99-52-75-21-18-19-49-22-20-51-85-84-67-94-71-54-96-93-50-34-26-32-56-91-80-66-24-48-25-77-58-89-0,8987.758535648527,seed607_lns_start73_random_regret_rm6_tw6
0-65-59-82-83-64-52-11-16-15-47-14-12-98-69-2-45-5-8-3-46-6-7-79-73-78-10-9-99-53-68-55-61-81-96-54-37-35-43-1-4-60-100-70-93-32-89-0,9009.924644359655,seed605_lns_start44_mixed_best_rm8_tw10
0-72-92-95-62-29-31-27-28-30-33-63-64-83-52-59-75-23-21-18-19-49-22-20-51-76-85-84-67-50-32-34-71-54-96-94-91-56-66-24-48-25-77-58-80-93-89-0,9024.397414734109,seed603_lns_start75_random_regret_rm4_tw15
0-65-59-82-83-64-52-11-15-16-47-14-12-99-90-69-98-88-53-78-73-79-7-2-45-5-3-46-8-6-55-68-61-81-96-54-37-35-43-1-4-60-17-100-70-80-91-93-89-0,9093.3253686267,seed601_lns_start2_mixed_regret_rm6_tw6_guarded
0-65-59-82-83-64-52-11-15-16-47-14-12-99-90-69-98-88-2-45-5-3-46-8-6-7-79-73-78-53-55-68-61-81-96-54-37-35-43-1-4-60-17-100-70-93-34-89-0,9174.511261550784,seed601_lns_start1_late_regret_rm8_tw8_guarded
0-42-39-36-72-92-95-62-33-30-28-27-29-31-63-85-76-51-84-67-94-81-61-44-43-40-37-38-41-71-34-26-32-50-56-91-96-54-68-55-80-93-70-100-1-4-60-35-0,9203.730432188562,seed602_lns_start65_random_best_rm3_tw15
0-72-92-95-62-29-31-27-28-30-33-63-64-83-52-22-23-21-18-19-49-51-76-85-84-94-67-50-32-26-34-71-93-54-96-56-66-20-24-48-25-77-75-58-91-80-89-0,9236.121063038181,seed606_lns_start75_random_best_rm3_tw10
0-42-39-36-72-92-95-62-31-29-27-28-30-33-63-85-51-76-18-21-23-19-49-22-87-86-57-66-56-84-67-94-96-54-71-50-34-26-32-89-20-24-48-25-77-58-74-91-80-93-0,9564.30914827826,seed607_lns_start83_random_regret_rm3_tw12_guarded
0-65-14-47-59-52-64-83-82-69-98-88-2-45-5-7-79-73-78-12-15-16-11-10-9-99-90-53-8-46-4-3-1-55-68-81-96-54-37-35-43-60-100-70-93-32-26-89-0,9613.249503893929,seed606_lns_start52_random_best_rm8_tw8
0-72-92-95-62-29-31-27-28-30-33-63-64-83-52-59-75-23-21-18-19-49-22-20-51-76-85-84-67-94-71-34-26-32-50-93-96-91-56-66-24-48-25-77-58-89-80-0,9668.920985495686,seed602_lns_start73_random_regret_rm4_tw6
0-65-59-82-83-64-52-11-15-16-47-14-12-88-98-69-61-2-45-5-3-46-8-6-7-79-73-78-53-10-9-99-90-55-68-81-96-54-37-35-43-1-4-70-100-60-17-13-0,9870.827644242063,seed605_lns_start46_late_best_rm8_tw15_guarded
0-65-59-82-83-64-52-11-15-16-47-14-12-98-69-90-61-2-45-5-3-46-8-6-7-79-73-78-10-9-99-53-88-55-68-81-96-54-37-35-43-1-4-60-100-70-80-91-93-0,9919.137868014897,seed602_lns_start44_late_best_rm6_tw6_guarded
0-42-39-36-72-92-83-64-95-62-33-30-28-27-29-31-85-63-76-51-84-67-71-94-81-61-41-38-40-44-43-35-37-54-96-56-91-68-55-60-4-3-1-100-70-80-93-50-0,9994.994354914552,seed607_lns_start47_random_best_rm3_tw12
0-72-92-95-62-29-31-27-28-30-33-63-64-83-52-59-75-23-21-18-19-49-22-51-76-85-84-67-94-71-54-96-50-34-26-32-56-20-24-48-25-77-58-91-80-93-89-0,10027.232623515938,seed605_lns_start71_random_regret_rm3_tw8
0-65-59-82-83-64-52-11-16-15-47-14-12-98-69-88-2-6-45-5-3-8-46-7-79-73-78-53-10-9-99-90-68-61-81-96-54-37-35-43-70-55-100-1-4-60-93-32-0,10131.489267882485,seed602_lns_start43_late_random_best_rm8_tw15
0-65-59-82-83-64-52-11-15-16-47-14-12-98-69-88-2-8-45-5-3-46-6-7-79-73-78-53-10-9-87-99-90-68-61-81-96-54-37-35-43-1-4-60-55-100-70-80-93-0,10140.486089830838,seed602_lns_start43_late_regret_rm5_tw15_guarded
0-42-39-36-72-92-95-62-31-29-27-28-30-33-63-85-84-51-76-18-21-23-19-49-22-20-57-86-87-97-74-66-56-94-96-93-71-67-50-34-32-26-89-48-25-77-58-24-91-80-0,10172.015760397642,seed601_lns_start83_random_random_best_rm5_tw8_guarded
0-72-92-95-62-29-31-27-28-30-33-64-83-52-59-75-23-21-18-19-49-22-20-51-76-63-85-32-26-34-50-67-94-71-93-96-54-91-56-66-24-48-25-77-58-89-80-0,10181.935502003256,seed605_lns_start72_mixed_best_rm8_tw15
0-65-59-82-83-64-52-11-15-16-47-14-12-99-90-69-98-88-2-45-5-3-46-8-6-7-79-73-78-53-55-68-61-81-96-54-37-35-43-70-100-1-4-60-17-80-93-32-26-0,10311.555386060681,seed605_lns_start3_late_regret_rm6_tw10_guarded
0-92-95-72-36-39-42-44-71-67-62-31-29-27-28-30-33-63-85-51-76-18-21-23-19-49-20-22-86-87-74-57-66-56-84-50-34-26-32-94-93-96-80-91-24-48-25-77-58-89-0,10389.736617775005,seed601_lns_start83_random_random_best_rm4_tw8_guarded
0-65-83-59-15-47-14-11-12-98-69-88-2-45-5-8-7-79-73-78-53-82-90-64-99-52-9-10-16-6-46-4-3-1-43-40-35-37-41-68-55-60-17-13-100-70-58-0,10486.399684395625,seed608_lns_start83_random_random_best_rm4_tw6_guarded
0-65-14-47-59-52-64-83-82-69-98-88-2-45-5-7-79-73-78-12-15-16-11-10-9-99-90-53-6-8-46-4-3-1-70-68-55-100-81-96-54-37-35-93-32-26-89-60-0,10492.400427425862,seed606_lns_start52_mixed_random_best_rm8_tw6
0-65-59-82-83-64-52-11-16-15-47-14-12-98-69-88-2-6-45-5-3-8-46-7-79-73-78-53-10-9-99-90-81-96-54-37-35-43-61-68-55-60-4-1-70-100-89-32-0,10512.226928994209,seed602_lns_start45_late_best_rm8_tw8
0-92-83-59-52-64-95-62-29-31-27-28-30-33-63-85-84-22-19-23-21-18-49-20-76-51-56-94-67-50-32-26-34-71-93-54-96-80-66-24-48-25-77-58-75-91-89-0,10549.189332861708,seed606_lns_start72_random_regret_rm8_tw6
0-65-83-59-82-69-98-2-45-5-7-73-12-14-47-16-15-11-9-87-86-52-57-99-53-78-79-6-46-8-3-88-90-66-10-17-13-97-75-58-74-77-25-48-24-89-93-0,10622.89350280826,seed607_lns_start67_mixed_regret_rm5_tw10
0-65-14-47-59-52-64-83-82-69-98-88-2-45-5-7-79-73-78-12-15-16-11-10-9-99-90-53-6-8-46-4-3-1-70-100-55-68-81-96-54-43-35-37-93-32-26-89-60-0,10825.403500290784,seed606_lns_start53_mixed_best_rm6_tw15
0-65-83-59-15-47-14-5-45-2-88-98-69-64-52-99-82-53-12-11-16-78-73-79-7-6-8-46-3-55-68-61-81-96-54-37-35-43-1-4-17-60-100-70-93-32-26-0,10873.472823853934,seed602_lns_start2_mixed_regret_rm8_tw15
0-42-39-36-72-92-95-83-64-62-31-29-27-28-30-33-63-76-51-84-85-50-67-71-94-96-81-61-41-44-40-38-37-35-43-1-3-46-4-60-55-100-70-54-93-91-80-56-0,10918.077465509537,seed606_lns_start47_mixed_random_best_rm4_tw15
0-65-59-82-83-64-52-11-16-15-47-14-12-88-98-69-90-81-61-45-5-3-46-8-2-6-7-79-73-78-10-9-99-53-55-68-96-54-37-35-43-1-4-70-100-60-93-89-0,10955.87198270193,seed603_lns_start43_mixed_best_rm8_tw12
0-65-59-82-83-64-52-11-15-16-47-14-12-98-69-88-2-45-5-8-6-7-79-73-78-53-99-90-81-96-54-61-68-55-46-4-3-1-43-37-35-26-32-93-70-100-60-17-0,10957.30269636661,seed602_lns_start3_late_regret_rm8_tw8_guarded
0-65-59-82-83-64-52-11-16-15-47-14-12-98-69-88-2-6-45-5-3-8-46-7-79-73-78-53-10-9-99-90-81-96-37-35-43-61-68-55-60-100-70-4-1-93-32-89-0,10986.097685699368,seed607_lns_start46_random_regret_rm5_tw10
0-42-39-36-72-92-83-64-95-76-63-33-30-28-27-29-31-85-51-84-62-67-71-81-41-38-44-43-40-35-37-54-96-94-56-91-68-55-60-46-4-3-1-100-70-80-93-50-0,11085.00889753304,seed605_lns_start47_random_regret_rm6_tw8
0-65-59-82-83-64-52-11-15-16-47-14-12-98-69-88-2-6-45-5-3-46-8-7-79-73-78-53-99-66-90-68-61-81-96-54-37-35-43-70-55-100-1-4-60-17-80-32-26-0,11154.724660787566,seed601_lns_start0_late_random_best_rm8_tw12_guarded
0-65-59-82-83-64-52-11-16-15-47-14-12-98-69-88-2-45-5-8-7-3-46-6-79-73-78-53-99-90-55-68-61-81-54-96-93-32-26-35-37-1-4-100-70-60-17-0,11161.69295298439,seed606_lns_start2_random_regret_rm3_tw8
0-65-59-82-83-64-52-11-15-16-47-14-12-98-69-88-2-45-5-8-3-46-6-7-79-73-78-53-10-9-99-90-68-81-96-54-37-35-43-1-4-60-55-100-70-93-34-32-26-0,11322.264123534733,seed605_lns_start43_late_best_rm8_tw6_guarded
0-42-39-36-72-92-83-64-95-62-33-30-28-27-29-31-85-63-76-51-84-67-71-81-61-41-38-44-43-40-35-37-54-96-94-56-91-68-55-60-46-4-3-1-100-70-80-93-50-0,11524.070698773787,seed603_lns_start47_random_random_best_rm4_tw6
0-14-59-83-64-52-11-16-15-47-12-99-82-98-69-90-81-61-45-5-3-46-8-2-6-7-79-73-78-10-9-53-88-55-68-96-54-37-35-43-70-100-1-4-60-93-89-0,11664.113670761151,seed604_lns_start46_random_random_best_rm8_tw8
0-65-59-82-83-64-52-11-16-15-47-14-12-88-98-69-90-81-61-2-3-5-45-46-8-6-7-79-73-78-10-9-53-60-55-54-37-35-43-1-4-100-70-96-93-32-26-89-0,11678.880229967968,seed601_lns_start53_random_regret_rm5_tw10
0-65-59-82-83-64-52-11-16-15-47-14-12-99-98-69-61-81-90-88-78-73-79-7-2-6-8-46-45-5-3-55-68-96-54-37-35-43-1-4-17-60-100-70-93-32-26-0,11754.342114020395,seed603_lns_start1_mixed_random_best_rm8_tw10
0-42-39-72-92-95-62-63-33-30-28-27-29-31-71-41-38-36-40-44-61-81-94-67-66-56-84-51-76-85-32-26-34-50-93-96-54-68-55-100-70-4-1-43-35-37-80-91-60-0,11862.859346992886,seed603_lns_start65_mixed_random_best_rm3_tw10
0-65-59-82-83-64-52-11-16-15-47-14-12-88-98-69-90-99-53-78-73-79-7-6-8-46-45-5-3-2-55-68-61-54-96-93-34-26-32-37-35-43-1-4-70-100-60-17-0,11904.814439845519,seed602_lns_start3_mixed_random_best_rm8_tw6
0-65-59-82-83-64-52-11-15-16-47-14-12-99-90-69-98-88-2-45-5-3-46-8-6-7-79-73-78-53-55-68-61-81-96-54-37-35-43-70-100-1-4-60-80-91-93-50-34-17-0,11953.462730439962,seed603_lns_start3_late_random_best_rm6_tw6_guarded
0-65-59-82-83-64-52-11-16-15-47-14-12-88-98-69-61-81-90-99-53-73-79-7-2-6-8-45-5-3-46-55-68-96-54-37-35-43-1-4-17-60-100-70-93-32-26-0,11997.07804761263,seed602_lns_start0_random_regret_rm3_tw10
0-65-59-83-52-82-69-98-2-45-5-7-73-12-14-47-16-15-11-9-87-86-57-99-64-66-90-53-78-79-8-3-46-6-88-10-17-13-97-75-58-74-77-24-48-89-0,12005.691009397986,seed608_lns_start67_late_random_best_rm8_tw12
0-65-59-82-83-64-52-11-16-15-47-14-12-88-98-69-61-81-90-99-53-78-73-79-7-6-2-45-8-46-4-5-1-43-35-37-54-68-70-100-55-60-17-96-93-32-26-0,12017.525499377087,seed601_lns_start1_random_random_best_rm6_tw6
0-65-59-83-52-82-69-98-2-45-5-7-73-12-14-47-16-15-11-9-87-86-57-99-64-66-90-53-78-79-8-3-46-6-88-10-17-13-97-75-58-74-24-25-77-89-0,12026.005939739436,seed601_lns_start67_late_random_best_rm8_tw6
0-65-59-82-83-64-52-11-15-16-47-14-12-98-69-90-88-2-45-5-3-8-46-6-7-79-73-78-10-9-99-53-55-68-61-81-96-54-37-35-43-1-4-60-100-70-80-93-26-89-0,12101.52521707241,seed603_lns_start52_random_random_best_rm3_tw12_guarded
0-65-59-82-83-64-52-11-15-16-47-14-12-98-69-90-61-2-45-5-3-46-8-6-7-79-73-78-10-9-86-99-53-88-55-68-81-96-54-37-35-43-1-4-60-100-70-93-89-0,12148.186215995216,seed603_lns_start43_mixed_regret_rm8_tw8_guarded
0-65-59-82-83-64-52-11-16-15-47-14-12-98-69-88-2-6-45-5-3-8-46-7-79-73-78-53-10-9-99-90-81-96-54-37-43-61-68-55-100-60-4-1-70-35-93-32-89-0,12165.964374091827,seed601_lns_start46_late_best_rm8_tw12
0-65-59-82-83-64-52-11-15-16-47-14-12-98-69-90-81-61-2-45-5-3-46-8-6-7-79-73-78-10-9-87-99-53-88-55-68-96-54-37-35-43-1-4-60-100-70-93-89-0,12176.115713756775,seed605_lns_start44_random_random_best_rm3_tw6_guarded
0-65-59-82-83-64-52-11-16-15-47-14-12-88-98-69-90-81-61-45-5-3-2-6-46-8-7-79-73-78-53-99-55-70-43-37-54-96-68-1-4-60-100-35-93-32-89-0,12196.32640953563,seed606_lns_start52_random_best_rm5_tw10
0-42-39-36-72-92-83-64-95-62-33-30-28-27-29-31-63-76-51-84-85-50-67-71-94-81-41-38-44-43-40-35-37-54-93-96-56-91-68-100-4-46-3-1-60-70-80-26-0,12209.705090559126,seed602_lns_start47_random_random_best_rm3_tw10
0-42-39-36-72-92-95-62-71-67-31-29-27-28-30-33-63-85-84-51-76-18-21-23-19-49-20-22-57-86-87-74-66-56-91-94-96-81-54-93-50-34-32-26-89-48-25-77-58-24-80-0,12225.000108185615,seed606_lns_start83_random_regret_rm8_tw15_guarded
0-65-14-47-59-52-64-83-82-69-98-88-2-45-5-8-7-79-73-78-12-16-15-11-99-90-53-4-3-1-46-6-68-55-81-96-93-54-100-60-17-70-43-35-37-32-26-0,12233.702618468109,seed604_lns_start1_mixed_best_rm6_tw6
0-92-95-65-69-98-64-82-52-15-16-47-14-12-11-9-59-87-86-99-90-88-53-78-73-79-7-8-6-46-3-4-1-43-40-35-37-41-54-96-68-60-17-13-10-55-100-70-93-97-0,12251.820186861896,seed604_lns_start57_random_random_best_rm8_tw15
0-65-83-82-69-98-2-5-45-88-12-14-47-16-15-11-9-87-59-86-52-99-53-78-73-79-7-6-8-46-3-4-55-90-66-64-57-74-10-17-13-97-75-58-77-25-48-24-89-0,12384.684681808325,seed602_lns_start67_late_random_best_rm6_tw10_guarded
0-65-59-82-83-64-52-15-16-47-14-12-88-98-69-90-81-61-99-53-78-73-79-7-6-2-8-46-4-45-5-3-1-68-96-54-37-35-43-55-17-60-100-70-93-32-26-0,12425.181268519336,seed601_lns_start0_mixed_best_rm8_tw15
0-92-95-63-33-28-27-29-31-71-72-39-38-36-40-44-42-41-94-67-62-84-85-51-76-18-21-23-19-49-20-22-57-86-74-87-9-10-13-97-75-58-77-25-48-24-66-56-91-80-93-89-0,12441.131225231838,seed605_lns_start2_late_random_best_rm6_tw6_guarded
0-72-92-95-62-29-31-27-28-30-33-64-83-52-59-75-23-21-18-19-22-76-51-63-85-84-50-67-71-54-96-94-91-56-66-20-24-58-77-25-48-89-32-26-34-93-80-0,12477.524273963498,seed602_lns_start74_mixed_regret_rm6_tw8
0-42-39-36-72-92-95-83-64-62-31-29-27-28-30-33-63-76-51-84-85-50-67-71-94-61-41-38-40-44-43-35-37-54-96-80-56-91-81-68-55-100-1-4-46-60-70-93-0,12492.69223104262,seed606_lns_start47_random_regret_rm8_tw8
0-65-59-82-83-64-52-11-16-15-47-14-12-88-98-69-61-81-90-99-53-78-73-79-7-6-8-5-45-3-4-46-2-55-68-54-37-35-43-100-60-1-70-93-32-26-17-0,12528.430211672172,seed607_lns_start3_mixed_regret_rm6_tw15
0-65-59-82-83-64-52-11-16-15-47-14-12-88-98-69-90-99-53-78-73-79-7-2-45-5-8-6-61-3-46-55-68-96-54-37-35-43-1-4-60-100-70-93-32-26-17-0,12534.979020423329,seed603_lns_start3_mixed_regret_rm8_tw10
0-42-39-36-72-92-95-62-71-67-31-29-27-28-30-33-63-85-84-51-76-18-21-23-19-49-20-22-86-87-97-74-57-66-56-94-96-54-93-50-34-26-32-89-24-48-25-77-58-91-80-0,12537.817055722695,seed606_lns_start83_random_regret_rm8_tw15
0-65-59-82-83-64-52-11-16-15-47-14-12-88-98-69-90-81-61-45-5-3-46-8-2-6-7-79-73-78-10-9-99-53-60-55-4-1-43-35-37-54-68-100-70-93-32-89-0,12570.76552039392,seed602_lns_start46_mixed_regret_rm8_tw15
0-65-59-83-52-64-82-69-98-2-45-5-7-79-73-78-47-15-14-12-11-16-75-97-87-86-99-66-90-3-46-8-6-53-10-9-13-17-74-58-77-25-48-24-89-0,12600.603534232572,seed608_lns_start67_random_random_best_rm5_tw8
0-65-59-82-83-64-52-11-16-15-47-14-12-99-98-90-81-61-88-78-73-79-7-2-6-8-45-5-3-46-53-55-68-96-54-37-35-43-1-4-17-60-100-70-93-32-26-0,12615.547267799582,seed608_lns_start4_mixed_random_best_rm6_tw6
0-65-59-82-83-64-52-11-16-15-47-14-12-98-69-88-79-2-5-45-3-46-8-7-73-78-53-10-9-99-90-55-61-81-96-54-68-70-100-60-4-1-43-35-93-80-32-89-0,12624.906710254561,seed606_lns_start46_mixed_random_best_rm8_tw15
0-65-59-82-83-64-52-11-15-16-47-14-12-98-69-88-2-6-45-5-3-46-8-7-79-73-78-53-10-9-87-86-99-90-68-61-81-96-54-37-35-43-1-4-60-55-100-70-93-32-0,12655.309544938113,seed605_lns_start45_late_best_rm8_tw8_guarded
0-42-39-36-72-92-95-62-31-29-27-28-30-33-63-85-51-76-18-21-23-19-49-22-57-86-99-90-81-96-94-71-67-50-34-26-32-84-56-91-66-20-24-48-25-77-58-97-74-80-93-89-0,12699.36659558025,seed606_lns_start83_random_best_rm6_tw15_guarded
0-65-59-82-83-64-52-11-16-15-47-14-12-98-69-88-2-45-5-6-7-46-8-79-73-78-53-9-10-99-90-68-61-54-96-93-32-26-37-35-43-1-4-100-70-55-60-89-0,12736.175722531776,seed607_lns_start53_random_regret_rm3_tw6
0-65-59-82-83-64-52-11-16-15-47-14-12-88-98-69-61-81-90-99-53-9-10-78-73-79-7-6-46-45-5-3-2-43-37-35-54-96-55-60-4-1-100-70-93-32-89-0,12740.352467741888,seed601_lns_start46_random_best_rm8_tw8
0-42-39-36-72-92-95-62-31-29-27-28-30-33-63-85-76-18-21-23-19-49-22-51-84-67-94-96-81-54-71-34-26-32-50-56-66-57-86-74-87-97-58-77-25-48-24-20-91-80-93-89-0,12767.996461369015,seed602_lns_start83_random_best_rm4_tw6_guarded
0-65-59-83-52-82-69-98-2-45-5-7-73-12-14-47-16-15-11-9-87-86-57-99-78-79-6-8-46-3-88-90-66-64-10-17-13-97-75-58-74-77-24-25-48-89-93-0,12847.4599790111,seed601_lns_start67_mixed_random_best_rm8_tw10
0-65-59-82-83-64-52-11-15-16-47-14-12-98-69-88-2-45-5-8-6-7-79-73-78-53-99-90-81-96-54-61-68-55-46-4-3-1-43-37-35-26-32-50-93-70-100-60-17-0,12873.669699542173,seed602_lns_start0_late_best_rm6_tw6_guarded
0-92-95-63-33-28-27-29-31-30-71-72-39-38-36-40-44-42-41-94-67-62-84-85-51-76-18-21-23-19-49-20-22-57-86-87-97-75-74-66-91-56-24-48-25-77-58-13-17-80-0,12901.526539134586,seed603_lns_start52_late_random_best_rm6_tw6_guarded
0-65-59-83-52-82-69-98-2-45-5-7-73-14-47-15-16-11-9-99-53-12-78-79-8-46-3-6-88-90-66-64-57-74-87-10-17-13-97-75-58-77-25-48-24-89-93-0,12929.009236410038,seed603_lns_start67_random_random_best_rm8_tw12
0-65-59-83-52-82-69-98-2-45-5-7-73-12-14-47-16-15-11-9-87-86-57-99-53-78-79-6-46-8-3-88-90-64-66-10-17-13-97-75-58-74-77-25-48-89-93-0,12952.026780416185,seed607_lns_start67_mixed_random_best_rm6_tw6
0-65-59-82-83-64-52-11-16-15-47-14-12-98-69-88-2-8-45-5-3-6-7-46-79-73-78-53-10-9-99-90-81-61-41-37-35-40-43-68-70-100-55-60-17-13-4-1-0,12956.42764887752,seed607_lns_start83_random_regret_rm6_tw8
0-65-59-82-83-64-52-11-16-15-47-14-12-88-98-69-90-81-61-3-5-45-8-2-6-7-79-73-78-10-9-99-53-60-55-68-70-100-1-4-43-35-37-54-96-93-32-89-0,12958.234584186313,seed606_lns_start46_random_regret_rm5_tw12
0-42-39-36-72-92-95-62-31-29-27-28-33-63-85-51-76-18-21-23-19-22-49-87-86-66-56-84-67-94-96-71-50-34-30-26-89-20-24-48-25-77-74-91-80-100-70-44-0,12965.873354346666,seed608_lns_start85_random_regret_rm8_tw12
0-65-83-59-11-15-47-14-12-52-64-99-82-98-69-90-81-61-88-78-73-79-7-6-2-8-45-5-3-46-53-55-68-96-54-37-35-43-1-4-60-100-70-93-32-26-17-0,12981.530386555103,seed607_lns_start1_random_regret_rm4_tw10
0-65-59-82-83-64-52-11-16-15-47-14-12-88-98-69-90-81-61-45-5-3-46-8-2-6-7-79-73-78-10-9-99-53-60-55-68-100-4-1-70-54-96-93-37-35-32-89-0,13025.537709316432,seed601_lns_start43_random_regret_rm8_tw10
0-65-59-82-83-64-52-11-16-15-47-14-12-98-69-61-81-90-88-53-99-9-10-78-73-7-6-8-46-45-5-3-2-43-37-35-54-96-55-60-4-1-100-70-93-32-89-0,13030.3655853983,seed604_lns_start43_random_best_rm3_tw10
0-65-59-82-83-64-52-11-16-15-47-14-12-98-69-90-81-61-88-53-78-73-79-7-6-8-5-3-45-46-4-1-2-55-68-43-35-37-54-96-34-32-26-93-91-70-100-60-17-0,13034.197998893613,seed603_lns_start4_mixed_best_rm8_tw12
0-65-59-82-83-64-52-11-16-15-47-14-12-98-69-88-2-45-5-7-8-6-79-73-78-10-9-99-90-53-60-46-4-3-1-55-68-81-96-54-61-35-43-70-100-80-93-32-89-0,13080.03166657255,seed607_lns_start45_mixed_random_best_rm8_tw10
0-65-59-82-83-64-52-11-16-15-47-14-12-88-98-69-90-81-61-45-5-3-46-8-2-6-7-79-73-10-9-99-53-60-55-68-70-100-1-4-43-35-37-54-96-93-32-89-0,13097.030377515053,seed603_lns_start44_random_best_rm6_tw15
0-92-95-63-33-28-27-29-31-71-72-36-38-39-44-42-94-67-62-85-51-76-18-21-23-19-49-20-22-57-86-87-90-66-56-84-50-34-32-30-26-89-48-25-77-24-91-80-93-68-0,13252.348562116626,seed606_lns_start85_random_random_best_rm4_tw8_guarded
0-65-59-82-83-64-52-11-15-16-47-14-12-88-98-69-61-2-45-5-3-46-8-6-7-79-73-78-53-99-66-90-68-81-96-54-37-35-43-1-4-60-55-100-70-80-93-34-26-17-0,13259.656043424571,seed604_lns_start1_random_regret_rm5_tw10_guarded
0-65-83-59-52-82-11-15-16-47-14-12-99-98-69-61-81-90-88-78-73-79-7-2-45-5-8-6-53-46-3-55-68-96-54-37-35-43-1-4-60-100-70-93-32-26-17-0,13283.285817682683,seed607_lns_start2_mixed_best_rm8_tw15
0-65-59-82-83-64-52-11-15-16-47-14-12-88-98-69-90-81-61-2-45-5-3-46-8-6-7-79-73-78-13-9-10-53-55-68-96-54-37-35-43-1-4-60-100-70-93-34-32-26-0,13299.337771074373,seed601_lns_start53_random_regret_rm5_tw10_guarded
0-65-59-82-83-64-52-11-16-15-47-14-12-98-69-61-88-90-99-53-78-73-79-7-6-8-46-45-5-3-1-4-2-55-68-81-96-100-43-37-35-54-93-70-60-17-32-0,13313.819323083744,seed602_lns_start1_random_regret_rm6_tw15
0-65-59-82-83-64-52-11-16-15-47-14-12-98-69-90-81-61-45-5-3-46-8-2-6-7-79-73-78-10-9-99-53-88-55-43-37-35-54-96-1-4-60-100-70-93-32-89-0,13317.206735535574,seed606_lns_start44_mixed_random_best_rm6_tw15
0-65-59-82-83-64-52-11-16-15-47-14-12-98-69-90-81-61-45-5-3-46-8-2-6-7-79-73-78-53-99-9-10-88-55-68-96-54-37-35-43-1-4-60-100-70-32-26-0,13323.080570701837,seed604_lns_start52_late_random_best_rm6_tw10
0-65-59-83-52-82-69-98-2-45-5-7-73-12-14-47-15-16-11-9-86-57-99-53-78-79-8-46-3-6-88-90-66-64-48-24-74-10-17-13-97-75-58-77-25-89-93-0,13380.396752341325,seed603_lns_start67_mixed_best_rm6_tw10
0-65-59-82-83-64-52-11-16-15-47-14-12-88-98-69-90-81-61-45-5-3-46-8-2-6-7-79-73-78-10-9-99-53-55-68-96-54-37-35-43-1-4-70-100-60-93-26-89-0,13411.061647075749,seed603_lns_start52_mixed_best_rm6_tw15
0-65-59-82-83-64-52-11-16-15-47-14-12-88-98-69-90-81-61-5-45-46-8-2-6-7-79-73-78-10-9-99-53-55-68-96-54-37-35-43-1-4-60-70-100-93-32-26-89-0,13488.533202318355,seed608_lns_start52_random_random_best_rm4_tw12
0-65-59-82-83-64-52-11-16-15-47-14-12-88-98-69-90-99-53-78-73-79-7-2-8-45-5-6-46-3-61-68-55-4-1-43-35-37-54-96-93-80-17-60-100-70-32-26-0,13503.6070361778,seed602_lns_start4_mixed_best_rm6_tw8
0-14-47-59-92-62-63-64-83-82-98-88-69-90-52-86-87-9-11-16-15-12-10-53-78-73-79-7-6-8-46-4-3-1-43-40-35-37-41-54-96-93-68-70-100-55-60-17-13-0,13519.144185141631,seed602_lns_start57_random_regret_rm6_tw10
0-65-59-82-83-64-52-11-16-15-47-14-12-88-98-69-61-81-90-99-53-78-73-79-7-2-6-8-45-5-3-1-4-55-68-54-96-17-60-100-70-43-37-35-93-32-26-0,13528.561916406901,seed601_lns_start3_random_regret_rm4_tw6
0-42-39-36-72-92-95-62-31-29-27-28-30-33-63-85-51-76-18-23-21-19-49-22-87-86-57-84-67-94-96-71-34-26-50-56-66-74-77-25-24-20-48-89-91-80-100-70-44-0,13551.825552641345,seed601_lns_start85_random_best_rm6_tw8
0-42-36-72-92-83-64-95-62-33-30-28-27-29-31-63-85-84-51-76-67-71-94-96-81-61-46-3-1-44-43-40-35-37-38-41-54-68-55-60-4-100-70-80-91-56-50-93-0,13554.924218605336,seed608_lns_start47_random_regret_rm8_tw10
0-92-95-63-33-28-27-29-31-71-72-36-38-39-44-42-94-67-62-85-51-76-18-21-23-19-49-20-22-57-86-87-74-66-56-84-50-34-30-26-89-48-24-25-77-91-80-96-68-100-0,13567.935847341318,seed606_lns_start85_random_random_best_rm4_tw8
0-65-59-82-83-64-52-11-16-15-47-14-12-98-69-88-2-8-45-5-3-46-6-7-79-73-78-53-10-9-99-90-55-68-61-81-54-96-93-32-26-37-35-43-1-4-60-100-70-0,13579.470782005275,seed601_lns_start52_late_best_rm6_tw6
0-65-59-82-83-64-52-11-16-15-47-14-12-88-98-69-90-81-61-45-5-3-46-8-2-6-7-79-73-78-10-9-99-53-60-55-68-96-54-37-35-43-1-70-100-91-93-32-26-0,13596.28771427603,seed606_lns_start52_random_regret_rm8_tw8
0-65-59-82-83-64-52-11-16-15-47-14-12-88-98-69-61-81-90-99-53-78-73-79-7-6-8-5-45-3-1-4-46-2-68-55-17-60-100-70-43-35-37-96-93-32-26-0,13611.508494850028,seed608_lns_start3_random_regret_rm3_tw15
0-65-59-83-52-82-69-98-2-45-5-7-73-12-14-47-16-15-11-9-87-86-57-99-53-78-79-6-46-8-3-88-90-66-64-24-48-25-77-58-75-97-13-17-10-74-89-0,13612.752653803005,seed601_lns_start67_late_best_rm8_tw15
0-65-59-82-83-64-52-11-16-15-47-14-12-88-98-69-90-81-61-3-5-45-8-2-6-7-79-73-78-10-9-99-53-55-68-96-54-37-35-43-1-4-60-70-100-93-32-26-89-0,13616.470811171695,seed602_lns_start52_random_regret_rm3_tw12
0-65-59-82-83-64-52-11-16-15-47-14-12-88-98-69-90-81-61-45-5-3-46-8-2-6-7-79-73-78-10-9-99-53-60-100-68-70-1-4-43-35-37-54-96-93-32-89-0,13622.166220120202,seed604_lns_start46_random_regret_rm4_tw12
0-65-59-82-83-64-52-11-16-15-47-14-12-98-69-90-81-61-45-5-3-46-8-2-6-7-73-78-10-9-99-53-88-55-68-96-54-37-35-43-1-4-60-100-70-93-32-26-89-0,13693.952077483655,seed605_lns_start53_mixed_regret_rm8_tw6
0-65-59-82-83-64-52-11-15-16-47-14-12-98-69-88-2-6-45-5-3-46-8-7-79-73-78-53-10-9-99-90-81-96-54-37-35-43-61-68-55-60-4-1-100-70-93-34-32-26-0,13740.823146022547,seed604_lns_start46_late_best_rm8_tw6_guarded
0-5-45-2-69-98-12-14-47-16-15-11-59-52-99-82-65-64-83-81-61-90-9-10-78-73-79-7-8-46-3-1-4-6-60-88-55-68-96-54-100-70-43-37-35-93-32-89-0,13770.494987460204,seed603_lns_start53_random_random_best_rm8_tw8
0-42-39-36-72-92-95-62-33-30-28-27-29-31-71-94-67-84-85-63-51-76-18-21-23-19-49-20-22-57-86-87-59-97-74-66-56-91-80-96-54-93-50-34-32-26-89-48-25-24-77-0,13789.561890911189,seed607_lns_start83_random_best_rm6_tw6_guarded
0-65-83-82-69-98-2-45-5-88-12-14-47-16-15-11-9-87-59-86-52-99-53-78-73-79-7-8-3-46-6-55-90-66-56-64-57-74-10-17-13-97-75-58-77-25-48-24-89-93-0,13892.27633808048,seed601_lns_start67_late_best_rm5_tw12_guarded
0-42-39-36-72-92-95-63-33-28-30-27-29-31-67-71-94-62-85-51-76-18-21-23-19-49-20-22-57-86-74-66-56-84-50-34-26-89-48-24-25-77-91-80-96-68-100-70-44-0,13909.951282824948,seed606_lns_start85_random_best_rm4_tw8
0-92-95-63-33-28-27-29-31-71-72-39-38-36-40-44-42-41-94-67-62-84-85-51-76-18-21-23-19-49-20-22-57-86-74-87-9-10-13-97-75-58-77-25-48-24-66-56-91-80-50-89-0,13935.60004356405,seed607_lns_start0_random_best_rm6_tw6_guarded
0-65-59-82-83-64-52-11-15-16-47-14-12-98-69-90-61-2-45-5-3-46-8-6-7-79-73-78-10-9-87-86-99-53-88-55-68-81-96-54-37-35-43-1-4-60-100-70-93-89-0,13943.41610424066,seed603_lns_start43_mixed_best_rm8_tw12_guarded
0-65-59-82-83-64-52-11-16-15-47-14-12-98-69-90-81-61-45-5-3-46-8-2-6-7-79-73-78-10-9-99-53-60-88-55-68-96-54-37-35-43-1-100-70-93-32-26-89-0,13946.63575938219,seed601_lns_start53_random_random_best_rm3_tw10
0-65-59-83-64-52-11-16-15-47-14-12-99-82-98-69-81-61-45-5-3-46-8-2-6-7-79-73-78-10-9-53-60-88-55-68-70-100-1-4-43-35-37-54-96-93-32-89-0,14009.257325292712,seed604_lns_start45_random_best_rm4_tw6
0-65-83-82-52-59-11-15-16-47-14-12-88-98-69-61-44-40-38-41-81-94-90-53-78-73-79-7-6-8-46-4-3-1-2-55-68-70-100-43-37-35-54-96-91-50-32-26-93-0,14010.53521489257,seed606_lns_start76_late_best_rm8_tw15
0-95-63-92-39-42-44-36-72-71-67-62-31-29-27-28-30-33-85-76-51-18-23-21-19-49-20-22-74-57-84-56-66-96-94-50-34-26-89-48-25-77-24-91-80-68-70-100-0,14041.016001245951,seed604_lns_start85_random_random_best_rm5_tw10
0-65-83-14-47-5-45-2-88-98-69-82-64-52-99-11-15-16-12-78-73-79-7-8-46-3-6-53-90-68-55-61-81-54-43-1-4-17-60-100-70-37-35-96-93-32-26-0,14162.431405568283,seed602_lns_start3_mixed_regret_rm6_tw10
0-92-83-59-64-95-62-31-29-27-28-30-33-71-67-84-85-63-76-51-18-21-23-19-49-20-22-75-87-86-57-66-56-91-68-54-96-50-34-32-26-93-80-24-48-25-60-0,14256.058419502455,seed604_lns_start58_late_best_rm6_tw8
0-59-83-52-82-98-69-2-5-45-7-73-47-14-12-15-16-11-9-99-90-81-61-88-53-78-79-6-8-46-4-3-1-43-35-37-54-96-68-55-60-100-70-93-64-77-75-0,14258.207466908923,seed605_lns_start55_mixed_best_rm8_tw10
0-92-95-63-33-28-27-29-31-30-71-72-39-38-36-40-44-42-41-94-67-62-84-85-51-76-18-21-23-19-49-20-22-57-86-87-97-75-74-66-80-91-56-24-48-25-77-58-13-17-89-0,14284.3479153361,seed606_lns_start53_late_best_rm6_tw12_guarded
0-83-59-15-47-14-2-5-45-7-88-98-69-82-53-12-11-9-87-86-52-99-57-64-66-90-6-3-46-8-79-73-78-10-17-16-13-97-75-58-74-77-24-25-48-89-93-0,14331.08829352738,seed606_lns_start67_mixed_regret_rm8_tw6
0-65-59-82-83-64-52-11-15-16-47-14-12-98-69-90-88-2-45-5-3-8-46-6-7-79-73-78-10-9-99-53-55-68-81-96-54-37-35-43-1-4-60-100-70-50-34-32-26-89-0,14397.085285788138,seed601_lns_start52_mixed_random_best_rm6_tw15_guarded
0-65-59-82-83-64-52-11-16-15-47-14-12-98-69-88-2-8-45-5-3-46-6-7-79-73-78-53-10-9-99-90-55-68-61-81-54-96-32-26-37-35-43-1-4-70-100-60-89-0,14418.007697304618,seed604_lns_start53_late_random_best_rm8_tw15
0-42-39-36-72-92-95-62-71-31-29-27-28-30-33-63-85-76-18-21-23-19-49-22-20-51-84-81-96-94-67-50-34-26-32-56-66-57-86-74-97-75-58-77-25-48-24-91-80-93-89-0,14425.777310997728,seed606_lns_start83_random_regret_rm8_tw6_guarded
0-65-59-82-83-64-52-11-16-15-47-14-12-98-69-61-81-90-88-53-99-9-78-73-7-6-8-46-45-5-3-1-4-2-60-55-68-96-54-43-37-35-70-100-93-32-26-89-0,14441.417792949933,seed606_lns_start52_random_regret_rm4_tw12
0-42-39-36-72-29-31-27-28-33-63-64-92-67-62-84-85-76-51-18-21-23-19-49-22-57-86-97-75-24-20-56-66-96-93-71-34-26-30-32-50-91-80-68-70-100-17-0,14457.066421465748,seed601_lns_start88_random_random_best_rm5_tw6
0-65-59-82-83-64-52-11-16-15-47-14-12-98-69-88-2-8-45-5-3-46-6-7-79-73-78-10-9-99-53-55-68-61-100-70-43-35-37-54-81-96-93-32-26-89-60-4-1-0,14505.107862273058,seed606_lns_start52_mixed_best_rm5_tw6
0-65-5-45-2-98-69-64-83-52-59-15-16-47-14-12-11-9-99-82-90-88-53-78-73-79-7-6-8-46-4-3-1-44-43-40-35-37-38-41-61-68-55-70-100-60-17-10-13-58-0,14509.215251260894,seed608_lns_start83_mixed_regret_rm8_tw15_guarded
0-65-59-83-52-82-69-98-2-45-5-7-73-14-47-16-15-87-86-57-99-10-11-12-78-79-6-46-8-3-88-53-90-66-64-24-25-77-58-75-97-13-17-74-48-89-93-0,14535.957134076947,seed601_lns_start67_random_random_best_rm4_tw8
0-65-59-82-83-64-52-11-15-16-47-14-12-98-69-88-2-8-45-5-3-46-6-7-79-73-78-53-10-9-99-90-68-61-81-96-54-37-35-43-1-4-60-55-100-70-93-34-32-26-89-0,14582.589584752519,seed602_lns_start43_late_random_best_rm8_tw12_guarded
0-65-83-82-69-98-2-45-5-88-12-14-47-16-15-11-9-87-59-86-52-99-53-78-73-79-7-8-3-46-6-90-66-56-64-57-74-10-17-13-97-75-58-77-25-48-24-89-34-0,14597.946287003575,seed601_lns_start67_late_random_best_rm4_tw8_guarded
0-65-59-14-47-15-5-45-2-88-98-69-83-82-99-52-53-12-16-11-9-10-73-79-7-8-6-46-4-3-1-40-35-37-38-43-41-61-68-90-55-60-78-17-13-100-70-80-0,14612.599494360997,seed603_lns_start83_random_regret_rm8_tw6
0-65-59-82-83-64-52-11-16-15-47-14-12-98-69-61-90-88-53-99-9-10-78-73-79-7-6-8-46-45-5-3-2-60-55-68-70-100-1-4-43-35-37-54-96-93-32-89-0,14666.121034536152,seed607_lns_start45_random_regret_rm4_tw10
0-42-39-36-72-92-95-62-71-67-31-29-27-28-30-33-63-85-84-51-76-18-21-23-19-49-20-22-86-87-74-57-66-56-94-96-54-93-50-34-26-32-89-24-48-25-77-58-91-80-44-0,14712.444447133214,seed602_lns_start83_random_regret_rm3_tw6
0-65-83-59-15-47-14-5-45-2-88-98-69-90-64-52-99-82-53-12-11-16-78-73-79-8-7-6-46-4-3-1-61-55-68-81-54-96-93-91-17-60-100-70-43-37-35-32-26-0,14734.510111732057,seed604_lns_start2_random_regret_rm5_tw10
0-42-39-36-72-92-95-62-33-30-28-27-29-31-71-94-67-84-85-63-51-19-23-21-18-86-57-22-20-49-76-32-26-34-50-93-54-96-80-91-56-66-24-48-25-77-58-75-97-89-0,14777.078018409165,seed608_lns_start83_random_random_best_rm5_tw6_guarded
0-65-59-83-52-82-69-98-2-45-5-7-73-12-14-47-16-15-11-9-87-86-57-99-53-78-79-6-46-8-3-88-90-66-64-10-13-97-75-58-74-17-24-77-48-89-93-0,14785.507427377328,seed601_lns_start67_late_regret_rm8_tw15
0-65-59-82-83-64-52-11-16-15-47-14-12-98-69-90-81-61-45-5-3-46-8-2-6-7-79-73-78-10-9-99-53-88-55-68-96-54-37-35-43-1-4-60-100-70-93-32-26-89-0,14800.379535966213,seed607_lns_start52_random_regret_rm3_tw12
0-65-59-83-52-82-69-98-2-45-5-7-73-12-14-47-16-15-11-9-87-86-57-99-10-53-78-79-8-46-3-6-88-90-66-64-24-25-77-58-75-97-13-17-74-48-89-93-0,14833.427625636206,seed601_lns_start67_late_random_best_rm4_tw8
0-65-59-82-83-64-52-11-16-15-47-14-12-88-98-69-90-81-61-2-45-5-3-46-8-7-6-79-73-78-9-10-99-53-60-100-68-70-1-4-43-35-37-54-96-93-32-89-17-0,14844.652253128055,seed603_lns_start43_random_random_best_rm6_tw10
0-65-59-82-83-64-52-11-16-15-47-14-99-98-69-90-81-61-46-45-5-3-2-6-7-8-79-73-78-9-10-53-60-88-55-68-96-54-37-35-43-1-4-100-70-93-32-26-89-0,14870.817788183918,seed603_lns_start53_mixed_random_best_rm8_tw6
0-42-39-36-72-92-95-62-71-67-31-29-27-28-30-33-63-85-84-51-76-18-21-23-19-49-20-22-57-86-74-64-56-50-34-26-32-94-93-96-54-80-91-66-24-48-25-77-58-75-89-0,14887.954437569622,seed608_lns_start83_random_regret_rm5_tw12_guarded
0-42-39-36-72-92-95-62-63-76-33-30-28-27-29-31-71-94-67-84-85-51-18-21-23-19-49-20-22-57-66-56-50-34-26-89-48-24-25-77-74-87-91-80-96-68-100-70-44-0,14887.979164162341,seed608_lns_start85_random_regret_rm8_tw10
0-92-95-63-33-28-27-29-31-71-72-39-38-36-40-44-42-41-94-67-62-85-76-18-21-23-19-49-22-20-51-84-56-66-57-86-74-87-9-10-13-97-75-58-77-25-24-48-89-91-80-26-0,14924.430618252027,seed604_lns_start3_late_regret_rm8_tw6_guarded
0-65-59-83-52-64-69-98-2-5-45-7-73-47-16-15-14-12-11-53-82-90-99-9-10-78-79-46-8-6-60-55-68-81-96-54-61-70-100-4-3-1-43-35-37-93-32-89-0,14950.6507495398,seed602_lns_start44_mixed_random_best_rm6_tw6
0-42-39-36-72-92-95-62-63-76-33-30-28-27-29-31-71-94-67-84-85-51-18-21-23-19-49-20-22-57-86-87-74-66-56-50-34-26-89-48-24-25-77-91-80-96-68-100-44-0,15031.10053999415,seed605_lns_start85_random_regret_rm6_tw15
0-42-39-36-72-92-95-62-31-29-27-28-30-33-67-71-94-84-85-63-51-76-18-21-23-19-49-20-22-57-86-87-97-74-66-64-56-91-96-54-93-50-34-26-32-89-48-25-77-58-24-0,15065.54647672621,seed601_lns_start83_random_regret_rm5_tw6
0-92-95-72-39-42-36-44-71-67-62-31-29-27-28-30-33-63-85-84-51-76-18-21-23-19-49-20-22-57-86-87-97-74-66-56-94-93-54-96-80-91-50-32-34-26-89-48-25-77-58-24-0,15066.313928485195,seed605_lns_start83_random_best_rm8_tw15
0-92-95-63-33-28-27-29-31-30-71-72-39-38-36-40-44-42-41-94-67-62-50-85-76-18-21-23-19-49-22-20-51-84-56-66-57-86-74-87-13-97-75-58-77-25-48-24-91-80-17-0,15085.824692721857,seed601_lns_start53_random_random_best_rm3_tw10_guarded
0-42-39-36-72-92-83-64-95-62-67-71-31-29-27-28-30-33-63-85-76-51-84-56-94-96-54-81-61-41-38-37-35-40-44-43-1-3-46-4-60-55-100-70-68-80-91-93-50-34-32-0,15088.288504580332,seed601_lns_start47_mixed_random_best_rm6_tw15_guarded
0-65-59-82-83-64-52-11-16-15-47-14-12-98-69-90-81-61-45-5-3-46-8-2-6-7-79-73-78-10-9-99-53-88-55-4-1-43-35-37-54-68-70-100-60-93-32-26-89-0,15117.745233668353,seed605_lns_start52_mixed_regret_rm8_tw8
0-65-59-82-83-64-52-11-15-16-47-14-12-98-69-88-2-8-45-5-3-46-6-7-79-73-78-53-99-90-81-61-68-96-50-34-30-32-93-54-37-35-43-70-100-55-60-4-1-17-0,15154.294612591284,seed604_lns_start3_late_regret_rm8_tw6_guarded
0-42-39-36-72-92-95-62-31-29-27-28-30-33-63-85-51-76-18-21-23-19-49-22-57-86-87-99-66-56-84-67-94-96-54-71-50-34-26-32-89-20-24-48-25-77-58-75-74-91-80-93-0,15213.556071055224,seed607_lns_start83_random_regret_rm6_tw8_guarded
0-92-95-63-33-28-27-29-31-71-72-39-38-36-40-44-42-41-94-67-62-85-76-18-21-23-19-49-22-20-51-84-32-30-26-34-50-56-91-80-66-57-74-24-48-25-77-58-75-97-13-17-0,15213.589692333739,seed603_lns_start43_mixed_best_rm8_tw12_guarded
0-65-59-82-83-64-52-11-16-15-47-14-12-99-98-69-90-81-61-45-5-3-46-8-2-6-7-79-73-78-53-88-55-43-35-54-96-68-70-100-1-4-60-17-93-34-32-26-0,15240.02648494125,seed606_lns_start0_mixed_regret_rm8_tw15
0-14-47-59-83-64-63-62-95-92-82-98-88-69-90-99-52-86-87-9-11-16-15-12-10-53-78-73-79-7-6-8-46-4-3-1-43-40-35-37-41-54-96-93-68-70-100-55-60-17-13-0,15258.835113089104,seed602_lns_start57_random_random_best_rm6_tw6
0-92-95-63-33-28-27-29-31-71-72-39-38-36-40-44-42-41-94-67-62-84-85-51-76-18-21-23-19-49-20-22-57-86-74-87-9-10-17-13-97-75-58-77-25-48-24-66-56-91-80-50-89-0,15316.528701536326,seed604_lns_start1_mixed_best_rm6_tw6_guarded
0-65-5-45-2-98-69-82-64-83-52-75-59-87-9-11-15-16-47-14-12-53-88-78-73-79-7-6-8-46-4-3-1-44-43-40-35-37-38-41-54-61-68-55-70-100-60-17-13-10-0,15367.729231859856,seed606_lns_start83_random_best_rm6_tw15_guarded
0-65-59-82-83-64-52-11-15-16-47-14-12-99-98-69-90-61-2-45-5-3-46-8-6-7-79-73-78-53-88-55-68-81-96-54-37-35-43-1-4-60-100-70-93-34-32-30-26-0,15428.937851049686,seed604_lns_start1_mixed_best_rm6_tw6_guarded
0-65-83-59-15-47-14-11-12-16-52-64-99-82-69-98-88-78-73-8-6-2-46-7-79-53-90-81-96-54-41-44-43-40-38-35-37-61-68-55-70-100-4-3-1-60-17-97-0,15453.67038556469,seed605_lns_start69_late_random_best_rm8_tw8
0-42-39-36-72-92-95-62-29-31-27-28-30-33-71-94-67-85-63-51-76-18-21-23-19-49-20-22-57-86-66-56-84-50-32-26-34-93-54-96-91-24-48-25-77-58-97-74-89-44-0,15456.626775062083,seed603_lns_start83_random_best_rm6_tw10
0-92-83-59-64-95-62-31-29-27-28-30-33-71-67-84-85-63-76-51-49-19-18-21-23-75-87-74-86-57-24-22-20-56-66-68-54-96-50-32-26-34-93-80-91-48-25-60-0,15478.076221202973,seed606_lns_start61_mixed_best_rm5_tw6
0-65-83-59-52-64-82-69-98-88-2-45-5-7-79-73-78-47-14-12-15-16-11-10-9-99-90-53-6-8-46-4-3-1-43-40-35-37-54-81-61-68-55-70-100-60-17-13-75-0,15496.067742454414,seed603_lns_start83_random_random_best_rm6_tw8_guarded
0-42-39-36-72-92-95-62-29-31-27-28-30-33-67-71-94-84-85-63-51-76-18-21-23-19-49-20-22-57-86-87-74-66-56-91-96-50-34-26-89-48-25-77-24-80-68-100-70-44-0,15497.597804502511,seed603_lns_start85_random_regret_rm6_tw8
0-65-5-45-2-69-98-12-14-47-16-15-59-52-82-90-64-83-99-9-11-10-53-78-73-79-7-6-8-46-4-3-1-43-40-38-35-37-41-61-81-68-55-88-60-100-70-17-13-0,15549.561120049324,seed604_lns_start83_random_best_rm4_tw12
0-65-59-83-52-82-69-98-2-45-5-7-73-12-14-47-16-15-11-9-87-86-57-99-78-79-8-46-3-6-88-90-66-64-10-13-97-75-58-74-25-48-24-53-17-93-89-0,15600.53384070302,seed608_lns_start67_mixed_best_rm8_tw8
0-42-39-36-72-31-29-27-28-30-33-62-67-71-92-95-84-85-63-51-76-18-21-23-19-49-20-22-57-86-87-97-75-74-66-56-91-94-96-54-93-50-34-32-26-89-48-25-77-58-24-80-0,15602.778043362545,seed607_lns_start83_random_regret_rm6_tw10_guarded
0-65-59-82-83-64-52-11-15-16-47-14-12-88-98-69-90-81-61-2-45-5-8-7-79-73-78-10-9-86-99-53-60-6-46-4-3-1-43-35-37-54-96-68-55-100-70-93-26-89-0,15605.67526514362,seed602_lns_start52_late_random_best_rm8_tw10_guarded
0-65-83-59-15-47-14-5-45-2-88-98-69-90-82-99-52-9-11-12-16-73-78-79-7-8-6-46-4-3-1-44-43-40-35-37-38-41-61-81-68-55-53-10-13-17-60-100-70-24-0,15648.897289375347,seed607_lns_start83_random_best_rm5_tw15_guarded
0-92-95-72-36-39-42-44-71-31-27-29-28-30-33-62-84-85-63-76-51-19-18-21-23-49-22-57-86-87-66-56-91-94-96-67-50-34-26-32-89-20-24-48-25-77-74-80-68-70-100-0,15679.60804691648,seed605_lns_start85_random_random_best_rm5_tw15
0-65-59-82-83-64-52-11-16-15-47-14-12-88-98-69-90-81-61-45-5-3-46-8-2-6-7-79-73-78-10-9-99-53-60-55-96-54-1-4-100-70-43-35-37-93-32-26-89-0,15693.968115594058,seed607_lns_start53_mixed_regret_rm8_tw12
0-42-39-36-72-92-95-62-31-29-27-28-30-33-63-85-76-18-21-23-19-49-22-51-84-67-71-54-81-96-94-56-66-57-86-74-87-97-75-77-25-48-20-24-91-80-93-50-34-32-26-89-0,15704.053242616093,seed608_lns_start83_mixed_regret_rm8_tw15_guarded
0-5-45-65-82-11-12-14-47-16-15-59-52-99-83-90-69-98-88-2-6-46-8-7-79-73-78-10-9-53-55-68-81-61-41-38-37-35-40-43-44-1-3-4-70-100-60-17-13-80-0,15704.474818645504,seed603_lns_start83_random_random_best_rm6_tw12_guarded
0-42-39-36-72-92-95-62-63-76-33-30-28-27-29-31-71-94-67-84-85-51-18-21-23-19-49-20-22-57-86-74-66-56-91-80-96-54-93-50-34-26-32-89-24-48-25-77-58-97-44-0,15761.43985389654,seed602_lns_start83_random_best_rm6_tw6
0-65-59-83-52-82-98-69-2-5-45-7-73-78-47-14-12-15-16-11-9-99-64-90-81-61-55-88-53-6-8-46-4-3-1-54-93-96-68-37-35-43-70-100-60-75-77-32-0,15762.746862443082,seed602_lns_start54_mixed_random_best_rm8_tw10
0-65-59-82-83-64-52-11-16-15-47-14-12-98-69-90-81-61-45-5-3-46-8-2-6-7-79-73-78-9-99-53-60-88-55-68-96-54-70-100-1-4-43-35-37-93-32-26-77-0,15770.432180881848,seed603_lns_start55_mixed_best_rm8_tw8
0-65-5-45-2-69-98-12-14-47-16-15-11-59-52-83-99-82-90-88-53-78-73-79-7-8-6-46-3-43-40-35-37-38-41-61-81-68-55-10-9-13-17-60-70-100-4-1-75-0,15771.91027185988,seed606_lns_start83_random_best_rm4_tw15
0-65-59-82-83-64-52-11-16-15-47-14-12-98-69-90-81-61-45-5-3-46-8-2-6-7-79-73-78-88-53-10-99-60-55-68-70-100-1-4-43-35-37-54-96-93-32-26-89-0,15778.938427893474,seed601_lns_start53_mixed_random_best_rm6_tw6
0-92-95-72-36-39-42-44-71-67-62-31-29-27-28-30-33-63-76-18-21-23-19-49-22-20-51-85-84-94-96-81-54-41-38-37-35-40-43-61-68-55-60-4-1-100-70-80-91-93-50-32-26-0,15790.499943294395,seed601_lns_start67_late_random_best_rm4_tw8_guarded
0-42-39-36-72-92-95-62-71-67-31-29-27-28-30-33-63-85-51-76-18-21-23-19-49-20-22-86-87-74-57-66-56-84-50-34-26-93-94-91-80-96-68-70-100-24-77-25-48-89-44-0,15836.453440282201,seed605_lns_start85_random_best_rm4_tw12
0-65-59-83-64-52-11-16-15-47-14-12-88-98-69-90-81-61-99-53-78-73-79-7-2-6-8-45-5-3-46-55-96-54-43-1-4-60-68-100-70-37-35-93-32-26-17-0,15840.790817195797,seed606_lns_start4_mixed_regret_rm6_tw12
0-5-45-69-82-65-64-83-52-59-11-15-16-47-14-12-53-98-88-2-6-46-8-7-79-73-78-10-9-99-90-68-81-61-41-38-37-35-40-43-44-1-3-4-70-100-55-60-17-13-0,15891.042292549866,seed607_lns_start83_random_regret_rm6_tw10_guarded
0-65-59-82-83-64-52-11-15-16-47-14-12-98-69-88-2-8-45-5-3-46-6-7-79-73-78-53-10-9-99-90-68-61-81-54-96-93-50-34-32-26-37-35-43-70-100-55-60-4-1-0,15934.672921626785,seed606_lns_start53_late_best_rm6_tw12_guarded
0-92-95-63-33-28-27-29-31-71-72-39-38-36-40-44-42-41-94-67-62-84-51-76-18-21-23-19-49-22-20-85-30-32-34-50-56-66-57-74-87-97-75-58-77-25-48-24-13-17-80-91-0,15972.695822549274,seed602_lns_start52_late_random_best_rm8_tw10_guarded
0-14-47-59-52-83-65-82-69-98-11-15-16-12-78-73-79-7-8-5-3-45-46-6-2-88-53-10-9-99-90-81-61-41-38-37-35-40-43-44-68-55-4-1-70-100-60-17-13-97-0,15986.553209833843,seed604_lns_start83_random_random_best_rm6_tw15_guarded
0-65-83-59-52-64-82-69-98-88-14-47-16-15-11-12-78-73-79-7-2-6-8-46-45-5-3-44-43-40-35-37-38-41-61-81-68-90-55-53-10-9-13-17-60-4-1-70-100-89-0,16019.58948920453,seed604_lns_start83_random_random_best_rm6_tw10_guarded
0-92-95-63-33-28-27-29-31-30-71-72-39-38-36-40-44-42-41-61-94-67-62-85-76-18-21-23-19-49-22-20-51-84-56-66-57-86-74-87-13-97-75-58-77-25-48-24-91-80-93-17-0,16066.91837752937,seed601_lns_start52_mixed_random_best_rm6_tw15_guarded
0-65-83-59-52-15-14-12-47-16-11-99-82-69-98-88-2-61-41-38-40-44-3-46-8-6-7-79-73-78-53-90-55-68-81-96-93-54-37-35-43-1-4-70-100-60-17-97-64-0,16068.41238543331,seed605_lns_start69_late_random_best_rm5_tw12
0-65-59-82-83-64-52-11-15-16-47-14-12-98-69-88-2-45-5-8-6-7-79-73-78-53-99-90-81-96-54-61-68-55-46-4-3-1-43-37-35-34-32-30-26-93-70-100-60-17-0,16124.021347595391,seed607_lns_start0_random_best_rm6_tw6_guarded
0-65-59-82-83-64-52-11-16-15-47-14-12-98-69-88-2-6-45-5-3-8-46-7-79-78-10-9-73-53-99-90-55-100-70-61-81-54-96-93-32-26-37-35-43-1-4-60-0,16257.497016577607,seed604_lns_start52_mixed_regret_rm6_tw6
0-42-39-36-72-92-95-62-31-29-27-28-30-33-63-85-51-76-18-21-23-19-49-22-87-86-57-64-56-84-50-34-26-32-67-94-96-54-71-93-80-91-66-24-20-48-25-77-58-75-74-89-0,16270.64912538842,seed604_lns_start83_random_random_best_rm6_tw15_guarded
0-42-39-36-72-92-95-62-71-67-31-29-27-28-30-33-63-85-51-76-19-23-21-18-22-86-87-49-20-84-56-66-91-94-93-54-96-80-50-34-32-26-89-48-25-77-58-74-24-44-0,16439.717702873637,seed601_lns_start83_random_regret_rm6_tw10
0-65-59-82-83-64-52-11-16-15-47-14-12-98-69-88-45-5-79-2-46-6-7-73-78-10-9-99-53-90-68-61-81-96-54-43-37-35-1-3-4-8-60-100-70-80-93-32-89-0,16456.275850123133,seed603_lns_start45_mixed_regret_rm8_tw6
0-65-59-82-83-64-52-11-16-15-47-14-12-98-69-88-2-45-5-8-7-6-3-46-79-73-78-10-9-99-90-68-61-81-96-54-37-35-43-1-4-60-53-55-100-70-80-32-26-89-17-0,16471.25729736158,seed608_lns_start53_mixed_random_best_rm8_tw6
0-42-39-36-72-92-95-63-33-30-28-27-29-31-71-94-67-62-84-85-51-76-18-21-23-19-49-20-22-57-86-87-74-66-64-56-91-80-96-93-50-34-32-26-89-48-25-77-58-75-97-0,16556.18581348968,seed606_lns_start83_random_regret_rm8_tw6_guarded
0-42-39-36-72-92-95-62-29-31-27-28-33-63-85-51-19-22-57-86-87-23-21-18-76-30-32-26-34-50-67-71-96-94-56-84-20-49-48-24-25-77-74-66-91-80-68-100-70-89-0,16567.7488960187,seed608_lns_start85_random_best_rm6_tw15
0-65-59-82-83-64-52-11-16-15-47-14-12-99-98-69-90-81-61-45-5-3-46-8-2-6-7-79-73-78-53-88-55-68-96-54-35-43-1-4-60-17-100-70-37-93-34-32-26-0,16656.25681619042,seed606_lns_start3_mixed_best_rm8_tw10
0-92-95-72-36-39-42-44-71-31-29-27-28-30-33-63-85-76-18-21-23-19-49-22-20-51-84-62-67-94-81-61-41-38-37-35-40-43-54-96-50-34-26-32-91-80-68-70-100-1-4-60-0,16698.113161940208,seed601_lns_start67_late_best_rm5_tw12_guarded
0-42-39-36-72-92-95-62-33-30-28-27-29-31-67-85-63-51-76-18-21-23-19-49-20-22-57-86-87-99-66-56-84-50-34-26-32-71-54-96-93-94-80-91-24-48-25-77-58-75-97-74-0,16737.538878003947,seed604_lns_start83_random_random_best_rm6_tw10_guarded
0-65-59-82-83-64-52-11-16-15-47-14-12-88-98-69-90-81-61-45-8-2-3-5-46-6-7-79-73-78-10-9-99-53-60-55-68-70-100-1-4-43-35-37-54-96-93-32-89-17-0,16881.679503105843,seed602_lns_start43_random_random_best_rm6_tw15
0-65-83-59-52-64-82-69-98-88-14-47-16-15-11-12-78-73-79-7-2-6-8-46-45-5-3-44-43-40-35-37-38-41-61-81-68-90-55-53-10-9-13-17-60-4-1-70-100-97-0,16901.045567715493,seed607_lns_start83_random_regret_rm6_tw8_guarded
0-42-39-36-72-92-95-62-19-23-21-51-85-63-33-28-27-29-31-30-34-50-67-71-96-94-56-84-76-18-49-20-22-57-86-74-87-97-75-58-77-25-48-24-66-91-80-93-32-26-89-0,16906.229534974384,seed605_lns_start83_random_regret_rm8_tw8_guarded
0-92-95-63-33-28-27-29-31-30-71-72-39-38-36-40-44-42-41-94-67-62-84-85-51-76-18-21-23-19-49-20-22-57-86-87-97-75-74-66-91-56-24-48-25-77-58-13-17-80-50-89-0,16911.10092916633,seed604_lns_start46_late_best_rm8_tw6_guarded
0-65-83-59-15-47-14-82-69-98-88-2-45-5-7-73-12-16-11-9-52-99-64-90-81-61-3-1-4-46-8-6-79-78-60-53-55-100-70-68-96-54-37-35-43-93-32-26-17-0,16917.81335285162,seed602_lns_start0_mixed_random_best_rm8_tw8
0-65-5-45-2-98-82-12-14-47-16-15-11-99-52-83-64-90-69-88-53-9-10-78-73-79-7-6-8-46-4-3-1-44-43-40-35-37-38-41-61-81-68-55-70-100-60-17-13-58-75-0,16971.336975013193,seed607_lns_start83_random_best_rm6_tw6_guarded
0-65-83-59-52-82-98-2-45-5-7-12-14-47-16-15-11-9-99-90-69-88-53-78-73-79-6-8-46-3-44-43-40-35-37-38-41-54-81-61-68-55-4-1-70-100-60-17-13-10-24-0,17020.707649249005,seed606_lns_start83_random_regret_rm8_tw6_guarded
0-42-39-36-72-92-95-62-31-29-27-28-30-33-63-85-84-51-76-18-21-23-19-49-22-20-57-86-87-66-56-94-96-44-54-71-93-67-50-34-26-32-89-48-25-77-58-74-97-24-91-0,17032.864563533945,seed606_lns_start83_random_random_best_rm8_tw8
0-42-39-36-72-92-95-62-31-29-27-28-30-33-67-71-94-84-51-22-19-21-23-18-49-76-63-85-32-26-34-50-54-96-91-66-56-20-24-48-25-77-58-87-74-57-80-93-44-89-0,17046.37138728353,seed604_lns_start83_random_random_best_rm8_tw6
0-42-39-36-72-92-95-62-31-29-27-28-30-33-63-85-76-51-19-21-23-18-49-22-97-87-86-66-56-84-50-34-26-32-67-94-96-54-71-93-80-91-74-58-77-25-48-20-24-89-44-0,17248.243842066888,seed606_lns_start83_random_random_best_rm8_tw10
0-65-59-82-83-64-52-11-16-15-47-14-12-98-69-88-2-45-5-8-79-7-3-46-6-73-78-10-9-99-90-53-55-68-61-43-35-37-54-96-81-70-1-4-60-100-80-93-32-89-0,17258.182672080293,seed603_lns_start45_mixed_random_best_rm5_tw8
0-65-5-45-2-69-83-52-59-15-16-47-14-12-11-99-82-98-88-53-78-73-79-7-6-8-46-3-43-40-35-37-38-41-61-81-90-9-10-97-13-17-60-4-1-55-54-93-32-0,17317.84800714137,seed608_lns_start85_random_random_best_rm8_tw6
0-65-5-45-2-98-69-64-83-52-59-75-16-15-47-14-12-11-9-99-82-90-88-53-10-78-73-79-7-6-8-46-4-3-1-43-40-35-37-41-61-81-68-70-100-55-60-17-13-0,17320.988593374645,seed607_lns_start83_random_random_best_rm5_tw15
0-5-45-82-65-64-83-52-59-15-16-47-14-12-53-88-98-69-90-99-9-11-10-78-73-79-7-6-2-8-46-4-3-1-44-43-40-35-37-38-41-54-81-61-68-55-70-100-60-17-13-0,17321.138035178647,seed605_lns_start83_random_regret_rm8_tw8_guarded
0-92-95-63-33-28-27-29-31-71-72-39-38-36-40-44-42-41-94-67-62-85-76-18-21-23-19-49-22-20-51-84-32-30-26-34-50-56-66-57-86-74-97-75-58-77-25-48-24-91-80-13-17-0,17344.672969538635,seed606_lns_start46_mixed_regret_rm8_tw6_guarded
0-65-59-82-83-64-52-11-15-16-47-14-12-99-90-81-61-69-98-88-53-78-73-79-7-6-8-46-45-5-3-1-4-2-55-68-54-96-50-34-32-30-26-37-35-43-70-100-60-17-0,17346.73080951055,seed608_lns_start4_mixed_best_rm6_tw8_guarded
0-42-39-36-72-92-95-62-71-67-31-29-27-28-30-33-63-85-51-76-18-21-23-19-49-20-22-87-57-66-56-84-50-32-26-34-93-94-91-96-54-80-74-97-58-77-25-48-24-89-44-0,17508.134908535354,seed603_lns_start83_random_regret_rm4_tw12
0-92-95-63-33-28-27-29-31-72-39-38-36-40-44-42-41-71-67-62-85-76-18-21-23-19-49-22-20-51-84-30-32-34-50-94-91-56-66-57-86-74-87-97-75-58-77-25-48-24-13-17-0,17601.269882565015,seed603_lns_start52_random_random_best_rm3_tw12_guarded
0-92-95-63-33-28-27-29-31-71-72-39-38-36-40-44-42-41-94-67-62-84-85-51-76-18-21-23-19-49-20-22-57-86-87-9-10-13-97-75-58-74-24-56-91-50-32-30-89-48-25-77-0,17641.294555817924,seed604_lns_start1_random_regret_rm5_tw10_guarded
0-42-39-36-72-92-95-62-31-29-27-28-30-33-63-76-51-85-84-18-21-23-22-49-19-20-87-86-66-56-94-67-50-34-32-26-96-54-71-93-91-24-48-25-77-58-97-74-89-44-0,17655.019740601434,seed605_lns_start83_random_best_rm6_tw6
0-5-45-47-15-59-75-16-14-12-11-99-52-83-64-65-82-90-69-98-88-53-78-73-79-7-8-46-6-2-4-3-43-35-37-38-41-61-68-100-55-10-9-13-17-60-70-1-0,17679.43522895056,seed603_lns_start83_random_regret_rm8_tw15
0-65-59-82-83-64-52-11-15-16-47-14-12-98-69-90-88-2-45-5-3-8-46-6-7-79-73-78-10-9-99-53-55-68-61-81-96-54-37-35-43-1-4-60-100-70-93-50-34-32-26-89-0,17704.458980222178,seed603_lns_start52_late_random_best_rm6_tw6_guarded
0-65-5-45-2-98-69-82-83-52-11-12-14-47-15-16-75-59-9-99-53-88-78-73-79-7-6-8-46-4-3-1-43-40-35-37-38-41-61-68-81-80-90-10-13-17-60-55-100-70-0,17711.57422515218,seed601_lns_start83_random_best_rm6_tw15
0-92-95-63-33-28-27-29-31-30-62-67-71-72-39-38-36-40-44-42-41-94-84-85-51-76-18-21-23-19-49-20-22-57-99-86-74-87-97-75-58-77-25-48-24-66-56-91-80-50-89-17-0,17750.62055127872,seed601_lns_start53_random_regret_rm5_tw10_guarded
0-92-95-63-33-28-27-29-31-71-72-36-38-39-44-42-94-67-62-84-85-51-76-18-21-23-19-49-20-22-57-86-87-97-74-66-56-93-54-96-80-91-50-34-32-30-26-89-48-25-77-58-24-0,17770.427043725056,seed608_lns_start83_random_random_best_rm4_tw6
0-42-39-36-72-92-95-62-33-30-28-27-29-31-71-94-67-84-85-63-51-76-18-21-23-19-49-20-22-57-86-87-74-66-64-56-91-80-96-54-93-50-34-32-26-89-48-25-77-58-75-97-0,17775.95158716507,seed607_lns_start83_random_best_rm5_tw15_guarded
0-42-39-36-72-92-95-62-31-29-27-28-30-33-63-85-51-18-21-23-19-49-22-76-84-50-67-71-44-54-96-94-91-56-66-20-24-57-86-87-74-77-25-48-89-26-34-80-68-70-100-0,17788.94829748284,seed606_lns_start85_random_best_rm8_tw6
0-65-5-45-2-98-69-82-12-14-47-16-15-59-75-86-52-99-83-90-88-53-10-9-11-78-73-79-8-7-6-46-4-3-1-43-40-35-37-38-41-61-81-68-55-70-100-60-13-17-0,17817.227343661983,seed607_lns_start83_random_best_rm5_tw8
0-42-39-36-72-92-95-62-31-29-27-28-30-33-63-85-51-76-19-18-21-23-49-22-57-86-90-94-96-71-67-50-34-32-26-84-56-20-24-48-25-77-58-97-74-66-91-80-54-93-44-89-0,17926.19624466817,seed606_lns_start83_random_best_rm6_tw15
0-65-14-47-59-52-69-82-12-15-16-11-88-98-53-78-73-79-7-8-45-2-6-46-5-3-43-40-37-38-41-61-81-68-90-99-10-9-13-17-60-55-100-70-1-4-35-75-0,17972.4450359256,seed601_lns_start83_random_regret_rm5_tw6
0-65-59-82-83-64-52-11-16-15-47-14-12-98-69-88-2-8-45-5-3-6-7-79-73-78-9-99-53-46-4-1-61-70-81-54-96-68-55-90-60-100-43-35-37-93-32-26-89-0,17985.257350376924,seed606_lns_start52_mixed_regret_rm8_tw6
0-92-95-63-33-28-27-29-31-71-72-39-38-36-40-44-42-41-94-67-62-85-76-18-21-23-19-49-22-20-51-84-32-30-26-34-50-56-91-66-57-86-74-24-48-25-77-58-75-97-13-17-89-0,18002.019374713436,seed602_lns_start43_late_regret_rm5_tw15_guarded
0-92-95-63-62-64-83-65-69-88-98-99-52-86-59-9-11-15-16-47-14-12-78-73-79-7-6-8-46-3-43-40-35-37-41-54-96-81-68-90-53-10-87-97-13-17-60-4-1-70-100-55-93-0,18067.13448786082,seed601_lns_start57_random_regret_rm6_tw15
0-92-95-63-33-28-27-29-31-71-72-39-38-36-40-44-42-41-94-67-62-85-76-18-21-23-19-49-22-20-51-84-56-66-57-86-74-87-9-10-13-97-75-58-77-25-24-48-89-32-30-26-0,18070.494177499368,seed603_lns_start3_late_random_best_rm6_tw6_guarded
0-92-95-63-33-28-27-29-31-71-72-39-38-36-40-44-42-41-94-67-62-85-76-18-21-23-19-49-22-20-51-84-32-30-26-34-50-56-91-66-57-74-24-48-25-77-58-75-97-87-13-17-80-0,18078.3397266822,seed603_lns_start43_mixed_regret_rm8_tw8_guarded
0-65-47-14-82-98-2-5-45-88-69-64-83-99-52-59-87-9-11-15-16-12-10-53-78-73-79-7-6-8-46-4-3-1-44-43-40-35-37-38-41-54-61-68-90-55-70-100-60-17-13-0,18118.907921640835,seed606_lns_start83_random_regret_rm8_tw6_guarded
0-65-59-83-52-82-98-69-2-5-45-7-73-14-47-15-16-11-12-9-99-64-90-88-53-78-79-8-6-46-3-1-4-60-55-68-61-54-96-70-100-43-35-37-93-32-26-77-75-0,18138.525557338227,seed602_lns_start54_mixed_best_rm6_tw8
0-65-83-59-15-14-47-12-11-16-52-99-64-90-82-69-98-88-53-78-73-79-7-6-2-45-46-8-5-3-43-40-37-38-41-81-68-10-9-13-17-60-55-100-70-1-4-35-75-0,18140.516919155005,seed604_lns_start83_random_best_rm5_tw6
0-42-39-36-72-92-95-62-33-30-28-27-29-31-71-67-84-85-63-51-76-18-21-23-19-49-20-22-57-86-87-74-66-64-56-91-94-96-54-93-50-34-32-26-89-48-24-25-77-58-75-97-0,18189.573368531648,seed603_lns_start83_random_random_best_rm6_tw12_guarded
0-65-14-47-59-64-52-11-16-15-12-99-82-98-69-90-81-61-46-45-5-3-2-6-7-8-79-73-78-10-9-53-60-88-55-68-1-4-43-35-37-54-70-100-96-93-32-26-89-0,18420.702044279802,seed602_lns_start53_mixed_best_rm8_tw10
0-65-5-45-2-98-69-82-83-52-59-75-16-15-47-14-12-11-9-99-53-88-78-73-79-7-6-8-46-4-3-1-43-40-35-37-38-41-61-68-81-54-96-80-90-55-70-100-60-10-13-17-0,18476.33868403097,seed601_lns_start83_random_best_rm6_tw15_guarded
0-14-47-59-52-65-92-95-63-64-83-82-90-69-88-98-53-12-11-15-16-99-86-87-9-10-78-73-79-6-7-8-46-4-3-1-43-40-37-35-41-54-96-93-68-55-70-100-60-17-13-97-0,18489.908584147957,seed604_lns_start57_random_regret_rm5_tw10
0-42-39-36-72-92-95-62-31-29-27-28-30-33-63-85-51-76-18-23-21-19-49-22-57-86-87-84-26-34-50-67-94-71-96-68-90-66-91-56-20-24-48-25-77-74-80-100-70-44-89-0,18547.65192172873,seed602_lns_start85_random_best_rm5_tw10
0-65-59-83-52-64-82-98-69-61-2-5-45-7-73-47-14-12-15-16-11-10-9-99-90-53-88-78-79-6-8-46-4-3-1-41-37-35-40-43-68-70-100-55-17-13-60-75-0,18565.30647249363,seed601_lns_start83_random_regret_rm3_tw12
0-92-95-33-28-27-31-29-36-38-39-44-42-72-71-67-62-85-63-76-18-21-23-19-49-22-20-51-84-56-94-96-81-61-41-43-40-35-37-54-93-50-34-32-30-26-91-80-68-70-100-60-1-0,18576.86621539108,seed605_lns_start67_late_random_best_rm6_tw10_guarded
0-65-83-59-15-14-47-11-52-64-99-82-98-69-88-2-45-5-8-6-7-79-73-78-12-16-9-10-53-90-81-41-38-37-35-40-43-61-68-55-46-4-3-1-70-100-60-13-17-75-0,18806.812134780746,seed607_lns_start83_mixed_regret_rm8_tw6
0-65-59-83-52-82-98-69-2-5-45-7-73-12-14-47-15-16-11-9-99-64-90-81-61-88-53-78-79-6-8-46-3-4-55-68-100-70-96-93-54-37-35-43-1-60-75-77-32-0,18875.266999453357,seed604_lns_start55_mixed_regret_rm8_tw10
0-65-5-45-2-98-12-14-47-16-15-11-59-75-87-86-52-99-82-90-69-88-6-7-8-79-73-78-53-10-9-57-24-22-20-49-19-18-48-21-23-25-77-58-74-97-13-17-66-89-26-0,18942.83432703735,seed601_lns_start47_mixed_random_best_rm6_tw15_guarded
0-65-59-82-83-64-52-11-16-15-47-14-12-99-98-69-90-81-61-46-45-5-3-2-6-7-8-79-73-78-10-9-53-60-88-55-68-96-54-1-4-100-70-43-35-37-93-91-32-26-89-0,18972.253365593235,seed607_lns_start53_mixed_regret_rm5_tw6
0-42-39-36-72-92-95-62-29-31-27-28-30-33-71-94-67-84-85-63-51-76-18-21-23-19-49-20-22-57-86-87-74-24-66-56-50-34-26-96-80-91-89-48-25-77-58-68-100-70-44-0,18986.061799991938,seed601_lns_start85_random_regret_rm5_tw12
0-42-39-36-72-92-95-62-31-29-27-28-30-33-63-85-51-64-94-71-67-84-76-49-19-18-21-23-86-57-22-20-24-56-50-34-26-32-89-48-25-77-58-74-66-91-80-96-54-93-44-0,19036.62216877503,seed605_lns_start83_random_regret_rm6_tw6
0-65-59-83-52-64-82-69-98-88-2-45-5-7-79-73-47-14-12-15-16-11-9-87-75-97-10-78-6-8-3-46-60-53-90-66-57-86-74-13-17-99-24-48-25-77-58-89-93-0,19045.67035996228,seed602_lns_start67_mixed_random_best_rm6_tw15
0-65-5-45-2-98-69-64-83-82-12-14-47-16-15-11-9-59-87-52-99-90-88-53-78-73-79-7-6-8-46-4-3-1-44-43-40-35-37-38-41-61-81-68-55-70-100-60-17-10-13-74-0,19077.418518156413,seed608_lns_start83_random_random_best_rm5_tw6_guarded
0-92-95-63-33-28-27-29-31-30-71-72-39-38-36-40-44-42-41-61-94-67-62-50-85-76-18-21-23-19-49-22-20-51-84-56-66-57-86-74-87-97-75-58-77-25-48-24-91-80-13-17-89-0,19091.050386512125,seed605_lns_start43_late_best_rm8_tw6_guarded
0-65-59-82-83-64-52-11-16-15-47-14-12-98-69-90-81-61-45-8-2-3-5-46-6-7-79-73-78-10-9-99-53-60-88-55-68-96-54-70-100-4-1-43-35-37-93-32-26-89-17-0,19132.78171403266,seed602_lns_start52_mixed_best_rm6_tw12
0-92-95-63-62-72-42-44-39-36-38-71-67-31-29-27-28-30-33-85-76-19-18-21-23-49-22-20-51-84-34-26-32-50-94-54-96-91-56-66-57-86-74-87-97-58-77-25-48-24-89-0,19157.781667802326,seed607_lns_start83_mixed_regret_rm8_tw12
0-5-45-2-98-69-65-64-83-52-99-82-12-14-47-16-15-11-59-75-87-9-10-53-78-73-79-7-6-8-46-4-3-1-41-38-37-35-40-43-81-68-55-88-60-17-13-90-100-70-0,19202.463351840794,seed602_lns_start83_random_best_rm8_tw8
0-42-39-36-72-92-95-62-29-31-27-28-33-63-85-51-76-19-18-21-23-87-86-57-22-49-20-84-32-30-26-34-50-67-71-96-68-93-94-80-91-66-56-24-48-25-77-74-100-44-89-0,19269.632566476597,seed605_lns_start85_late_best_rm8_tw10
0-65-59-83-82-69-98-2-45-5-7-73-14-47-16-15-11-12-53-88-90-99-52-87-9-10-78-79-6-8-46-4-3-1-44-43-40-35-37-38-41-61-81-68-55-70-100-60-17-13-97-0,19317.32064754697,seed608_lns_start83_random_regret_rm5_tw12_guarded
0-42-39-36-72-92-95-62-29-31-27-28-30-33-63-85-51-76-18-21-23-19-49-22-57-87-86-66-64-56-84-67-50-34-32-26-71-96-94-91-80-68-70-100-74-77-25-48-24-20-89-44-0,19373.613696822173,seed605_lns_start85_mixed_best_rm6_tw12
0-42-39-36-72-92-95-62-31-29-28-27-30-33-63-85-76-51-19-49-23-21-18-22-20-87-86-57-84-67-94-96-71-41-44-70-100-68-80-91-66-56-50-34-26-89-48-25-24-77-74-0,19390.073279364064,seed601_lns_start85_random_regret_rm8_tw15
0-39-36-72-31-29-27-28-30-33-62-67-71-42-44-94-92-95-84-85-63-76-51-18-21-23-19-49-20-22-57-86-87-97-74-66-64-56-91-50-34-32-26-89-48-24-25-77-58-93-0,19424.88580470152,seed601_lns_start83_random_best_rm6_tw15_guarded
0-92-95-63-62-33-31-29-30-28-27-36-38-39-44-42-41-72-71-94-67-84-85-51-76-18-21-23-19-49-20-22-24-57-86-87-97-74-66-56-91-80-96-93-50-34-32-26-89-48-25-77-58-0,19446.223519669988,seed603_lns_start83_random_random_best_rm6_tw8_guarded
0-42-39-36-72-92-95-62-29-31-27-28-30-33-67-71-94-84-85-63-51-76-18-21-23-19-49-22-57-86-87-74-24-20-64-56-66-68-96-80-91-50-34-26-89-48-25-77-100-70-44-0,19448.45396637735,seed601_lns_start85_random_regret_rm3_tw12
0-92-95-63-33-28-27-29-31-71-72-39-38-36-40-44-42-41-94-67-62-34-30-85-84-51-76-18-21-23-19-49-20-22-57-86-74-87-9-10-13-97-75-58-77-25-48-24-66-80-91-56-89-0,19451.033911443992,seed602_lns_start0_late_best_rm6_tw6_guarded
0-65-5-45-2-98-69-82-64-83-52-99-11-12-14-47-15-16-75-59-9-10-78-73-79-7-8-6-88-53-46-4-3-1-43-40-35-37-41-54-81-61-68-90-55-70-100-60-13-17-0,19564.92644246979,seed603_lns_start83_random_regret_rm6_tw8
0-65-59-82-83-64-52-11-16-15-47-14-12-98-69-88-8-45-5-7-46-2-6-79-73-78-53-10-9-99-90-96-81-61-55-68-41-37-35-40-43-44-70-100-4-3-1-60-17-13-0,19614.967657209487,seed608_lns_start83_random_random_best_rm8_tw15
0-65-5-45-2-98-69-82-64-83-52-75-59-87-11-15-16-47-14-12-53-99-9-10-78-73-79-7-8-46-6-4-3-1-43-40-35-37-38-41-61-81-68-55-70-100-88-60-13-17-0,19624.00178588276,seed606_lns_start83_random_best_rm6_tw15
0-65-5-45-2-98-69-64-83-82-12-14-47-16-15-11-9-59-52-99-53-88-78-73-79-7-6-8-46-4-3-1-43-35-37-38-41-61-54-81-55-90-58-75-97-13-10-17-60-93-0,19659.219301999103,seed603_lns_start85_random_regret_rm8_tw10
0-92-95-63-33-28-27-29-31-71-72-39-38-36-40-44-42-41-94-67-62-84-85-51-76-18-21-23-19-49-20-22-57-86-74-87-97-75-58-77-25-48-24-66-56-91-80-93-50-34-32-30-26-89-0,19685.914015300707,seed605_lns_start46_late_best_rm8_tw15_guarded
0-42-39-36-72-92-95-62-31-29-27-28-30-33-67-71-94-84-85-63-51-76-18-21-23-19-49-20-22-86-87-74-57-66-64-56-91-96-54-93-50-34-32-26-89-48-24-25-77-58-97-44-0,19690.264659350687,seed603_lns_start83_random_random_best_rm6_tw12
0-65-5-45-2-98-69-64-83-52-59-15-16-47-14-12-11-9-99-82-90-88-53-78-73-79-7-6-8-46-4-3-1-43-40-35-37-38-41-54-81-61-68-70-100-55-60-17-10-13-97-75-0,19844.91406901768,seed601_lns_start83_random_random_best_rm4_tw8_guarded
0-92-95-63-33-28-27-29-31-71-72-39-38-36-40-44-42-41-94-67-62-84-85-51-76-18-21-23-19-49-20-22-57-86-87-97-75-58-74-66-56-50-34-32-30-26-89-48-24-25-77-13-17-0,19857.467421071986,seed602_lns_start44_late_best_rm6_tw6_guarded
0-92-95-63-33-28-27-29-31-71-72-39-38-36-40-44-42-41-94-67-62-30-34-50-85-84-51-76-18-21-23-19-49-20-22-24-57-86-74-87-9-10-13-97-75-58-77-25-48-56-91-93-89-0,19871.614124565458,seed601_lns_start0_late_random_best_rm8_tw12_guarded
0-14-47-59-52-83-64-65-69-98-82-99-11-15-16-73-79-6-2-45-5-3-46-8-7-78-12-10-9-53-88-55-61-81-96-54-41-37-35-40-43-1-4-60-17-13-97-75-58-74-100-70-0,19873.24280159115,seed606_lns_start85_random_random_best_rm4_tw8_guarded
0-65-5-45-2-98-69-82-64-83-52-99-11-14-47-15-16-75-59-9-12-78-73-79-7-6-8-46-4-3-1-44-43-40-35-37-38-41-61-68-90-53-10-13-17-60-88-55-100-70-0,19901.332741823062,seed602_lns_start83_random_best_rm4_tw6_guarded
0-42-39-36-72-92-21-23-19-64-95-62-67-71-31-29-27-28-33-30-34-50-63-85-84-51-76-18-49-22-20-24-75-97-86-57-66-56-91-80-96-93-54-68-70-100-60-17-32-26-0,19951.778120217008,seed603_lns_start88_random_best_rm3_tw10
0-65-59-82-83-64-52-11-16-15-47-14-12-98-69-88-2-45-5-8-7-6-46-3-61-81-90-99-53-9-10-17-78-73-79-60-100-55-70-43-35-37-54-96-68-4-1-32-26-89-0,20020.90852415512,seed608_lns_start53_mixed_random_best_rm6_tw10
0-92-95-63-33-28-27-29-31-71-72-39-38-36-40-44-42-41-94-67-62-84-85-51-76-18-21-23-19-49-20-22-57-86-74-87-9-10-13-97-75-58-77-25-48-24-66-56-91-80-50-32-30-26-0,20053.149567893986,seed601_lns_start1_late_regret_rm8_tw8_guarded
0-42-39-36-72-92-95-62-29-31-27-28-30-33-63-85-76-18-21-23-19-49-22-87-86-57-20-51-84-26-34-50-67-94-71-96-61-68-66-24-74-77-25-48-56-91-80-100-70-44-89-0,20078.490477378025,seed603_lns_start85_random_regret_rm3_tw15
0-92-95-63-33-28-27-29-31-62-67-71-72-39-38-36-40-44-42-41-94-84-51-76-85-30-26-34-50-56-66-57-22-20-49-19-18-48-21-23-25-24-74-77-58-75-97-13-17-80-91-89-0,20227.113852035713,seed605_lns_start45_late_best_rm8_tw8_guarded
0-65-5-45-2-98-69-82-12-47-14-15-16-11-59-99-52-83-64-90-88-53-9-10-78-73-79-7-8-46-6-55-61-81-54-41-38-37-35-40-43-1-3-4-60-17-13-97-58-93-32-0,20343.877497723606,seed601_lns_start85_random_regret_rm5_tw12
0-65-59-83-52-64-82-69-98-88-2-45-5-47-14-11-9-15-16-12-78-73-79-7-6-8-46-3-43-40-37-38-41-61-68-90-55-53-99-10-13-17-60-100-70-1-4-35-75-0,20371.035986609553,seed608_lns_start83_random_best_rm5_tw15
0-65-59-83-52-82-98-69-61-2-5-45-7-79-73-14-47-15-16-12-11-9-99-64-90-88-53-78-6-46-4-3-1-8-60-68-81-55-100-70-43-37-35-54-96-93-32-26-75-0,20400.441890168182,seed608_lns_start54_late_regret_rm8_tw6
0-92-95-63-33-28-27-29-31-72-36-38-39-44-42-40-41-71-94-67-62-84-85-51-76-21-18-19-49-23-20-22-24-57-86-10-13-97-87-74-58-25-48-89-30-34-50-56-91-66-80-17-0,20469.391355047348,seed603_lns_start54_late_best_rm8_tw6
0-14-47-59-83-64-63-62-95-92-82-98-88-69-90-99-52-86-16-15-12-11-87-9-10-53-78-73-79-7-6-46-8-4-3-1-43-40-35-37-41-54-96-93-68-55-70-100-60-17-13-97-0,20495.255491885207,seed604_lns_start57_random_best_rm5_tw8
0-42-39-36-72-92-95-63-31-29-27-28-30-33-67-62-84-85-51-76-18-21-23-49-19-20-22-57-86-74-87-66-90-68-96-94-71-50-34-26-32-89-48-24-25-77-56-91-80-100-70-44-0,20540.382858963312,seed608_lns_start85_random_regret_rm5_tw6
0-65-83-59-15-47-14-5-45-2-88-98-69-82-99-52-64-90-53-12-78-16-11-9-10-73-79-7-6-8-46-4-3-1-38-37-35-40-43-61-81-68-70-100-55-60-17-13-75-0,20544.263501999405,seed601_lns_start83_random_regret_rm6_tw12
0-65-5-45-2-69-64-83-52-59-15-16-47-14-12-11-9-99-82-98-88-53-78-73-79-7-6-8-3-46-4-1-43-40-35-37-38-41-54-81-61-55-10-13-58-75-97-17-60-93-32-0,20559.61905655261,seed607_lns_start85_random_regret_rm8_tw12
0-92-95-63-33-28-27-29-31-71-72-39-38-36-40-44-42-41-94-67-62-84-85-51-76-18-21-23-19-49-20-22-57-86-74-87-9-10-13-97-75-58-77-25-48-24-56-91-80-50-34-32-30-26-0,20580.61209547609,seed604_lns_start2_late_regret_rm8_tw10_guarded
0-65-59-82-83-64-52-11-16-15-47-14-12-88-98-69-90-99-53-78-73-79-7-8-45-46-5-3-6-2-43-40-37-38-41-61-54-81-55-10-13-9-97-58-17-60-4-1-35-93-0,20597.84094924008,seed603_lns_start85_random_best_rm8_tw6
0-42-39-36-72-92-95-64-63-33-28-27-29-31-67-62-85-51-76-19-22-23-21-18-49-20-75-97-74-86-57-56-84-50-34-30-26-32-71-93-54-96-80-91-66-24-68-70-100-60-17-0,20749.183719504457,seed604_lns_start88_random_regret_rm5_tw8
0-92-95-63-33-28-27-29-31-71-72-39-38-36-40-44-42-41-94-67-62-84-85-51-76-18-21-23-19-49-20-22-57-86-74-87-9-10-13-97-75-58-77-25-48-24-56-91-93-50-34-32-30-26-0,20784.3766203369,seed604_lns_start3_late_regret_rm6_tw12_guarded
0-92-95-63-33-28-27-29-31-71-72-39-38-36-40-44-42-41-94-67-62-30-34-50-85-84-51-76-18-21-23-19-49-20-22-57-86-74-87-9-10-13-97-75-58-77-25-48-24-66-91-56-89-0,20792.375130016022,seed605_lns_start3_late_regret_rm6_tw10_guarded
0-42-39-36-72-92-95-62-63-33-30-28-27-29-31-71-94-67-84-85-51-76-18-21-23-19-49-20-22-74-87-97-86-57-66-64-56-91-80-96-54-93-50-34-32-26-89-48-25-77-58-24-44-0,20798.89376667864,seed606_lns_start83_random_regret_rm8_tw6
0-65-83-59-15-47-14-5-45-2-88-98-69-90-64-52-99-82-53-12-11-10-9-16-78-73-79-7-6-8-46-4-3-1-44-43-40-35-37-38-41-61-68-55-70-100-60-17-13-97-75-0,20827.923850432504,seed606_lns_start83_random_regret_rm8_tw15_guarded
0-65-59-82-83-64-52-11-16-15-47-14-12-98-69-88-2-45-5-8-79-7-3-46-6-73-78-10-9-99-53-68-61-81-96-54-55-90-60-4-1-100-70-43-35-37-93-32-26-89-80-0,20841.099112506137,seed605_lns_start52_mixed_best_rm6_tw12
0-92-95-63-33-28-27-29-31-71-72-39-38-36-40-44-42-41-94-67-62-84-85-51-76-18-21-23-19-49-20-22-57-86-74-87-9-10-13-97-75-58-77-25-48-24-66-56-50-34-32-30-26-0,20885.340512123395,seed601_lns_start2_mixed_regret_rm6_tw6_guarded
0-65-59-47-14-82-11-15-16-75-23-21-83-52-99-64-51-76-18-19-49-22-20-84-85-30-29-26-34-32-50-67-56-94-93-96-54-81-68-41-37-35-43-1-70-55-100-60-17-0,21007.710783828483,seed602_lns_start38_late_regret_rm8_tw10
0-65-5-45-2-98-69-82-64-83-52-99-11-12-14-47-15-16-75-59-9-10-53-88-78-73-79-7-6-8-46-43-40-35-37-38-41-61-81-80-90-68-55-100-70-1-3-4-60-13-17-0,21079.891208141344,seed604_lns_start83_mixed_random_best_rm5_tw6
0-42-39-36-72-92-95-62-29-31-27-28-30-33-63-85-64-22-23-21-18-19-49-76-51-84-67-71-34-50-56-66-57-86-97-75-48-24-20-89-26-32-91-80-96-93-68-70-100-60-17-0,21176.281662926365,seed604_lns_start88_mixed_best_rm6_tw15
0-65-59-83-52-64-82-98-69-61-2-5-45-7-79-73-47-14-12-15-16-11-9-10-78-53-88-6-8-46-3-1-43-41-37-81-68-90-55-4-60-17-13-99-100-70-35-75-0,21253.661664432082,seed605_lns_start83_random_best_rm4_tw10
0-65-59-83-52-82-98-69-2-5-45-7-73-12-14-47-16-11-9-99-64-90-88-6-3-46-8-79-78-53-60-55-61-81-54-96-68-70-4-1-43-35-37-100-93-32-26-77-75-0,21297.4815516455,seed601_lns_start56_mixed_random_best_rm6_tw10
0-42-39-36-72-92-95-62-63-76-33-28-31-29-27-71-94-67-84-64-19-18-21-23-86-57-22-20-49-51-85-30-26-32-34-50-93-96-54-80-91-56-24-48-25-77-58-97-87-74-66-89-0,21411.907596313038,seed607_lns_start83_random_best_rm6_tw6
0-42-39-72-92-95-62-21-23-19-76-63-33-30-28-27-29-31-71-94-67-84-85-51-22-20-49-57-86-74-87-97-75-58-77-25-18-48-24-66-56-91-80-54-96-93-50-34-32-26-89-44-0,21470.18353741902,seed603_lns_start83_random_best_rm5_tw8
0-42-39-36-72-92-95-62-29-31-27-28-30-33-71-81-94-67-84-85-63-76-51-18-21-23-19-49-22-57-86-87-74-66-68-96-80-91-56-50-34-26-89-48-20-24-25-77-100-70-44-0,21486.4828168517,seed601_lns_start85_random_regret_rm4_tw8
0-92-95-63-33-28-27-29-31-71-72-39-38-36-40-44-42-41-94-67-62-30-34-50-85-84-51-76-18-21-23-19-49-20-22-57-86-74-87-9-10-13-97-75-58-77-25-48-24-66-80-91-56-89-0,21486.81009117006,seed602_lns_start3_late_regret_rm8_tw8_guarded
0-5-45-69-82-52-15-14-47-16-75-59-11-12-53-98-90-65-83-99-9-10-78-73-7-6-8-46-79-88-55-68-61-41-38-37-35-40-43-2-4-3-1-70-100-60-17-13-0,21532.71703570485,seed603_lns_start83_random_random_best_rm5_tw6
0-92-95-63-33-28-27-29-31-71-72-39-38-36-40-44-42-41-94-67-62-84-85-51-76-18-21-23-19-49-20-22-57-86-74-87-9-10-13-97-75-58-77-25-48-24-66-91-56-50-34-32-30-26-0,21661.06075831411,seed603_lns_start1_mixed_random_best_rm8_tw15_guarded
0-65-5-45-2-69-64-83-52-59-15-16-47-14-12-11-9-99-82-90-98-88-53-78-73-79-7-6-8-46-4-3-1-44-43-40-35-37-38-41-61-81-68-70-100-55-60-17-10-13-97-75-0,21769.43497370254,seed606_lns_start83_random_random_best_rm3_tw8_guarded
0-92-95-63-33-28-27-29-31-71-72-42-44-39-40-36-38-41-94-67-62-85-51-76-18-21-23-19-49-22-20-57-84-30-34-50-56-66-91-93-80-24-48-25-77-74-86-87-13-97-75-58-0,21805.26462120909,seed608_lns_start53_mixed_random_best_rm6_tw10
0-14-47-59-63-62-95-64-83-65-69-88-98-82-99-52-86-9-11-15-16-12-78-73-79-7-6-8-3-46-4-1-41-37-35-40-43-54-96-68-90-53-10-17-13-97-87-55-100-70-60-93-0,21884.170489634547,seed607_lns_start57_random_random_best_rm5_tw15
0-65-5-45-2-98-69-82-64-83-52-75-59-87-9-15-16-47-14-11-12-78-73-79-7-6-8-46-3-43-40-35-37-38-41-61-81-68-90-99-10-13-17-53-88-55-100-70-60-4-1-0,21954.5921628533,seed604_lns_start83_random_best_rm8_tw12
0-65-59-83-52-82-69-98-2-45-5-88-14-47-16-15-9-11-12-73-79-7-8-46-6-78-53-90-81-61-43-40-36-35-37-38-41-68-55-100-70-1-3-4-60-17-13-10-99-64-0,21986.706689921593,seed603_lns_start83_random_best_rm5_tw8
0-14-47-59-52-65-92-95-62-63-64-83-99-82-90-69-98-88-53-73-12-11-15-16-87-86-9-10-78-79-7-6-8-46-4-3-1-55-68-43-40-35-37-41-54-93-96-70-100-60-17-97-0,22052.652094762547,seed602_lns_start57_late_best_rm8_tw8
0-65-14-47-82-83-64-52-59-75-16-15-11-12-53-98-69-88-2-6-45-5-3-46-8-7-79-73-78-10-9-57-99-90-68-81-61-41-38-37-35-40-43-1-4-70-100-55-60-13-17-0,22104.457250323925,seed603_lns_start83_random_random_best_rm6_tw15
0-42-39-36-72-92-95-62-63-33-28-27-29-30-31-71-94-67-84-64-19-23-21-18-49-22-20-51-85-50-32-26-34-89-76-24-57-86-74-97-58-77-25-48-66-56-91-80-96-93-54-44-0,22132.42318691841,seed603_lns_start83_random_regret_rm6_tw15
0-14-47-59-52-83-64-63-62-95-92-65-99-82-98-88-69-90-53-11-15-16-12-87-86-9-10-78-73-79-8-7-6-46-4-3-1-43-40-35-37-41-68-70-100-55-60-13-17-97-96-93-0,22220.999160668765,seed606_lns_start57_late_random_best_rm8_tw15
0-42-39-36-72-92-95-62-29-31-27-28-30-33-71-94-67-84-85-63-51-76-18-21-23-19-49-20-22-75-97-87-74-86-57-66-56-50-34-32-26-93-54-96-91-24-48-25-77-58-89-44-0,22293.127812732797,seed608_lns_start83_random_random_best_rm8_tw12
0-92-95-63-33-28-27-31-29-71-36-38-39-44-42-72-81-94-67-62-84-51-76-19-18-23-21-87-86-74-22-49-20-85-32-30-26-34-50-93-96-54-80-91-66-56-24-48-25-77-58-97-89-0,22405.114976747853,seed605_lns_start83_random_best_rm8_tw6
0-65-83-59-15-47-14-2-5-45-7-88-98-69-90-64-52-99-82-53-12-11-10-9-16-78-73-79-6-8-46-4-3-1-44-43-40-35-37-38-41-61-81-68-70-100-55-60-13-17-75-0,22415.96532170991,seed606_lns_start83_random_regret_rm8_tw15
0-92-95-63-33-28-27-29-31-71-72-39-38-36-40-44-42-41-61-81-67-62-84-85-51-76-18-21-23-19-49-20-22-57-86-74-87-13-97-75-58-77-25-48-24-66-91-56-50-34-32-30-26-89-0,22469.90574066625,seed603_lns_start45_mixed_random_best_rm5_tw8_guarded
0-65-59-83-52-82-98-69-2-5-45-7-73-12-14-47-15-16-11-9-99-64-90-88-3-46-8-79-78-60-53-55-68-81-54-96-61-70-100-6-4-1-43-35-37-93-32-26-77-75-0,22474.153302845367,seed603_lns_start56_mixed_random_best_rm8_tw6
0-42-39-72-31-29-27-28-33-30-71-44-40-36-94-92-95-67-62-85-63-76-51-18-21-23-19-49-20-22-24-57-86-87-74-66-68-96-80-91-56-84-50-34-26-89-48-25-77-100-70-0,22516.85791638106,seed606_lns_start85_random_random_best_rm8_tw12
0-65-83-14-52-82-69-98-88-12-15-16-47-73-79-8-5-45-2-6-7-78-53-11-10-9-87-59-99-90-81-61-68-55-46-4-3-1-43-40-35-37-38-41-70-100-60-17-13-75-0,22544.93601225375,seed603_lns_start83_random_regret_rm6_tw15
0-65-83-59-52-64-69-98-88-12-14-47-16-15-11-9-99-82-90-53-78-73-79-7-6-2-45-8-46-4-5-3-1-44-43-40-35-37-38-41-54-81-61-68-55-70-100-60-17-10-13-75-0,22558.938410250717,seed601_lns_start83_random_random_best_rm5_tw8_guarded
0-5-45-69-82-65-83-64-52-59-11-12-14-47-16-15-53-98-88-2-7-79-73-9-10-78-6-8-46-3-4-55-99-90-80-81-41-38-40-37-35-43-61-68-70-100-1-60-17-13-0,22634.318671297475,seed608_lns_start83_random_random_best_rm8_tw12
0-65-83-59-15-47-14-5-45-2-88-98-69-82-99-52-9-11-12-78-73-16-10-53-90-57-64-68-61-41-37-35-40-43-1-3-4-46-8-6-7-79-60-100-70-55-13-17-75-0,22719.295875382675,seed605_lns_start83_random_best_rm8_tw6
0-42-39-36-72-92-95-62-19-23-21-51-63-85-33-28-27-29-31-30-34-50-76-18-49-20-22-86-87-57-56-84-67-71-54-96-94-80-91-66-24-74-97-58-77-25-48-89-32-26-44-0,22770.632928923755,seed603_lns_start83_late_regret_rm5_tw6
0-42-39-36-72-92-95-62-19-23-21-76-63-33-30-28-27-29-31-71-94-67-34-26-50-85-84-51-20-22-24-49-18-48-25-77-58-97-87-74-86-57-66-91-96-54-56-89-32-44-0,22780.122861889966,seed602_lns_start83_late_regret_rm8_tw8
0-92-95-63-33-28-27-29-31-71-72-39-42-44-36-40-38-41-94-67-62-51-22-19-23-21-18-76-85-84-30-34-50-56-66-91-20-49-48-25-24-57-86-74-77-58-75-97-87-13-17-80-0,22826.467402062597,seed602_lns_start52_late_random_best_rm8_tw10
0-42-39-36-72-92-95-62-29-31-27-28-30-33-71-81-94-67-84-85-63-76-51-20-22-23-21-18-19-49-74-97-87-57-66-56-50-32-26-34-91-80-96-54-93-24-48-25-77-58-89-44-0,22911.06212275307,seed605_lns_start83_random_best_rm3_tw12
0-65-83-59-15-47-14-5-45-2-88-98-69-82-99-52-64-90-53-12-16-9-11-10-78-73-79-7-6-46-8-4-3-1-70-61-43-40-35-37-38-41-93-81-68-55-100-60-13-17-75-0,22930.319480730872,seed604_lns_start83_late_regret_rm4_tw8
0-65-5-45-2-98-69-82-64-83-52-99-12-47-14-15-11-59-75-86-16-9-10-78-73-79-7-6-8-46-3-1-4-88-55-61-41-38-37-35-40-43-68-70-100-90-53-13-17-60-0,22948.696697398344,seed605_lns_start83_random_best_rm3_tw12
0-83-65-82-69-98-2-45-5-88-12-14-47-16-15-11-59-75-86-52-99-9-10-53-78-73-79-7-6-8-46-4-3-1-43-40-35-37-38-41-61-81-68-55-100-70-90-64-13-17-60-0,23130.224098795916,seed606_lns_start83_random_random_best_rm6_tw15
0-92-95-63-33-28-27-29-31-71-72-36-38-39-44-42-61-81-94-67-62-84-85-51-76-18-21-23-19-49-20-22-57-86-87-97-75-74-66-56-91-80-96-54-93-50-34-32-30-26-89-48-25-24-77-0,23159.983226440636,seed608_lns_start83_random_random_best_rm4_tw6_guarded
0-42-39-36-72-92-95-62-31-29-27-28-30-33-71-61-94-67-84-85-63-76-51-19-23-21-18-49-20-22-24-57-86-87-97-74-66-56-91-80-96-54-93-50-34-32-26-89-48-25-77-58-44-0,23166.336616570206,seed608_lns_start83_random_random_best_rm5_tw8
0-92-95-63-33-28-27-29-31-71-72-39-38-36-40-44-42-41-94-67-62-85-76-18-21-23-19-49-22-20-51-84-56-66-99-57-86-74-87-9-10-13-97-75-58-77-25-24-48-89-32-30-34-50-0,23227.820875685946,seed608_lns_start1_late_best_rm6_tw8_guarded
0-42-39-36-72-92-95-62-31-27-29-28-30-33-63-85-84-51-76-19-23-21-18-75-87-86-57-22-20-49-24-74-66-68-96-71-94-80-91-56-67-50-34-26-89-48-25-77-100-70-44-0,23303.861981994785,seed601_lns_start85_random_regret_rm5_tw12
0-92-72-42-2-45-5-44-39-36-38-61-81-71-94-67-51-18-21-23-19-76-85-33-31-29-27-26-28-30-32-34-50-84-56-20-22-24-49-48-25-77-58-75-74-57-66-80-91-89-0,23361.11710410338,seed607_lns_start57_random_random_best_rm5_tw15
0-72-39-2-45-5-44-42-36-38-61-71-67-31-29-27-28-30-33-76-18-21-23-19-49-22-20-51-85-50-34-26-32-94-56-66-91-84-24-48-25-77-75-58-74-57-80-81-13-89-0,23408.496148170474,seed602_lns_start57_late_best_rm8_tw8
0-42-39-36-72-92-95-62-19-23-21-51-63-85-33-28-27-29-31-30-34-50-67-71-94-56-84-76-18-49-20-22-57-86-74-87-97-75-58-77-25-48-24-66-91-80-96-54-93-32-26-89-44-0,23523.055653399548,seed605_lns_start83_random_regret_rm8_tw8
0-92-95-63-62-33-31-29-27-28-30-67-71-72-42-44-39-36-38-81-94-84-85-51-76-18-21-23-19-49-20-22-24-57-86-87-97-58-74-66-56-96-54-93-80-91-50-32-34-26-89-48-25-77-0,23551.944812046317,seed601_lns_start83_random_regret_rm3_tw12
0-65-59-83-52-64-69-98-88-12-14-47-15-16-11-9-99-82-53-78-73-79-7-5-46-8-6-2-45-4-3-1-43-40-35-37-38-41-61-55-90-10-13-97-58-75-17-60-54-93-32-0,23555.622454248227,seed601_lns_start85_random_regret_rm4_tw8
0-65-83-59-52-82-69-98-88-2-45-5-7-79-73-78-14-47-15-16-11-12-53-99-10-9-90-55-6-46-8-4-3-1-43-40-35-37-38-41-61-81-54-93-60-17-13-97-75-58-32-0,23607.577742014848,seed602_lns_start85_random_best_rm5_tw10
0-92-95-63-33-28-31-27-29-72-39-42-44-36-40-38-41-71-94-67-62-84-85-51-76-18-21-19-49-23-20-22-57-86-15-17-10-13-87-97-58-74-24-25-48-66-56-91-80-50-30-34-89-0,23624.81339638398,seed601_lns_start56_mixed_random_best_rm6_tw10
0-5-45-82-52-59-75-16-15-47-14-12-11-99-83-64-65-90-69-98-88-2-6-46-8-7-79-73-78-9-10-53-55-61-81-54-38-37-35-40-43-1-3-4-60-17-13-97-58-93-32-0,23675.480855979586,seed602_lns_start85_random_regret_rm5_tw8
0-92-95-63-33-28-27-29-31-71-72-39-44-42-61-81-67-62-76-18-21-23-19-49-22-20-51-85-84-94-96-54-41-38-40-43-37-36-35-34-32-30-26-50-80-91-56-68-55-100-70-1-4-60-0,23767.100114046,seed602_lns_start67_random_best_rm3_tw10
0-42-39-36-72-92-95-62-29-31-27-28-33-63-85-51-76-19-18-21-23-49-22-57-87-86-66-56-84-32-30-26-34-50-67-94-96-44-40-71-20-24-48-25-77-74-91-80-68-70-100-89-0,23883.614781290566,seed603_lns_start85_random_regret_rm8_tw10
0-92-95-63-28-27-31-62-71-72-39-38-36-40-44-42-61-90-69-98-53-12-78-73-79-7-6-45-5-3-8-46-4-2-88-10-9-13-97-87-86-57-74-58-77-25-48-24-66-91-80-33-89-0,23887.572788805875,seed605_lns_start38_late_regret_rm8_tw15
0-5-45-69-65-64-83-52-59-15-16-47-14-12-11-9-99-82-53-98-88-2-6-8-46-7-79-73-78-10-90-81-61-41-38-37-40-43-54-35-1-3-4-55-60-17-13-97-75-58-93-0,23890.205141700106,seed602_lns_start85_random_regret_rm4_tw8
0-92-95-63-62-72-42-39-36-38-71-67-31-29-27-28-30-33-85-84-51-76-18-21-23-19-49-20-66-57-86-87-97-75-58-74-22-48-25-77-24-56-91-80-54-93-94-50-34-32-26-89-0,23898.994197752087,seed608_lns_start83_random_random_best_rm8_tw15
0-65-83-59-15-47-14-5-45-2-88-98-69-82-99-52-64-90-53-9-16-11-10-12-78-73-79-8-7-6-46-4-3-1-41-38-37-35-40-43-61-68-70-100-55-81-93-80-13-17-60-75-0,24006.481847200244,seed602_lns_start83_late_regret_rm8_tw8
0-92-95-63-33-31-29-27-28-30-71-72-36-40-42-44-39-38-41-94-67-62-84-85-51-76-18-21-23-19-49-22-20-56-50-34-26-91-66-24-48-25-57-86-74-77-58-75-97-87-13-17-0,24044.721833814587,seed603_lns_start45_mixed_random_best_rm5_tw8
0-65-5-45-2-69-98-12-14-47-16-15-59-75-52-83-99-82-53-88-78-11-10-9-90-81-61-41-44-43-40-35-37-38-68-55-6-7-8-46-4-3-1-79-73-17-13-60-100-70-0,24127.27151755904,seed607_lns_start83_random_best_rm6_tw6
0-65-59-83-52-64-82-69-98-12-14-47-15-16-11-53-88-2-45-6-5-3-46-8-7-79-73-78-10-9-99-90-81-61-54-41-43-40-35-37-38-1-4-55-60-17-13-97-75-58-32-0,24160.78062941813,seed602_lns_start85_late_random_best_rm3_tw12
0-92-95-33-28-27-31-29-36-39-44-42-40-38-72-71-94-67-62-63-85-51-76-19-21-23-18-49-22-20-84-66-57-86-10-17-13-97-87-74-58-77-25-48-24-89-30-34-50-56-91-80-41-0,24321.014804940613,seed604_lns_start55_late_best_rm8_tw6
0-92-95-63-33-28-27-29-31-30-72-36-39-44-42-40-38-41-71-67-62-84-85-51-76-18-21-23-19-49-22-20-86-87-97-75-74-57-66-56-24-48-25-77-58-13-17-80-91-94-50-34-26-0,24353.730314185173,seed606_lns_start44_late_best_rm8_tw6
0-14-47-59-83-64-65-69-98-88-2-45-5-53-82-99-52-9-15-16-12-11-10-78-73-79-7-6-8-46-4-3-1-43-40-35-37-38-41-54-61-81-93-90-55-60-17-13-97-75-58-32-0,24411.687709250025,seed608_lns_start85_random_best_rm6_tw12
0-65-83-59-15-47-14-5-45-2-88-98-69-82-90-64-57-52-99-11-12-16-9-10-53-78-73-79-8-7-6-46-4-3-1-43-40-35-37-38-41-61-81-68-55-100-70-60-17-13-97-75-0,24483.95052094354,seed602_lns_start83_random_random_best_rm4_tw10
0-92-95-63-33-27-28-29-31-30-36-40-44-42-39-38-41-72-71-94-67-62-84-51-23-21-18-19-76-85-56-66-57-86-87-74-49-22-24-20-48-25-77-58-75-97-13-17-80-91-50-34-93-0,24582.133531836032,seed604_lns_start53_late_best_rm6_tw6
0-92-95-63-33-28-27-29-31-36-39-42-44-40-38-72-71-94-67-62-84-51-22-57-86-23-21-18-19-49-76-85-50-30-26-32-34-93-54-96-91-56-66-24-48-20-25-77-58-97-87-74-80-89-0,24620.817656204435,seed605_lns_start83_random_best_rm4_tw10
0-42-39-36-72-92-95-62-31-29-27-28-30-33-71-61-94-67-84-85-63-76-51-18-21-23-19-49-20-22-66-96-50-34-32-26-56-57-86-74-97-58-77-25-48-24-91-80-93-54-44-89-0,24696.63592137328,seed602_lns_start83_random_best_rm8_tw8
0-65-83-59-15-14-11-12-47-16-75-52-99-64-82-69-98-88-2-46-45-3-5-8-6-7-79-73-78-10-13-9-53-90-68-55-100-4-1-70-61-41-37-35-40-43-81-93-80-60-17-0,24733.73618540372,seed607_lns_start83_mixed_regret_rm8_tw12
0-65-5-45-2-14-11-12-47-15-16-59-52-99-83-64-90-82-69-98-53-88-73-79-8-7-6-46-4-3-43-37-38-41-61-54-81-55-60-78-10-9-13-58-75-97-17-1-35-93-32-0,24761.919737301072,seed606_lns_start85_random_random_best_rm8_tw12
0-42-39-36-72-92-95-62-31-29-27-28-30-33-63-76-18-23-21-19-49-51-85-84-67-94-96-44-71-34-26-32-50-20-22-74-87-86-57-66-56-91-80-68-70-100-48-25-24-77-75-89-0,24823.709011557305,seed603_lns_start85_random_best_rm8_tw6
0-65-83-59-15-14-47-12-11-75-52-99-82-90-69-98-88-53-9-16-78-73-79-7-6-2-45-5-8-46-4-3-1-43-40-35-37-38-41-81-54-93-64-10-13-97-58-17-60-55-32-0,24830.14286890551,seed603_lns_start85_random_regret_rm3_tw15
0-42-39-36-72-92-95-62-29-31-27-28-30-33-71-81-94-67-84-85-63-76-51-20-22-23-21-18-19-49-74-97-87-86-57-66-56-50-32-26-34-91-80-96-54-93-24-48-25-77-58-89-44-0,24878.222447039476,seed603_lns_start83_random_random_best_rm4_tw6
0-65-59-83-52-64-82-69-98-88-2-45-5-78-14-12-11-9-15-16-47-73-79-7-8-6-43-40-35-37-38-41-54-81-61-3-4-46-60-53-99-58-75-97-13-10-17-55-1-93-0,24947.298905210973,seed608_lns_start85_random_regret_rm5_tw6
0-42-39-36-72-92-95-62-29-31-27-28-30-33-71-41-44-94-67-85-63-76-18-21-23-19-49-22-57-86-87-74-24-20-51-84-56-66-91-96-54-80-93-50-34-32-26-89-48-25-77-58-97-0,24979.54023858378,seed601_lns_start83_random_random_best_rm8_tw15
0-72-39-2-45-5-44-42-36-38-71-31-28-27-29-30-33-76-18-23-19-49-22-51-85-50-67-94-81-61-66-56-84-20-24-21-48-25-77-58-75-74-57-91-80-34-32-26-89-54-0,25057.203421063266,seed606_lns_start57_late_random_best_rm8_tw15
0-92-95-33-28-27-31-29-39-44-42-72-71-67-62-63-85-76-18-21-23-19-49-22-20-51-84-56-94-81-61-41-38-40-36-35-43-37-54-96-93-50-34-32-30-26-91-80-68-70-100-55-60-4-1-0,25068.38257375468,seed605_lns_start67_late_random_best_rm6_tw10
0-65-5-45-2-72-42-44-36-38-39-71-61-81-94-67-51-18-21-23-19-76-85-33-31-29-30-28-26-27-32-34-50-56-66-20-49-22-24-57-74-58-75-77-25-48-89-84-91-80-0,25165.593137611948,seed604_lns_start57_random_best_rm5_tw8
0-65-59-47-14-5-45-2-98-69-82-99-83-64-52-9-11-15-16-12-78-73-79-7-6-8-46-3-43-40-35-37-38-41-61-54-81-90-55-88-53-10-13-75-97-17-60-4-1-93-32-0,25284.46412271877,seed602_lns_start85_mixed_random_best_rm6_tw12
0-65-83-59-15-47-14-5-45-2-88-98-69-90-82-99-52-12-11-16-75-97-87-9-10-78-73-79-7-6-8-46-3-1-41-38-40-43-61-81-68-55-53-13-17-60-4-100-70-37-35-0,25399.56791796121,seed605_lns_start83_random_regret_rm6_tw6
0-42-39-36-72-92-95-23-21-19-76-63-33-30-28-27-29-31-71-38-44-94-67-62-84-85-51-20-22-49-77-58-97-87-74-86-57-18-48-25-24-56-66-91-80-96-93-50-32-34-26-89-0,25503.493986447895,seed603_lns_start83_random_regret_rm6_tw8
0-42-39-36-72-92-95-62-29-31-27-28-30-33-67-71-81-94-84-85-63-76-51-18-21-23-19-49-20-22-86-87-97-74-57-66-64-56-91-80-96-54-93-50-34-32-26-89-48-25-77-58-24-44-0,25514.59352495681,seed603_lns_start83_random_random_best_rm5_tw6
0-92-95-63-62-33-28-27-29-30-31-71-72-39-38-36-40-42-44-41-94-67-84-85-51-76-19-23-18-49-20-86-66-56-22-24-21-48-25-57-74-77-58-75-97-87-13-17-91-50-34-0,25520.03201183665,seed605_lns_start52_mixed_best_rm6_tw12
0-92-95-63-33-28-27-31-29-72-36-38-39-44-42-40-41-71-67-62-84-85-51-76-21-18-19-49-23-20-22-57-87-13-97-75-58-86-74-77-25-48-24-66-56-94-80-91-50-34-30-89-17-0,25555.236141288467,seed603_lns_start53_late_regret_rm8_tw15
0-65-14-47-5-45-2-11-15-16-12-59-52-99-82-53-98-88-69-90-83-87-9-10-78-73-79-7-6-8-46-4-3-1-44-43-40-35-37-38-41-54-94-81-61-55-13-74-58-77-25-0,25667.959079766428,seed604_lns_start88_mixed_best_rm6_tw15
0-5-45-69-98-14-11-12-47-16-15-99-52-83-65-82-88-2-6-7-79-73-78-53-90-61-81-38-41-37-35-40-43-44-1-3-4-46-8-55-10-13-9-87-59-74-58-77-25-48-89-94-0,25737.67859660784,seed603_lns_start88_random_best_rm3_tw10
0-92-95-63-33-28-27-29-31-71-72-39-42-44-40-36-38-41-94-67-62-51-19-23-18-76-85-84-56-66-57-86-22-20-49-24-21-48-25-77-58-75-97-13-17-87-74-80-91-50-34-30-4-0,25844.495358749242,seed601_lns_start53_random_random_best_rm3_tw10
0-92-95-63-33-28-27-31-29-36-38-39-42-44-40-72-41-71-94-67-62-84-85-51-19-76-18-21-23-49-20-22-57-86-10-17-13-87-97-58-74-25-48-24-66-56-91-80-50-34-30-26-89-0,26139.823723701997,seed604_lns_start55_mixed_regret_rm8_tw10
0-65-5-45-2-98-82-83-52-14-11-15-16-47-12-9-59-87-99-69-88-53-90-81-61-38-40-44-41-37-35-43-3-1-4-46-8-7-6-55-79-73-78-10-13-58-77-25-48-89-94-0,26178.254278709373,seed604_lns_start88_random_regret_rm5_tw8
0-65-14-59-83-64-82-98-69-52-99-11-15-16-47-73-2-45-5-3-46-8-6-7-79-78-12-10-9-53-88-55-90-81-61-54-41-43-40-35-37-70-1-4-60-17-13-97-75-58-93-32-0,26206.119969495998,seed606_lns_start85_random_random_best_rm4_tw8
0-65-83-59-47-14-5-45-2-88-98-69-82-90-81-61-53-11-12-15-9-10-78-73-79-7-6-8-46-4-3-1-43-40-38-37-35-41-54-55-99-52-97-75-58-13-16-17-60-93-0,26212.935566235516,seed605_lns_start85_mixed_best_rm6_tw12
0-92-95-63-33-28-27-29-31-72-36-38-39-44-42-40-41-62-67-71-94-84-85-51-76-18-21-19-49-20-22-57-86-87-9-10-13-97-75-58-74-77-25-23-48-24-66-80-56-50-34-30-89-0,26271.04679746915,seed604_lns_start1_mixed_best_rm6_tw6
0-92-95-63-33-28-27-29-31-71-72-36-39-44-42-40-38-41-94-67-62-84-51-76-19-23-18-85-20-86-57-74-22-24-49-21-48-25-77-58-75-97-87-13-66-80-91-56-50-34-30-0,26380.530364281363,seed604_lns_start52_random_best_rm5_tw12
0-42-39-36-72-92-95-62-31-29-27-28-30-33-71-94-67-84-85-63-51-76-19-21-23-18-49-20-22-57-86-74-87-75-58-77-64-66-80-96-91-56-50-34-26-89-48-25-24-68-100-70-44-0,26394.44038354906,seed608_lns_start85_random_random_best_rm8_tw6
0-45-5-42-39-36-72-71-31-29-27-28-30-33-62-85-63-76-18-21-23-19-49-22-95-92-94-67-84-51-57-86-10-9-13-87-74-75-58-77-25-48-24-20-66-80-91-56-50-34-26-32-89-0,26705.260778668962,seed607_lns_start69_random_random_best_rm6_tw15
0-95-63-33-28-27-31-62-92-71-72-39-38-36-40-44-42-41-94-67-30-29-34-50-85-76-21-23-19-51-84-56-66-22-20-18-48-49-24-57-86-74-25-77-58-75-97-87-13-17-80-0,26721.76679721436,seed607_lns_start53_mixed_regret_rm5_tw6
0-92-95-33-28-31-27-29-71-72-39-44-42-36-40-38-41-94-67-62-84-63-76-19-23-21-18-51-85-30-32-26-34-50-56-66-57-22-20-24-49-48-25-77-74-86-87-13-17-97-75-58-80-91-0,26935.95888308262,seed603_lns_start43_mixed_best_rm8_tw12
0-92-95-63-33-28-31-27-29-72-36-38-39-44-42-40-41-71-94-67-62-84-85-51-76-18-23-49-22-86-87-74-57-20-19-24-21-48-25-58-75-97-13-17-10-66-80-91-56-50-34-30-89-0,26958.54508938997,seed603_lns_start55_mixed_best_rm8_tw8
0-2-45-5-42-44-39-36-38-72-71-67-62-33-30-31-27-29-84-76-18-21-23-19-49-22-20-51-85-28-26-32-34-50-94-56-91-66-57-24-48-25-77-58-75-74-80-81-61-89-0,26972.332353695405,seed604_lns_start57_random_regret_rm5_tw10
0-42-39-36-72-92-95-62-29-31-27-28-30-33-67-71-94-84-85-63-51-76-18-21-23-19-49-20-22-74-97-87-86-57-83-66-64-56-96-54-93-80-91-24-48-25-77-58-89-32-26-34-50-44-0,26995.231970747514,seed601_lns_start83_random_regret_rm5_tw6
0-65-59-83-52-64-82-69-98-88-2-45-5-12-14-47-15-16-11-9-99-53-78-73-79-7-8-6-46-4-3-41-38-37-35-40-43-1-70-61-54-81-90-58-75-97-13-10-17-60-55-0,26999.358843354476,seed605_lns_start85_late_best_rm8_tw10
0-92-95-33-28-31-27-29-36-39-72-42-44-40-38-41-71-94-67-62-85-63-76-18-19-49-21-23-22-20-51-84-56-66-57-86-10-13-87-97-75-58-77-25-48-24-74-91-80-50-34-30-89-0,27099.270000709075,seed602_lns_start0_mixed_random_best_rm8_tw8
0-42-39-72-92-95-62-29-31-27-28-30-33-71-36-40-44-81-94-67-85-63-51-76-18-21-23-19-49-22-20-24-57-86-87-97-74-66-56-84-50-32-26-34-93-96-54-80-91-58-77-25-48-89-0,27271.307669329486,seed603_lns_start83_random_regret_rm8_tw15
0-65-5-45-2-98-69-82-64-83-52-99-11-14-47-16-15-9-12-78-59-75-97-10-73-79-8-7-6-46-4-3-1-43-38-37-35-40-41-61-81-68-55-88-53-17-13-60-100-70-90-0,27346.35991365311,seed607_lns_start83_random_random_best_rm3_tw10
0-42-36-72-27-29-31-30-28-33-62-67-71-38-39-44-61-81-94-92-95-84-51-18-23-21-19-49-22-20-76-63-85-50-34-32-26-37-35-40-43-41-54-96-91-56-80-68-70-100-1-4-55-0,27423.29564476209,seed602_lns_start67_mixed_random_best_rm6_tw15
0-92-95-63-33-31-62-71-72-36-39-44-42-40-38-41-81-94-67-29-27-28-30-34-50-76-21-23-19-18-49-22-20-51-85-84-56-66-10-13-87-97-58-74-86-57-24-25-48-89-91-80-17-0,27513.428313321354,seed602_lns_start54_mixed_best_rm6_tw8
0-92-95-33-28-27-31-29-72-36-38-39-44-42-40-41-71-94-67-85-51-63-76-18-21-23-19-49-30-34-50-84-56-20-22-24-48-25-77-75-97-58-74-87-86-57-66-91-62-93-13-0,27543.09178196345,seed608_lns_start53_mixed_random_best_rm8_tw6
0-65-83-59-15-14-47-12-11-16-75-52-99-64-90-82-69-98-88-2-6-46-45-3-5-8-7-79-73-78-13-9-10-53-55-68-61-41-40-35-37-38-43-1-4-100-70-81-80-57-17-60-0,27562.764674199694,seed605_lns_start83_random_best_rm6_tw6
0-65-92-95-63-33-28-31-27-29-71-72-36-38-39-44-42-40-41-94-67-62-84-85-51-19-23-21-18-76-49-20-22-57-86-87-10-17-13-97-58-74-24-25-48-66-56-91-80-50-34-32-30-26-89-0,27589.90805377027,seed605_lns_start55_mixed_best_rm8_tw10
0-92-95-63-33-31-28-27-29-71-72-36-38-39-44-42-40-41-94-67-62-51-76-85-84-56-66-57-22-20-49-18-23-24-19-21-48-25-77-74-86-87-58-75-97-13-9-10-80-91-50-30-89-0,27629.91172667594,seed606_lns_start3_mixed_best_rm8_tw10
0-65-83-59-15-47-14-5-45-2-88-98-69-81-64-52-99-82-53-12-11-9-10-78-73-79-6-46-7-8-4-3-1-43-40-35-37-38-41-61-90-55-60-17-16-13-97-75-58-93-32-0,27693.985929114464,seed606_lns_start85_random_best_rm8_tw6
0-65-59-82-14-47-15-11-12-16-52-99-83-64-90-69-98-88-2-45-5-3-46-8-7-6-44-43-40-37-38-41-61-81-55-53-78-79-73-10-9-97-75-58-13-17-60-4-1-54-93-35-0,27808.219422971462,seed608_lns_start85_random_best_rm6_tw15
0-92-95-63-33-28-27-29-31-62-71-72-42-44-39-38-36-40-41-94-67-51-76-19-23-18-85-84-56-66-57-22-20-49-24-48-21-25-77-86-74-58-75-97-87-13-17-91-80-96-50-34-30-0,27984.769918681344,seed605_lns_start52_mixed_regret_rm8_tw8
0-65-5-45-2-69-98-12-14-47-15-11-59-75-87-86-52-99-82-53-88-6-8-7-79-73-78-90-10-16-9-57-24-22-20-49-19-18-48-21-23-25-77-58-74-97-13-17-66-34-32-26-89-0,27988.902445555887,seed601_lns_start47_mixed_random_best_rm6_tw15
0-92-83-95-63-33-28-27-29-31-72-36-38-39-44-42-40-41-71-94-67-62-84-22-49-19-23-21-18-76-51-85-34-30-50-56-66-20-24-48-25-57-86-74-77-58-75-97-87-13-17-80-91-0,28206.915282912767,seed602_lns_start53_mixed_best_rm8_tw10
0-92-63-33-28-27-31-29-72-36-39-44-42-38-40-41-71-67-62-95-84-51-22-19-23-21-18-76-85-56-57-86-75-97-13-10-87-74-58-77-25-48-49-20-24-66-91-80-94-50-34-30-17-0,28264.67218553814,seed606_lns_start52_mixed_regret_rm8_tw6
0-92-95-63-33-28-27-29-31-62-67-71-72-36-38-39-44-42-40-41-94-84-85-76-21-23-18-19-22-51-56-66-57-86-20-49-24-48-25-77-58-75-97-13-17-87-74-80-91-50-34-30-3-0,28269.6602786634,seed605_lns_start53_random_regret_rm5_tw15
0-65-83-59-52-82-98-69-44-61-5-45-2-7-79-73-78-47-14-12-15-16-9-11-10-53-90-55-6-8-4-46-3-1-43-40-35-37-38-41-81-68-80-99-13-17-88-60-100-70-75-0,28279.0099060525,seed601_lns_start83_random_regret_rm5_tw6
0-42-39-36-72-92-95-62-31-29-27-28-30-33-67-71-44-94-64-84-85-51-19-49-22-74-87-57-24-20-23-21-48-18-76-63-32-26-34-50-93-54-96-80-91-56-66-97-58-77-25-89-0,28325.383474283502,seed607_lns_start83_random_best_rm5_tw8
0-5-45-82-2-61-42-44-39-36-38-72-71-67-94-31-29-27-30-28-26-34-33-76-51-84-56-66-57-22-20-49-24-19-18-48-21-23-25-77-75-58-74-80-91-85-50-32-89-0,28344.57090767398,seed601_lns_start57_random_regret_rm6_tw15
0-45-5-42-39-36-72-71-92-95-67-62-31-29-27-28-30-33-63-85-76-18-19-21-23-75-87-86-99-64-56-84-51-49-20-22-57-74-9-10-60-17-13-97-58-77-25-48-24-66-80-34-89-0,28349.400977546185,seed606_lns_start81_late_best_rm8_tw10
0-63-33-28-27-31-95-92-42-44-39-38-36-40-72-41-71-94-67-62-85-76-22-49-19-23-21-18-51-84-56-66-57-86-74-87-13-97-75-58-77-25-48-20-24-91-80-50-30-26-29-34-0,28693.11553081907,seed602_lns_start43_random_random_best_rm6_tw15
0-92-95-63-33-28-27-29-31-72-42-44-39-38-36-40-41-71-94-67-62-30-34-50-85-76-51-18-19-49-21-23-20-22-57-86-74-87-9-10-13-97-75-58-77-25-48-24-64-66-56-91-80-84-89-0,28722.507226232443,seed607_lns_start2_mixed_best_rm8_tw15
0-92-95-42-39-36-72-71-31-29-27-28-30-33-63-76-18-21-23-19-49-22-51-84-85-34-50-62-67-94-38-40-44-43-35-37-41-54-96-81-61-68-55-100-70-1-4-60-25-20-56-91-80-32-26-0,28786.29557838268,seed603_lns_start67_late_best_rm8_tw6
0-92-95-63-33-28-27-31-29-36-39-44-42-40-38-41-72-71-94-67-62-76-23-18-19-51-85-84-56-66-57-86-74-20-22-49-24-21-48-25-77-58-75-97-87-13-17-46-80-91-50-34-30-0,28818.037537815682,seed607_lns_start53_mixed_regret_rm8_tw12
0-92-95-63-33-28-27-29-31-71-72-39-42-44-36-40-38-41-94-67-62-84-85-51-76-21-23-18-20-56-66-57-22-19-49-24-48-25-77-86-74-87-97-75-58-13-17-80-91-50-34-30-26-89-0,28919.591326955084,seed604_lns_start46_late_best_rm8_tw6
0-92-95-63-31-28-27-29-71-72-36-38-39-44-42-40-41-94-67-62-19-23-18-76-51-85-33-30-34-50-84-56-66-57-22-20-49-24-21-48-25-77-86-74-58-75-97-87-13-17-80-91-32-0,28924.705355901377,seed603_lns_start52_mixed_best_rm6_tw15
0-92-95-63-33-28-27-29-31-72-36-39-44-42-38-40-41-71-94-67-62-85-51-21-23-19-18-76-84-56-66-57-49-22-24-20-48-25-77-86-74-58-75-97-87-13-17-80-91-93-50-34-30-26-0,29010.689744533127,seed603_lns_start43_late_best_rm8_tw6
0-92-95-63-33-28-27-29-31-62-71-72-39-44-42-36-40-38-41-94-67-85-21-23-19-18-76-51-84-56-66-57-49-22-24-20-48-25-77-75-58-74-86-87-97-13-17-79-80-91-50-34-30-0,29252.08570881325,seed604_lns_start52_mixed_best_rm8_tw10
0-65-14-47-5-45-2-98-88-69-82-15-16-12-11-87-59-75-52-99-53-9-10-78-73-79-8-7-6-46-4-3-1-43-40-37-35-38-41-61-81-80-64-83-90-68-70-100-55-60-17-13-0,29285.01747142501,seed603_lns_start83_random_best_rm6_tw10
0-65-72-42-2-45-5-44-39-36-38-61-81-71-67-94-49-19-23-21-18-76-51-34-31-29-27-26-28-30-32-33-50-84-20-22-57-74-97-75-58-77-25-48-24-66-80-91-56-85-89-0,29320.55278195515,seed602_lns_start57_random_random_best_rm6_tw6
0-92-95-63-33-28-27-29-31-62-71-72-39-42-44-40-36-38-41-94-67-84-76-30-34-50-85-51-19-18-21-23-22-49-20-24-56-91-66-57-48-25-77-75-58-74-86-87-97-13-17-80-68-89-0,29324.81821549186,seed604_lns_start52_mixed_regret_rm6_tw6
0-42-39-36-72-92-95-62-29-31-27-28-33-63-85-76-18-23-21-19-49-22-57-86-87-97-75-20-51-84-56-64-66-91-94-96-81-54-71-93-67-50-34-30-32-89-24-48-25-77-58-74-44-26-0,29410.829387382968,seed603_lns_start83_random_regret_rm8_tw6
0-42-36-72-92-95-62-71-31-29-28-30-33-63-76-18-23-21-19-49-22-51-85-84-67-94-81-61-41-44-43-40-39-38-35-37-54-96-50-34-27-26-32-56-91-80-68-55-70-100-1-4-60-9-20-0,29508.275164934446,seed601_lns_start67_random_random_best_rm4_tw8
0-92-95-63-28-27-31-29-62-71-72-36-39-44-42-40-38-41-94-67-84-85-51-76-18-21-23-19-49-22-20-56-33-30-26-34-50-91-66-24-48-25-57-86-74-77-58-75-97-87-13-17-55-0,29526.109498274633,seed603_lns_start45_mixed_regret_rm8_tw6
0-92-95-72-39-36-44-42-61-71-31-27-29-28-30-33-63-76-18-21-23-19-49-22-20-51-85-50-62-67-94-81-41-43-40-38-37-35-54-96-91-80-56-84-34-32-26-68-55-60-100-70-1-4-77-0,29619.101343922935,seed608_lns_start67_mixed_best_rm8_tw8
0-65-5-45-2-98-69-64-83-11-15-16-47-14-12-82-99-52-86-59-75-9-10-53-78-73-79-7-6-8-46-3-1-4-88-55-90-81-61-41-38-37-35-40-43-54-93-60-17-13-97-58-32-0,29624.696524914434,seed604_lns_start85_random_regret_rm6_tw6
0-92-95-63-33-28-27-31-29-72-36-38-39-44-42-40-41-71-94-67-62-84-85-51-76-19-23-18-49-20-22-57-86-9-10-87-97-13-75-58-74-77-21-48-25-24-66-56-91-80-96-50-34-30-89-0,29649.549274366313,seed607_lns_start3_mixed_regret_rm6_tw15
0-92-95-63-33-28-27-29-31-62-67-71-72-39-42-44-36-40-38-41-94-84-85-51-76-18-21-23-19-49-75-97-87-86-57-22-20-66-56-24-48-25-77-58-74-80-91-50-34-30-68-99-13-17-0,29743.316258982122,seed601_lns_start53_random_regret_rm5_tw10
0-65-59-83-52-82-69-98-2-45-5-7-14-47-16-15-9-11-12-78-73-79-8-6-88-53-99-90-81-61-41-38-37-40-43-1-3-46-4-70-54-55-60-17-10-13-97-75-58-64-93-35-32-0,29904.947866944032,seed605_lns_start85_random_regret_rm6_tw15
0-65-83-59-15-47-14-5-45-2-88-98-69-82-90-64-52-11-12-16-9-10-97-86-99-53-78-73-79-7-6-8-46-4-3-1-43-40-35-37-38-41-61-81-68-70-100-55-60-17-13-75-0,29919.125114047627,seed604_lns_start83_random_random_best_rm8_tw6
0-92-95-63-33-28-27-29-31-71-72-42-44-38-36-39-40-41-94-67-84-85-51-76-18-21-23-19-75-49-20-22-24-57-86-13-97-87-74-58-77-25-48-66-80-91-56-50-30-34-62-68-17-0,29943.092685798016,seed607_lns_start53_mixed_regret_rm8_tw12
0-45-5-42-39-36-72-71-92-95-67-62-33-30-28-27-29-31-84-85-63-76-51-18-21-23-19-75-87-13-10-9-86-57-22-20-49-74-24-48-25-77-58-66-56-91-80-94-93-50-34-32-26-89-0,29983.98076760034,seed605_lns_start69_late_random_best_rm8_tw8
0-92-95-72-39-36-42-44-71-31-27-29-30-33-63-85-51-76-18-21-23-19-49-84-62-50-67-94-81-61-41-38-40-43-35-37-54-96-68-55-100-70-1-4-60-24-22-20-56-91-80-34-32-28-26-0,30095.38737524,seed607_lns_start67_mixed_random_best_rm6_tw6
0-92-95-63-33-28-27-29-31-30-72-36-39-44-42-38-40-41-71-94-67-62-51-23-22-49-19-18-76-85-84-56-66-57-86-87-74-21-24-20-48-25-77-58-75-97-13-17-55-80-91-50-34-26-0,30176.399956971043,seed605_lns_start46_mixed_random_best_rm6_tw6
0-72-92-95-62-63-21-23-19-76-33-30-28-27-29-31-71-42-44-39-36-38-94-67-84-85-51-22-20-49-57-86-74-87-97-75-58-77-25-18-48-24-66-56-91-80-54-96-93-50-34-32-26-89-0,30210.34757904226,seed607_lns_start83_random_regret_rm6_tw8
0-65-5-45-2-14-47-15-59-82-98-88-69-90-83-64-57-52-99-9-11-12-16-78-73-79-7-6-8-46-4-3-1-43-40-35-37-38-41-61-81-68-55-53-10-13-58-75-97-17-60-54-93-32-0,30295.637617537017,seed608_lns_start85_random_regret_rm8_tw12
0-92-63-33-28-27-31-29-71-42-44-39-38-40-36-72-67-62-95-94-22-49-19-23-21-18-76-51-85-30-26-34-50-84-56-66-24-20-48-25-57-86-74-77-58-75-97-87-13-17-91-41-37-0,30616.14770148177,seed607_lns_start45_mixed_random_best_rm8_tw10
0-65-5-45-2-98-69-82-14-47-16-15-11-59-83-64-52-99-9-12-78-73-79-7-6-8-46-88-55-68-61-41-43-40-35-37-38-54-81-90-53-10-17-13-97-75-58-4-3-1-93-32-60-0,30619.91397811742,seed607_lns_start85_random_regret_rm6_tw15
0-92-95-63-33-28-27-31-29-72-42-44-39-36-38-40-41-71-67-62-30-85-76-21-23-19-18-51-84-56-66-57-49-22-24-20-48-25-74-86-87-9-17-13-97-75-58-77-91-80-94-50-34-0,30620.229678808497,seed601_lns_start53_mixed_random_best_rm6_tw6
0-92-95-63-33-28-31-29-72-36-38-39-44-42-40-41-71-94-67-62-84-85-51-76-18-21-19-49-23-20-22-57-86-9-10-13-87-59-97-75-58-74-77-48-25-24-66-56-91-80-50-34-27-30-89-0,30642.397828824454,seed602_lns_start3_mixed_regret_rm6_tw10
0-92-95-63-33-28-31-29-72-44-42-39-38-36-40-41-71-94-67-62-84-51-18-21-23-19-49-22-20-76-85-30-27-26-34-50-56-91-66-24-48-25-57-86-74-58-77-75-97-87-13-17-79-68-80-0,30692.69937128223,seed604_lns_start43_random_best_rm3_tw10
0-65-5-45-2-98-69-82-64-83-52-75-59-87-15-16-47-14-12-78-73-79-8-6-7-88-53-9-11-10-99-90-55-46-4-3-1-43-40-35-37-38-41-61-81-54-93-60-17-13-97-58-32-0,30709.33773910829,seed606_lns_start85_random_best_rm4_tw8
0-92-95-63-33-28-27-29-71-72-39-42-44-36-40-38-41-81-94-67-62-30-31-34-50-85-76-18-23-19-51-84-56-66-57-20-49-24-21-48-25-77-75-58-74-86-87-97-13-17-22-91-80-26-0,30836.47753503619,seed607_lns_start45_random_regret_rm4_tw10
0-92-95-63-33-27-28-31-62-72-42-44-39-38-36-40-41-71-67-84-51-19-23-21-18-76-85-30-26-29-34-50-94-66-57-22-24-20-49-48-25-86-74-58-97-87-13-10-17-79-80-91-56-89-0,30877.29911313893,seed602_lns_start54_mixed_random_best_rm8_tw10
0-92-95-63-33-28-27-29-31-71-72-36-38-39-40-42-61-44-41-94-67-62-85-21-23-19-18-76-51-84-56-66-57-49-22-24-20-48-25-74-86-87-13-17-97-75-58-77-91-80-50-34-30-0,30905.27098419166,seed606_lns_start53_mixed_best_rm6_tw15
0-92-95-63-33-28-27-31-29-71-72-42-44-39-36-38-40-41-94-67-62-84-85-51-76-18-19-21-23-75-97-87-86-57-66-56-22-24-20-49-48-25-77-58-74-9-13-10-80-91-50-34-30-89-46-0,30926.075757619976,seed601_lns_start3_random_regret_rm4_tw6
0-65-92-95-63-33-28-27-29-31-72-42-44-39-38-40-36-41-71-94-84-22-49-19-23-21-18-76-51-85-32-30-26-34-62-67-50-91-56-66-20-24-48-25-57-86-74-77-58-75-97-87-13-17-80-0,31033.310970619008,seed604_lns_start46_random_random_best_rm8_tw8
0-92-95-63-27-31-28-29-42-44-39-38-36-40-41-72-71-94-67-62-84-85-51-76-18-19-21-23-75-97-87-13-10-9-86-57-24-22-20-49-48-25-77-58-74-66-56-91-80-50-33-30-89-37-0,31180.39131077005,seed606_lns_start0_mixed_regret_rm8_tw15
0-65-95-92-42-39-36-72-71-62-31-29-27-28-30-33-63-76-18-21-23-19-49-22-51-85-84-94-67-50-81-68-61-41-38-40-44-43-35-37-54-96-34-32-26-56-91-80-20-55-100-70-1-4-60-0,31206.082506878476,seed606_lns_start67_mixed_regret_rm8_tw6
0-92-95-63-33-28-27-29-31-72-71-42-44-39-38-36-40-41-94-67-62-84-85-51-76-19-18-49-21-23-57-86-87-9-10-16-13-97-75-58-74-22-20-48-25-24-66-80-91-56-50-30-34-89-77-0,31214.606141124495,seed607_lns_start1_random_regret_rm4_tw10
0-92-95-63-33-28-31-29-27-30-71-72-39-42-44-36-40-38-41-90-57-23-18-76-51-85-62-50-67-84-66-56-20-22-19-49-24-21-48-25-77-58-75-97-74-86-87-13-17-80-91-94-34-0,31419.726400053023,seed606_lns_start52_mixed_best_rm5_tw6
0-92-95-63-31-28-27-29-72-36-38-39-42-44-40-41-61-71-94-67-62-84-85-51-76-18-19-49-21-23-20-22-57-86-87-9-10-13-97-75-58-74-77-48-25-24-66-80-91-56-50-33-30-34-89-0,31546.440716261026,seed604_lns_start1_mixed_best_rm6_tw6
0-92-95-33-28-27-31-29-72-36-39-44-42-38-40-41-71-67-62-84-51-22-19-23-21-18-76-63-85-30-26-34-50-94-56-20-49-24-57-66-48-25-77-75-58-74-86-87-97-13-17-78-80-91-0,31554.325313916932,seed603_lns_start44_random_best_rm6_tw15
0-92-95-63-33-31-28-27-29-71-72-36-39-44-42-40-38-41-94-67-62-51-23-49-19-18-76-85-84-56-66-22-57-86-74-24-20-21-48-25-77-58-75-97-87-13-17-68-80-91-50-34-30-26-0,31557.3411093503,seed606_lns_start44_mixed_random_best_rm6_tw15
0-92-95-63-33-27-29-31-62-72-36-40-38-39-44-42-71-94-67-85-51-22-49-19-23-21-18-76-30-28-26-34-50-84-56-66-91-20-24-48-25-57-86-74-77-58-75-97-87-13-17-80-54-41-0,31573.88914596361,seed607_lns_start46_random_regret_rm5_tw10
0-92-95-63-33-28-27-29-31-42-44-39-38-36-40-41-72-71-94-67-62-30-34-50-84-85-76-51-18-23-19-49-20-22-57-82-10-9-13-87-97-75-58-74-86-77-21-48-25-24-66-56-91-80-89-0,31612.120796113722,seed606_lns_start4_mixed_regret_rm6_tw12
0-83-2-45-5-42-44-36-38-39-72-61-81-71-94-67-62-84-22-49-19-23-21-18-51-85-63-33-31-30-28-26-27-29-34-32-50-76-20-24-56-91-80-66-57-74-58-75-77-25-48-89-0,31630.137400468826,seed604_lns_start57_random_random_best_rm8_tw15
0-92-63-33-28-31-27-29-72-36-38-39-44-42-40-41-71-94-67-62-95-19-23-18-76-85-84-51-56-66-57-22-49-20-24-21-48-25-77-75-58-74-87-97-13-86-80-91-50-30-34-26-55-0,31717.457884217514,seed603_lns_start43_random_random_best_rm6_tw10
0-92-95-33-28-27-29-72-42-44-39-36-38-71-67-62-63-85-76-18-23-21-19-49-20-22-86-51-84-56-94-96-81-54-41-37-35-40-43-61-68-70-1-4-100-55-80-91-50-34-31-32-30-26-60-0,31800.097527325528,seed603_lns_start67_random_random_best_rm8_tw12
0-92-95-63-33-28-27-31-29-72-42-44-39-36-38-40-41-71-67-62-30-85-76-21-23-19-18-51-84-56-66-57-49-22-24-20-48-25-74-86-87-12-17-13-97-75-58-77-91-80-94-50-34-0,31841.10353806064,seed603_lns_start53_mixed_random_best_rm8_tw6
0-92-63-33-28-27-31-29-71-72-42-36-44-39-40-38-41-94-95-67-62-85-76-19-21-23-18-51-84-56-66-57-49-22-24-20-25-74-86-87-97-75-58-77-48-30-26-34-50-91-80-13-17-43-0,31854.653266096717,seed601_lns_start43_random_regret_rm8_tw10
0-65-5-45-2-72-42-44-36-38-39-61-69-98-82-99-52-9-11-12-14-15-16-47-78-53-88-90-94-81-40-43-41-37-35-3-1-4-46-8-7-6-55-70-100-79-73-17-13-10-97-58-77-89-0,31865.558333894256,seed606_lns_start61_mixed_best_rm5_tw6
0-72-92-95-63-33-28-27-29-30-71-39-42-44-40-36-38-41-94-67-62-84-85-51-76-18-21-23-19-49-22-20-57-87-97-75-74-86-66-56-24-48-25-77-58-13-17-88-80-91-50-34-31-26-0,31969.547561574516,seed602_lns_start44_mixed_random_best_rm6_tw6
0-36-72-92-64-95-33-30-28-27-29-31-67-62-63-85-51-76-18-21-23-19-49-22-20-84-94-81-61-41-42-44-43-40-39-38-37-35-54-96-91-80-56-50-34-32-26-71-68-70-100-55-60-4-1-0,32013.325069398175,seed607_lns_start67_mixed_regret_rm5_tw10
0-92-95-63-33-28-27-29-31-71-72-36-39-44-42-40-38-41-94-67-62-84-19-23-21-18-51-85-76-49-22-58-75-97-87-86-57-56-20-24-48-25-77-74-66-90-80-91-50-34-30-26-17-13-0,32101.092650144852,seed604_lns_start45_random_best_rm4_tw6
0-92-95-63-33-28-27-29-31-72-36-39-44-42-38-40-41-71-67-84-51-22-49-19-23-21-18-76-85-62-50-56-66-57-86-87-9-10-17-13-97-75-58-74-24-20-48-25-77-91-94-80-34-30-26-0,32148.94068965821,seed606_lns_start52_random_best_rm5_tw10
0-65-95-83-59-47-11-15-12-14-16-52-99-82-90-69-98-53-88-2-6-7-8-45-5-61-81-41-44-40-43-35-37-38-54-94-55-4-3-1-46-79-73-78-60-10-9-13-87-74-58-77-25-48-89-0,32247.460035291726,seed601_lns_start88_random_random_best_rm5_tw6
0-92-95-63-33-28-27-31-29-71-72-42-44-39-36-40-38-41-94-67-62-85-51-21-18-19-49-76-84-66-56-57-86-20-22-24-23-48-25-77-58-75-97-13-87-74-80-91-50-30-26-34-46-17-0,32335.907045051477,seed606_lns_start46_random_regret_rm5_tw12
0-92-95-63-33-28-27-29-31-42-44-39-36-72-38-40-41-71-94-67-62-84-85-51-76-18-21-23-19-49-22-57-86-74-87-9-10-13-97-75-58-77-24-20-48-25-66-56-91-80-50-34-30-89-69-0,32411.16809786619,seed608_lns_start4_mixed_random_best_rm6_tw6
0-92-95-33-28-27-31-29-72-39-42-44-36-40-38-71-94-67-62-63-85-84-51-76-18-19-23-75-97-87-86-57-66-56-22-20-49-24-21-48-25-77-58-74-13-17-10-80-91-50-34-30-41-79-0,32636.075104666725,seed606_lns_start52_random_regret_rm4_tw12
0-65-5-45-2-95-71-72-39-38-36-44-42-61-81-94-67-31-29-27-28-30-33-85-76-18-21-23-22-19-49-20-51-84-50-34-26-32-89-56-91-80-66-99-57-24-48-25-77-58-75-97-74-0,32704.529823060453,seed602_lns_start57_random_regret_rm6_tw10
0-42-36-72-92-95-62-33-28-27-29-31-30-63-85-76-21-23-19-49-22-51-84-67-94-81-61-39-44-41-38-40-43-37-35-71-96-91-56-20-18-48-50-93-54-68-55-100-70-1-4-60-80-34-32-26-0,32715.396003752056,seed606_lns_start67_late_random_best_rm8_tw6
0-65-45-5-72-39-42-44-61-69-98-82-99-52-9-11-15-16-47-14-12-53-88-78-73-79-7-6-2-81-94-41-38-40-43-37-35-36-4-8-46-3-1-100-70-55-90-10-17-13-97-58-74-77-89-0,32805.789355347006,seed604_lns_start58_late_best_rm6_tw8
0-92-95-63-33-27-31-28-29-71-72-42-44-39-36-38-40-41-94-67-62-51-20-22-49-19-23-21-18-76-30-34-50-85-84-56-91-80-66-57-24-48-25-77-74-86-87-9-10-13-97-75-58-89-3-0,32807.8851333474,seed602_lns_start4_random_regret_rm3_tw10
0-14-47-83-65-69-2-5-45-88-98-82-99-52-64-22-19-18-21-23-57-86-59-87-9-11-12-78-7-6-3-8-46-79-73-17-16-15-10-53-90-13-97-75-58-77-25-48-49-20-24-74-89-0,32882.91287698128,seed603_lns_start65_mixed_random_best_rm3_tw10
0-92-95-63-28-27-31-29-71-72-36-39-44-42-38-40-41-94-67-62-84-85-51-76-18-21-23-19-49-22-57-86-75-97-53-17-13-87-74-24-20-48-25-77-58-66-91-56-50-33-26-30-34-80-0,32894.44749566178,seed603_lns_start53_random_random_best_rm8_tw8
0-42-36-72-92-95-62-71-31-29-27-28-30-33-63-76-18-21-23-19-85-51-84-67-94-81-61-41-44-43-40-39-38-37-35-54-96-68-55-100-70-1-4-60-87-22-20-49-56-91-80-50-34-32-26-0,32997.0189359305,seed603_lns_start67_mixed_best_rm6_tw10
0-65-83-59-15-47-14-5-45-2-88-98-82-99-52-87-86-64-90-69-53-10-9-11-12-78-73-79-7-6-46-8-4-3-1-43-40-35-37-38-41-61-54-81-55-60-17-16-13-97-58-75-93-32-0,33040.85039180416,seed604_lns_start85_random_random_best_rm5_tw10
0-65-14-47-2-45-5-98-12-16-15-11-52-99-82-90-69-61-88-7-6-8-79-73-78-53-10-9-87-59-86-57-20-22-19-49-24-18-48-21-23-25-77-58-75-97-74-13-17-66-34-32-26-89-0,33056.90711316972,seed605_lns_start47_random_regret_rm6_tw8
0-92-95-63-33-28-29-31-71-72-36-39-44-42-40-38-41-94-67-84-76-18-21-23-19-49-51-85-62-30-27-26-34-50-91-66-56-20-22-24-48-25-77-74-86-87-9-10-13-97-75-58-57-80-89-0,33064.539918452385,seed602_lns_start1_random_regret_rm6_tw15
0-92-95-63-33-31-28-27-29-42-44-39-38-36-40-72-41-71-94-67-30-62-84-85-76-49-19-18-21-23-20-22-57-99-86-87-9-10-13-97-75-58-77-74-24-48-25-66-80-56-50-51-89-0,33080.07664248099,seed603_lns_start4_mixed_best_rm8_tw12
0-92-95-63-33-28-27-31-29-62-72-36-38-39-44-42-40-41-71-94-84-85-51-76-19-23-21-18-49-22-57-86-9-10-87-97-13-75-58-77-24-20-48-25-74-66-56-91-80-67-50-34-30-89-54-0,33106.59488130671,seed608_lns_start3_random_regret_rm3_tw15
0-65-59-47-14-98-45-5-2-88-69-82-99-83-64-18-21-23-19-22-52-86-87-9-11-12-78-7-6-3-8-46-79-73-17-16-15-10-53-90-66-57-24-20-49-48-25-77-58-74-13-97-75-89-0,33134.458473557956,seed605_lns_start65_mixed_best_rm8_tw8
0-39-5-45-2-98-69-82-65-19-21-23-86-52-99-11-14-47-15-16-12-78-73-79-7-8-6-88-90-53-10-9-13-87-59-97-75-58-24-22-20-49-48-25-77-74-57-18-89-32-26-34-66-17-0,33154.88970918446,seed608_lns_start47_random_regret_rm8_tw10
0-92-95-63-33-28-27-29-31-42-44-39-36-72-38-40-41-71-94-67-62-85-51-76-19-23-18-49-22-86-57-66-56-84-20-24-21-48-25-77-58-75-97-74-80-50-30-34-89-13-87-17-4-0,33290.883639606196,seed606_lns_start52_random_regret_rm8_tw8
0-72-36-39-42-5-45-2-14-47-16-15-11-82-98-69-88-44-40-38-41-61-81-90-65-99-57-86-74-87-9-10-53-78-73-79-8-7-6-46-4-3-1-55-68-70-100-43-35-37-60-13-12-17-97-0,33297.70700168754,seed602_lns_start71_mixed_regret_rm6_tw6
0-92-95-63-33-28-31-27-29-71-42-44-39-36-72-38-40-41-81-67-62-84-85-51-76-18-23-19-49-20-22-57-86-87-9-10-13-97-75-58-74-77-21-48-25-24-66-56-91-80-50-34-30-89-94-0,33333.87460269062,seed603_lns_start3_mixed_regret_rm8_tw10
0-92-95-63-33-28-27-29-62-71-72-42-44-39-38-36-40-41-81-94-67-31-30-76-18-21-23-19-49-22-20-51-85-84-50-34-91-66-56-24-48-25-77-74-86-87-9-10-13-97-75-58-57-89-0,33378.78162357155,seed602_lns_start4_mixed_best_rm6_tw8
0-92-95-33-28-27-31-29-71-72-39-42-44-40-36-38-41-81-94-67-62-23-21-18-63-85-76-19-49-51-84-56-66-22-57-86-74-24-20-48-25-77-58-75-97-87-13-17-80-91-50-34-30-3-0,33486.11082032412,seed607_lns_start53_random_regret_rm3_tw6
0-39-72-92-95-63-31-29-27-28-30-62-67-71-38-36-40-42-44-41-81-94-84-85-51-22-49-19-18-21-23-75-97-87-9-10-13-86-57-24-20-48-25-77-58-74-66-80-91-56-76-89-50-33-0,33502.81951859884,seed602_lns_start3_mixed_random_best_rm8_tw6
0-92-95-63-33-28-31-27-29-71-72-42-44-39-36-38-40-41-94-67-62-84-85-76-51-22-49-19-18-21-23-86-75-87-9-13-10-57-74-97-77-25-48-24-20-66-80-91-56-50-34-30-89-58-78-0,33657.23006397858,seed602_lns_start0_random_regret_rm3_tw10
0-92-95-63-33-28-31-29-62-36-38-39-42-44-40-41-72-71-94-67-51-19-23-18-76-85-84-56-66-57-86-74-22-20-49-24-21-48-25-77-58-75-97-87-13-17-91-80-96-50-34-27-26-30-0,33711.111598438365,seed602_lns_start46_mixed_regret_rm8_tw15
0-92-95-63-33-31-27-29-71-39-42-44-72-38-36-40-41-94-67-62-84-85-51-76-18-21-19-49-22-20-57-86-87-11-9-10-13-97-75-58-74-77-25-23-48-24-66-91-80-56-50-34-30-28-89-0,33966.84323718713,seed601_lns_start0_mixed_best_rm8_tw15
0-92-95-63-33-28-27-29-36-38-39-44-42-40-72-71-94-67-62-84-51-23-21-18-76-85-56-66-86-57-20-22-19-49-24-48-25-77-58-75-97-74-87-13-17-80-91-50-34-31-30-89-93-41-0,33967.03904022203,seed604_lns_start52_late_random_best_rm6_tw10
0-42-36-72-31-28-27-30-33-71-67-62-85-63-76-18-23-21-19-49-22-51-84-95-92-94-61-81-96-41-44-43-40-39-38-37-35-54-34-29-26-32-50-56-91-80-68-70-100-55-53-60-4-1-20-0,34103.28573735419,seed601_lns_start67_mixed_random_best_rm8_tw10
0-92-95-72-42-39-36-44-71-67-62-30-31-29-27-28-33-63-76-85-84-51-18-21-23-19-49-22-20-57-88-55-61-81-41-40-38-43-35-37-54-96-94-93-50-32-26-34-56-91-80-68-70-100-1-4-60-0,34312.19226007327,seed608_lns_start67_random_random_best_rm5_tw8
0-39-36-42-5-45-2-12-14-47-16-15-11-98-69-88-44-40-38-41-61-81-90-65-82-99-57-86-87-9-53-78-73-79-8-7-6-46-4-3-1-55-68-70-100-43-35-37-60-10-17-13-97-74-49-0,34314.267425947655,seed602_lns_start74_mixed_regret_rm6_tw8
0-92-95-63-33-28-27-31-29-71-72-42-44-39-36-40-38-41-94-67-62-22-23-19-18-76-51-85-84-56-66-57-20-49-24-21-48-25-77-86-74-58-75-97-87-13-17-8-68-80-91-50-34-30-26-0,34335.25311049868,seed601_lns_start46_random_best_rm8_tw8
0-92-95-63-33-28-31-29-27-72-36-44-42-39-40-38-41-71-94-67-51-49-19-23-21-18-76-85-50-62-84-30-26-34-56-91-66-24-22-20-48-25-57-86-74-77-58-75-97-87-13-17-6-37-0,34590.99755326957,seed606_lns_start46_mixed_random_best_rm8_tw15
0-65-59-14-47-2-45-5-61-69-98-88-8-7-6-79-73-12-15-16-11-99-52-57-86-87-9-10-78-53-82-66-20-22-24-49-19-21-18-48-23-25-77-74-58-75-97-13-17-55-90-34-32-89-0,34643.10412018964,seed602_lns_start47_random_random_best_rm3_tw10
0-42-39-72-92-95-63-33-28-27-29-31-30-62-67-71-85-76-22-49-19-21-23-18-51-84-94-81-61-41-44-40-38-36-43-37-35-26-32-34-50-93-96-54-68-55-100-70-1-4-60-91-56-20-25-80-0,34671.223147762146,seed608_lns_start67_late_random_best_rm8_tw12
0-65-5-45-2-69-98-82-12-14-47-15-16-59-75-23-18-19-57-52-99-90-88-53-78-6-3-8-7-79-73-11-10-9-87-86-49-22-24-21-48-20-74-17-13-97-58-77-25-89-32-26-34-66-0,34700.12599342305,seed606_lns_start47_random_regret_rm8_tw8
0-92-95-63-33-28-27-29-31-42-44-39-72-38-36-40-41-71-94-67-62-84-85-51-22-19-18-21-23-75-97-87-86-9-13-10-53-57-24-20-49-48-25-77-58-74-66-80-91-56-76-89-50-34-30-0,34789.553054278374,seed603_lns_start1_mixed_random_best_rm8_tw10
0-65-5-45-2-98-14-47-15-16-12-69-61-39-38-36-40-44-42-41-81-82-53-88-90-99-57-86-74-87-97-9-11-10-13-17-78-73-79-8-7-6-46-3-1-4-60-55-100-70-68-43-35-37-84-0,35050.579834929784,seed605_lns_start72_mixed_best_rm8_tw15
0-92-95-63-33-28-27-29-31-62-72-36-38-39-44-42-40-41-71-94-67-30-34-76-85-51-84-56-66-57-24-20-22-49-19-18-48-21-23-25-75-97-87-86-74-77-58-13-10-9-90-80-91-50-89-0,35117.67229757747,seed602_lns_start2_mixed_regret_rm8_tw15
0-65-14-47-69-52-82-98-45-5-2-73-12-11-15-59-87-86-99-53-88-6-7-8-46-79-78-16-10-9-74-57-24-22-20-49-19-18-48-21-23-25-77-58-75-97-13-17-90-66-34-32-26-89-0,35138.014008025326,seed607_lns_start47_random_best_rm5_tw8
0-65-45-5-2-39-42-44-61-69-98-82-14-47-16-15-11-87-86-57-99-9-10-12-78-73-79-7-6-88-55-90-81-36-38-40-43-35-37-41-1-3-8-46-4-100-70-68-66-74-13-53-60-17-97-0,35206.70699514142,seed605_lns_start71_random_regret_rm3_tw8
0-92-95-63-33-28-27-31-71-72-42-61-39-38-36-40-44-41-94-67-62-85-76-19-23-18-49-51-84-56-66-57-20-22-24-21-48-25-77-75-58-74-86-87-97-13-17-80-91-50-30-29-34-43-0,35342.27372021054,seed606_lns_start52_mixed_random_best_rm8_tw6
0-39-36-42-5-45-2-12-14-47-16-15-11-98-69-88-44-40-38-41-61-81-90-65-82-99-57-86-87-9-53-78-73-79-8-7-6-46-4-3-1-55-68-70-100-43-35-37-60-10-17-13-97-74-76-0,35472.83594588507,seed605_lns_start71_mixed_best_rm6_tw8
0-39-36-5-45-2-12-14-47-16-15-11-99-82-65-90-69-98-88-61-41-38-42-40-44-6-7-79-73-78-8-46-4-3-1-60-10-9-13-17-53-55-100-70-68-81-54-37-35-43-57-86-87-74-97-0,35519.257188279655,seed608_lns_start73_mixed_random_best_rm6_tw12
0-92-95-63-33-28-27-29-31-72-71-61-42-44-39-40-36-38-41-94-67-62-51-85-76-84-19-23-18-49-22-57-66-56-20-24-48-21-25-77-86-74-58-75-97-87-13-17-6-80-91-50-34-30-0,35562.6308454524,seed602_lns_start53_random_random_best_rm5_tw6
0-92-83-65-69-2-5-45-88-98-82-11-12-14-15-16-59-87-86-52-99-90-53-78-73-79-7-8-6-47-10-9-74-57-24-22-20-49-19-18-48-21-23-25-66-17-13-97-75-58-77-89-32-34-26-0,35579.55006881466,seed603_lns_start47_random_regret_rm5_tw8
0-39-42-5-45-2-98-69-82-65-23-86-59-87-9-11-15-16-47-14-12-53-88-78-73-79-7-6-8-46-3-44-38-36-41-43-37-35-40-61-81-68-70-1-4-100-55-60-17-10-13-97-74-57-90-0,35659.12381798548,seed607_lns_start73_random_regret_rm6_tw6
0-92-95-63-33-28-31-29-27-39-42-44-40-36-38-72-71-41-94-67-62-84-85-51-18-21-23-19-49-22-57-86-9-10-87-58-75-97-13-74-24-20-76-56-66-80-91-50-34-30-89-48-25-77-43-0,35828.96755089343,seed606_lns_start2_random_regret_rm3_tw8
0-63-83-65-82-98-69-2-45-5-73-14-47-16-15-11-9-87-59-86-52-99-53-12-78-79-7-6-8-3-46-88-90-57-24-22-20-49-19-21-18-48-23-25-74-64-66-10-17-13-97-75-58-77-89-0,35985.60290936129,seed605_lns_start65_random_random_best_rm4_tw12
0-39-42-45-2-98-69-82-11-12-73-47-14-15-16-9-87-59-86-57-99-65-90-81-61-44-41-38-40-37-35-36-43-6-60-78-79-7-8-46-4-5-3-1-70-100-55-88-53-17-10-13-97-74-68-0,36202.040761753524,seed606_lns_start75_random_best_rm3_tw10
0-65-59-69-98-14-47-15-16-88-2-45-5-8-7-6-79-12-11-73-78-53-10-9-87-86-52-99-57-23-20-22-19-49-24-18-48-21-25-77-75-97-58-74-66-90-68-82-17-13-89-32-26-34-0,36619.0471885553,seed606_lns_start47_mixed_random_best_rm4_tw15
0-92-95-63-28-27-29-31-71-72-36-38-39-42-44-40-41-94-67-62-51-22-19-23-18-76-85-84-56-66-57-20-49-24-21-48-25-77-86-74-58-75-97-87-13-17-88-90-80-91-50-34-30-33-26-0,37465.857392182785,seed605_lns_start44_mixed_best_rm8_tw10
0-65-5-45-2-69-64-83-82-88-98-99-52-23-21-18-19-86-59-87-9-11-15-16-47-14-12-78-73-79-7-6-3-8-46-90-53-10-57-24-22-20-49-48-25-77-74-13-17-97-75-58-66-70-89-0,37735.82859680059,seed604_lns_start65_late_regret_rm4_tw6
0-39-36-42-45-2-98-69-82-11-15-16-47-14-12-88-7-79-73-78-9-86-87-57-99-65-90-81-61-41-44-40-35-37-38-43-5-46-8-6-4-3-1-60-17-13-10-55-100-70-68-53-74-97-26-0,38180.951218813476,seed603_lns_start75_random_regret_rm4_tw15
