route,score,source
0-69-98-2-6-7-46-4-88-68-0,100.88092668359069,seed701_explore_lns_start49_late_best_rm20_tw15
0-2-6-7-8-5-3-1-45-4-46-100-0,102.32802368073106,seed701_explore_lns_start4_mixed_best_rm25_tw10
0-42-44-43-38-37-35-36-40-39-41-0,102.54545588910067,seed601_lns_start45_mixed_random_best_rm6_tw10
0-98-2-6-7-8-46-4-45-5-3-1-0,102.566236212908,seed608_lns_start0_late_best_rm8_tw10
0-72-41-39-38-37-35-36-40-43-42-0,103.77668734355024,seed602_lns_start60_late_regret_rm5_tw6
0-90-2-6-7-8-46-45-4-5-3-1-100-0,104.04487818308428,seed607_lns_start21_late_random_best_rm8_tw15_guarded
0-56-18-48-21-23-19-49-20-22-24-0,105.0820939822257,seed701_explore_lns_start1_late_random_best_rm15_tw10
0-61-2-6-7-8-46-4-45-5-3-1-0,105.97012623813035,seed601_lns_start45_random_random_best_rm8_tw15
0-90-1-3-5-45-8-46-4-7-6-2-0,107.35443459796053,seed701_explore_lns_start26_mixed_best_rm15_tw10
0-20-49-19-23-21-48-18-25-24-22-0,108.9005270322596,seed601_lns_start31_late_best_rm8_tw15
0-72-42-44-43-38-37-35-36-40-39-61-0,114.2970799899009,seed608_lns_start89_random_regret_rm4_tw6_guarded
0-92-93-72-39-38-37-35-36-40-43-42-0,115.00854483119477,seed701_explore_lns_start21_late_best_rm25_tw12
0-98-78-7-6-8-46-4-45-1-2-0,115.73773516973318,seed701_explore_lns_start25_mixed_best_rm15_tw15
0-6-7-79-8-46-4-45-5-3-1-0,115.78227139100436,seed608_lns_start32_late_random_best_rm8_tw10_guarded
0-42-43-44-38-37-35-36-40-39-72-93-0,117.57726019117858,seed701_explore_lns_start36_late_random_best_rm20_tw8
0-93-42-44-39-38-37-35-36-40-43-81-0,118.02716054501514,seed701_explore_lns_start35_random_random_best_rm25_tw15
0-93-72-44-39-38-37-35-36-40-43-42-61-0,118.47167581197516,seed602_lns_start35_late_random_best_rm8_tw10_guarded
0-92-54-44-39-38-37-35-36-40-43-0,118.55719871623913,seed701_explore_lns_start78_late_best_rm15_tw6
0-52-20-49-23-21-48-18-19-22-24-91-0,118.70050951309561,seed701_explore_lns_start19_mixed_best_rm15_tw6
0-80-91-82-99-10-9-13-16-12-98-0,119.8093583045634,seed701_explore_lns_start78_late_best_rm15_tw6
0-93-71-44-39-38-37-35-36-40-43-42-0,120.02467022806425,seed701_explore_lns_start27_random_best_rm20_tw8
0-82-10-11-12-14-78-60-98-55-100-88-0,120.39861986274516,seed701_explore_lns_start46_mixed_random_best_rm25_tw15
0-81-20-23-21-48-18-19-49-22-24-90-0,121.62694397152725,seed701_explore_lns_start74_late_regret_rm15_tw6
0-72-42-44-39-38-37-35-36-40-43-100-0,122.29071185522578,seed701_explore_lns_start35_random_best_rm25_tw15
0-93-72-44-43-38-37-35-36-40-39-54-0,122.49297609912969,seed701_explore_lns_start4_mixed_best_rm25_tw10
0-92-93-44-39-38-37-35-36-40-43-42-0,122.53782174114173,seed601_lns_start20_random_regret_rm5_tw10
0-60-78-12-11-10-53-82-98-88-100-0,123.04679111545056,seed603_lns_start46_late_random_best_rm8_tw10
0-80-42-44-43-38-37-35-36-40-39-93-0,123.4979291785066,seed701_explore_guarded
0-92-96-41-44-38-39-37-35-40-43-42-0,123.58598512356855,seed701_explore_lns_start26_mixed_best_rm15_tw10
0-80-92-41-44-38-39-37-35-40-43-42-0,123.64276387843495,seed701_explore_lns_start12_random_best_rm25_tw8
0-60-12-11-15-16-9-74-86-82-90-0,124.74780042991549,seed603_lns_start36_late_regret_rm5_tw15_guarded
0-90-42-43-44-38-37-35-36-40-39-93-0,125.43661994772557,seed603_lns_start20_mixed_best_rm4_tw12
0-42-40-43-44-39-38-36-37-71-93-94-0,125.58581488343907,seed701_explore_lns_start13_late_random_best_rm20_tw6
0-24-22-49-19-23-48-18-21-25-77-0,126.21129285780867,seed701_explore_lns_start34_random_best_rm15_tw10
0-60-12-11-15-16-9-13-86-82-90-0,127.01342626592549,seed608_lns_start36_late_regret_rm8_tw10
0-90-17-15-11-14-47-73-78-60-88-68-0,127.1301922695134,seed701_explore_lns_start73_mixed_random_best_rm15_tw12
0-73-7-6-2-8-46-4-45-5-3-1-0,127.82438944641838,seed701_explore_lns_start2_late_best_rm25_tw15
0-80-83-57-86-87-59-97-13-52-65-90-0,127.86515693488923,seed701_explore_lns_start0_late_random_best_rm25_tw10
0-90-65-83-57-52-86-87-59-97-16-12-0,128.22363151757315,seed701_explore_lns_start3_mixed_random_best_rm10_tw10
0-95-33-32-30-28-26-27-29-31-34-50-0,128.72659668231782,seed701_explore_lns_start7_mixed_random_best_rm15_tw10
0-92-71-44-38-39-37-35-36-40-43-0,128.87743740768502,seed701_explore_lns_start74_late_regret_rm15_tw6
0-52-57-24-22-49-19-18-48-21-25-77-0,129.01355342832528,seed701_explore_lns_start35_random_best_rm25_tw15
0-80-22-49-19-23-48-18-21-25-77-0,129.52664838607478,seed701_explore_lns_start20_late_random_best_rm25_tw10
0-88-98-69-99-10-9-59-74-86-65-0,130.25993603983054,seed701_explore_lns_start27_random_best_rm20_tw12
0-82-16-15-11-9-87-59-58-57-0,130.28798648304658,seed602_lns_start20_random_random_best_rm5_tw15
0-82-16-15-11-9-87-59-58-57-65-0,130.35389063571492,seed701_explore_lns_start21_late_best_rm20_tw12
0-60-12-11-15-16-9-74-86-82-98-0,132.93235089039555,seed602_lns_start35_late_regret_rm8_tw6_guarded
0-68-69-98-99-14-10-74-86-65-0,133.2964860034676,seed701_explore_lns_start19_mixed_random_best_rm25_tw10
0-92-44-43-38-37-35-36-40-39-93-0,133.74237381971008,seed701_explore_lns_start5_mixed_regret_rm15_tw10
0-91-42-44-38-37-35-36-40-39-93-94-0,133.86520867718136,seed701_explore_lns_start19_mixed_best_rm20_tw12
0-92-42-44-39-38-37-35-36-40-41-93-0,134.7508206855886,seed601_lns_start13_random_random_best_rm5_tw6
0-90-83-20-24-23-21-48-18-49-25-22-64-0,134.85472633723572,seed701_explore_lns_start23_random_best_rm25_tw8
0-81-61-43-44-38-37-35-36-40-39-72-93-0,135.93526975701974,seed701_explore_lns_start1_mixed_best_rm25_tw15
0-37-35-36-38-39-43-1-3-5-100-0,136.445859162069,seed701_explore_lns_start22_random_random_best_rm25_tw8
0-17-16-15-11-6-46-4-88-0,136.96106178289156,seed601_lns_start89_late_best_rm8_tw15
0-91-66-64-51-76-89-63-85-50-96-0,137.77101464165617,seed701_explore_lns_start20_random_best_rm25_tw15
0-41-40-36-35-37-38-39-43-3-100-0,137.9359599283209,seed604_lns_start33_late_best_rm8_tw10
0-39-37-35-36-38-40-43-3-5-100-0,138.59275271061853,seed602_lns_start24_late_random_best_rm5_tw6
0-64-51-89-76-84-63-85-95-56-80-0,138.73847490217003,seed608_lns_start32_late_random_best_rm8_tw10
0-57-21-23-48-18-19-49-22-24-77-0,139.46658860396667,seed701_explore_lns_start7_late_random_best_rm15_tw10
0-82-69-11-99-56-91-96-81-68-0,140.15558878152967,seed701_explore_lns_start44_mixed_best_rm25_tw15
0-80-56-85-63-76-89-18-25-24-22-0,140.39360894099661,seed606_lns_start46_random_best_rm8_tw10
0-17-16-15-11-53-88-4-46-6-0,140.53839138899653,seed601_lns_start89_late_regret_rm6_tw8
0-91-92-95-62-50-84-64-74-86-52-65-0,141.022277899929,seed607_lns_start46_random_best_rm5_tw12
0-98-17-16-11-53-88-4-46-6-0,141.29506230690725,seed701_explore_lns_start88_random_best_rm10_tw15
0-65-92-44-38-39-37-35-36-40-43-0,141.38948184236992,seed701_explore_lns_start72_late_regret_rm15_tw10
0-65-16-15-11-53-88-4-46-6-0,141.40744253500273,seed602_lns_start89_mixed_best_rm8_tw15
0-16-15-11-47-17-46-4-6-88-0,141.7001082448449,seed701_explore_lns_start89_mixed_best_rm20_tw10
0-98-17-16-15-53-88-6-4-46-2-0,142.84108272933304,seed605_lns_start89_random_best_rm8_tw6
0-82-16-15-11-9-87-59-75-58-0,145.13025297290255,seed601_lns_start19_late_regret_rm8_tw15
0-82-16-15-11-9-87-59-58-74-57-0,145.41125621810752,seed606_lns_start12_random_regret_rm5_tw8
0-80-51-85-63-76-89-18-25-22-0,145.43939976347008,seed608_lns_start44_mixed_best_rm8_tw12
0-90-65-83-52-86-87-59-97-75-58-57-0,145.49124504142242,seed701_explore_lns_start0_late_random_best_rm15_tw15
0-82-16-15-11-9-87-59-75-57-0,145.72145264795734,seed605_lns_start21_mixed_random_best_rm5_tw12
0-82-16-15-11-87-59-75-58-57-0,146.02629259172568,seed607_lns_start13_random_best_rm6_tw15
0-82-16-15-11-9-87-75-58-57-0,146.06430725936357,seed601_lns_start21_mixed_random_best_rm8_tw6
0-82-10-11-12-53-78-60-55-100-88-98-0,147.10193616103288,seed604_lns_start45_mixed_best_rm8_tw12
0-83-24-20-49-23-21-48-18-19-25-77-0,147.35313140477336,seed701_explore_lns_start74_random_best_rm15_tw6
0-98-78-73-79-7-8-45-5-3-1-2-0,147.54354707594575,seed602_lns_start59_random_best_rm5_tw12
0-82-16-15-11-87-97-75-58-57-0,148.78117314628946,seed701_explore_lns_start27_random_best_rm20_tw12
0-60-78-73-79-7-8-45-5-3-1-2-0,149.9504043216001,seed701_explore_lns_start56_mixed_best_rm20_tw12
0-64-20-49-19-23-21-48-18-77-25-24-0,150.17305538466462,seed701_explore_lns_start73_mixed_random_best_rm15_tw12
0-41-37-44-39-38-35-36-40-43-100-90-0,150.53792991163954,seed701_explore_lns_start32_late_regret_rm10_tw8
0-93-71-43-44-38-37-35-36-40-39-72-0,150.9890128864493,seed701_explore_lns_start2_late_best_rm25_tw6
0-91-41-44-39-38-37-35-36-40-42-93-0,151.25427724850604,seed701_explore_lns_start13_random_best_rm20_tw8
0-12-14-47-17-15-16-97-13-78-98-0,151.85268508124094,seed607_lns_start60_late_random_best_rm8_tw15
0-80-94-62-85-63-76-89-51-64-83-66-0,152.46451814196183,seed604_lns_start19_random_best_rm8_tw10_guarded
0-17-16-15-11-53-88-6-4-46-100-0,152.68557367849877,seed603_lns_start88_random_random_best_rm5_tw15_guarded
0-90-66-57-86-87-59-97-75-58-52-65-0,153.15527552691034,seed701_explore_lns_start74_random_best_rm15_tw6
0-68-70-61-42-44-40-41-71-93-96-54-81-0,153.77165914867467,seed701_explore_lns_start22_random_random_best_rm25_tw8
0-83-24-22-49-19-23-21-18-48-77-52-0,154.10589973105164,seed601_lns_start88_random_regret_rm8_tw6
0-88-12-10-11-53-78-73-60-98-82-90-0,154.19366317584044,seed701_explore_lns_start22_random_random_best_rm25_tw8
0-60-69-82-99-9-10-86-57-83-90-0,156.16094656812308,seed701_explore_lns_start57_late_random_best_rm15_tw15
0-2-1-3-46-7-8-5-45-4-100-96-0,156.65175453500166,seed701_explore_lns_start20_mixed_random_best_rm10_tw10
0-24-22-20-49-23-21-48-18-19-77-52-0,156.78863819819333,seed701_explore_lns_start27_random_random_best_rm15_tw8
0-16-15-11-9-87-59-58-74-57-65-0,156.91589253667965,seed701_explore_lns_start12_random_best_rm25_tw8
0-83-11-15-9-87-97-75-58-0,157.6028083407921,seed603_lns_start5_mixed_best_rm8_tw8
0-60-69-99-9-10-86-57-83-65-90-0,158.3210341701598,seed701_explore_lns_start59_mixed_regret_rm20_tw6
0-60-98-69-99-9-10-86-57-83-90-0,159.81394056530584,seed605_lns_start58_random_best_rm6_tw8
0-94-50-62-85-76-89-51-20-66-0,160.8360635324798,seed605_lns_start13_random_random_best_rm6_tw10
0-91-92-95-62-50-67-84-64-86-52-65-0,161.52652770779096,seed603_lns_start46_late_random_best_rm8_tw10
0-91-42-44-39-38-37-35-36-40-43-93-0,161.64257116858914,seed605_lns_start21_mixed_random_best_rm5_tw12
0-61-69-6-7-8-46-45-4-5-3-1-100-0,162.20239338038016,seed701_explore_lns_start43_mixed_regret_rm15_tw10
0-12-16-15-11-53-88-6-4-3-100-0,162.40342171218745,seed701_explore_lns_start56_mixed_random_best_rm15_tw8
0-70-69-99-10-9-86-83-64-66-90-0,162.8233044892336,seed607_lns_start89_random_best_rm6_tw6
0-68-60-78-73-79-47-17-16-13-10-0,163.13138998018997,seed601_lns_start19_random_random_best_rm6_tw10_guarded
0-64-22-24-23-21-48-18-19-49-77-52-0,164.36895013338562,seed701_explore_lns_start5_mixed_regret_rm15_tw10
0-65-75-97-59-87-74-86-57-66-91-0,165.01702175010618,seed701_explore_guarded
0-82-12-15-11-9-87-59-75-58-57-0,167.38415132544452,seed601_lns_start19_random_random_best_rm6_tw10_guarded
0-60-12-11-15-16-9-58-86-82-90-0,167.80923132397157,seed601_lns_start35_late_random_best_rm8_tw12
0-60-78-73-79-17-47-13-10-14-12-0,168.99692119085788,seed601_lns_start19_late_best_rm4_tw6_guarded
0-98-17-16-15-11-53-6-4-46-0,169.76340465821755,seed701_explore_lns_start57_mixed_best_rm10_tw12
0-2-6-7-46-8-5-3-45-4-55-100-90-0,170.02608720152506,seed601_lns_start21_random_best_rm8_tw8
0-88-69-65-99-14-10-74-86-80-0,170.02863564466514,seed701_explore_lns_start12_mixed_random_best_rm20_tw8
0-60-78-73-79-47-17-16-13-14-10-0,170.17782763170106,seed604_lns_start13_mixed_best_rm6_tw10_guarded
0-60-12-11-15-16-9-59-58-82-90-0,172.30979028753524,seed701_explore_lns_start36_random_random_best_rm20_tw15
0-91-69-99-9-86-74-58-57-83-0,172.63608221387685,seed701_explore_lns_start56_mixed_best_rm20_tw12
0-68-69-98-88-53-14-10-74-86-57-65-0,172.73482974475826,seed601_lns_start21_late_best_rm6_tw15
0-61-1-2-79-8-46-45-4-7-6-0,174.2026533238164,seed701_explore_lns_start23_random_best_rm25_tw8
0-82-14-15-11-9-87-59-75-58-57-0,174.42930887683707,seed602_lns_start13_random_best_rm6_tw8
0-88-12-11-10-53-78-73-60-98-82-65-0,174.50238154704175,seed608_lns_start32_late_random_best_rm8_tw10_guarded
0-66-56-20-51-76-89-85-50-96-0,176.45265740158962,seed701_explore_lns_start20_mixed_best_rm15_tw8
0-83-64-23-76-18-48-21-19-49-20-0,176.5002733668986,seed701_explore_lns_start62_late_best_rm25_tw15
0-65-82-11-15-9-87-59-75-58-57-0,176.92527191960698,seed607_lns_start20_random_random_best_rm4_tw15_guarded
0-22-20-49-19-23-21-48-18-25-77-52-0,177.0796088511403,seed606_lns_start19_mixed_regret_rm8_tw15_guarded
0-17-16-15-11-53-6-46-4-88-90-0,177.12469019016365,seed605_lns_start89_late_random_best_rm6_tw6_guarded
0-24-22-49-19-23-21-18-48-25-77-52-0,177.7422564125205,seed601_lns_start13_random_best_rm6_tw8
0-66-83-20-51-76-89-63-85-50-96-0,178.07892250318756,seed601_lns_start13_mixed_random_best_rm6_tw15
0-68-1-3-5-8-79-73-78-17-47-14-0,178.2340448496094,seed701_explore_lns_start35_random_best_rm25_tw15
0-82-16-15-11-9-87-59-58-24-57-0,178.37270858533327,seed606_lns_start19_mixed_regret_rm8_tw15_guarded
0-56-33-32-30-28-26-27-29-31-34-71-0,179.17929071619653,seed604_lns_start34_late_best_rm8_tw8_guarded
0-88-69-99-53-7-6-4-46-2-100-0,179.4268467747216,seed602_lns_start35_late_random_best_rm8_tw10_guarded
0-66-82-10-11-12-53-78-60-100-88-98-0,179.55509895847615,seed602_lns_start46_late_regret_rm8_tw6
0-61-37-44-42-38-35-36-40-43-39-93-0,179.6363172251393,seed604_lns_start19_random_best_rm6_tw15
0-1-3-5-45-8-79-73-78-17-47-14-0,179.90146620214392,seed701_explore_guarded
0-66-83-20-51-76-89-85-50-94-96-0,180.73670127965326,seed608_lns_start12_random_best_rm8_tw6
0-1-3-5-45-8-7-79-73-78-60-82-0,180.8515994282618,seed605_lns_start89_mixed_regret_rm8_tw8
0-94-50-85-63-76-89-51-20-83-66-0,181.1990058757485,seed604_lns_start21_mixed_best_rm8_tw8_guarded
0-82-16-15-11-9-87-59-75-58-65-0,181.29136035831485,seed608_lns_start13_random_random_best_rm6_tw15_guarded
0-68-69-82-99-53-12-10-74-86-65-0,181.4676244210974,seed701_explore_guarded
0-82-16-15-11-9-87-59-75-58-57-0,183.14067927318416,seed601_lns_start20_mixed_regret_rm5_tw15
0-92-91-69-99-87-59-58-74-83-66-0,183.25594209536146,seed701_explore_lns_start25_mixed_best_rm10_tw8
0-66-83-20-51-76-89-85-50-94-91-0,184.98223391982813,seed701_explore_lns_start19_mixed_random_best_rm25_tw10
0-82-16-15-11-9-87-59-75-57-65-0,185.42945827938587,seed701_explore_lns_start20_random_best_rm25_tw15
0-80-51-85-63-76-89-18-25-24-22-0,186.8955646941717,seed601_lns_start45_random_best_rm4_tw10
0-96-50-62-85-76-51-20-83-66-91-0,188.06031900960403,seed606_lns_start19_mixed_best_rm6_tw15
0-88-98-69-99-53-10-74-86-65-80-0,188.08797481755226,seed602_lns_start13_random_best_rm5_tw15
0-60-12-11-15-16-9-58-74-82-90-0,188.27546947585572,seed701_explore_lns_start36_mixed_regret_rm20_tw15
0-88-98-69-99-14-10-74-86-65-80-0,188.31788607925148,seed601_lns_start27_random_random_best_rm6_tw12
0-98-16-15-11-9-87-59-75-58-57-0,189.06827420265017,seed701_explore_guarded
0-82-47-15-11-9-87-59-75-58-57-0,189.5366982280807,seed701_explore_lns_start12_random_best_rm15_tw6
0-98-88-78-73-79-8-7-6-46-5-3-1-0,190.00108549040465,seed701_explore_lns_start39_late_random_best_rm25_tw12
0-80-51-85-63-76-89-18-25-22-64-0,190.37104457827206,seed605_lns_start44_random_best_rm6_tw15
0-88-14-11-15-47-17-73-78-60-70-61-0,191.75699681349474,seed701_explore_lns_start78_late_best_rm15_tw6
0-81-54-96-93-71-72-41-70-55-100-61-68-0,192.73765673314125,seed604_lns_start24_mixed_best_rm8_tw15
0-96-50-62-85-76-89-51-20-66-0,193.08337559743538,seed606_lns_start21_random_random_best_rm3_tw10
0-12-16-15-11-9-75-58-86-82-90-0,193.34075910238715,seed701_explore_lns_start34_random_best_rm15_tw10
0-2-1-3-5-45-46-8-7-4-55-100-90-0,193.4866291811701,seed701_explore_lns_start21_random_random_best_rm20_tw10
0-66-15-11-9-87-97-75-58-52-0,194.0898388640973,seed601_lns_start6_late_regret_rm8_tw10
0-91-66-65-82-87-59-97-13-10-57-0,194.7523840449735,seed701_explore_lns_start35_mixed_regret_rm20_tw8
0-88-14-11-15-47-17-16-13-73-78-60-0,195.90713489160845,seed701_explore_lns_start0_late_regret_rm10_tw15
0-60-69-99-10-9-86-74-57-83-90-0,196.66509379825942,seed701_explore_lns_start56_mixed_random_best_rm15_tw8
0-88-60-69-98-53-10-59-82-65-66-0,197.25201488967545,seed608_lns_start5_late_best_rm8_tw10
0-88-60-78-73-79-12-16-13-97-0,197.79501821833952,seed701_explore_lns_start12_random_best_rm15_tw6
0-82-16-15-11-9-87-59-75-58-83-0,197.85450381044566,seed608_lns_start19_random_best_rm8_tw15
0-96-50-62-85-76-89-51-20-83-0,198.46272832956618,seed601_lns_start19_mixed_random_best_rm3_tw10
0-66-90-69-99-86-87-13-74-57-83-0,199.32491086928925,seed608_lns_start32_late_random_best_rm8_tw10_guarded
0-65-14-11-15-47-17-16-13-73-78-60-0,199.56804821836243,seed701_explore_lns_start74_late_regret_rm15_tw6
0-14-16-15-11-9-87-59-75-58-82-0,199.75395114951257,seed602_lns_start19_random_best_rm6_tw15
0-98-78-12-15-16-17-47-14-13-97-65-0,202.21845327102236,seed701_explore_lns_start62_late_best_rm25_tw15
0-91-92-93-71-44-43-40-36-35-37-39-42-0,202.45854569340293,seed701_explore_lns_start21_late_best_rm15_tw12
0-37-35-36-44-38-39-40-43-3-100-0,202.64460741920098,seed701_explore_lns_start25_late_regret_rm10_tw12
0-93-72-44-39-38-37-35-36-40-43-42-100-0,202.72591889375104,seed601_lns_start89_late_regret_rm6_tw8
0-82-98-88-12-10-9-74-58-83-80-0,204.023789558837,seed701_explore_lns_start74_late_regret_rm15_tw6
0-82-16-15-11-87-59-75-58-57-66-0,204.69342887547518,seed605_lns_start21_random_best_rm8_tw8
0-81-69-99-53-7-6-4-46-2-88-0,205.51671612437983,seed602_lns_start35_late_regret_rm8_tw6
0-94-81-54-41-61-70-55-64-56-91-0,206.90967186940745,seed605_lns_start19_mixed_best_rm6_tw12
0-61-69-99-53-7-6-4-46-2-88-0,209.41781705996195,seed602_lns_start36_late_random_best_rm8_tw12
0-41-37-44-39-38-35-36-40-43-3-0,210.48833540808135,seed601_lns_start31_late_best_rm8_tw15
0-95-50-62-85-76-89-51-20-83-66-0,211.1134946207948,seed608_lns_start20_random_regret_rm6_tw15
0-54-1-3-5-8-2-4-7-73-78-0,211.79018709722192,seed701_explore_lns_start59_random_random_best_rm20_tw8
0-81-61-69-99-7-6-4-46-2-88-0,212.12392022813827,seed701_explore_lns_start36_late_best_rm15_tw10
0-90-65-83-52-86-87-59-97-75-77-57-0,212.7645341948682,seed608_lns_start0_late_best_rm8_tw10
0-14-17-16-15-53-88-55-4-46-6-0,212.79103411695118,seed602_lns_start59_random_best_rm5_tw12
0-86-75-97-59-87-13-47-14-12-65-0,213.14658923424466,seed602_lns_start89_mixed_best_rm8_tw12
0-68-69-98-88-53-99-86-74-10-65-0,213.70593555837473,seed603_lns_start20_mixed_random_best_rm8_tw6
0-94-50-62-85-76-89-51-20-83-66-0,214.05971562862229,seed601_lns_start27_random_random_best_rm6_tw12
0-93-71-44-39-38-37-35-36-40-43-42-100-0,215.6837549160298,seed701_explore_lns_start36_mixed_regret_rm20_tw15
0-93-69-98-53-7-6-46-4-45-2-88-0,216.07274441153552,seed701_explore_lns_start35_random_best_rm25_tw15
0-12-16-15-11-9-75-58-74-86-90-0,216.9941422442336,seed701_explore_lns_start35_mixed_regret_rm20_tw8
0-70-69-99-10-9-86-74-58-83-0,217.323194863966,seed604_lns_start88_mixed_best_rm8_tw15
0-90-82-12-11-10-53-78-73-60-88-98-80-0,217.7468301728534,seed604_lns_start24_mixed_best_rm8_tw15
0-94-50-85-63-76-89-51-20-64-83-0,219.0920989943754,seed605_lns_start20_random_best_rm8_tw10_guarded
0-72-42-43-44-38-37-35-36-40-39-61-100-0,219.37466760686632,seed701_explore_lns_start56_mixed_best_rm20_tw12
0-93-2-6-7-8-46-4-45-5-3-1-100-0,219.88638019415234,seed701_explore_lns_start72_late_regret_rm15_tw10
0-81-61-69-99-53-7-6-4-46-2-0,220.1678700459928,seed603_lns_start35_mixed_best_rm6_tw6
0-2-6-7-79-8-46-4-45-1-42-0,220.46196933934172,seed601_lns_start31_late_best_rm8_tw15
0-80-51-85-63-76-89-18-25-22-57-0,220.99657174607972,seed701_explore_lns_start44_mixed_best_rm25_tw15
0-80-62-23-21-48-18-19-49-20-22-24-0,221.69366853038042,seed701_explore_lns_start0_late_random_best_rm15_tw15
0-91-82-10-11-12-53-78-60-100-88-98-0,222.07753242972478,seed607_lns_start43_late_random_best_rm8_tw12
0-91-95-33-32-30-28-26-27-29-31-34-71-0,222.38155644163618,seed701_explore_lns_start88_random_random_best_rm20_tw15
0-50-62-85-63-76-89-51-94-96-80-0,222.66138875579108,seed701_explore_guarded
0-37-35-36-44-38-39-40-43-3-5-0,222.84822951653558,seed604_lns_start24_mixed_best_rm8_tw15
0-12-16-15-11-9-87-59-75-57-82-0,223.31114145418928,seed701_explore_lns_start27_random_random_best_rm15_tw8
0-88-98-69-99-53-14-10-74-86-65-0,223.9794589505261,seed608_lns_start14_random_random_best_rm8_tw15
0-80-92-44-39-38-37-36-40-43-42-72-93-0,224.2475290079558,seed701_explore_lns_start20_late_best_rm20_tw12
0-60-78-73-79-17-47-12-13-10-66-0,225.16334287036574,seed607_lns_start13_random_best_rm6_tw8
0-82-16-15-11-9-87-59-58-20-57-0,225.52545562925286,seed602_lns_start14_random_best_rm8_tw6
0-52-24-22-49-19-18-48-21-25-77-58-0,225.57975109747835,seed608_lns_start36_late_regret_rm8_tw10
0-90-65-83-57-86-87-59-97-75-58-77-0,225.61964090408665,seed701_explore_guarded
0-66-42-44-38-37-35-36-40-43-39-93-0,225.97651224145108,seed606_lns_start20_random_regret_rm6_tw15
0-65-10-11-15-16-17-53-88-6-46-0,226.18855403935723,seed701_explore_lns_start56_mixed_best_rm20_tw12
0-19-21-23-76-18-48-49-20-64-82-0,227.17268490147944,seed701_explore_lns_start39_late_random_best_rm25_tw12
0-80-91-56-66-99-9-12-10-74-52-82-0,227.8841639831391,seed701_explore_guarded
0-91-50-34-31-29-27-26-28-30-32-33-85-0,228.3820795664441,seed701_explore_lns_start39_late_regret_rm15_tw8
0-66-83-20-51-76-89-85-50-95-96-0,229.59609438600594,seed701_explore_lns_start27_random_best_rm20_tw12
0-95-50-33-32-30-28-26-27-29-31-34-71-0,230.16999159093356,seed601_lns_start6_late_regret_rm6_tw6
0-80-92-62-67-94-96-81-68-55-61-41-0,232.43747404685604,seed605_lns_start89_random_best_rm8_tw6
0-73-11-15-47-17-16-13-14-78-60-98-0,232.5753862756745,seed701_explore_guarded
0-65-98-69-88-53-14-10-74-86-57-80-0,234.53145876328693,seed701_explore_lns_start14_late_random_best_rm10_tw15
0-88-60-69-98-53-10-59-74-82-66-0,235.1939035043989,seed701_explore_lns_start7_late_regret_rm10_tw8
0-96-94-50-85-63-76-89-51-83-66-0,235.53340162753125,seed607_lns_start13_mixed_best_rm8_tw8
0-88-60-11-15-17-47-14-13-73-78-82-0,235.87024580272063,seed701_explore_lns_start4_mixed_best_rm25_tw10
0-18-48-23-76-19-21-25-49-20-83-0,236.15222641759965,seed602_lns_start60_late_regret_rm5_tw6
0-24-18-23-76-48-21-25-19-49-20-0,236.2690915631411,seed701_explore_lns_start38_late_regret_rm15_tw15
0-60-78-73-79-17-47-14-13-97-0,237.9036396576181,seed601_lns_start20_random_regret_rm5_tw10_guarded
0-68-1-3-5-45-8-79-73-78-17-47-0,238.64446623880454,seed701_explore_lns_start36_late_random_best_rm20_tw8
0-91-92-50-62-67-95-84-64-86-52-66-0,239.74542069174507,seed601_lns_start46_late_random_best_rm4_tw10
0-96-50-62-85-76-89-51-83-66-80-0,239.7792232862214,seed606_lns_start19_mixed_regret_rm8_tw15
0-65-52-24-23-49-19-18-21-48-25-77-0,240.47399057816946,seed604_lns_start19_random_best_rm5_tw8
0-96-50-62-85-76-89-63-51-83-66-0,241.03214112978975,seed603_lns_start21_random_regret_rm8_tw12
0-1-3-5-45-8-7-79-73-78-60-98-82-0,241.1414376897137,seed603_lns_start88_random_random_best_rm5_tw15_guarded
0-70-69-90-99-9-10-13-86-57-64-0,241.49724696740975,seed603_lns_start88_random_random_best_rm5_tw15_guarded
0-90-64-51-76-89-84-63-85-95-56-80-0,242.15533626194332,seed608_lns_start33_late_regret_rm8_tw12
0-88-60-78-73-79-47-17-16-13-97-0,242.566246384333,seed608_lns_start20_random_best_rm6_tw8_guarded
0-88-12-10-11-53-78-73-60-98-82-80-0,242.94703467530007,seed701_explore_lns_start23_random_best_rm25_tw8
0-98-88-60-73-78-12-10-82-90-80-91-94-0,243.0219585458342,seed701_explore_lns_start24_late_random_best_rm20_tw6
0-39-42-44-38-37-35-36-40-43-3-100-0,244.5489411215089,seed701_explore_lns_start23_random_best_rm25_tw8
0-94-50-62-85-76-51-20-83-66-96-0,244.98028871531852,seed701_explore_lns_start12_random_random_best_rm15_tw15
0-91-50-62-85-76-89-63-51-20-83-0,245.42453005990996,seed601_lns_start20_mixed_regret_rm5_tw15_guarded
0-93-72-44-43-38-37-36-40-39-42-100-68-0,245.8170495571473,seed701_explore_lns_start34_random_random_best_rm20_tw6
0-60-12-11-15-16-9-14-13-86-82-90-0,245.98529406347214,seed701_explore_lns_start34_late_regret_rm10_tw12
0-70-69-90-99-9-10-13-86-83-64-0,246.1153815086554,seed603_lns_start88_random_random_best_rm5_tw15
0-68-69-98-88-53-10-74-86-65-66-56-0,246.6488688457202,seed701_explore_lns_start19_random_best_rm15_tw10
0-96-94-62-50-76-89-51-20-83-66-0,246.8373405050539,seed601_lns_start27_mixed_regret_rm6_tw12
0-91-66-57-59-97-87-74-13-10-65-0,246.9201094153993,seed608_lns_start36_late_regret_rm8_tw8
0-98-88-78-73-79-8-7-6-46-3-2-61-0,247.41843112979768,seed701_explore_lns_start38_late_regret_rm15_tw15
0-14-16-15-11-9-87-59-75-58-64-0,248.19454737473458,seed607_lns_start26_late_random_best_rm8_tw6_guarded
0-96-50-62-85-76-89-19-20-83-66-0,248.2448229841649,seed602_lns_start21_random_regret_rm6_tw6
0-65-90-69-99-10-9-58-86-83-64-0,248.71971009906807,seed701_explore_lns_start88_random_best_rm15_tw10
0-90-52-22-23-49-19-18-21-48-25-77-0,249.5083756867084,seed701_explore_lns_start20_mixed_random_best_rm10_tw10
0-68-69-98-88-53-99-86-10-14-65-0,251.62901587019516,seed701_explore_lns_start20_late_best_rm15_tw6
0-88-60-78-73-79-17-47-14-13-97-0,252.04022681833823,seed701_explore_guarded
0-50-62-85-63-76-89-51-20-64-83-0,252.11265987727106,seed608_lns_start20_random_best_rm6_tw8_guarded
0-81-96-54-41-61-70-55-83-64-56-91-0,256.11651758117796,seed602_lns_start19_mixed_best_rm6_tw12
0-56-50-62-85-76-89-51-20-83-66-0,256.2258377804977,seed602_lns_start21_random_random_best_rm4_tw12
0-68-88-69-98-53-99-86-74-10-14-0,257.51067611432904,seed701_explore_lns_start21_late_best_rm20_tw12
0-1-3-5-45-8-7-79-73-78-60-66-0,257.8087993197125,seed701_explore_lns_start88_random_best_rm15_tw10
0-91-92-95-62-50-84-66-52-74-86-65-0,258.0181076008953,seed605_lns_start44_random_best_rm6_tw15
0-91-56-33-32-30-28-26-27-29-31-34-71-0,258.1638926747304,seed701_explore_guarded
0-66-83-20-51-76-89-63-85-50-94-91-0,258.24963283047043,seed701_explore_guarded
0-96-50-62-85-76-89-51-56-83-66-0,258.4430465676628,seed605_lns_start19_random_best_rm6_tw12
0-96-50-62-85-76-89-51-83-66-91-0,258.6095861557118,seed601_lns_start21_mixed_random_best_rm4_tw10
0-98-88-60-73-78-53-12-13-10-82-90-80-0,258.6226568836146,seed604_lns_start22_late_regret_rm8_tw15
0-80-92-50-62-67-84-74-86-52-65-66-0,258.8303602439272,seed701_explore_lns_start46_mixed_random_best_rm25_tw15
0-96-94-50-85-63-76-89-20-83-66-0,259.22478142272763,seed701_explore_lns_start12_random_best_rm15_tw6
0-56-64-65-99-87-59-97-13-47-14-12-0,259.2853524263429,seed601_lns_start89_late_best_rm8_tw15
0-94-50-62-85-76-89-63-51-20-64-0,259.3282681566858,seed605_lns_start12_random_regret_rm8_tw15_guarded
0-70-69-99-10-9-58-86-83-64-0,259.56014254734345,seed605_lns_start88_random_regret_rm4_tw10
0-65-66-83-57-87-97-59-74-13-10-98-0,260.14078780592945,seed602_lns_start36_late_best_rm8_tw8_guarded
0-96-54-44-41-72-71-93-94-81-61-70-68-0,260.3615330803315,seed701_explore_lns_start23_late_regret_rm10_tw12
0-70-69-10-99-86-74-58-83-64-0,260.4459382148596,seed607_lns_start89_mixed_best_rm8_tw12
0-96-50-85-89-76-51-20-83-66-0,260.87992419276395,seed602_lns_start19_random_best_rm6_tw15
0-56-92-44-38-39-37-36-40-43-42-93-0,261.56250038569846,seed604_lns_start20_mixed_regret_rm8_tw10
0-88-98-69-99-53-10-86-74-83-66-65-0,261.929087997275,seed605_lns_start12_random_regret_rm8_tw15_guarded
0-60-78-73-79-17-47-12-13-97-0,261.9857852199919,seed601_lns_start19_late_best_rm4_tw6
0-52-22-49-19-23-21-48-77-25-24-56-0,262.1544689717494,seed701_explore_lns_start19_mixed_regret_rm15_tw10
0-68-88-69-98-53-99-86-74-97-65-0,262.27714163311157,seed601_lns_start21_random_regret_rm4_tw12_guarded
0-82-23-76-18-48-21-25-19-49-20-0,262.3757741588525,seed604_lns_start42_late_regret_rm8_tw6
0-60-78-73-79-17-47-13-97-57-0,262.662528327281,seed607_lns_start26_late_random_best_rm8_tw6_guarded
0-96-71-72-41-44-42-70-55-68-61-81-54-0,263.4669348680023,seed701_explore_lns_start25_random_random_best_rm10_tw12
0-88-98-69-99-53-10-86-74-57-83-80-0,263.7070553500511,seed608_lns_start13_random_random_best_rm6_tw15_guarded
0-70-69-99-10-9-86-74-58-64-0,264.19523965242445,seed605_lns_start89_random_random_best_rm6_tw10
0-66-85-63-89-76-20-51-50-96-0,264.716651149394,seed701_explore_lns_start21_random_random_best_rm10_tw10
0-82-14-16-15-11-9-87-75-58-57-0,265.37703066978577,seed601_lns_start14_random_random_best_rm6_tw10
0-88-98-69-99-53-10-86-74-57-65-80-0,267.5986872053009,seed701_explore_lns_start27_random_best_rm20_tw8
0-57-15-11-9-87-97-75-58-52-0,268.2341319957603,seed601_lns_start6_late_regret_rm6_tw6
0-96-94-50-62-85-76-89-51-83-66-0,268.39411138040504,seed601_lns_start12_random_regret_rm5_tw15
0-88-98-69-99-53-10-86-74-57-66-80-0,269.0352358335814,seed701_explore_guarded
0-83-57-52-86-87-59-97-75-25-80-0,269.8189230331368,seed701_explore_lns_start3_late_regret_rm15_tw15
0-50-62-51-76-89-20-64-56-66-65-0,270.944745429641,seed602_lns_start59_random_best_rm5_tw12
0-83-20-89-76-84-51-63-85-50-0,271.24050817120417,seed701_explore_lns_start35_mixed_regret_rm20_tw8
0-65-66-83-20-51-76-89-85-50-96-0,271.2858597576834,seed701_explore_lns_start20_mixed_best_rm10_tw15
0-96-50-85-63-76-89-51-20-64-83-0,271.7758503005491,seed605_lns_start20_random_random_best_rm3_tw8_guarded
0-88-69-99-53-6-4-46-2-61-81-0,272.6513999056557,seed701_explore_lns_start35_random_random_best_rm10_tw6
0-88-98-69-99-53-7-46-4-2-61-81-0,272.71609739499684,seed701_explore_lns_start36_random_random_best_rm20_tw15
0-54-62-23-21-48-18-19-49-20-22-24-0,272.8411331406346,seed701_explore_lns_start3_late_regret_rm15_tw15
0-82-52-10-11-12-53-78-73-60-88-98-65-0,274.7031087854824,seed601_lns_start31_late_regret_rm8_tw6
0-57-20-49-19-23-21-48-77-58-75-0,274.7365919560535,seed601_lns_start45_random_best_rm4_tw10
0-88-98-69-99-53-6-4-46-2-61-81-0,274.75641076869954,seed701_explore_lns_start36_mixed_regret_rm20_tw15
0-96-50-62-85-76-89-51-20-83-66-0,275.06463963167397,seed601_lns_start20_random_regret_rm5_tw10
0-85-63-33-32-30-28-26-27-29-31-34-50-0,275.31021295824627,seed701_explore_lns_start74_random_best_rm15_tw6
0-90-65-83-57-52-86-87-59-75-97-16-0,275.71738712134237,seed701_explore_lns_start4_mixed_best_rm25_tw10
0-80-92-95-62-67-94-96-55-70-41-54-0,275.9930851254953,seed603_lns_start34_late_regret_rm6_tw6
0-80-92-62-67-94-96-81-68-55-2-70-61-0,276.3272262098875,seed701_explore_lns_start88_random_best_rm15_tw10
0-70-1-3-45-8-79-73-78-17-47-14-12-0,276.732815138117,seed701_explore_lns_start35_random_random_best_rm25_tw15
0-91-33-32-30-28-26-27-29-31-34-71-54-0,277.0902939961195,seed601_lns_start88_random_best_rm8_tw15
0-88-69-99-53-7-6-4-2-61-81-0,277.8158543917127,seed603_lns_start36_mixed_best_rm8_tw12
0-80-82-11-15-9-87-59-75-58-57-0,277.81805053604944,seed605_lns_start19_random_best_rm8_tw6
0-71-33-32-30-28-26-27-29-31-34-64-0,278.34497522670574,seed701_explore_lns_start35_random_random_best_rm25_tw15
0-60-78-73-79-17-47-14-13-10-12-65-0,278.47471565196327,seed601_lns_start21_mixed_random_best_rm4_tw10_guarded
0-96-50-62-85-76-89-51-20-22-83-0,278.8159352140192,seed601_lns_start21_mixed_random_best_rm8_tw12
0-90-57-10-11-9-75-77-22-66-0,278.8192456183756,seed701_explore_lns_start62_late_best_rm25_tw15
0-66-64-56-91-94-54-81-55-70-61-41-0,278.9410603216634,seed602_lns_start20_mixed_best_rm6_tw6
0-10-12-78-79-60-53-98-55-88-100-70-0,280.0580041652121,seed701_explore_lns_start44_mixed_best_rm25_tw15
0-96-94-62-85-76-89-51-20-83-66-91-0,280.07234174815994,seed603_lns_start20_mixed_random_best_rm8_tw6_guarded
0-96-50-62-85-76-89-20-83-66-91-0,282.3009659509082,seed603_lns_start20_mixed_regret_rm6_tw8
0-92-95-62-50-67-84-64-74-86-65-66-0,282.55793031328153,seed701_explore_lns_start44_mixed_random_best_rm10_tw15
0-41-39-40-36-35-37-38-43-3-100-90-0,282.722933737948,seed602_lns_start33_mixed_regret_rm5_tw6
0-83-24-20-49-19-23-18-48-21-25-77-56-0,283.97479355072414,seed701_explore_lns_start49_late_best_rm20_tw12
0-80-91-92-95-62-67-84-63-89-51-22-0,284.5794904000304,seed701_explore_lns_start39_late_random_best_rm25_tw12
0-56-50-62-85-76-51-20-83-66-96-0,284.77433349174015,seed701_explore_lns_start19_mixed_best_rm10_tw15
0-60-78-73-79-12-47-13-97-86-0,284.77454853122225,seed603_lns_start12_random_regret_rm6_tw10
0-92-94-62-50-67-95-84-64-86-52-66-0,284.7901714223234,seed603_lns_start46_late_random_best_rm8_tw10
0-96-94-92-62-50-76-51-20-83-66-0,285.20017719521104,seed701_explore_lns_start27_random_best_rm20_tw8
0-83-20-49-19-23-21-48-77-58-59-57-0,285.27737112321444,seed701_explore_lns_start45_late_best_rm15_tw8
0-50-62-85-76-89-20-51-94-96-0,285.3318004942996,seed607_lns_start14_random_random_best_rm8_tw10
0-88-60-78-73-79-17-47-12-13-97-0,285.33690624133317,seed601_lns_start21_random_best_rm8_tw8
0-50-89-76-84-85-63-51-20-64-0,285.8681263534961,seed701_explore_guarded
0-56-33-32-30-28-26-27-29-31-34-71-93-0,288.36566752787525,seed701_explore_lns_start36_random_random_best_rm20_tw15
0-82-16-15-11-9-87-59-75-58-20-0,288.9929505226967,seed606_lns_start13_random_random_best_rm6_tw8
0-81-54-72-41-61-70-55-66-64-56-94-0,289.31761622795034,seed604_lns_start21_mixed_best_rm8_tw8
0-90-68-69-99-79-70-81-96-94-0,290.75455248862545,seed602_lns_start44_mixed_best_rm5_tw15
0-96-94-50-62-85-76-89-20-83-66-0,292.0854911756014,seed701_explore_lns_start12_random_regret_rm15_tw10
0-52-24-22-23-20-49-18-21-48-25-77-0,292.82405382667423,seed606_lns_start26_random_random_best_rm6_tw8
0-98-60-78-73-79-17-47-12-13-97-0,293.5986383586105,seed601_lns_start12_mixed_regret_rm8_tw8
0-54-60-79-78-13-16-17-47-14-12-0,294.1371839156209,seed701_explore_lns_start5_mixed_regret_rm15_tw10
0-80-51-85-63-76-89-18-25-24-22-83-0,295.27889123783103,seed602_lns_start45_late_random_best_rm8_tw12
0-82-15-11-9-87-97-75-58-57-52-0,295.78656344744957,seed701_explore_lns_start5_random_random_best_rm15_tw10
0-80-91-51-85-63-76-89-18-25-24-22-0,295.78908758035533,seed701_explore_lns_start43_late_random_best_rm10_tw6
0-73-11-15-17-47-14-13-78-60-88-68-0,296.5807438501458,seed701_explore_lns_start74_random_best_rm15_tw6
0-20-49-19-48-21-23-75-58-86-52-57-0,296.6069806031505,seed701_explore_lns_start45_mixed_random_best_rm15_tw8
0-80-95-85-63-76-89-18-25-24-22-51-0,296.9291857077426,seed602_lns_start44_random_random_best_rm4_tw12
0-88-98-69-99-9-14-10-74-86-65-80-0,297.4098515960315,seed607_lns_start13_random_best_rm6_tw15
0-96-94-62-50-63-76-89-51-20-83-0,299.13748021287483,seed701_explore_guarded
0-90-83-57-52-86-87-59-97-75-58-25-0,299.90416295042866,seed701_explore_lns_start1_late_random_best_rm15_tw10
0-66-83-20-51-76-89-63-85-50-96-81-0,300.1209869338679,seed603_lns_start20_random_regret_rm8_tw6_guarded
0-86-75-97-59-87-13-47-14-12-82-65-0,301.24050254017084,seed701_explore_guarded
0-88-98-69-99-53-12-10-74-86-65-80-0,302.90563065033007,seed601_lns_start20_late_best_rm8_tw8_guarded
0-82-12-10-11-53-79-73-60-88-90-80-0,304.7947878825809,seed701_explore_lns_start25_mixed_best_rm15_tw15
0-98-88-60-11-15-16-17-47-14-73-100-68-0,305.1425764654176,seed701_explore_lns_start0_late_random_best_rm25_tw10
0-92-62-50-34-31-29-27-26-28-30-32-33-0,305.36133251696594,seed601_lns_start31_late_best_rm8_tw15
0-56-20-22-49-23-21-48-18-77-25-24-83-0,305.63595186997543,seed701_explore_lns_start24_late_random_best_rm20_tw6
0-81-61-69-99-53-7-4-46-6-2-100-0,305.98344195718397,seed701_explore_lns_start36_late_random_best_rm20_tw8
0-93-79-8-45-1-4-46-7-6-2-0,308.7166539906841,seed701_explore_lns_start25_random_random_best_rm10_tw12
0-54-93-71-34-31-29-27-26-28-30-32-33-0,309.2306634770406,seed701_explore_lns_start46_mixed_regret_rm10_tw15
0-88-69-99-53-7-6-4-46-61-81-0,309.2999460938615,seed601_lns_start35_mixed_random_best_rm8_tw6
0-68-98-88-60-7-6-46-2-55-100-64-0,309.53574562069855,seed701_explore_lns_start49_late_best_rm20_tw12
0-91-92-95-62-50-67-84-64-86-52-65-66-0,310.06732400415746,seed602_lns_start46_late_regret_rm8_tw15
0-96-50-62-85-76-89-51-20-64-83-0,310.16175630952966,seed605_lns_start20_random_random_best_rm3_tw8
0-68-88-69-99-53-60-6-4-46-100-81-0,310.4770615924505,seed701_explore_guarded
0-78-7-79-8-5-1-3-45-2-54-0,310.6766768335832,seed701_explore_lns_start57_late_random_best_rm15_tw15
0-92-69-99-9-87-59-58-83-66-91-0,311.3666008045095,seed604_lns_start22_late_regret_rm8_tw15
0-98-88-60-73-78-53-12-17-13-10-82-65-0,311.7146705711282,seed701_explore_lns_start32_late_regret_rm25_tw12
0-12-17-16-11-53-6-4-3-41-0,312.360223281452,seed701_explore_lns_start59_mixed_regret_rm20_tw6
0-93-71-72-44-43-38-37-35-36-40-39-100-0,313.0644432833275,seed701_explore_lns_start0_late_random_best_rm15_tw15
0-88-60-78-15-16-17-47-14-13-56-68-0,313.28924286328134,seed701_explore_lns_start2_late_best_rm25_tw15
0-88-98-69-99-53-10-74-86-65-66-80-0,313.9310869690455,seed608_lns_start13_random_random_best_rm6_tw15
0-82-16-15-11-9-87-59-75-58-74-0,314.04032315546914,seed701_explore_lns_start19_late_regret_rm10_tw6
0-88-98-69-99-14-10-74-86-65-66-80-0,314.3580650264869,seed601_lns_start13_random_random_best_rm5_tw6
0-80-66-65-82-99-87-59-97-13-16-47-12-0,315.2145726384713,seed701_explore_lns_start49_late_best_rm20_tw12
0-96-92-50-85-76-89-51-20-83-66-0,315.6343019851848,seed701_explore_lns_start20_late_best_rm15_tw6
0-94-50-62-85-76-89-63-51-83-66-80-0,317.7930158619943,seed606_lns_start19_mixed_regret_rm8_tw15_guarded
0-92-69-99-9-87-59-58-74-83-66-0,318.3326530863546,seed602_lns_start24_late_random_best_rm8_tw10
0-1-3-5-45-8-7-79-73-78-60-98-66-0,318.5197475220987,seed701_explore_guarded
0-66-52-24-23-22-49-21-48-18-25-77-0,318.8039081450127,seed602_lns_start19_random_regret_rm8_tw6
0-88-98-69-99-7-6-46-2-55-68-0,319.14957312671595,seed701_explore_lns_start49_random_regret_rm20_tw15
0-88-60-69-98-53-10-59-74-65-66-80-0,319.4789502938339,seed602_lns_start5_random_random_best_rm4_tw12
0-85-33-32-30-28-26-27-29-31-34-50-81-0,320.0043511856513,seed604_lns_start42_late_regret_rm8_tw6
0-66-82-15-11-9-87-59-75-58-57-0,321.42576230034456,seed607_lns_start20_random_random_best_rm4_tw15
0-70-1-3-5-45-8-79-73-17-47-14-78-0,321.4713388716961,seed602_lns_start36_late_best_rm8_tw8_guarded
0-54-68-60-79-73-78-12-14-47-17-16-0,322.1524866776887,seed701_explore_lns_start7_mixed_random_best_rm15_tw10
0-98-88-11-78-73-79-7-6-46-3-61-0,324.0311544971605,seed604_lns_start42_late_regret_rm8_tw6
0-92-69-99-9-87-59-74-66-91-94-0,325.1886629759035,seed701_explore_lns_start23_random_best_rm25_tw8
0-68-60-78-73-79-47-17-16-13-97-0,325.61323892898673,seed701_explore_lns_start13_mixed_regret_rm15_tw10
0-88-60-69-98-53-10-59-74-82-65-66-0,325.63227784912664,seed701_explore_lns_start6_late_best_rm10_tw8
0-98-88-60-73-78-53-12-10-13-52-82-65-0,325.9882551351611,seed701_explore_lns_start32_late_regret_rm10_tw8
0-90-66-57-10-11-9-74-77-24-22-0,327.0486422312775,seed602_lns_start60_late_regret_rm5_tw6
0-1-3-5-45-8-7-79-73-78-60-82-66-0,327.09841772066403,seed601_lns_start89_late_regret_rm6_tw8
0-83-82-10-11-12-53-55-88-78-60-100-0,328.2328012814237,seed701_explore_lns_start45_late_regret_rm10_tw10
0-90-70-69-10-9-86-74-58-83-64-0,328.4052350439427,seed605_lns_start89_mixed_regret_rm8_tw8
0-92-33-32-30-28-26-27-29-31-34-71-72-0,328.7872556364095,seed701_explore_guarded
0-50-89-76-84-85-63-51-20-57-0,330.4425079383249,seed701_explore_guarded
0-68-1-3-5-8-79-73-17-47-14-78-60-0,330.52142044131557,seed701_explore_lns_start35_mixed_regret_rm20_tw8
0-60-78-73-15-16-17-47-14-13-64-56-0,331.35648706286565,seed701_explore_lns_start1_mixed_best_rm25_tw15
0-91-92-62-50-67-95-84-64-74-86-52-0,332.20556729786745,seed602_lns_start46_late_regret_rm8_tw6
0-57-22-76-51-84-89-63-85-50-0,333.22709567448214,seed701_explore_lns_start49_late_best_rm20_tw12
0-68-1-3-5-45-8-79-73-17-47-14-78-0,333.6297144804671,seed601_lns_start35_late_random_best_rm8_tw12
0-88-60-69-98-53-10-59-74-82-65-80-0,334.49932654323834,seed603_lns_start5_late_random_best_rm8_tw10
0-96-95-62-50-76-89-51-20-83-66-0,334.5117918621255,seed605_lns_start19_mixed_regret_rm5_tw15
0-88-98-69-99-53-97-74-86-65-80-0,334.8650431850953,seed604_lns_start13_mixed_best_rm6_tw10_guarded
0-96-94-50-62-85-76-89-51-20-83-0,335.1045022203914,seed601_lns_start13_random_random_best_rm8_tw10
0-91-92-62-50-67-84-57-74-86-52-65-90-0,335.5127255011521,seed701_explore_guarded
0-50-85-89-76-51-20-83-66-91-96-0,335.66969698595614,seed608_lns_start20_mixed_best_rm8_tw8
0-80-92-94-62-67-95-84-63-89-51-22-0,336.4693636615026,seed701_explore_lns_start39_late_regret_rm15_tw8
0-85-50-62-51-76-89-20-83-66-0,336.7251695196403,seed601_lns_start19_mixed_regret_rm6_tw8
0-93-54-44-43-38-37-35-36-40-39-72-100-0,338.11102392735665,seed701_explore_lns_start1_late_random_best_rm15_tw10
0-88-7-73-79-8-45-5-3-1-2-54-0,338.9734522657574,seed701_explore_lns_start57_mixed_best_rm10_tw12
0-60-12-11-15-16-9-13-86-82-90-81-0,339.43418212062375,seed603_lns_start34_late_regret_rm8_tw8
0-1-3-5-45-8-7-79-73-17-47-14-78-0,339.82106029607144,seed701_explore_lns_start34_random_best_rm15_tw10
0-81-54-41-44-61-70-55-64-56-91-94-0,339.8825764060483,seed701_explore_lns_start21_late_best_rm25_tw12
0-60-15-11-9-87-75-58-86-90-80-0,339.9179437648652,seed701_explore_lns_start49_random_regret_rm20_tw15
0-68-60-78-79-73-17-47-14-13-97-0,340.60109787101817,seed601_lns_start20_late_best_rm8_tw8_guarded
0-60-47-17-15-87-59-97-13-16-14-12-0,342.344038452914,seed604_lns_start42_late_regret_rm8_tw6
0-56-64-20-49-23-21-48-19-77-58-75-0,342.62835162364445,seed701_explore_guarded
0-92-94-62-50-67-95-84-64-86-52-91-0,343.3733269246818,seed601_lns_start45_late_regret_rm8_tw8
0-70-69-99-10-9-86-74-58-83-90-0,344.55042327912577,seed601_lns_start89_late_regret_rm6_tw8
0-80-91-95-33-32-30-28-26-27-29-31-34-71-0,345.33578562183493,seed605_lns_start21_mixed_random_best_rm5_tw12_guarded
0-96-92-95-50-85-76-51-20-83-66-80-0,345.81163308456934,seed701_explore_lns_start12_late_best_rm20_tw8
0-96-50-85-89-76-51-20-64-83-66-0,347.6973029380367,seed603_lns_start20_mixed_best_rm5_tw10
0-70-88-69-98-53-99-86-74-97-65-0,347.7247971564832,seed606_lns_start27_mixed_best_rm6_tw6_guarded
0-52-24-22-49-19-18-48-21-25-77-75-0,347.7829879369335,seed601_lns_start36_late_regret_rm6_tw10
0-80-50-62-85-76-89-51-20-66-96-0,347.9837054638391,seed606_lns_start19_random_regret_rm6_tw10
0-81-54-94-56-84-64-55-70-61-41-0,348.6704403225636,seed608_lns_start21_mixed_best_rm8_tw12
0-71-33-32-30-28-26-27-29-31-34-95-56-0,349.3602085037399,seed605_lns_start35_mixed_regret_rm8_tw15
0-80-92-95-62-67-94-96-54-55-70-61-41-0,349.6646396088425,seed601_lns_start35_late_random_best_rm8_tw12
0-60-78-73-79-14-47-17-16-13-97-0,349.7218959395583,seed607_lns_start20_random_random_best_rm4_tw15_guarded
0-52-15-11-9-87-97-75-58-81-0,349.8427999382153,seed701_explore_lns_start6_late_best_rm10_tw8
0-88-60-11-15-16-9-74-58-20-90-0,350.8481916086773,seed701_explore_lns_start35_random_random_best_rm25_tw15
0-71-34-31-29-27-26-28-30-32-33-56-64-0,351.45908270766444,seed602_lns_start35_late_regret_rm8_tw6_guarded
0-54-71-34-31-29-27-26-28-30-32-33-63-0,351.7678654285504,seed608_lns_start26_random_best_rm4_tw12
0-14-47-17-73-79-7-8-45-5-3-1-68-0,351.9385710563837,seed701_explore_lns_start35_random_random_best_rm10_tw6
0-68-88-69-98-53-99-86-74-10-65-66-0,351.98764948352607,seed608_lns_start20_random_random_best_rm6_tw6
0-80-92-95-62-67-94-96-54-68-55-70-41-0,352.07064639350375,seed701_explore_guarded
0-47-17-16-15-11-53-14-13-52-57-65-0,353.62352477330694,seed701_explore_lns_start24_late_random_best_rm20_tw6
0-82-16-15-11-9-87-75-58-57-20-0,354.36997431444684,seed701_explore_lns_start12_random_random_best_rm10_tw8
0-90-86-75-97-59-87-13-47-14-12-65-0,354.3833956022587,seed701_explore_lns_start89_mixed_random_best_rm10_tw10
0-68-88-69-98-53-99-86-74-10-12-65-0,354.3927225743165,seed601_lns_start20_mixed_regret_rm5_tw15_guarded
0-81-69-99-53-7-6-4-46-2-100-88-0,354.6823122288623,seed603_lns_start34_late_best_rm8_tw6
0-95-51-85-63-76-89-18-25-24-22-56-0,354.9397920031808,seed701_explore_lns_start46_mixed_random_best_rm25_tw15
0-66-65-69-88-53-99-86-74-10-12-14-0,355.24521917434475,seed701_explore_lns_start12_random_regret_rm15_tw8
0-94-50-85-63-76-89-51-20-64-83-66-0,355.78952139517367,seed608_lns_start14_mixed_random_best_rm8_tw6_guarded
0-65-98-69-88-53-99-86-74-97-14-0,356.1651776685175,seed601_lns_start19_random_random_best_rm6_tw10_guarded
0-90-83-20-76-51-84-85-63-89-50-0,356.94201471704366,seed608_lns_start36_late_regret_rm8_tw10_guarded
0-91-56-94-67-84-64-55-70-61-81-54-0,357.74454489207216,seed603_lns_start20_random_regret_rm8_tw8_guarded
0-88-60-78-73-15-16-17-47-14-13-56-0,358.27527933115675,seed608_lns_start0_late_best_rm8_tw10
0-91-64-56-67-94-54-81-55-70-61-41-0,358.67802636247876,seed606_lns_start19_random_regret_rm6_tw6_guarded
0-65-52-15-11-9-87-97-58-57-81-0,358.87845487417127,seed701_explore_lns_start7_mixed_random_best_rm15_tw10
0-64-56-95-62-67-91-68-55-70-61-81-96-0,359.2115993492764,seed701_explore_lns_start27_random_best_rm15_tw8
0-96-50-62-85-76-89-51-19-20-83-0,359.35237880674663,seed602_lns_start19_random_regret_rm8_tw6
0-88-98-69-99-53-14-10-74-86-57-65-0,360.687558082279,seed701_explore_lns_start14_late_random_best_rm10_tw15
0-68-88-69-98-53-99-86-74-10-65-80-0,360.85469817763783,seed608_lns_start12_mixed_regret_rm6_tw12
0-83-20-76-63-85-84-89-51-98-0,360.9765703831448,seed604_lns_start34_late_best_rm8_tw8
0-70-69-90-99-9-58-74-86-83-64-0,361.32409799484003,seed602_lns_start89_mixed_best_rm6_tw12
0-80-50-62-85-76-89-51-20-83-96-0,361.4502162570308,seed606_lns_start20_random_regret_rm6_tw15
0-88-98-69-99-53-10-74-86-65-80-91-0,361.81485630443706,seed605_lns_start12_late_random_best_rm6_tw8_guarded
0-92-94-62-50-67-84-85-63-89-64-80-0,363.01876323726276,seed607_lns_start63_late_regret_rm6_tw12
0-83-22-20-76-51-84-85-63-89-50-0,363.55263635039364,seed701_explore_guarded
0-80-56-95-67-94-96-54-81-55-70-61-41-0,363.6351224989627,seed603_lns_start19_mixed_random_best_rm6_tw12_guarded
0-70-90-69-53-10-9-74-58-86-65-0,364.14650461394797,seed701_explore_lns_start88_late_best_rm15_tw6
0-68-88-69-99-53-60-6-4-46-61-81-0,364.5680667054936,seed701_explore_lns_start34_random_best_rm15_tw10
0-81-96-54-72-41-61-70-55-66-64-56-91-0,365.0531357555648,seed602_lns_start19_mixed_best_rm6_tw12_guarded
0-91-95-62-33-32-30-28-26-27-29-31-34-71-0,365.5195076638407,seed701_explore_lns_start20_late_best_rm20_tw12
0-50-62-85-63-76-89-51-20-83-66-80-0,365.776249503082,seed604_lns_start19_random_best_rm8_tw10_guarded
0-65-69-98-88-53-14-10-74-86-80-96-0,366.2909684815945,seed604_lns_start14_random_best_rm8_tw8
0-60-78-14-11-10-12-53-98-88-81-72-0,366.4475513979455,seed701_explore_lns_start43_mixed_regret_rm15_tw10
0-66-64-56-67-84-96-81-54-41-61-70-0,366.77607828648127,seed608_lns_start14_random_random_best_rm8_tw15_guarded
0-70-69-10-9-87-75-58-86-83-90-0,367.0795224732606,seed606_lns_start88_late_regret_rm8_tw12
0-24-22-49-19-23-21-18-48-77-25-93-0,367.43428540327716,seed701_explore_lns_start57_late_random_best_rm15_tw15
0-65-57-20-49-23-21-48-19-77-58-75-0,367.46129229000064,seed601_lns_start43_late_best_rm4_tw8
0-16-15-11-9-87-59-75-58-74-57-0,367.5234952498741,seed605_lns_start14_random_best_rm5_tw8
0-64-51-89-76-63-85-84-95-56-91-80-96-0,367.9240025712019,seed608_lns_start32_late_random_best_rm8_tw10_guarded
0-60-15-11-9-53-12-16-13-10-82-90-0,368.2264099707115,seed701_explore_lns_start34_late_best_rm15_tw10
0-54-72-71-34-31-29-27-26-28-30-32-33-0,369.4469255471887,seed602_lns_start26_random_best_rm8_tw6
0-17-16-15-97-87-13-47-14-12-78-98-0,369.6651452632117,seed602_lns_start60_late_regret_rm5_tw6
0-2-46-6-7-79-8-45-4-55-72-0,370.39522946765004,seed701_explore_lns_start22_random_random_best_rm25_tw8
0-81-54-96-94-67-84-56-55-70-61-41-0,370.44776682643237,seed603_lns_start19_mixed_random_best_rm8_tw6_guarded
0-91-50-62-85-76-89-51-20-83-96-0,371.0260524691405,seed601_lns_start20_mixed_regret_rm5_tw15
0-68-81-96-67-95-84-64-56-91-80-61-41-0,371.8602380910559,seed606_lns_start27_mixed_best_rm6_tw6_guarded
0-81-54-96-94-67-56-64-55-70-61-41-0,372.2997891116248,seed603_lns_start19_mixed_random_best_rm6_tw12
0-75-97-59-87-9-13-14-12-10-83-0,372.469724268788,seed701_explore_lns_start89_mixed_best_rm20_tw10
0-91-56-66-82-99-9-74-58-10-12-0,374.3073795470761,seed701_explore_lns_start0_late_regret_rm10_tw15
0-91-56-83-86-99-55-70-61-41-72-0,374.37417540735504,seed601_lns_start6_random_random_best_rm6_tw15
0-91-56-57-86-99-55-70-61-41-72-0,374.7245206151819,seed701_explore_lns_start7_late_regret_rm10_tw8
0-92-69-99-9-87-59-58-74-83-91-0,374.80986917094356,seed607_lns_start25_late_regret_rm6_tw10
0-80-91-56-86-99-55-70-61-41-72-0,375.28392387479437,seed701_explore_lns_start5_random_random_best_rm15_tw10
0-91-56-65-99-82-53-7-4-6-2-100-61-0,375.43682535810836,seed701_explore_lns_start35_random_random_best_rm25_tw15
0-64-57-20-49-19-18-48-21-77-58-75-0,375.61074966752216,seed701_explore_lns_start45_mixed_random_best_rm10_tw8
0-90-69-10-9-99-86-74-58-83-64-0,375.69494977072935,seed604_lns_start88_random_best_rm6_tw6
0-90-57-20-49-19-23-21-48-77-58-75-0,376.00672486713734,seed604_lns_start43_mixed_random_best_rm5_tw8
0-91-56-66-86-99-55-70-61-41-72-0,376.3817210430926,seed601_lns_start6_late_regret_rm6_tw6
0-83-42-44-38-37-35-36-40-43-39-93-0,376.5117014063385,seed608_lns_start6_mixed_regret_rm8_tw12
0-60-78-73-79-17-47-14-12-13-97-0,377.24599616151164,seed601_lns_start12_random_regret_rm5_tw15
0-80-92-62-67-94-96-81-68-55-2-41-0,377.94921967296574,seed603_lns_start88_random_random_best_rm5_tw15_guarded
0-60-15-11-9-53-10-13-16-12-98-90-0,378.19931659261835,seed701_explore_guarded
0-80-94-62-50-76-89-63-85-51-20-83-0,378.5815268068187,seed608_lns_start14_random_random_best_rm8_tw15_guarded
0-52-24-49-19-23-21-48-18-25-77-66-91-0,379.11917624538154,seed601_lns_start21_mixed_random_best_rm8_tw12_guarded
0-64-42-44-38-37-35-36-40-43-39-93-0,379.71902790438764,seed606_lns_start19_random_random_best_rm5_tw12
0-91-92-62-50-95-84-64-74-86-52-65-66-0,380.70485237561115,seed607_lns_start44_mixed_best_rm8_tw6
0-88-60-78-73-11-14-47-17-16-13-56-0,380.7331828569978,seed701_explore_lns_start0_late_random_best_rm15_tw15
0-91-50-62-85-76-89-63-51-20-64-66-0,380.85053546681115,seed603_lns_start19_mixed_random_best_rm8_tw6_guarded
0-70-60-78-79-73-17-47-14-13-97-0,380.8562253278055,seed601_lns_start20_mixed_regret_rm5_tw15_guarded
0-51-24-22-23-48-18-21-49-25-77-52-0,380.9728475864571,seed602_lns_start21_random_regret_rm6_tw6
0-88-60-69-98-53-59-13-10-82-65-80-0,381.09318595858383,seed701_explore_lns_start7_late_random_best_rm15_tw10
0-14-47-17-15-9-87-59-97-13-16-73-0,381.35305367704404,seed601_lns_start45_random_random_best_rm8_tw15
0-57-24-20-49-23-21-48-19-77-58-75-0,382.0192769049935,seed605_lns_start44_random_best_rm6_tw15
0-80-92-62-50-67-94-96-54-55-70-41-0,382.7776285578574,seed701_explore_lns_start36_late_random_best_rm20_tw8
0-92-90-69-99-57-86-87-74-83-66-91-0,383.8785976388185,seed701_explore_lns_start32_late_regret_rm25_tw12
0-20-89-76-63-85-84-51-64-83-65-90-0,384.3060313973133,seed604_lns_start34_late_best_rm8_tw8_guarded
0-65-59-75-97-87-74-13-47-14-12-0,384.348730251986,seed607_lns_start89_mixed_random_best_rm8_tw6
0-96-93-71-34-31-29-27-26-28-30-32-33-95-0,384.8426622086051,seed701_explore_lns_start62_late_best_rm25_tw15
0-68-60-78-79-73-17-47-12-13-97-0,385.3250824868552,seed607_lns_start19_random_random_best_rm8_tw15
0-81-54-96-94-91-56-84-55-70-61-41-0,385.71258765197956,seed607_lns_start19_random_best_rm6_tw12
0-14-47-17-16-15-9-87-13-97-59-83-0,385.8427463367224,seed601_lns_start43_mixed_random_best_rm8_tw6
0-91-66-65-57-87-59-97-75-74-10-0,386.0734449836954,seed603_lns_start34_late_regret_rm8_tw8
0-81-54-94-67-84-56-91-55-70-61-41-0,386.83395911388186,seed602_lns_start19_random_best_rm6_tw15
0-68-98-12-10-9-99-74-58-82-80-0,387.2354046281656,seed701_explore_lns_start72_late_regret_rm15_tw10
0-91-66-65-57-87-59-97-75-13-10-0,387.27451657901497,seed701_explore_lns_start36_mixed_regret_rm20_tw15
0-83-57-20-49-23-21-48-19-77-58-75-0,387.3090103025611,seed601_lns_start45_random_random_best_rm8_tw15
0-88-98-69-99-53-14-10-74-86-65-80-0,388.35416545621416,seed601_lns_start13_random_random_best_rm5_tw6
0-64-56-95-67-96-54-81-68-55-70-61-41-0,389.00072334612526,seed604_lns_start13_mixed_best_rm6_tw10_guarded
0-68-81-54-96-67-56-65-55-70-61-41-0,389.44054249969633,seed604_lns_start12_mixed_random_best_rm6_tw15
0-60-78-73-79-12-47-17-16-13-97-0,389.56772657179835,seed602_lns_start13_random_best_rm6_tw8
0-81-54-96-67-84-56-80-55-70-61-41-0,390.1356423679001,seed608_lns_start14_mixed_random_best_rm8_tw6_guarded
0-91-20-51-76-89-85-50-96-41-0,390.2103450347734,seed604_lns_start20_random_random_best_rm8_tw6
0-82-17-16-15-53-88-6-4-46-41-0,390.21910410624423,seed701_explore_lns_start88_random_best_rm15_tw10
0-90-68-69-99-79-70-81-96-56-0,390.9213577856838,seed602_lns_start44_random_random_best_rm4_tw12
0-80-95-62-33-32-30-28-26-27-29-31-34-54-0,391.84648370479897,seed603_lns_start20_random_regret_rm8_tw6_guarded
0-96-93-71-72-44-41-61-70-55-68-81-54-0,392.606397591998,seed602_lns_start24_late_random_best_rm5_tw6
0-60-12-14-15-47-17-16-13-59-97-75-0,393.42566110274663,seed701_explore_lns_start39_late_random_best_rm25_tw12
0-50-62-51-76-89-20-64-56-66-98-0,393.4415376875524,seed701_explore_lns_start56_mixed_best_rm20_tw12
0-82-98-69-60-53-10-59-74-65-80-91-0,393.9328431539634,seed602_lns_start7_random_random_best_rm8_tw12
0-17-16-15-11-53-79-6-46-45-88-0,395.54785446338394,seed701_explore_lns_start59_random_random_best_rm20_tw8
0-52-24-22-49-19-23-21-48-18-77-51-0,396.0089882827964,seed701_explore_lns_start12_random_regret_rm15_tw10
0-68-88-69-98-53-99-86-74-10-65-91-0,397.02836109053413,seed601_lns_start21_mixed_regret_rm8_tw15
0-80-95-62-34-31-29-27-26-28-30-32-33-63-0,398.6560293791306,seed701_explore_lns_start21_late_best_rm15_tw12
0-91-95-33-32-30-28-26-27-29-31-34-71-54-0,399.36498778377535,seed601_lns_start89_late_regret_rm6_tw8
0-68-81-96-67-95-84-56-55-70-61-41-0,401.18276808571875,seed605_lns_start26_late_regret_rm6_tw10_guarded
0-96-50-62-76-89-63-85-51-83-66-91-0,401.65664202266794,seed601_lns_start21_mixed_random_best_rm4_tw10_guarded
0-66-57-20-49-19-23-21-48-77-58-75-0,401.8480203231568,seed602_lns_start45_late_random_best_rm8_tw12
0-96-54-68-69-53-11-10-74-82-90-0,402.37615588759473,seed701_explore_lns_start38_late_regret_rm15_tw15
0-91-92-95-62-50-67-84-64-74-86-52-65-0,402.6295313432912,seed701_explore_lns_start43_late_random_best_rm15_tw15
0-60-78-73-79-17-47-13-97-20-0,403.1406920634598,seed602_lns_start12_random_random_best_rm6_tw6
0-94-50-62-85-76-89-51-20-64-83-66-0,403.8167125724507,seed606_lns_start14_random_regret_rm6_tw12
0-80-92-95-62-67-94-96-81-55-70-41-54-0,403.8731061198722,seed601_lns_start35_late_random_best_rm4_tw10
0-66-69-99-79-70-68-81-96-94-0,404.00470312713804,seed701_explore_guarded
0-80-51-63-76-89-18-25-77-24-22-0,405.2972341650999,seed701_explore_lns_start45_mixed_random_best_rm15_tw8
0-92-95-62-34-31-29-27-26-28-30-32-33-81-0,407.59654103966045,seed701_explore_lns_start49_random_regret_rm20_tw15
0-83-57-52-86-87-59-97-75-65-90-100-0,408.04986518912887,seed701_explore_lns_start1_mixed_best_rm25_tw15
0-65-66-83-57-99-52-86-74-58-77-75-0,408.8432254245439,seed701_explore_lns_start39_late_regret_rm15_tw8
0-94-50-62-85-63-76-89-51-20-83-66-0,409.1830957736289,seed601_lns_start12_random_best_rm5_tw10
0-50-62-85-63-76-89-20-94-96-80-0,411.59273225223785,seed701_explore_lns_start12_random_regret_rm15_tw8
0-81-68-69-98-53-99-86-74-10-14-65-0,412.9514008088005,seed608_lns_start21_random_regret_rm6_tw12
0-68-88-69-98-53-99-86-74-10-12-66-0,413.7283402976742,seed607_lns_start20_random_random_best_rm4_tw15_guarded
0-73-15-11-9-87-97-75-58-25-0,413.75543562485876,seed701_explore_lns_start5_mixed_regret_rm15_tw10
0-68-61-81-54-67-84-56-55-70-41-0,413.8356130994361,seed601_lns_start12_mixed_regret_rm6_tw10
0-88-60-69-98-82-53-10-59-57-65-66-0,414.0182228021447,seed701_explore_lns_start7_late_regret_rm15_tw12
0-80-68-69-98-53-99-86-74-10-14-65-0,414.07085793881265,seed601_lns_start21_random_best_rm8_tw8
0-68-88-69-98-53-99-86-74-10-14-65-0,414.992727147813,seed601_lns_start20_mixed_regret_rm5_tw15
0-60-69-99-10-9-58-86-57-83-90-0,415.39195848519125,seed602_lns_start59_random_best_rm5_tw12
0-80-50-62-85-76-89-63-51-83-66-96-0,415.44608027338995,seed604_lns_start19_random_best_rm8_tw10
0-14-47-17-16-15-97-75-77-57-52-65-0,416.0577206985024,seed602_lns_start24_late_random_best_rm5_tw6
0-88-98-69-99-53-14-10-74-86-57-80-0,417.0634160371606,seed701_explore_lns_start13_late_random_best_rm20_tw6
0-60-78-73-79-17-47-12-13-59-97-0,417.86022675332873,seed601_lns_start14_random_random_best_rm6_tw10
0-65-66-83-57-99-52-86-75-58-77-24-0,418.1676730238887,seed604_lns_start42_late_regret_rm8_tw6
0-81-54-96-67-56-64-91-55-70-61-41-0,418.5293144267673,seed701_explore_lns_start20_random_random_best_rm10_tw15
0-96-94-50-62-85-76-89-63-51-83-66-0,420.2139634446223,seed602_lns_start14_random_best_rm8_tw6
0-80-92-95-33-32-30-28-26-27-29-31-34-72-0,420.8385164057183,seed701_explore_lns_start20_late_best_rm25_tw6
0-94-91-56-64-84-67-96-54-41-61-70-0,421.17080881189815,seed602_lns_start21_random_random_best_rm6_tw8_guarded
0-66-65-69-98-53-14-10-9-74-86-80-0,421.31705564363847,seed701_explore_lns_start27_random_best_rm15_tw8
0-82-52-24-23-21-48-18-19-49-25-77-58-0,421.40696441910023,seed701_explore_guarded
0-92-95-85-33-32-30-28-26-27-29-31-34-94-0,421.6385331927536,seed701_explore_guarded
0-91-92-56-86-99-55-70-61-41-72-0,422.2781014413369,seed608_lns_start6_mixed_regret_rm8_tw12
0-14-47-17-16-15-9-59-97-75-58-77-0,422.71507941266657,seed601_lns_start31_late_regret_rm8_tw6
0-81-69-98-88-53-99-86-74-10-14-65-0,424.72177950621744,seed607_lns_start19_random_random_best_rm8_tw15
0-91-85-63-89-76-51-84-56-64-83-86-0,425.06119592408015,seed701_explore_lns_start25_late_regret_rm10_tw12
0-70-60-78-79-73-17-47-12-13-97-0,425.5802099436425,seed601_lns_start20_mixed_regret_rm5_tw15
0-60-78-73-79-17-47-14-13-97-83-0,426.04540540128994,seed603_lns_start19_mixed_random_best_rm8_tw6_guarded
0-83-75-97-59-87-13-17-47-14-12-78-0,426.1305139331566,seed604_lns_start89_mixed_best_rm8_tw6
0-65-15-11-9-87-97-75-58-52-81-0,426.6312807628407,seed701_explore_lns_start5_late_best_rm15_tw6
0-60-78-73-79-17-47-14-13-97-66-0,426.72323703966515,seed605_lns_start20_random_random_best_rm3_tw8_guarded
0-88-60-78-73-15-16-17-47-14-13-65-56-0,426.8516859974876,seed701_explore_lns_start3_late_regret_rm15_tw15
0-65-82-69-99-86-87-59-75-58-52-56-0,429.10431350485965,seed607_lns_start60_late_random_best_rm8_tw15
0-81-54-94-91-56-84-64-55-70-61-41-0,430.33981726853665,seed606_lns_start19_mixed_random_best_rm6_tw12
0-68-88-69-98-53-99-86-74-97-20-0,430.88946844469694,seed601_lns_start21_mixed_random_best_rm4_tw10_guarded
0-68-88-69-98-53-99-86-10-14-65-80-0,431.28327589959,seed606_lns_start26_mixed_regret_rm8_tw10
0-82-98-69-88-53-99-86-10-14-65-80-0,431.59868519102616,seed605_lns_start14_random_best_rm5_tw8
0-68-81-54-96-67-84-56-55-70-61-41-0,432.14924842645024,seed608_lns_start14_mixed_random_best_rm8_tw6
0-60-78-73-79-17-47-12-13-97-65-0,432.52836525187485,seed607_lns_start14_random_random_best_rm8_tw10
0-80-60-78-79-73-17-47-12-13-97-0,433.0813435882602,seed603_lns_start20_random_regret_rm6_tw10
0-80-92-94-95-62-67-96-54-55-100-70-41-0,433.3540218530346,seed602_lns_start35_late_random_best_rm8_tw10
0-90-56-99-79-2-70-68-96-94-0,433.51880190001253,seed701_explore_lns_start43_mixed_regret_rm15_tw10
0-96-94-62-50-85-76-89-51-20-83-66-0,434.70177370242635,seed601_lns_start19_late_best_rm4_tw6_guarded
0-70-1-3-5-45-8-79-73-78-17-14-52-0,434.93917034270135,seed701_explore_lns_start49_late_best_rm20_tw12
0-68-81-54-96-67-56-64-55-70-61-41-0,435.58871838466405,seed604_lns_start13_mixed_best_rm6_tw10
0-50-89-76-63-85-84-51-20-83-66-0,436.7659520163493,seed603_lns_start88_random_random_best_rm5_tw15_guarded
0-80-91-92-95-62-67-94-96-54-55-68-61-41-0,437.7823282852987,seed602_lns_start36_late_best_rm8_tw8_guarded
0-91-92-95-62-50-67-84-64-22-86-52-65-0,437.8393537959073,seed701_explore_lns_start44_late_regret_rm15_tw15
0-90-10-15-11-53-9-86-74-58-64-0,438.0688562865254,seed701_explore_lns_start49_late_best_rm20_tw15
0-91-94-62-50-85-76-89-51-20-83-66-0,438.3662003841416,seed605_lns_start26_late_regret_rm6_tw10_guarded
0-92-94-62-50-67-95-84-64-86-52-65-66-0,438.64562006224673,seed701_explore_lns_start44_mixed_best_rm25_tw15
0-92-69-99-9-87-59-74-83-66-91-94-0,439.5520902869257,seed701_explore_lns_start25_mixed_best_rm15_tw15
0-91-92-95-62-50-67-84-64-74-86-52-66-0,439.7423912760918,seed606_lns_start43_mixed_best_rm8_tw6
0-2-78-73-79-8-7-45-5-3-1-54-0,439.895968097524,seed605_lns_start58_random_best_rm6_tw8
0-51-62-50-76-89-20-83-66-96-0,439.92277104275547,seed601_lns_start19_mixed_random_best_rm6_tw8
0-68-88-69-98-53-99-86-74-97-65-66-0,440.0885368917691,seed605_lns_start20_random_best_rm8_tw10_guarded
0-2-78-73-79-8-7-46-45-5-1-54-0,440.63766688065914,seed701_explore_lns_start59_mixed_regret_rm20_tw6
0-88-60-69-98-53-82-57-86-74-59-10-0,440.92453007054917,seed701_explore_lns_start5_late_best_rm15_tw6
0-65-66-64-57-52-87-59-74-97-13-10-0,441.22276658818976,seed701_explore_lns_start34_random_best_rm15_tw10
0-66-69-98-88-53-99-86-10-14-65-80-0,441.9794405685253,seed604_lns_start14_random_regret_rm4_tw15
0-52-57-20-49-19-23-21-48-77-58-75-0,442.6268339231771,seed701_explore_lns_start44_mixed_random_best_rm10_tw15
0-24-18-23-76-48-21-25-19-49-20-82-0,442.65809689546546,seed701_explore_lns_start39_late_regret_rm15_tw8
0-60-78-73-79-17-47-13-97-19-0,443.13673457616886,seed606_lns_start26_random_random_best_rm6_tw8
0-70-69-99-10-9-86-74-58-64-90-0,443.4105842164517,seed603_lns_start88_random_random_best_rm4_tw12
0-80-92-95-62-67-94-96-54-41-70-55-88-0,443.6791476184577,seed603_lns_start35_mixed_best_rm6_tw6
0-66-83-20-51-84-76-89-85-50-94-0,444.5051185451133,seed701_explore_lns_start27_random_best_rm15_tw8
0-12-14-47-87-59-97-75-74-86-65-56-0,445.91517708472315,seed601_lns_start88_random_regret_rm8_tw6
0-60-14-11-15-47-17-16-13-73-78-56-0,445.9285199003634,seed701_explore_lns_start4_late_regret_rm20_tw8
0-65-66-57-59-87-97-75-58-13-10-0,446.3150153106567,seed602_lns_start35_late_regret_rm8_tw6_guarded
0-68-81-54-67-84-56-80-55-70-61-41-0,446.5151367300785,seed601_lns_start13_random_best_rm6_tw8_guarded
0-91-64-56-95-67-96-54-81-55-70-61-41-0,446.5187782813042,seed701_explore_guarded
0-66-90-69-99-79-70-68-81-96-94-0,446.66005249049954,seed701_explore_lns_start44_late_regret_rm15_tw15
0-1-3-5-45-8-79-73-78-17-47-14-86-0,446.87916630994295,seed701_explore_lns_start36_mixed_regret_rm20_tw15
0-70-69-90-99-10-86-74-58-83-64-0,447.41150948173527,seed602_lns_start89_mixed_regret_rm4_tw6
0-68-69-82-99-52-59-75-58-86-65-56-0,447.5280161270949,seed602_lns_start60_late_regret_rm5_tw6
0-80-91-92-95-62-67-94-96-55-68-81-54-41-0,447.85798766562084,seed605_lns_start36_late_random_best_rm8_tw15_guarded
0-83-11-15-9-87-97-75-58-74-52-0,448.23453259659686,seed701_explore_lns_start7_late_random_best_rm15_tw10
0-68-88-69-98-53-99-86-74-97-65-80-0,448.95558558588084,seed601_lns_start19_late_best_rm4_tw6_guarded
0-90-70-69-53-99-86-74-58-64-56-0,450.2036320101748,seed701_explore_lns_start89_mixed_best_rm20_tw10
0-80-91-92-95-62-67-94-96-54-55-100-70-41-0,450.66684423836455,seed604_lns_start36_late_regret_rm8_tw10_guarded
0-91-66-57-87-97-75-58-59-13-10-0,452.6385514901966,seed604_lns_start34_late_best_rm8_tw8_guarded
0-96-94-62-50-76-89-63-85-51-20-66-0,452.68071857731536,seed608_lns_start13_random_random_best_rm6_tw15_guarded
0-70-69-90-99-9-10-13-58-86-83-0,453.2400155797546,seed602_lns_start88_random_best_rm8_tw8
0-68-88-69-98-53-99-86-74-10-65-64-0,453.6022946398301,seed602_lns_start19_random_best_rm6_tw15
0-88-17-16-15-11-53-6-4-46-73-0,453.9970142354614,seed701_explore_lns_start57_late_random_best_rm15_tw15
0-96-94-62-50-76-89-63-85-51-20-64-0,455.1782428616302,seed606_lns_start14_random_regret_rm6_tw6_guarded
0-90-65-83-52-86-87-59-97-75-58-77-56-0,455.43711753578293,seed701_explore_lns_start2_late_best_rm25_tw6
0-91-95-33-32-30-28-26-27-29-31-34-71-72-0,455.92018581975367,seed601_lns_start13_random_best_rm6_tw8
0-66-57-52-86-87-59-75-97-13-16-65-0,456.1677342697109,seed701_explore_lns_start73_mixed_random_best_rm15_tw12
0-1-3-5-45-8-79-73-78-17-47-14-61-0,456.732284130329,seed701_explore_lns_start34_random_random_best_rm20_tw6
0-90-68-69-79-53-55-70-42-41-61-0,457.199212514283,seed701_explore_lns_start3_late_regret_rm15_tw15
0-96-94-62-50-76-89-63-85-51-20-83-0,458.0600713094463,seed601_lns_start13_random_random_best_rm8_tw10_guarded
0-20-51-76-89-84-85-63-50-98-0,458.0806652720669,seed701_explore_lns_start88_random_random_best_rm10_tw15
0-57-20-49-19-23-21-48-77-58-75-59-0,459.69685987958417,seed701_explore_lns_start43_random_regret_rm10_tw15
0-91-50-62-85-76-89-51-56-83-66-96-0,460.5695452012102,seed608_lns_start21_mixed_random_best_rm8_tw12
0-60-78-73-79-17-47-12-13-97-57-0,460.662528327281,seed601_lns_start19_late_regret_rm8_tw15
0-70-69-99-10-9-58-74-83-64-56-0,460.72704566736434,seed701_explore_lns_start88_mixed_random_best_rm10_tw8
0-80-95-33-32-30-28-26-27-29-31-34-71-72-0,461.4513908120889,seed601_lns_start19_random_random_best_rm6_tw10
0-92-95-63-33-32-30-28-26-27-29-31-34-94-0,461.6851051375985,seed701_explore_lns_start2_late_best_rm25_tw6
0-56-50-62-85-76-89-51-20-64-83-66-0,461.9772395533746,seed605_lns_start19_random_random_best_rm5_tw12_guarded
0-41-54-94-67-84-56-55-70-61-81-0,462.6061225674914,seed603_lns_start19_mixed_random_best_rm8_tw6
0-80-50-62-85-76-89-51-20-83-66-96-0,463.1956853398301,seed608_lns_start20_random_best_rm3_tw12
0-66-83-20-49-48-23-21-19-77-58-74-57-0,463.20027488696223,seed701_explore_lns_start46_late_random_best_rm10_tw12
0-12-78-60-79-73-17-47-13-97-66-0,463.6961086823744,seed701_explore_lns_start27_random_random_best_rm10_tw15
0-92-50-62-85-76-89-51-20-83-66-96-0,463.83653319977043,seed603_lns_start20_mixed_best_rm4_tw12
0-80-91-66-99-9-12-10-74-57-82-100-0,464.9630440457487,seed701_explore_lns_start2_late_best_rm25_tw6
0-66-15-11-9-87-97-75-58-52-81-0,465.06996870203085,seed603_lns_start5_late_random_best_rm8_tw10
0-92-69-99-9-87-59-83-66-91-80-94-0,465.69029778534934,seed701_explore_lns_start22_random_random_best_rm25_tw8
0-60-78-73-79-47-17-16-13-97-64-0,466.59307554854183,seed602_lns_start26_late_random_best_rm6_tw12_guarded
0-92-95-33-32-30-28-26-27-29-31-34-71-72-0,466.6985787294258,seed601_lns_start20_mixed_regret_rm5_tw15_guarded
0-90-66-83-52-86-87-59-97-75-77-57-56-0,466.710911235308,seed701_explore_lns_start72_late_regret_rm15_tw10
0-96-94-93-71-72-54-81-61-68-55-100-70-5-0,467.37700948159477,seed701_explore_lns_start31_late_best_rm10_tw10
0-68-88-69-98-53-99-86-10-14-65-91-0,467.4569388124863,seed701_explore_lns_start19_late_regret_rm10_tw12
0-85-50-62-51-76-89-20-22-83-66-0,467.5405680708377,seed604_lns_start19_random_best_rm5_tw8
0-81-54-96-56-64-84-91-55-70-61-41-0,468.1600629796473,seed602_lns_start20_mixed_best_rm6_tw6
0-68-96-94-62-67-84-76-89-51-64-0,468.3309613298605,seed701_explore_lns_start74_late_regret_rm15_tw6
0-96-50-62-85-76-89-51-20-83-66-91-0,469.693485326903,seed603_lns_start20_mixed_random_best_rm8_tw6
0-1-3-5-45-8-7-79-73-60-82-66-56-0,469.8125869291864,seed604_lns_start89_mixed_best_rm8_tw6
0-65-57-59-87-97-75-58-13-10-98-0,469.89221538736933,seed604_lns_start35_mixed_best_rm8_tw6_guarded
0-60-78-73-79-17-47-12-13-97-83-0,470.76939001712697,seed602_lns_start12_mixed_random_best_rm8_tw6
0-81-54-96-93-71-72-41-55-5-70-68-0,472.6153714287466,seed701_explore_lns_start23_random_best_rm25_tw8
0-88-98-69-99-14-10-74-86-65-80-61-0,473.0908663679104,seed701_explore_lns_start13_random_random_best_rm10_tw12
0-68-88-69-98-53-99-86-74-10-14-66-0,474.1013483144824,seed701_explore_lns_start20_random_regret_rm10_tw8
0-50-62-85-63-76-89-51-20-83-66-81-0,475.87417982788577,seed602_lns_start21_random_random_best_rm6_tw8_guarded
0-70-69-90-99-9-10-58-86-83-64-0,477.15223160917515,seed601_lns_start88_late_best_rm5_tw15
0-97-23-21-48-18-25-22-49-89-0,479.27730275638044,seed701_explore_lns_start32_late_regret_rm25_tw12
0-94-50-62-85-76-89-51-20-83-66-95-0,479.90904942282475,seed701_explore_lns_start14_mixed_random_best_rm15_tw10
0-90-88-60-73-78-53-98-55-12-10-82-80-0,481.4055436350423,seed701_explore_lns_start23_late_regret_rm10_tw12
0-64-56-92-67-84-68-55-70-61-81-54-0,482.49966596376544,seed701_explore_lns_start13_random_best_rm20_tw8
0-91-94-62-34-31-29-27-26-28-30-32-33-63-0,483.17979769295505,seed701_explore_lns_start12_late_best_rm20_tw8
0-92-69-99-9-87-59-58-74-66-94-0,483.8599087923581,seed701_explore_lns_start25_late_regret_rm10_tw12
0-60-78-73-79-17-47-14-13-97-64-0,484.1876106402657,seed601_lns_start19_late_best_rm6_tw10_guarded
0-91-95-63-33-32-30-28-26-27-29-31-34-71-0,484.2049363120496,seed601_lns_start13_random_random_best_rm5_tw6
0-65-52-24-23-49-19-18-48-21-25-77-51-0,484.391545501407,seed701_explore_lns_start89_mixed_best_rm20_tw10
0-96-69-99-86-87-13-74-57-83-66-91-0,485.20054389072186,seed602_lns_start33_mixed_regret_rm5_tw6
0-54-68-79-73-78-12-14-47-17-16-13-0,485.5524629748965,seed601_lns_start6_late_regret_rm8_tw10
0-61-60-78-79-73-17-47-12-13-97-0,485.986088573924,seed604_lns_start19_mixed_random_best_rm5_tw10
0-50-62-67-34-31-29-27-26-28-30-32-33-0,486.1694950632811,seed701_explore_lns_start32_late_regret_rm25_tw12
0-96-50-62-85-76-89-51-20-64-83-66-0,486.34123766065755,seed606_lns_start19_random_best_rm5_tw8
0-96-54-81-69-53-9-10-64-56-90-68-0,487.02987944650863,seed701_explore_lns_start39_late_regret_rm15_tw8
0-80-91-92-95-62-67-94-96-54-55-70-61-41-0,488.14408752798875,seed602_lns_start35_late_regret_rm8_tw6_guarded
0-98-60-78-73-79-17-47-13-97-57-83-0,488.62044515269474,seed701_explore_guarded
0-80-92-62-67-94-96-54-55-6-70-41-0,488.67006798230375,seed701_explore_lns_start36_random_random_best_rm20_tw15
0-80-92-95-62-50-67-94-96-54-41-70-55-0,489.1811443907933,seed603_lns_start34_late_regret_rm8_tw8
0-60-73-78-12-11-10-53-55-100-88-98-82-0,489.48992963311554,seed601_lns_start43_mixed_random_best_rm8_tw6
0-98-12-16-10-9-99-74-22-82-80-0,489.6278564418121,seed701_explore_lns_start74_random_best_rm15_tw6
0-95-50-62-85-76-89-51-20-83-66-96-0,489.6706894906806,seed701_explore_lns_start20_mixed_regret_rm15_tw8
0-81-54-96-67-84-56-64-55-70-61-41-0,490.4038363486355,seed606_lns_start19_mixed_regret_rm8_tw15_guarded
0-81-54-94-67-84-56-64-55-70-61-41-0,490.78890586652483,seed601_lns_start21_mixed_random_best_rm4_tw10
0-91-56-95-33-32-30-28-26-27-29-31-34-72-0,490.80886501433764,seed605_lns_start12_random_regret_rm8_tw15
0-86-75-97-59-87-13-47-14-12-65-56-0,491.56274531100155,seed603_lns_start88_random_best_rm4_tw12
0-80-95-63-33-32-30-28-26-27-29-31-34-71-0,492.2890051470006,seed601_lns_start19_late_best_rm6_tw10
0-56-69-99-79-70-68-81-96-94-0,492.83357953985484,seed601_lns_start43_mixed_random_best_rm8_tw6
0-80-51-85-63-76-89-18-25-24-22-93-0,492.9954495197478,seed601_lns_start45_random_random_best_rm8_tw15
0-94-95-62-34-31-29-27-26-28-30-32-33-81-0,493.1647862086078,seed701_explore_lns_start49_late_best_rm20_tw12
0-91-92-50-62-67-95-84-74-86-52-65-66-0,493.93877480004426,seed603_lns_start43_mixed_random_best_rm4_tw6
0-50-62-85-63-76-89-51-20-83-66-96-0,494.21033338446057,seed601_lns_start19_random_random_best_rm6_tw10_guarded
0-81-54-96-94-67-84-64-56-91-55-70-61-0,494.6417317598385,seed601_lns_start21_random_regret_rm4_tw12_guarded
0-96-68-69-98-53-99-86-74-10-14-65-0,496.1946731926455,seed601_lns_start19_mixed_regret_rm6_tw8
0-96-94-62-67-50-76-89-51-20-83-0,496.43506281109,seed701_explore_lns_start13_mixed_regret_rm15_tw6
0-81-54-94-67-84-56-64-66-55-61-41-0,496.83371906311197,seed601_lns_start20_mixed_regret_rm5_tw15
0-56-64-51-76-63-85-84-20-19-24-95-80-0,498.09422569514845,seed701_explore_lns_start32_late_regret_rm25_tw12
0-68-69-88-79-53-55-70-42-41-54-0,498.3095799349378,seed701_explore_lns_start2_late_best_rm25_tw6
0-12-14-47-87-59-97-75-74-83-65-56-0,499.015028272516,seed604_lns_start89_random_best_rm6_tw10
0-96-71-34-31-29-27-26-28-30-32-33-63-85-0,499.33526136290146,seed602_lns_start59_random_best_rm5_tw12
0-50-62-85-84-51-76-89-20-83-66-0,499.5739660183384,seed603_lns_start19_mixed_random_best_rm6_tw12
0-92-95-63-33-32-30-28-26-27-29-31-34-71-0,499.9579721031083,seed601_lns_start19_late_best_rm6_tw10_guarded
0-80-91-66-82-99-9-10-12-59-58-77-0,501.25431808743036,seed701_explore_lns_start4_late_regret_rm20_tw8
0-91-66-82-99-10-9-74-58-77-75-0,501.37039985307484,seed701_explore_lns_start3_mixed_random_best_rm10_tw10
0-65-75-97-59-87-13-47-14-12-98-56-0,503.34888974652307,seed605_lns_start89_late_random_best_rm6_tw6_guarded
0-60-73-11-15-17-47-13-14-78-88-56-0,503.91446362887154,seed701_explore_lns_start1_late_regret_rm10_tw10
0-91-56-62-67-84-76-89-51-94-96-81-0,504.0206078673382,seed701_explore_lns_start73_mixed_random_best_rm15_tw12
0-81-60-73-79-78-12-47-17-13-97-0,504.4486370702691,seed701_explore_lns_start19_random_regret_rm10_tw15
0-51-85-63-76-89-23-25-24-22-80-0,505.30732940177245,seed701_explore_lns_start45_mixed_random_best_rm10_tw8
0-91-68-69-98-53-99-86-74-10-14-65-0,505.438881106556,seed607_lns_start20_mixed_regret_rm6_tw6
0-80-69-98-88-53-99-86-74-10-14-83-0,505.46850133582916,seed607_lns_start14_random_random_best_rm8_tw10
0-70-69-90-99-9-10-74-58-83-64-0,505.51411170939116,seed602_lns_start89_mixed_best_rm8_tw15
0-96-54-68-69-53-10-9-74-64-56-90-0,506.6769762906272,seed604_lns_start42_late_regret_rm8_tw6
0-80-92-95-62-67-94-96-54-55-2-70-41-0,507.13290922918725,seed601_lns_start35_mixed_random_best_rm8_tw6
0-80-91-92-95-62-67-94-96-54-81-55-70-41-0,507.5176992906528,seed602_lns_start35_late_random_best_rm8_tw10_guarded
0-82-16-15-11-9-99-87-59-58-57-0,508.0893985623649,seed604_lns_start14_random_best_rm8_tw8
0-70-88-69-98-53-99-86-74-10-14-65-0,509.52341356790754,seed606_lns_start27_mixed_best_rm6_tw6
0-88-98-69-99-53-14-10-74-86-64-80-0,510.1462045775077,seed604_lns_start12_mixed_random_best_rm6_tw15
0-66-57-52-99-86-87-59-97-75-77-25-0,511.298774209769,seed701_explore_lns_start74_late_regret_rm15_tw6
0-80-69-98-88-53-99-86-74-10-12-82-65-0,511.4278138329162,seed607_lns_start26_late_random_best_rm8_tw6_guarded
0-70-69-90-99-9-10-13-58-86-64-0,511.5408515461024,seed604_lns_start89_random_best_rm6_tw10
0-92-69-99-9-87-59-58-74-83-66-91-0,512.2100001775838,seed701_explore_lns_start23_late_regret_rm10_tw12
0-94-91-56-64-84-67-81-54-41-61-70-0,512.2808929764842,seed601_lns_start21_random_best_rm8_tw8
0-12-14-47-15-87-59-97-75-74-65-56-0,512.4935685534497,seed701_explore_lns_start88_random_best_rm10_tw15
0-96-50-62-67-76-89-85-51-83-66-0,512.9858694097911,seed606_lns_start19_mixed_random_best_rm6_tw12
0-66-69-98-99-53-14-10-74-86-65-80-0,513.2054664706993,seed603_lns_start27_random_best_rm5_tw6
0-51-20-49-19-23-21-48-77-58-75-57-0,513.5142490830777,seed606_lns_start46_random_best_rm8_tw10
0-60-78-73-79-17-47-12-13-97-58-0,513.636135263332,seed605_lns_start21_mixed_random_best_rm5_tw12
0-70-69-90-99-9-10-13-58-83-64-0,514.1756832251732,seed601_lns_start88_random_best_rm8_tw15
0-20-19-89-76-51-84-85-50-95-83-0,514.3459612586696,seed701_explore_lns_start36_mixed_regret_rm20_tw15
0-80-91-92-94-67-84-95-81-68-55-70-41-0,515.3440096889626,seed701_explore_lns_start57_late_random_best_rm15_tw15
0-81-54-96-94-67-91-55-70-61-41-35-0,515.5285767613072,seed604_lns_start20_mixed_regret_rm8_tw10
0-91-66-82-99-9-11-12-10-74-58-0,516.2157754469279,seed608_lns_start0_late_best_rm8_tw10
0-56-95-33-32-30-28-26-27-29-31-34-71-72-0,516.8623968398865,seed604_lns_start19_random_best_rm8_tw10_guarded
0-64-57-23-21-48-19-49-20-77-58-75-0,517.1801952852616,seed604_lns_start45_mixed_best_rm8_tw12
0-92-69-99-9-87-59-97-75-58-66-0,517.3960504152469,seed701_explore_lns_start24_late_random_best_rm20_tw6
0-65-66-57-59-87-97-75-74-13-10-0,517.5179941060604,seed604_lns_start35_mixed_best_rm8_tw6
0-94-50-62-85-84-76-89-51-20-83-0,517.7841133816084,seed701_explore_lns_start20_random_random_best_rm10_tw15
0-64-56-95-50-67-91-55-70-61-81-41-0,517.9133589380928,seed701_explore_lns_start27_mixed_regret_rm15_tw8
0-66-52-24-49-19-23-18-48-21-25-77-56-0,519.6105002096065,seed601_lns_start21_mixed_random_best_rm8_tw12
0-81-96-50-67-84-76-89-85-51-64-0,519.7874776223011,seed701_explore_lns_start3_late_regret_rm15_tw15
0-98-60-78-73-79-17-47-12-13-97-83-0,520.149673205898,seed605_lns_start13_random_random_best_rm6_tw10
0-95-50-33-32-30-28-26-27-29-31-34-63-85-0,521.5507173129804,seed701_explore_lns_start78_late_best_rm15_tw6
0-90-10-15-11-53-9-86-74-58-75-0,522.3358893434073,seed701_explore_lns_start49_late_best_rm20_tw12
0-12-14-47-87-59-97-75-58-74-65-56-0,522.7330632692205,seed603_lns_start88_random_random_best_rm5_tw15
0-88-60-73-78-53-11-13-10-12-98-82-90-0,522.9259192241342,seed701_explore_lns_start25_late_regret_rm10_tw12
0-86-59-75-97-87-13-17-47-14-12-56-0,523.4724720443407,seed602_lns_start89_mixed_best_rm8_tw15
0-80-92-95-62-33-32-30-28-26-27-29-31-34-71-0,523.9939002458113,seed603_lns_start20_random_regret_rm8_tw8_guarded
0-66-83-20-51-76-89-63-85-50-96-41-0,524.8999421492534,seed603_lns_start20_random_regret_rm8_tw8_guarded
0-68-61-81-67-95-84-56-91-55-70-41-0,526.5804714791411,seed602_lns_start26_late_random_best_rm6_tw12_guarded
0-96-94-71-72-54-81-61-68-55-70-3-5-0,528.5504455374385,seed701_explore_lns_start32_late_regret_rm10_tw8
0-60-78-73-79-17-47-12-13-97-64-0,528.9115952561027,seed601_lns_start19_random_random_best_rm6_tw12
0-78-60-6-79-73-17-47-12-13-97-0,529.6195187973999,seed701_explore_lns_start20_mixed_random_best_rm10_tw10
0-60-78-73-79-17-47-12-13-97-91-0,530.2975306206929,seed601_lns_start20_random_regret_rm5_tw10
0-90-65-57-20-49-19-23-21-48-77-58-75-0,532.6251841653255,seed604_lns_start46_mixed_best_rm8_tw6
0-92-81-54-41-43-61-70-55-66-64-56-0,533.5444456504774,seed701_explore_lns_start19_mixed_best_rm20_tw12
0-80-96-94-62-50-85-76-89-51-20-83-0,533.5558476361879,seed701_explore_lns_start14_mixed_random_best_rm10_tw10
0-85-50-62-51-76-89-20-64-83-66-0,533.5870120795412,seed607_lns_start19_random_random_best_rm8_tw15
0-81-61-44-1-8-46-4-45-5-3-100-70-68-0,533.650906576315,seed607_lns_start60_late_random_best_rm8_tw15
0-80-92-94-62-50-67-84-85-63-89-25-0,534.8271663725639,seed701_explore_lns_start62_late_best_rm25_tw15
0-96-50-62-85-63-76-89-51-20-64-83-0,534.8490552341971,seed601_lns_start20_random_regret_rm5_tw10_guarded
0-80-92-62-67-94-96-81-68-55-2-61-41-0,536.6445779596618,seed601_lns_start88_late_best_rm5_tw15
0-65-69-98-88-53-99-86-74-10-80-96-0,536.7279951391866,seed602_lns_start13_random_best_rm6_tw8
0-41-67-94-81-61-70-55-91-56-64-0,536.7960451957263,seed701_explore_lns_start20_mixed_regret_rm10_tw10
0-91-92-95-62-50-67-84-56-64-74-86-52-0,537.4513126575471,seed701_explore_lns_start46_late_best_rm15_tw15
0-91-56-86-99-82-70-55-61-41-72-0,539.5299480522222,seed602_lns_start5_random_random_best_rm4_tw12
0-91-92-95-62-50-67-84-56-64-74-86-65-0,543.9759760668353,seed701_explore_lns_start45_random_best_rm20_tw8
0-68-52-24-22-23-48-18-21-25-49-77-0,544.0934279485823,seed701_explore_lns_start36_mixed_regret_rm20_tw15
0-80-92-94-62-67-93-96-81-68-55-2-41-0,544.2632108561099,seed608_lns_start89_random_regret_rm4_tw6_guarded
0-73-17-15-16-47-14-9-13-97-59-83-0,544.5257820223986,seed701_explore_lns_start44_late_regret_rm15_tw15
0-80-91-92-71-67-96-54-55-60-100-41-0,546.6920171890305,seed701_explore_lns_start49_late_best_rm20_tw15
0-66-90-69-99-79-70-68-81-96-56-0,546.8268577875579,seed601_lns_start45_late_regret_rm8_tw8
0-66-57-86-59-87-97-75-13-10-46-0,546.8867837897005,seed701_explore_lns_start35_random_random_best_rm25_tw15
0-60-78-73-79-53-12-47-17-13-97-0,548.1266191967111,seed601_lns_start13_random_random_best_rm5_tw6
0-83-57-24-23-21-48-19-49-20-77-58-75-0,549.997012657964,seed608_lns_start44_mixed_best_rm8_tw12
0-80-91-92-94-67-62-84-63-89-51-22-95-0,550.1102561599287,seed604_lns_start42_late_regret_rm8_tw6
0-80-94-95-62-67-96-61-70-55-81-54-41-0,551.2084836225748,seed701_explore_lns_start35_random_best_rm25_tw15
0-65-66-83-57-99-52-86-87-58-77-25-24-0,552.2935009554759,seed701_explore_lns_start39_late_random_best_rm25_tw12
0-70-69-79-53-98-55-68-61-41-42-0,554.0516091421157,seed701_explore_lns_start4_mixed_best_rm25_tw10
0-82-16-15-11-99-87-59-75-58-57-0,554.2500980268101,seed701_explore_lns_start27_random_best_rm15_tw8
0-50-85-89-76-51-20-83-66-96-71-0,554.4301554367128,seed701_explore_lns_start19_random_best_rm10_tw6
0-94-93-71-72-41-44-70-55-68-61-81-54-96-0,555.0149211990174,seed607_lns_start25_late_regret_rm6_tw10
0-96-71-94-67-62-84-76-89-51-64-91-0,555.209475120699,seed701_explore_lns_start72_late_regret_rm15_tw10
0-66-92-62-50-67-95-84-64-52-86-74-0,555.2669617569729,seed603_lns_start45_late_random_best_rm8_tw10
0-68-88-69-98-82-53-10-59-74-65-66-80-0,555.4826420654406,seed701_explore_lns_start5_mixed_regret_rm15_tw10
0-57-20-49-19-23-21-48-77-75-58-56-0,555.6126153099814,seed602_lns_start44_mixed_best_rm5_tw15
0-60-78-73-79-17-47-14-13-97-20-0,556.4167074476229,seed604_lns_start19_random_best_rm8_tw10_guarded
0-91-92-56-67-84-64-55-70-61-54-41-0,556.7871367319797,seed601_lns_start19_late_best_rm4_tw6_guarded
0-50-62-51-76-89-20-64-56-66-65-98-0,558.4512930753215,seed701_explore_lns_start57_late_random_best_rm15_tw15
0-92-69-99-11-9-87-59-58-83-66-0,558.8158404448723,seed701_explore_lns_start22_late_regret_rm10_tw10
0-50-89-76-63-85-84-51-20-83-98-0,559.3377392489948,seed601_lns_start35_late_random_best_rm8_tw12
0-65-98-69-88-53-99-86-74-97-66-64-0,560.3610477933785,seed601_lns_start13_random_random_best_rm8_tw10_guarded
0-80-68-69-79-53-55-70-61-41-42-0,560.5183006398785,seed701_explore_lns_start0_late_regret_rm10_tw15
0-80-92-95-62-67-94-96-81-68-55-100-2-41-0,560.6761570559513,seed605_lns_start89_late_random_best_rm6_tw6_guarded
0-90-65-57-52-86-87-59-97-75-58-77-74-0,562.2988316041992,seed701_explore_lns_start78_late_best_rm15_tw6
0-96-50-62-67-76-89-51-20-83-66-0,563.0394946711303,seed605_lns_start21_mixed_random_best_rm6_tw8
0-96-85-62-50-76-89-51-64-83-66-0,564.8922411762791,seed601_lns_start19_random_regret_rm6_tw6
0-70-69-99-10-9-75-58-86-83-90-0,565.2953712244024,seed608_lns_start89_late_random_best_rm8_tw6
0-91-64-94-67-71-96-54-41-100-4-0,565.8852811936571,seed701_explore_lns_start49_random_regret_rm20_tw15
0-96-60-79-73-78-12-47-17-13-97-0,567.7496355135587,seed604_lns_start12_random_regret_rm5_tw10
0-60-78-73-79-9-13-17-47-12-97-0,567.7750542714078,seed605_lns_start21_random_best_rm8_tw8
0-92-60-79-73-78-12-47-17-13-97-0,568.172103638216,seed701_explore_lns_start13_random_best_rm10_tw8
0-88-60-69-98-53-10-59-74-82-65-66-80-0,568.3859403495201,seed604_lns_start6_random_best_rm4_tw8
0-66-83-20-51-84-76-89-63-85-50-94-0,568.3948265920105,seed701_explore_guarded
0-80-95-63-33-32-30-28-26-27-29-31-34-72-0,568.6781226106311,seed701_explore_lns_start20_mixed_best_rm15_tw15
0-95-50-62-51-76-89-20-64-56-66-98-0,568.8372683889547,seed701_explore_lns_start59_mixed_regret_rm20_tw6
0-64-56-67-84-68-55-70-61-81-54-96-0,569.0348633980801,seed601_lns_start13_random_random_best_rm5_tw6
0-14-47-16-15-11-9-59-75-77-58-52-0,569.0683949528559,seed701_explore_lns_start32_late_regret_rm25_tw12
0-54-71-93-67-34-31-29-27-26-28-30-32-33-0,569.7829642275788,seed701_explore_lns_start43_mixed_regret_rm15_tw10
0-60-78-73-79-14-47-17-16-13-10-55-0,569.9793221019269,seed606_lns_start27_mixed_best_rm6_tw6_guarded
0-91-56-20-86-99-55-70-61-41-72-0,570.0185322631858,seed607_lns_start6_mixed_random_best_rm6_tw12
0-81-54-71-72-41-61-70-55-94-91-56-64-0,570.8706896128554,seed603_lns_start19_late_random_best_rm8_tw15
0-70-60-78-79-73-17-47-13-97-20-0,571.4749058455909,seed604_lns_start27_random_regret_rm6_tw12
0-65-66-83-57-52-99-9-86-58-77-75-0,571.5149838461167,seed701_explore_lns_start38_late_regret_rm15_tw15
0-68-61-81-54-67-84-56-66-55-70-41-0,572.3856781652532,seed602_lns_start12_mixed_random_best_rm8_tw10
0-60-78-73-79-17-47-12-13-97-24-0,573.2377066500812,seed701_explore_lns_start20_late_random_best_rm25_tw10
0-80-98-69-99-53-88-4-46-7-6-61-81-0,574.8488186633081,seed701_explore_lns_start35_mixed_regret_rm20_tw8
0-66-64-56-67-84-55-70-61-81-54-41-0,574.8536052189065,seed607_lns_start14_random_random_best_rm6_tw8_guarded
0-50-89-76-63-85-84-51-20-64-57-0,575.7974225360094,seed605_lns_start89_late_random_best_rm6_tw6_guarded
0-80-51-85-63-76-89-18-25-24-22-74-0,576.4559726547197,seed601_lns_start44_late_random_best_rm4_tw8
0-57-15-11-9-87-97-75-58-52-81-0,578.4360526892251,seed601_lns_start6_random_random_best_rm6_tw15
0-12-14-47-87-59-97-75-74-64-56-65-0,578.773988774605,seed602_lns_start88_random_best_rm8_tw8
0-81-54-44-1-8-46-4-45-5-3-100-70-61-0,579.3244058388531,seed602_lns_start60_late_regret_rm5_tw6
0-60-78-73-79-17-47-12-13-97-75-0,579.5335409696949,seed602_lns_start14_random_best_rm8_tw6
0-80-69-98-88-53-99-86-74-10-12-14-65-0,581.1518249070747,seed606_lns_start26_random_random_best_rm6_tw8
0-65-66-83-57-87-59-97-75-74-13-10-0,581.4015837581618,seed605_lns_start36_late_random_best_rm8_tw15_guarded
0-68-61-81-96-67-95-84-64-56-91-70-41-0,581.8906721285641,seed607_lns_start26_mixed_best_rm5_tw15
0-81-54-96-67-62-84-56-91-55-70-61-41-0,582.4139234730902,seed605_lns_start20_random_best_rm8_tw10_guarded
0-68-96-94-62-84-85-63-76-51-20-83-66-0,585.2614548456438,seed701_explore_lns_start27_mixed_regret_rm15_tw8
0-64-56-62-34-31-29-27-26-28-30-32-33-63-0,585.4124106280218,seed701_explore_lns_start36_mixed_regret_rm20_tw15
0-80-91-66-82-99-9-12-10-74-58-77-0,585.5149608986155,seed701_explore_lns_start1_late_regret_rm10_tw10
0-60-78-73-79-17-47-12-13-97-74-0,586.1830572727204,seed604_lns_start14_random_regret_rm4_tw15
0-56-64-51-76-84-67-95-85-63-89-0,586.3835730455924,seed701_explore_lns_start31_late_best_rm10_tw10
0-96-50-62-67-85-76-89-51-20-83-0,586.910539833483,seed604_lns_start19_mixed_random_best_rm4_tw8
0-57-20-49-19-23-21-48-77-58-75-74-0,587.138671706313,seed601_lns_start46_late_regret_rm4_tw6
0-50-63-89-76-85-84-20-22-57-98-0,588.8035998404863,seed701_explore_lns_start89_mixed_best_rm20_tw10
0-80-91-92-94-67-84-81-68-55-70-100-88-82-0,589.0120355285839,seed701_explore_lns_start59_mixed_regret_rm20_tw6
0-88-60-78-73-79-53-12-47-17-13-97-0,590.1718521956336,seed701_explore_lns_start19_mixed_random_best_rm25_tw10
0-65-75-97-59-87-13-47-14-12-83-56-0,590.2436009146894,seed603_lns_start88_random_random_best_rm4_tw12
0-96-54-69-53-11-9-10-74-90-68-0,591.2566223894646,seed701_explore_lns_start39_late_random_best_rm25_tw12
0-80-92-56-95-67-62-84-63-89-51-22-64-0,591.640755945584,seed701_explore_lns_start38_late_regret_rm15_tw15
0-66-65-82-10-53-12-16-13-97-59-74-0,592.6420704642578,seed701_explore_lns_start49_random_regret_rm20_tw15
0-75-97-59-87-9-13-47-14-12-65-56-0,592.8591820961974,seed602_lns_start89_mixed_regret_rm4_tw6
0-65-98-69-88-53-99-86-10-14-80-96-0,594.2702638465046,seed605_lns_start12_random_random_best_rm4_tw10
0-91-92-95-62-50-67-84-85-64-66-65-74-0,594.450091820883,seed701_explore_lns_start45_mixed_random_best_rm15_tw8
0-81-54-44-45-8-46-4-5-3-1-100-68-61-0,595.0265915834752,seed701_explore_lns_start62_late_best_rm25_tw15
0-91-63-33-32-30-28-26-27-29-31-34-71-72-0,595.2002019410295,seed602_lns_start13_random_best_rm6_tw8
0-92-69-99-9-87-59-58-83-66-91-94-0,595.7925213811799,seed604_lns_start24_mixed_best_rm8_tw15
0-81-54-96-94-67-64-91-80-55-70-61-41-0,596.0074867068529,seed701_explore_lns_start19_mixed_regret_rm15_tw10
0-50-62-85-76-89-51-20-83-66-41-0,598.6502652314446,seed601_lns_start21_random_regret_rm4_tw12
0-91-56-57-86-99-55-70-61-41-72-81-0,598.7595003136419,seed601_lns_start6_late_regret_rm8_tw10
0-80-91-56-86-99-55-70-61-41-72-81-0,599.3189035732544,seed604_lns_start5_late_random_best_rm8_tw12
0-88-98-69-99-53-14-10-74-86-52-65-68-0,599.4053173742113,seed701_explore_lns_start20_late_random_best_rm25_tw10
0-80-96-69-88-53-99-86-74-10-14-65-0,599.6896762996151,seed605_lns_start13_random_random_best_rm6_tw10
0-91-56-66-86-99-55-70-61-41-72-81-0,600.4167007415526,seed701_explore_lns_start7_late_random_best_rm15_tw10
0-65-98-69-88-53-99-74-10-14-17-80-0,600.8462070922853,seed603_lns_start12_random_regret_rm6_tw10
0-70-1-3-5-45-8-79-73-78-17-47-14-52-0,600.8802988144939,seed701_explore_lns_start49_random_regret_rm20_tw15
0-60-78-73-79-17-47-12-13-97-20-0,601.1406920634598,seed601_lns_start21_mixed_random_best_rm4_tw10
0-57-20-76-51-84-85-63-89-50-54-0,601.7666484384417,seed701_explore_lns_start88_random_random_best_rm20_tw15
0-61-68-69-79-53-55-70-42-41-54-0,602.1402381447572,seed701_explore_lns_start1_late_regret_rm10_tw10
0-98-60-78-73-79-53-12-47-17-13-97-0,602.2466914439625,seed701_explore_lns_start12_mixed_random_best_rm20_tw8
0-60-78-73-79-17-47-12-13-97-77-0,602.6879901570428,seed701_explore_lns_start19_mixed_best_rm15_tw6
0-72-71-34-31-29-27-26-28-30-32-33-89-0,602.7224896980376,seed701_explore_lns_start27_mixed_regret_rm15_tw8
0-56-64-59-97-87-74-13-47-14-12-65-0,602.7789330281194,seed608_lns_start89_late_random_best_rm8_tw6
0-98-69-83-84-51-76-89-63-85-50-0,603.0531513195633,seed701_explore_lns_start35_random_random_best_rm25_tw15
0-88-98-69-99-14-10-86-74-20-65-80-0,603.486485047704,seed603_lns_start13_random_random_best_rm5_tw6
0-50-85-89-76-51-84-20-83-66-96-0,603.4963603663356,seed601_lns_start21_late_random_best_rm8_tw8
0-68-61-81-54-96-56-84-64-55-70-41-0,605.2145076094434,seed701_explore_lns_start14_random_best_rm20_tw12
0-95-63-33-32-30-28-26-27-29-31-34-71-72-0,606.7213572174622,seed601_lns_start21_random_best_rm8_tw8
0-81-54-94-91-56-84-64-66-55-70-61-41-0,607.4753620426576,seed604_lns_start19_mixed_random_best_rm4_tw8
0-90-66-57-20-49-19-23-21-48-77-58-75-0,607.8205725500051,seed601_lns_start43_mixed_random_best_rm8_tw6
0-50-63-89-76-84-85-51-20-83-96-0,608.367528382556,seed606_lns_start19_random_regret_rm6_tw6_guarded
0-90-69-52-99-79-70-68-81-96-94-0,609.4194194517042,seed701_explore_lns_start45_random_best_rm20_tw8
0-96-50-62-85-76-89-51-83-66-41-0,610.741183405003,seed604_lns_start19_random_regret_rm8_tw6
0-80-63-33-32-30-28-26-27-29-31-34-71-72-0,610.8029827277851,seed602_lns_start21_random_best_rm6_tw12
0-65-75-97-59-87-10-13-47-14-12-56-0,611.157083428955,seed602_lns_start89_mixed_best_rm6_tw12
0-50-89-76-63-85-84-51-20-57-98-0,611.6015634570158,seed601_lns_start89_late_regret_rm6_tw8
0-92-94-62-50-67-95-84-64-74-86-52-65-0,612.7628495741588,seed701_explore_lns_start43_late_random_best_rm10_tw6
0-90-65-57-52-86-87-59-97-75-77-83-54-0,616.598139043527,seed701_explore_lns_start0_late_regret_rm10_tw15
0-92-69-99-9-87-59-58-74-83-66-94-0,617.1631953156522,seed602_lns_start24_late_random_best_rm5_tw6
0-83-57-52-86-87-97-75-74-65-90-68-100-0,619.9839178737723,seed701_explore_lns_start4_late_regret_rm20_tw8
0-70-60-78-73-79-53-12-14-47-17-13-0,620.736221427919,seed701_explore_lns_start27_random_best_rm20_tw12
0-65-56-64-99-12-14-47-13-97-59-74-0,621.9167372857275,seed606_lns_start88_late_regret_rm8_tw12
0-66-83-20-76-62-50-85-51-56-80-96-0,622.5194403931716,seed701_explore_lns_start21_mixed_best_rm15_tw10
0-96-50-62-85-76-89-51-20-83-72-0,622.6206612267226,seed701_explore_lns_start20_random_regret_rm10_tw8
0-68-88-98-69-99-53-14-10-86-65-71-0,623.7198950231849,seed701_explore_lns_start19_late_regret_rm10_tw6
0-81-54-68-79-73-78-12-14-47-17-16-13-0,624.1267725232187,seed601_lns_start6_late_regret_rm6_tw6
0-68-81-95-67-84-56-55-70-61-54-41-0,625.3501016406043,seed605_lns_start12_late_random_best_rm6_tw8_guarded
0-14-47-17-11-15-16-97-75-77-52-65-0,625.5571820478006,seed604_lns_start22_late_regret_rm8_tw15
0-80-91-65-69-98-53-99-86-74-10-14-17-0,626.7764226241951,seed701_explore_lns_start12_random_best_rm15_tw6
0-98-69-88-99-53-14-10-86-20-56-0,626.8597404200721,seed701_explore_lns_start12_random_best_rm25_tw8
0-33-32-30-28-26-27-29-31-34-71-93-54-72-0,627.3010767909849,seed601_lns_start45_random_best_rm4_tw10
0-96-94-95-62-67-84-76-89-51-64-81-0,629.3263902867101,seed701_explore_lns_start74_random_best_rm15_tw6
0-85-63-89-76-51-84-56-64-86-13-0,629.8071343210677,seed701_explore_lns_start25_mixed_best_rm10_tw8
0-54-72-71-93-67-94-81-61-68-55-100-70-2-0,632.0170692317893,seed608_lns_start32_late_random_best_rm8_tw10_guarded
0-60-78-73-79-17-47-12-13-97-94-0,634.6840982109079,seed601_lns_start13_mixed_random_best_rm6_tw15
0-66-69-11-99-87-74-86-57-83-91-93-0,635.9075435265298,seed701_explore_lns_start32_late_regret_rm10_tw8
0-80-92-94-67-96-54-72-41-55-70-7-0,636.0149123621854,seed701_explore_lns_start36_mixed_regret_rm20_tw15
0-64-85-33-32-30-28-26-27-29-31-34-71-72-0,636.228694665876,seed701_explore_guarded
0-91-95-94-67-84-64-56-54-81-61-70-41-0,637.811326857951,seed701_explore_lns_start21_random_random_best_rm20_tw10
0-81-54-96-94-67-84-56-64-66-55-61-41-0,639.1001939062864,seed601_lns_start20_mixed_regret_rm5_tw15_guarded
0-64-56-94-67-84-91-55-70-61-54-41-0,639.4313218010573,seed608_lns_start21_random_regret_rm6_tw12
0-60-78-73-79-17-47-12-13-97-25-0,639.8411701281904,seed701_explore_lns_start20_mixed_best_rm15_tw8
0-52-75-97-59-87-74-13-47-14-12-78-0,643.0739032387925,seed701_explore_lns_start57_mixed_best_rm10_tw12
0-96-94-62-67-84-85-63-76-51-20-64-83-0,643.2454233156517,seed603_lns_start5_late_random_best_rm8_tw10
0-80-69-98-88-53-99-86-74-10-65-20-0,643.5974130542616,seed601_lns_start12_random_regret_rm5_tw15
0-57-20-49-19-23-21-48-77-75-58-94-0,644.0951805929693,seed701_explore_lns_start44_late_random_best_rm10_tw12
0-81-54-91-56-84-64-55-70-61-41-72-0,644.9991828015065,seed601_lns_start21_late_best_rm6_tw8
0-68-61-81-67-84-64-56-91-55-70-41-0,646.572953871145,seed701_explore_lns_start26_mixed_regret_rm15_tw10
0-60-78-73-79-17-47-14-12-13-97-66-0,646.7074325970217,seed601_lns_start13_random_random_best_rm8_tw10
0-54-72-71-34-31-29-27-26-28-30-32-33-63-0,647.3039956653562,seed601_lns_start27_late_best_rm8_tw10
0-85-63-89-76-51-84-56-64-57-86-74-0,648.3959219616319,seed604_lns_start22_late_regret_rm8_tw15
0-91-92-95-62-50-67-84-64-74-86-52-65-66-0,649.032103085163,seed601_lns_start45_random_best_rm4_tw10
0-60-78-73-79-17-47-13-97-58-25-0,649.0972043798449,seed701_explore_lns_start27_random_random_best_rm15_tw8
0-65-75-97-59-87-13-47-14-12-64-56-0,650.9225693654848,seed601_lns_start89_late_regret_rm6_tw8
0-85-63-33-32-30-28-26-27-29-31-34-72-54-0,651.1098388227522,seed701_explore_lns_start27_random_best_rm20_tw8
0-96-94-62-67-84-76-89-63-85-51-64-83-0,651.2639464767802,seed602_lns_start7_random_random_best_rm8_tw12
0-95-50-62-85-76-89-51-20-83-94-96-0,651.2737582107314,seed602_lns_start21_random_best_rm6_tw12
0-73-47-15-9-87-97-13-16-17-14-83-0,651.8971443300571,seed701_explore_lns_start43_random_regret_rm10_tw15
0-66-83-64-56-67-84-94-54-81-61-70-55-0,653.8079409911298,seed604_lns_start20_random_random_best_rm8_tw6
0-82-16-15-11-9-99-87-59-58-75-0,653.9423009449669,seed601_lns_start21_late_best_rm6_tw15
0-91-66-83-56-84-71-72-41-61-70-55-0,654.5065370110999,seed701_explore_lns_start7_mixed_random_best_rm15_tw10
0-91-56-94-67-84-96-54-41-61-70-55-0,654.5458755884158,seed607_lns_start19_random_random_best_rm8_tw15
0-85-50-62-51-76-89-20-66-91-96-0,654.7758642147156,seed603_lns_start21_mixed_regret_rm8_tw15
0-68-61-81-54-84-64-56-91-55-70-41-0,659.7298685696876,seed701_explore_lns_start13_mixed_regret_rm15_tw6
0-91-92-95-50-62-67-84-56-64-86-52-65-66-0,659.8137626326776,seed701_explore_lns_start46_mixed_regret_rm10_tw15
0-88-98-69-82-99-53-10-13-59-74-86-80-0,659.9896317639896,seed701_explore_lns_start7_mixed_random_best_rm15_tw10
0-80-92-95-62-67-94-96-54-41-70-55-78-0,660.6011161732868,seed701_explore_lns_start35_random_random_best_rm10_tw6
0-68-61-81-94-67-71-72-54-55-100-70-5-0,661.656248884399,seed601_lns_start31_late_regret_rm8_tw6
0-91-90-69-99-53-79-70-68-81-96-94-0,663.5215775440099,seed701_explore_lns_start46_mixed_random_best_rm25_tw15
0-94-50-62-85-63-76-89-51-20-64-83-66-0,665.9707852158614,seed701_explore_lns_start27_random_best_rm20_tw10
0-64-63-33-32-30-28-26-27-29-31-34-71-72-0,666.1019757706667,seed603_lns_start19_mixed_random_best_rm6_tw12_guarded
0-98-60-78-73-79-17-47-12-13-97-95-0,666.7888423574196,seed701_explore_lns_start26_mixed_regret_rm15_tw10
0-81-54-96-71-67-84-80-55-70-68-61-41-0,667.2421614954203,seed605_lns_start12_random_regret_rm8_tw15_guarded
0-54-69-88-53-79-55-70-61-41-42-0,667.880637502285,seed701_explore_lns_start4_late_regret_rm20_tw8
0-88-98-69-99-53-12-10-74-86-65-55-0,668.4935821386665,seed608_lns_start14_random_random_best_rm8_tw15_guarded
0-66-91-94-67-84-56-55-70-61-81-54-41-0,668.7662484553235,seed601_lns_start20_random_regret_rm5_tw10_guarded
0-56-90-69-99-79-55-70-68-81-96-0,670.1440579088082,seed602_lns_start46_late_regret_rm8_tw6
0-91-56-57-86-99-55-70-61-42-41-72-0,670.2341718796482,seed701_explore_lns_start5_mixed_regret_rm15_tw10
0-80-91-96-94-67-84-55-70-61-81-54-41-0,670.6377166721726,seed605_lns_start19_random_random_best_rm5_tw12_guarded
0-91-50-62-85-84-51-76-89-20-83-66-0,670.8058222084085,seed603_lns_start19_mixed_random_best_rm6_tw12_guarded
0-95-62-33-32-30-28-26-27-29-31-34-71-72-0,673.0220469814869,seed605_lns_start19_random_best_rm8_tw6
0-91-95-62-33-32-30-28-26-27-29-31-34-71-72-0,673.0504386992335,seed601_lns_start13_mixed_random_best_rm6_tw15
0-1-3-5-45-8-7-79-73-78-60-82-13-0,673.3838537075583,seed607_lns_start89_random_best_rm6_tw6
0-80-95-62-33-32-30-28-26-27-29-31-34-71-72-0,673.4759160063362,seed601_lns_start21_mixed_regret_rm8_tw15
0-92-95-62-33-32-30-28-26-27-29-31-34-71-72-0,673.8795458461314,seed605_lns_start20_random_random_best_rm3_tw8_guarded
0-70-69-90-99-9-10-13-58-25-64-0,674.8429484325546,seed601_lns_start88_random_regret_rm8_tw6
0-68-81-54-93-67-84-64-55-70-61-36-0,675.1640300589661,seed701_explore_lns_start12_random_best_rm25_tw8
0-66-90-69-99-86-87-13-74-57-83-91-96-0,676.0360380478267,seed601_lns_start31_late_best_rm8_tw15
0-80-92-95-62-67-94-96-54-41-35-70-55-0,676.879850841703,seed701_explore_lns_start34_random_random_best_rm20_tw6
0-60-78-73-79-17-47-12-13-97-54-0,677.7607188756707,seed701_explore_lns_start27_mixed_regret_rm15_tw8
0-60-78-73-79-17-47-12-13-97-51-0,678.0713600492935,seed603_lns_start20_mixed_regret_rm6_tw8
0-96-50-67-84-56-55-70-61-81-54-41-0,678.213588258973,seed604_lns_start19_random_best_rm8_tw10_guarded
0-12-47-11-87-59-75-97-13-74-52-0,678.8369086223676,seed602_lns_start59_random_best_rm5_tw12
0-56-90-69-99-79-70-68-81-96-94-0,681.184768825135,seed601_lns_start45_random_random_best_rm8_tw15
0-91-50-62-67-85-76-89-51-83-66-96-0,681.860060902091,seed608_lns_start21_mixed_best_rm8_tw12
0-80-56-51-85-63-76-89-18-25-24-75-0,683.0196194322202,seed701_explore_lns_start44_late_regret_rm15_tw15
0-92-91-69-67-71-93-96-54-41-4-0,683.1888031109299,seed701_explore_lns_start49_late_best_rm20_tw12
0-68-61-81-54-67-84-56-64-55-70-41-0,684.4371416982582,seed601_lns_start13_random_random_best_rm8_tw10
0-96-50-62-85-76-89-51-20-83-41-0,685.6357693772409,seed601_lns_start20_random_best_rm5_tw15
0-92-60-79-73-78-12-14-47-17-13-97-0,688.172103638216,seed701_explore_lns_start14_random_best_rm20_tw12
0-81-91-56-67-84-64-55-70-61-54-41-0,688.2260839016596,seed601_lns_start19_late_best_rm4_tw6
0-90-60-78-73-79-17-47-12-13-97-20-0,689.5260606794999,seed701_explore_lns_start20_mixed_best_rm15_tw15
0-64-91-94-67-84-55-70-61-81-54-41-0,690.3543066199253,seed601_lns_start21_mixed_random_best_rm8_tw12
0-12-78-60-79-73-17-47-13-97-18-0,691.0986228884626,seed701_explore_lns_start19_mixed_regret_rm15_tw10
0-66-83-51-76-89-63-85-50-96-25-0,691.1280564529256,seed701_explore_lns_start19_mixed_best_rm15_tw6
0-14-47-17-16-15-97-75-58-77-57-52-65-0,692.1220233797635,seed701_explore_lns_start23_random_best_rm25_tw8
0-94-50-62-85-84-51-76-89-20-83-66-0,692.8920939776085,seed604_lns_start13_mixed_best_rm6_tw10_guarded
0-14-47-17-16-15-9-59-97-75-58-77-52-0,695.0294887379574,seed601_lns_start31_late_best_rm8_tw15
0-91-50-85-76-89-51-20-83-66-96-71-0,697.5926312659533,seed701_explore_lns_start20_late_best_rm10_tw6
0-54-96-50-62-84-85-76-89-51-83-66-0,699.0917280406768,seed701_explore_lns_start20_mixed_regret_rm10_tw10
0-75-97-87-11-13-47-14-12-65-56-0,701.4539921822585,seed605_lns_start89_random_best_rm8_tw6
0-20-49-19-48-23-21-87-74-58-77-57-0,701.4665160146358,seed701_explore_lns_start44_late_regret_rm15_tw15
0-80-92-95-62-67-94-96-54-41-55-70-46-0,702.9851394100242,seed603_lns_start36_mixed_best_rm8_tw12
0-65-59-97-87-9-15-13-16-17-47-14-73-0,703.2920471480209,seed602_lns_start46_late_regret_rm8_tw6
0-80-92-95-62-67-94-96-81-61-68-55-2-41-0,704.3760187977524,seed601_lns_start88_random_best_rm8_tw15
0-96-54-41-42-44-72-71-93-81-61-70-68-55-0,704.8480861357002,seed701_explore_lns_start25_mixed_best_rm15_tw15
0-80-92-62-67-94-96-54-41-70-55-88-64-0,705.3787209036633,seed605_lns_start35_mixed_regret_rm8_tw15
0-50-89-76-84-85-63-51-20-75-0,705.4747102492315,seed602_lns_start36_late_best_rm8_tw8_guarded
0-94-50-62-67-85-76-89-51-20-83-66-0,705.7885868278213,seed602_lns_start20_mixed_best_rm6_tw6
0-91-95-85-63-33-32-30-28-26-27-29-31-34-71-0,706.0509937757033,seed701_explore_lns_start14_late_random_best_rm10_tw15
0-50-62-67-85-76-89-51-20-64-83-66-0,706.791006207169,seed607_lns_start19_random_best_rm6_tw12
0-70-69-79-53-98-55-61-41-42-80-0,708.1368771602467,seed701_explore_lns_start2_late_best_rm25_tw15
0-12-14-47-87-59-97-75-58-74-52-13-0,708.7575697494312,seed605_lns_start58_random_best_rm6_tw8
0-81-54-94-62-67-84-56-64-55-70-41-0,708.8443064035091,seed604_lns_start19_mixed_random_best_rm5_tw10
0-80-92-62-67-94-96-81-61-68-55-100-2-41-0,709.4726331362746,seed701_explore_lns_start89_mixed_best_rm20_tw10
0-91-85-63-89-76-51-84-56-64-86-74-0,710.0388861191667,seed701_explore_lns_start22_late_regret_rm10_tw10
0-96-50-62-85-76-89-51-20-83-55-0,710.5207270509718,seed601_lns_start20_mixed_regret_rm6_tw12
0-57-20-49-19-23-21-48-77-58-75-73-0,713.4568022210466,seed601_lns_start44_mixed_regret_rm5_tw8
0-66-83-20-51-76-89-85-50-67-94-0,716.1216476033755,seed701_explore_lns_start14_random_best_rm20_tw12
0-91-64-56-95-62-67-94-81-68-55-70-61-41-0,716.3920194618278,seed605_lns_start26_mixed_random_best_rm5_tw10
0-64-85-63-89-76-84-51-19-74-86-0,716.4474087742834,seed701_explore_lns_start24_late_random_best_rm20_tw6
0-94-50-62-67-84-85-76-89-51-80-96-0,716.5362463071851,seed701_explore_lns_start1_mixed_best_rm25_tw15
0-54-68-79-73-78-12-14-47-17-16-25-0,717.735371234614,seed701_explore_lns_start7_late_random_best_rm15_tw10
0-68-88-69-98-53-99-86-74-10-65-41-0,717.9631430263311,seed603_lns_start20_random_regret_rm8_tw8
0-81-54-96-67-84-64-56-91-55-70-61-41-0,718.3712919706192,seed602_lns_start20_mixed_best_rm6_tw6_guarded
0-92-50-62-85-63-76-89-51-20-83-66-96-0,719.2686333544656,seed605_lns_start21_mixed_random_best_rm5_tw12_guarded
0-14-47-15-87-59-97-75-58-74-52-13-0,719.694447462846,seed701_explore_lns_start59_mixed_regret_rm20_tw6
0-70-69-82-99-52-87-59-58-74-86-24-56-0,719.7554749358286,seed701_explore_lns_start62_late_best_rm25_tw15
0-94-50-62-85-84-76-89-63-51-20-83-0,720.2623644776269,seed701_explore_guarded
0-54-72-71-67-34-31-29-27-26-28-30-32-33-0,721.0274285585281,seed601_lns_start45_random_random_best_rm8_tw15
0-95-50-62-67-34-31-29-27-26-28-30-32-33-0,723.8506807981148,seed602_lns_start24_late_random_best_rm5_tw6
0-61-81-54-67-84-56-91-55-70-41-72-0,726.0354138114035,seed601_lns_start19_late_best_rm6_tw10_guarded
0-96-69-98-99-53-14-10-74-86-65-80-0,726.7355331236837,seed603_lns_start12_random_regret_rm8_tw12
0-65-57-20-49-19-23-21-48-77-58-75-74-0,726.7405859500609,seed601_lns_start46_late_random_best_rm4_tw10
0-61-81-94-95-84-64-56-91-55-70-68-41-0,727.0634460741251,seed605_lns_start27_late_random_best_rm8_tw10
0-90-52-75-97-59-87-13-47-14-12-4-0,727.4169500332355,seed701_explore_lns_start56_mixed_best_rm20_tw12
0-91-95-66-65-87-59-97-75-74-57-10-0,732.9144154255771,seed701_explore_lns_start36_late_random_best_rm20_tw8
0-14-47-17-16-15-9-97-75-77-57-52-65-0,733.9045246558453,seed701_explore_lns_start25_mixed_best_rm10_tw8
0-56-85-63-89-76-84-51-19-86-13-0,735.9499675167846,seed701_explore_lns_start23_random_best_rm25_tw8
0-50-62-85-63-76-89-51-20-83-66-41-0,736.7382096218636,seed601_lns_start21_random_regret_rm4_tw12_guarded
0-61-41-96-67-95-84-64-56-91-55-68-0,737.1500047580188,seed701_explore_lns_start27_random_best_rm10_tw12
0-98-60-78-73-79-17-47-13-97-83-51-0,739.1065629820032,seed701_explore_lns_start12_random_regret_rm15_tw8
0-68-60-78-73-79-53-12-47-17-13-97-0,740.1181749271004,seed601_lns_start27_random_random_best_rm6_tw12
0-91-96-94-67-84-64-55-70-61-81-54-41-0,741.3772009850093,seed604_lns_start19_random_best_rm8_tw10_guarded
0-81-54-94-67-62-56-64-91-55-70-61-41-0,742.9607504752107,seed601_lns_start19_late_random_best_rm4_tw6
0-73-17-47-15-16-9-13-87-59-97-83-0,747.407158834373,seed701_explore_lns_start46_mixed_random_best_rm25_tw15
0-96-50-67-62-76-89-63-85-51-20-83-0,750.8651135637642,seed604_lns_start19_mixed_random_best_rm4_tw8_guarded
0-85-63-89-76-51-84-56-64-57-86-13-0,751.4729502296211,seed701_explore_lns_start23_late_regret_rm10_tw12
0-96-50-62-67-84-85-76-89-51-83-66-0,752.3748774614921,seed605_lns_start19_mixed_best_rm6_tw12
0-60-78-73-79-17-47-14-12-13-97-75-0,754.7937519112145,seed606_lns_start19_mixed_regret_rm8_tw15_guarded
0-80-96-93-71-72-41-54-81-55-70-61-68-5-0,758.0353590204988,seed701_explore_lns_start25_late_regret_rm10_tw12
0-80-92-94-62-50-67-84-85-63-89-64-54-0,758.5362135487419,seed607_lns_start60_late_random_best_rm8_tw15
0-94-50-62-85-76-51-20-83-66-96-43-0,759.8941641970475,seed701_explore_lns_start13_random_best_rm20_tw8
0-68-81-54-67-84-56-64-66-55-70-61-41-0,760.2831930532951,seed601_lns_start12_mixed_regret_rm8_tw6
0-68-88-69-98-53-99-86-74-10-14-41-0,762.0324617017584,seed604_lns_start19_random_best_rm5_tw8
0-61-41-67-95-84-64-56-91-68-70-55-0,764.3114464809069,seed701_explore_lns_start27_random_random_best_rm10_tw15
0-94-50-62-67-84-85-76-89-51-20-66-0,764.7841883058513,seed602_lns_start19_mixed_best_rm6_tw12
0-80-65-69-98-88-53-99-86-74-10-41-0,765.063698560853,seed701_explore_lns_start27_random_best_rm15_tw8
0-91-66-65-57-87-59-97-75-74-13-10-0,765.2451489616111,seed602_lns_start35_late_regret_rm8_tw6
0-61-81-54-67-95-84-56-91-55-70-68-41-0,767.3354756344629,seed701_explore_guarded
0-90-98-69-88-99-53-14-10-74-86-65-80-0,767.3520337584964,seed606_lns_start14_random_random_best_rm3_tw15
0-94-50-62-67-84-85-76-89-51-20-83-0,770.1635410379822,seed602_lns_start19_mixed_best_rm6_tw12_guarded
0-66-69-88-99-53-14-10-74-86-65-80-0,770.8638969337812,seed601_lns_start12_mixed_regret_rm8_tw8
0-66-57-20-49-19-23-21-48-77-58-75-74-0,770.9250330951802,seed603_lns_start46_late_random_best_rm8_tw10
0-65-75-97-59-87-74-13-47-14-12-56-0,771.5995693604275,seed601_lns_start88_late_best_rm5_tw15
0-80-91-92-94-67-84-95-54-41-81-68-70-82-0,773.6312724084825,seed602_lns_start59_random_best_rm5_tw12
0-91-95-33-32-30-28-26-27-29-31-34-72-35-0,773.9839007493518,seed701_explore_lns_start13_late_random_best_rm20_tw6
0-81-96-62-67-84-76-89-63-51-64-50-0,775.4428378661898,seed701_explore_guarded
0-81-54-94-67-56-64-91-55-70-61-41-72-0,775.904009033673,seed601_lns_start21_late_random_best_rm8_tw8
0-64-56-95-62-67-91-80-55-70-61-81-96-41-0,776.1481283969802,seed701_explore_guarded
0-91-56-94-67-84-64-55-70-61-81-54-41-0,776.9854821032868,seed701_explore_lns_start21_random_best_rm10_tw10
0-82-60-78-73-79-17-47-12-13-97-75-0,777.6813346730503,seed701_explore_lns_start12_random_best_rm25_tw8
0-88-2-6-7-79-73-60-53-55-91-51-0,782.3317749862306,seed701_explore_lns_start62_late_best_rm25_tw15
0-56-94-67-84-55-70-68-61-81-54-41-0,782.7311325686173,seed701_explore_lns_start12_mixed_regret_rm10_tw10
0-80-95-62-67-50-34-31-29-27-28-30-32-33-71-0,782.778281454787,seed701_explore_lns_start21_late_best_rm25_tw12
0-81-96-62-50-67-84-76-89-85-51-64-0,784.6469458036908,seed701_explore_lns_start0_late_regret_rm10_tw15
0-70-69-79-53-55-61-54-72-41-42-0,785.371644012182,seed701_explore_lns_start73_mixed_random_best_rm15_tw12
0-91-66-82-99-9-11-12-10-74-58-77-0,787.3049821347818,seed701_explore_lns_start1_mixed_best_rm25_tw15
0-83-11-15-9-87-97-75-58-74-52-81-0,788.1848667126317,seed701_explore_lns_start7_late_regret_rm15_tw12
0-91-95-62-34-31-29-27-26-28-30-32-33-63-71-0,791.6785588717953,seed701_explore_lns_start12_late_random_best_rm10_tw12
0-80-95-62-34-31-29-27-26-28-30-32-33-63-71-0,792.104036178898,seed701_explore_lns_start20_late_random_best_rm10_tw6
0-91-92-56-99-84-55-70-61-41-72-0,793.2735559880462,seed701_explore_lns_start5_late_best_rm15_tw6
0-64-20-89-76-51-84-85-63-50-95-57-0,794.0115832718508,seed701_explore_lns_start88_random_best_rm10_tw15
0-98-73-15-9-87-59-97-13-16-17-47-14-0,794.7635244465506,seed701_explore_lns_start46_late_best_rm10_tw12
0-96-94-62-67-84-76-89-63-85-51-20-64-0,796.5089805854471,seed701_explore_lns_start7_late_random_best_rm15_tw10
0-56-64-51-76-89-63-85-84-67-95-80-0,801.9339842952769,seed701_explore_lns_start32_late_regret_rm10_tw8
0-85-50-62-51-76-89-20-24-83-66-64-0,804.8528406817944,seed701_explore_lns_start20_mixed_random_best_rm10_tw10
0-66-65-82-52-99-87-59-97-13-16-12-75-0,805.1159574741909,seed701_explore_lns_start49_late_best_rm20_tw15
0-56-64-83-99-87-59-97-13-47-14-12-75-0,812.0076301188276,seed701_explore_lns_start88_late_best_rm15_tw6
0-73-14-15-16-17-47-9-13-97-59-83-65-0,812.6989883853091,seed701_explore_lns_start46_late_best_rm15_tw15
0-65-15-11-9-87-97-75-58-84-0,813.0616649699193,seed701_explore_lns_start7_late_regret_rm10_tw8
0-92-66-65-99-87-59-97-75-74-13-10-0,816.2800343321699,seed701_explore_lns_start35_random_best_rm25_tw15
0-83-59-97-87-9-15-13-16-17-47-14-73-0,818.737046516484,seed701_explore_lns_start44_mixed_random_best_rm10_tw15
0-61-81-91-95-84-56-64-55-100-70-68-36-0,819.4311994791813,seed701_explore_lns_start26_mixed_best_rm15_tw10
0-54-71-62-34-31-29-27-26-28-30-32-33-72-0,820.2245514430858,seed701_explore_lns_start27_random_random_best_rm15_tw8
0-80-68-69-79-53-55-70-61-54-41-42-0,825.2832991743655,seed701_explore_lns_start3_mixed_random_best_rm10_tw10
0-98-12-10-82-99-9-74-58-22-83-80-0,826.8129244424263,seed701_explore_lns_start73_mixed_random_best_rm15_tw12
0-57-20-49-19-23-21-48-77-58-75-72-0,828.2038845986917,seed701_explore_lns_start46_mixed_regret_rm10_tw15
0-95-85-63-33-32-30-28-26-27-29-31-34-71-72-0,828.3970643746366,seed701_explore_lns_start13_mixed_regret_rm15_tw6
0-91-95-63-33-32-30-28-26-27-29-31-34-71-72-0,828.5407809110224,seed701_explore_lns_start14_mixed_random_best_rm10_tw10
0-65-75-97-59-87-9-13-47-14-12-98-56-0,832.3578625686513,seed701_explore_lns_start88_random_random_best_rm20_tw15
0-52-75-97-59-87-13-17-47-14-98-58-0,832.8605888388661,seed701_explore_lns_start56_mixed_random_best_rm15_tw8
0-95-50-62-51-76-89-85-84-83-66-96-0,838.4222504611164,seed701_explore_lns_start19_random_best_rm10_tw8
0-41-67-56-84-95-91-96-81-61-70-55-0,839.1172917198528,seed701_explore_lns_start27_random_best_rm20_tw10
0-80-95-63-33-32-30-28-26-27-29-31-34-71-72-0,839.1777135885895,seed701_explore_lns_start20_random_random_best_rm10_tw15
0-81-41-67-95-84-64-56-91-55-70-61-0,839.785856239986,seed701_explore_lns_start27_mixed_regret_rm10_tw8
0-95-33-32-30-28-26-27-29-31-34-71-93-54-72-0,845.2387742507666,seed701_explore_guarded
0-81-71-94-67-62-84-76-89-51-64-83-66-0,852.1378190761018,seed701_explore_lns_start78_late_best_rm15_tw6
0-80-96-94-67-62-84-85-63-76-51-20-64-83-0,859.531433513491,seed701_explore_lns_start6_late_best_rm10_tw8
0-91-66-82-99-9-11-12-10-74-77-25-0,860.4199425458328,seed701_explore_lns_start2_late_best_rm25_tw15
0-80-91-92-94-67-84-95-82-55-70-68-81-41-0,861.807938671199,seed701_explore_lns_start56_mixed_random_best_rm15_tw8
0-68-81-54-71-67-84-56-64-55-70-61-41-0,862.2281242193076,seed701_explore_lns_start12_late_best_rm20_tw8
0-96-50-62-67-84-85-76-89-51-20-83-0,864.2692683328603,seed701_explore_lns_start19_mixed_best_rm20_tw12
0-91-66-82-99-9-12-10-74-58-77-75-0,866.1056848648279,seed701_explore_lns_start0_late_random_best_rm25_tw10
0-61-81-54-94-67-56-64-55-70-41-35-0,866.3379546773905,seed701_explore_lns_start20_late_best_rm20_tw12
0-65-75-97-59-87-13-47-14-12-83-66-56-0,874.0805754480361,seed701_explore_lns_start89_late_best_rm10_tw10
0-80-95-62-34-31-29-27-26-28-30-32-33-63-72-0,876.378956673972,seed701_explore_lns_start20_late_best_rm10_tw6
0-92-95-62-67-34-31-29-27-26-28-30-32-33-72-0,881.1843746139714,seed701_explore_lns_start20_late_random_best_rm25_tw10
0-91-66-65-82-99-9-12-10-74-77-71-0,883.7561613464601,seed701_explore_lns_start1_late_random_best_rm15_tw10
0-96-71-50-62-67-84-85-76-51-64-56-81-0,883.8191713210458,seed701_explore_lns_start4_mixed_best_rm25_tw10
0-56-69-79-78-53-55-70-42-41-54-0,886.5709300796723,seed701_explore_lns_start0_late_random_best_rm25_tw10
0-68-61-41-71-67-84-64-56-91-80-94-55-0,887.051610544621,seed701_explore_lns_start27_random_best_rm20_tw12
0-57-20-49-19-23-21-48-77-58-75-87-0,888.5398783707999,seed701_explore_lns_start46_late_best_rm15_tw15
0-81-69-98-88-53-14-10-99-74-86-65-80-0,892.2905929946057,seed701_explore_lns_start27_random_best_rm10_tw12
0-91-94-93-71-44-70-4-45-5-1-100-55-0,894.2086172597756,seed701_explore_lns_start38_late_regret_rm15_tw15
0-93-71-44-1-5-8-45-4-2-100-70-55-0,898.4372769013321,seed701_explore_lns_start39_late_regret_rm15_tw8
0-60-78-73-79-17-47-12-13-97-89-0,904.0255201056193,seed701_explore_lns_start27_random_best_rm20_tw8
0-73-17-15-16-47-14-9-13-97-59-74-83-0,904.5683981054074,seed701_explore_lns_start44_mixed_best_rm25_tw15
0-85-63-33-32-30-28-26-27-29-31-34-71-72-54-0,921.9047831724849,seed701_explore_lns_start27_mixed_regret_rm10_tw8
0-80-95-62-67-31-29-27-26-28-30-32-34-33-63-0,930.0380860338032,seed701_explore_lns_start19_late_regret_rm10_tw12
0-88-98-69-99-53-10-74-86-65-80-89-0,930.1873689184752,seed701_explore_lns_start13_random_best_rm20_tw8
0-88-98-69-99-53-14-10-74-86-65-89-0,937.9352111164316,seed701_explore_lns_start12_late_best_rm20_tw8
0-81-54-72-71-94-84-56-64-55-70-61-41-0,939.7443326027733,seed701_explore_lns_start19_late_regret_rm10_tw12
0-68-81-91-95-67-84-56-64-55-70-61-41-0,949.5532837407643,seed701_explore_lns_start27_random_best_rm20_tw8
0-12-14-47-11-87-59-97-75-74-13-56-0,951.8449834813277,seed701_explore_lns_start88_random_best_rm15_tw10
0-88-60-69-98-53-10-59-74-65-66-84-0,958.4681695723367,seed701_explore_lns_start5_random_random_best_rm15_tw10
0-75-97-87-9-15-13-16-17-47-14-73-0,963.414072461841,seed701_explore_lns_start45_late_best_rm15_tw8
0-98-69-88-99-53-14-10-86-74-83-20-0,965.5642948432333,seed701_explore_lns_start20_random_best_rm25_tw15
0-66-85-63-76-84-62-50-51-20-83-96-0,971.7217854409142,seed701_explore_lns_start20_late_best_rm25_tw6
0-93-72-38-44-42-43-40-36-35-37-39-67-0,978.9448934541674,seed701_explore_lns_start21_late_best_rm20_tw12
0-83-20-23-51-84-76-89-63-85-50-91-0,983.2437826558946,seed701_explore_lns_start35_random_best_rm25_tw15
0-90-24-20-49-19-23-21-48-77-58-75-87-0,983.416444963006,seed701_explore_lns_start44_mixed_best_rm25_tw15
0-68-81-54-67-84-56-64-55-70-61-41-72-0,985.8196922423951,seed701_explore_lns_start12_late_random_best_rm10_tw12
0-51-62-50-85-76-89-84-83-66-96-0,990.8966027100786,seed701_explore_lns_start21_random_best_rm15_tw8
0-96-69-79-53-55-68-42-41-72-56-0,992.4506216192563,seed701_explore_lns_start78_late_best_rm15_tw6
0-56-85-63-89-76-51-84-64-86-74-13-0,998.2680045820094,seed701_explore_lns_start25_random_random_best_rm10_tw12
0-91-66-83-75-97-87-13-10-86-74-65-0,998.6774449926469,seed701_explore_lns_start36_random_random_best_rm20_tw15
0-50-62-51-76-89-85-84-83-66-96-71-0,999.0897680692906,seed701_explore_lns_start20_mixed_best_rm15_tw15
0-66-83-20-76-51-84-85-63-89-26-96-0,999.6550360277001,seed701_explore_lns_start21_late_best_rm25_tw12
0-80-92-95-62-67-94-96-53-55-70-41-54-0,1005.5979458630181,seed701_explore_lns_start34_mixed_best_rm15_tw15
0-80-91-66-99-9-12-10-74-58-77-89-0,1005.9163916917901,seed701_explore_lns_start4_mixed_best_rm25_tw10
0-81-92-56-64-84-67-95-91-55-70-68-41-0,1008.4334779779863,seed701_explore_lns_start27_random_best_rm10_tw6
0-80-90-69-99-52-57-86-74-87-13-83-66-91-0,1016.7399227001014,seed701_explore_lns_start31_late_best_rm10_tw10
0-91-66-82-99-9-15-12-10-74-77-25-0,1021.0350945111113,seed701_explore_lns_start0_late_random_best_rm15_tw15
0-80-92-95-62-67-94-96-54-72-41-55-68-5-0,1023.6492241309098,seed701_explore_lns_start35_random_random_best_rm25_tw15
0-50-85-63-89-76-51-84-20-66-83-96-0,1030.6773690894402,seed701_explore_lns_start20_late_best_rm20_tw12
0-80-96-94-67-62-85-63-76-89-51-20-83-64-0,1035.7984625140773,seed701_explore_lns_start7_late_regret_rm10_tw8
0-81-96-94-67-62-85-63-76-89-51-20-83-64-0,1036.8052407251992,seed701_explore_lns_start5_random_random_best_rm15_tw10
0-80-94-92-95-67-84-82-55-70-68-81-54-41-0,1038.5311080172214,seed701_explore_lns_start56_mixed_best_rm20_tw12
0-68-81-56-67-84-64-96-54-41-70-55-0,1049.165300609487,seed701_explore_lns_start13_random_best_rm10_tw8
0-88-98-83-84-76-89-63-85-51-20-58-0,1056.9581502223082,seed701_explore_lns_start36_late_random_best_rm20_tw8
0-54-72-71-93-67-34-31-29-27-26-28-30-32-33-0,1076.4911310210678,seed701_explore_lns_start26_mixed_best_rm15_tw10
0-57-75-97-59-87-74-13-47-14-12-65-56-0,1098.542625976744,seed701_explore_lns_start88_random_random_best_rm10_tw15
0-56-94-93-71-44-45-4-2-70-100-55-61-0,1098.7871472643258,seed701_explore_lns_start39_late_random_best_rm25_tw12
0-81-96-94-67-62-84-85-63-76-89-51-20-83-0,1099.8068020946173,seed701_explore_lns_start5_mixed_regret_rm15_tw10
0-54-41-72-67-84-64-56-91-94-61-70-55-0,1108.6235222442829,seed701_explore_lns_start19_random_regret_rm10_tw15
0-47-17-16-15-9-87-59-97-13-82-55-73-0,1131.62151224025,seed701_explore_lns_start43_mixed_regret_rm15_tw10
0-96-94-92-67-62-95-55-2-45-70-54-41-0,1145.4672930772974,seed701_explore_lns_start35_mixed_regret_rm20_tw8
0-81-54-69-79-53-55-70-61-42-41-72-0,1148.7430936950673,seed701_explore_lns_start72_late_regret_rm15_tw10
0-83-20-23-76-89-63-85-84-51-50-98-0,1155.7953256702833,seed701_explore_lns_start36_late_regret_rm10_tw12
0-91-56-57-86-99-55-70-61-41-72-89-0,1190.561440485409,seed701_explore_lns_start6_late_best_rm10_tw8
0-81-54-62-34-31-29-27-26-28-30-32-33-63-72-0,1192.3893634337808,seed701_explore_lns_start27_random_best_rm20_tw12
0-73-14-47-17-15-16-9-13-87-59-97-75-0,1245.1296480072888,seed701_explore_lns_start46_late_random_best_rm10_tw12
0-68-61-81-67-84-51-64-56-54-41-70-55-0,1249.258550643078,seed701_explore_lns_start12_random_best_rm15_tw6
0-96-71-50-62-85-76-89-51-20-83-99-0,1305.9345222260692,seed701_explore_lns_start19_random_best_rm15_tw10
0-91-95-62-34-31-29-27-26-28-30-32-33-63-71-72-0,1309.0329525409593,seed701_explore_lns_start12_mixed_random_best_rm20_tw8
0-80-95-62-34-31-29-27-26-28-30-32-33-63-71-72-0,1309.4584298480618,seed701_explore_lns_start19_mixed_random_best_rm25_tw10
0-96-94-62-67-76-89-63-85-51-64-20-75-0,1320.5586632332372,seed701_explore_lns_start7_mixed_random_best_rm15_tw10
0-50-63-89-76-85-84-51-20-83-98-58-0,1371.4734626224895,seed701_explore_lns_start34_late_regret_rm10_tw12
0-81-54-72-38-41-61-70-55-94-67-56-64-0,1376.520621295495,seed701_explore_lns_start21_late_best_rm15_tw12
0-91-56-69-53-79-55-70-61-54-72-41-42-0,1388.257629483112,seed701_explore_lns_start74_random_best_rm15_tw6
0-80-95-62-67-31-29-27-26-28-30-32-34-33-63-72-0,1587.7610133286444,seed701_explore_lns_start20_late_best_rm15_tw6
