route,score,source
0-69-12-14-47-17-16-15-13-9-10-0,95.7149035141646,seed702_explore_lns_start4_mixed_best_rm15_tw10
0-69-2-6-7-8-5-3-45-46-4-0,99.47828149446536,seed703_explore_lns_start1_late_random_best_rm20_tw15
0-69-11-12-14-47-17-16-15-13-9-0,99.53375955678072,seed709_explore_lns_start4_late_random_best_rm20_tw15
0-11-12-14-47-17-16-15-13-9-10-0,100.97983772500952,seed601_lns_start4_late_random_best_rm6_tw8
0-2-6-7-8-5-3-1-45-46-4-0,101.59180318759559,seed704_explore_lns_start47_mixed_random_best_rm20_tw6
0-64-22-19-18-21-48-49-20-24-66-0,102.43925416477902,seed704_explore_lns_start13_random_best_rm15_tw12
0-12-14-47-17-16-15-13-11-10-55-0,103.47658014228674,seed704_explore_lns_start1_mixed_best_rm20_tw15
0-2-6-7-8-5-46-45-3-1-70-68-0,103.85964702580908,seed705_explore_lns_start13_late_random_best_rm20_tw15
0-22-19-23-21-18-48-49-20-24-66-0,104.03029716614716,seed704_explore_lns_start16_mixed_best_rm20_tw15
0-69-2-6-7-8-5-3-1-45-46-55-0,104.11411256231895,seed701_explore_lns_start3_late_best_rm20_tw8
0-12-14-47-17-16-15-13-11-10-66-0,105.23340108629407,seed607_lns_start2_random_random_best_rm6_tw10
0-69-12-14-47-17-16-15-13-11-66-0,106.09756666929317,seed703_explore_lns_start17_late_random_best_rm25_tw6
0-69-2-6-7-8-5-46-45-3-1-70-0,106.32277851546169,seed602_lns_start2_mixed_best_rm8_tw8
0-2-6-7-8-46-5-45-3-1-70-55-0,106.41327655573538,seed702_explore_lns_start48_random_random_best_rm25_tw6
0-12-14-47-16-15-13-9-11-10-55-0,106.41595786171044,seed703_explore_lns_start1_mixed_random_best_rm10_tw6
0-11-15-16-47-14-12-10-53-55-68-0,106.58071009021133,seed706_explore_lns_start4_late_random_best_rm15_tw10
0-2-6-7-8-5-3-45-4-46-60-0,106.6320351406574,seed709_explore_lns_start31_late_best_rm25_tw10
0-69-12-14-47-16-15-13-9-10-66-0,106.66051953481548,seed705_explore_lns_start0_late_random_best_rm20_tw12
0-69-2-6-7-8-5-46-45-3-1-68-0,106.96269302118648,seed602_lns_start4_late_best_rm8_tw12
0-12-14-47-17-16-15-13-9-10-66-0,107.40244919144877,seed701_explore_lns_start15_late_regret_rm10_tw8
0-12-14-47-16-15-13-9-11-10-66-0,108.17277880571777,seed705_explore_lns_start16_late_random_best_rm20_tw6
0-11-12-14-47-17-16-15-13-9-66-0,108.45991506774915,seed704_explore_guarded
0-12-14-47-17-16-15-13-11-10-60-0,108.59152543485472,seed701_explore_lns_start19_mixed_best_rm20_tw10
0-41-38-39-42-44-43-40-37-35-36-0,108.65709734445399,seed701_explore_lns_start14_mixed_random_best_rm25_tw6
0-22-25-23-21-18-48-49-20-24-66-0,108.72600720111963,seed709_explore_lns_start0_random_random_best_rm25_tw6
0-2-5-45-4-7-8-46-3-1-70-0,108.99291964648432,seed702_explore_lns_start32_random_random_best_rm15_tw10
0-12-14-47-17-16-13-9-11-10-66-0,109.02772991560344,seed706_explore_lns_start18_late_random_best_rm15_tw8
0-69-2-7-8-46-5-45-3-1-70-55-0,109.52515548198647,seed701_explore_lns_start0_late_best_rm25_tw6
0-2-5-45-4-7-8-46-3-1-68-0,109.63283415220911,seed705_explore_lns_start32_mixed_random_best_rm20_tw12
0-64-22-25-23-21-18-48-49-20-24-66-0,110.15292363004983,seed704_explore_lns_start2_mixed_regret_rm20_tw6
0-61-38-42-44-43-40-37-35-36-0,110.57951351078495,seed702_explore_lns_start15_mixed_best_rm15_tw12
0-12-14-47-17-16-15-13-9-10-60-0,110.76057354000942,seed603_lns_start4_late_random_best_rm8_tw15
0-69-2-6-7-8-5-3-45-46-60-55-0,110.78865277971312,seed701_explore_lns_start3_late_best_rm20_tw15
0-12-14-47-16-15-13-9-11-10-60-0,111.53090315427842,seed702_explore_lns_start4_mixed_random_best_rm20_tw6
0-25-23-21-19-18-48-49-20-24-66-0,112.2892634265359,seed701_explore_lns_start4_random_best_rm25_tw10
0-12-14-47-17-16-13-9-11-10-60-0,112.3858542641641,seed703_explore_lns_start3_late_random_best_rm15_tw6
0-65-25-23-21-19-18-48-49-20-24-66-0,113.19267762334776,seed707_explore_lns_start17_random_random_best_rm20_tw6
0-69-2-6-7-8-5-3-1-45-46-60-0,113.79774181103599,seed601_lns_start3_random_random_best_rm5_tw15
0-25-23-21-49-19-48-20-22-24-66-0,113.79904370154742,seed708_explore_lns_start13_mixed_best_rm25_tw12
0-64-25-23-21-19-18-48-49-20-24-66-0,114.55368989960964,seed702_explore_lns_start0_random_best_rm20_tw15
0-69-2-6-7-8-5-3-1-45-60-55-0,115.5229062035485,seed708_explore_lns_start4_mixed_best_rm10_tw8
0-69-2-6-7-8-5-3-1-46-60-55-0,115.95699964654555,seed701_explore_lns_start3_random_random_best_rm20_tw6
0-2-5-8-7-6-46-45-3-1-55-68-0,116.00402640872387,seed704_explore_lns_start1_late_random_best_rm15_tw15
0-25-21-19-49-18-48-20-22-24-66-0,116.18420850868192,seed701_explore_lns_start3_mixed_regret_rm15_tw10
0-5-45-4-6-7-8-46-3-1-55-68-0,116.59467535402402,seed703_explore_lns_start4_late_random_best_rm20_tw10
0-69-2-6-7-8-5-3-45-46-60-68-0,116.64651715598217,seed704_explore_lns_start19_mixed_regret_rm10_tw6
0-65-12-14-47-17-16-15-13-9-10-60-0,117.01170438159703,seed706_explore_lns_start2_late_random_best_rm20_tw15
0-14-12-47-17-16-15-13-9-10-55-68-0,117.47056220163458,seed703_explore_lns_start0_mixed_random_best_rm20_tw8
0-14-12-47-17-16-15-13-9-10-60-55-0,118.94395470599193,seed608_lns_start3_late_random_best_rm8_tw12
0-23-21-19-49-18-48-20-22-24-56-0,119.06126117133701,seed703_explore_lns_start0_mixed_random_best_rm20_tw15
0-69-2-5-8-46-45-3-1-6-60-55-0,120.26655754725405,seed707_explore_lns_start1_random_best_rm15_tw12
0-23-25-21-49-19-18-48-22-20-24-0,120.96483252773763,seed701_explore_lns_start3_random_best_rm25_tw8
0-12-14-47-17-16-15-13-9-10-70-0,121.15448351879039,seed709_explore_lns_start3_mixed_random_best_rm20_tw10
0-2-5-45-7-46-3-1-4-6-60-0,122.51939922345592,seed704_explore_lns_start32_mixed_random_best_rm20_tw15
0-2-5-8-7-46-45-3-1-6-60-0,122.76931892778983,seed707_explore_lns_start4_random_best_rm15_tw15
0-65-52-12-14-47-16-15-11-9-10-13-0,122.9143065641932,seed701_explore_lns_start3_random_regret_rm10_tw15
0-2-5-8-7-46-45-3-1-4-60-0,122.95230071123154,seed702_explore_lns_start31_random_random_best_rm15_tw12
0-64-21-18-19-49-20-48-23-25-24-0,122.9931932980135,seed708_explore_lns_start20_mixed_best_rm20_tw12
0-69-2-6-7-8-5-3-45-46-60-70-0,123.22511205983199,seed701_explore_lns_start3_random_random_best_rm15_tw10
0-2-45-5-8-7-46-4-1-60-55-0,124.12700066875897,seed701_explore_lns_start32_random_best_rm25_tw6
0-2-5-8-7-46-45-3-1-60-55-0,124.40784039500872,seed709_explore_lns_start32_random_random_best_rm15_tw8
0-14-12-47-17-16-15-13-9-10-60-68-0,124.80181908226098,seed601_lns_start3_late_regret_rm8_tw12
0-2-5-8-7-46-45-3-1-6-60-55-0,124.98563051584826,seed701_explore_lns_start2_late_random_best_rm15_tw6
0-14-12-47-17-16-15-13-11-10-56-0,125.35628796783067,seed702_explore_lns_start1_late_random_best_rm25_tw12
0-14-12-47-17-16-15-11-10-53-66-0,126.08687130630626,seed702_explore_lns_start0_random_random_best_rm20_tw10
0-69-2-5-7-46-45-3-1-6-60-55-0,127.20678151773282,seed709_explore_lns_start3_mixed_best_rm20_tw12
0-69-2-5-8-7-46-45-3-1-60-55-0,127.51971932125981,seed701_explore_lns_start2_mixed_regret_rm20_tw6
0-65-52-12-14-47-16-15-13-9-10-17-0,129.10993706163865,seed703_explore_lns_start4_random_random_best_rm15_tw10
0-69-12-14-47-17-16-15-10-53-60-68-0,129.4364642712511,seed706_explore_lns_start10_mixed_random_best_rm25_tw12
0-14-15-16-17-47-12-11-53-60-70-0,129.56572509733473,seed705_explore_lns_start32_late_random_best_rm25_tw10
0-64-25-23-21-19-18-48-49-20-24-56-0,130.47618187919707,seed703_explore_lns_start0_mixed_best_rm10_tw6
0-61-41-42-44-43-40-37-35-36-39-0,131.04509746261937,seed703_explore_lns_start4_random_random_best_rm25_tw15
0-65-52-21-18-19-49-20-48-23-25-0,131.139325483278,seed702_explore_lns_start48_random_random_best_rm25_tw6
0-64-51-63-50-67-54-68-55-0,131.2075023430298,seed703_explore_lns_start4_mixed_random_best_rm20_tw10
0-67-62-63-51-64-66-54-68-0,131.49950650091455,seed706_explore_lns_start3_random_random_best_rm15_tw15
0-69-64-51-63-50-67-54-68-0,131.74619266931404,seed701_explore_lns_start3_late_random_best_rm20_tw6
0-2-5-8-7-46-45-3-4-60-70-0,132.91916857467785,seed703_explore_lns_start31_random_best_rm20_tw6
0-67-62-63-51-64-56-66-55-68-0,133.29713455406574,seed702_explore_lns_start4_random_best_rm10_tw12
0-64-63-51-62-50-67-54-68-0,133.75872189063892,seed701_explore_lns_start3_late_best_rm20_tw8
0-14-47-17-16-15-12-11-53-10-13-0,135.07815705196333,seed704_explore_lns_start0_mixed_random_best_rm10_tw10
0-61-42-44-40-39-38-37-35-36-68-0,135.78743747778617,seed708_explore_lns_start0_late_random_best_rm10_tw8
0-14-47-17-16-15-11-9-53-10-13-0,136.0603292086978,seed706_explore_lns_start0_mixed_best_rm15_tw6
0-65-52-59-11-10-53-60-55-70-68-0,136.6111794005891,seed703_explore_lns_start16_late_best_rm25_tw12
0-65-52-59-58-57-53-55-68-0,136.81173487104869,seed702_explore_lns_start19_random_best_rm20_tw12
0-64-51-63-50-62-54-68-55-0,137.25118512598573,seed707_explore_lns_start4_random_random_best_rm15_tw8
0-61-41-42-44-40-38-37-35-36-39-0,137.9801100408089,seed701_explore_lns_start17_late_random_best_rm15_tw8
0-14-47-17-16-15-13-11-10-9-58-0,138.68224607726492,seed709_explore_lns_start13_random_regret_rm10_tw10
0-14-15-16-47-12-53-11-9-10-13-0,138.72705326144,seed707_explore_lns_start13_late_best_rm15_tw12
0-69-52-12-14-47-16-15-11-10-17-0,140.05012967642756,seed709_explore_lns_start0_late_random_best_rm25_tw8
0-69-47-17-16-15-13-10-53-60-55-70-0,140.65464588040066,seed704_explore_lns_start47_mixed_random_best_rm20_tw6
0-31-29-27-28-26-30-32-34-33-0,140.98343124963543,seed704_explore_lns_start2_late_random_best_rm15_tw8
0-67-31-29-27-26-28-30-34-32-33-0,140.98534255008232,seed703_explore_lns_start18_mixed_best_rm15_tw12
0-14-12-47-17-16-15-11-53-4-0,141.03135116578056,seed702_explore_lns_start1_late_random_best_rm15_tw8
0-14-15-16-17-47-12-11-10-53-70-0,141.15330562353432,seed703_explore_lns_start16_late_random_best_rm25_tw12
0-14-12-47-17-16-15-13-11-4-0,142.83398163930008,seed701_explore_lns_start17_mixed_regret_rm15_tw15
0-62-31-29-27-26-28-30-34-32-33-0,142.8418807429618,seed701_explore_lns_start3_mixed_regret_rm10_tw15
0-42-44-61-41-38-37-40-43-39-68-0,143.02201963817373,seed601_lns_start4_late_regret_rm8_tw10_guarded
0-64-63-51-34-50-62-56-66-0,143.77517683328125,seed706_explore_lns_start10_mixed_random_best_rm25_tw12
0-64-63-51-56-66-54-68-55-0,144.07510032062447,seed707_explore_lns_start2_random_best_rm20_tw15
0-64-63-51-50-67-56-66-68-0,144.17167097956423,seed703_explore_lns_start2_late_best_rm25_tw8
0-14-12-11-9-59-57-22-24-66-0,144.67573831435334,seed704_explore_lns_start47_mixed_random_best_rm20_tw6
0-14-15-16-17-47-12-53-9-10-60-0,144.73285225273898,seed708_explore_lns_start70_late_random_best_rm25_tw10
0-42-61-41-44-43-39-38-37-35-36-0,145.08719916252943,seed706_explore_lns_start3_random_random_best_rm20_tw12
0-2-6-7-8-45-5-3-1-46-60-68-0,145.2845130338356,seed703_explore_lns_start17_late_random_best_rm20_tw10
0-14-12-47-17-16-15-13-9-10-60-70-0,145.6495673204803,seed702_explore_lns_start16_late_regret_rm10_tw12
0-14-47-17-15-16-12-53-6-4-70-0,146.41362459467305,seed709_explore_lns_start32_random_random_best_rm15_tw8
0-64-63-51-62-50-67-56-66-68-0,146.5278592593749,seed602_lns_start2_late_random_best_rm8_tw10
0-65-52-59-58-57-53-55-70-0,146.75424771642417,seed706_explore_lns_start18_mixed_best_rm15_tw12
0-67-62-63-51-64-66-54-68-55-0,146.84935344205047,seed601_lns_start0_random_random_best_rm8_tw8
0-64-63-51-62-50-67-54-68-55-0,147.90085751436987,seed601_lns_start4_mixed_random_best_rm6_tw6
0-64-63-51-62-50-67-54-55-0,147.90085751436987,seed702_explore_lns_start4_late_random_best_rm10_tw15
0-47-14-12-17-15-16-10-53-60-55-68-0,148.24623278286606,seed702_explore_lns_start53_late_best_rm10_tw12
0-64-63-51-62-50-67-54-70-0,150.33731679448871,seed703_explore_lns_start0_mixed_random_best_rm20_tw8
0-14-47-15-16-11-12-53-6-70-0,150.8531537087467,seed703_explore_lns_start31_mixed_best_rm15_tw10
0-11-14-12-47-17-16-15-13-9-58-0,150.95167976322762,seed601_lns_start3_random_random_best_rm3_tw6
0-65-52-58-59-57-66-55-70-0,151.19545431125417,seed704_explore_lns_start14_late_random_best_rm10_tw6
0-65-52-59-58-57-53-55-70-68-0,153.88611300377926,seed704_explore_guarded
0-42-61-41-44-43-40-38-37-36-39-0,154.41398082168152,seed706_explore_lns_start3_random_random_best_rm10_tw8
0-42-41-61-44-43-40-38-37-35-36-0,158.94804800215118,seed606_lns_start15_random_random_best_rm6_tw6
0-69-65-51-63-50-62-54-68-55-0,159.56400579216466,seed705_explore_lns_start32_late_random_best_rm25_tw10
0-42-44-61-38-37-36-40-43-39-68-0,160.52325887951145,seed702_explore_lns_start15_late_best_rm10_tw10
0-14-12-47-16-15-13-11-10-53-70-0,160.53408818142873,seed709_explore_lns_start2_mixed_random_best_rm20_tw15
0-65-52-58-59-11-53-60-55-70-0,161.13004021088366,seed704_explore_lns_start18_random_best_rm25_tw6
0-62-63-51-64-66-56-54-68-55-0,162.65869972432057,seed703_explore_lns_start1_random_random_best_rm15_tw6
0-67-31-29-27-28-34-50-62-56-0,163.3589177918825,seed704_explore_lns_start47_mixed_random_best_rm20_tw6
0-64-63-51-62-50-67-54-66-0,164.83022629458523,seed703_explore_lns_start2_late_random_best_rm10_tw12
0-61-42-44-40-43-38-37-35-36-39-0,166.06932836949116,seed602_lns_start0_random_random_best_rm6_tw6
0-14-12-47-17-16-15-11-10-13-58-0,166.50348765237635,seed602_lns_start1_random_regret_rm6_tw8
0-14-53-12-47-16-15-11-9-10-68-0,167.25934110736995,seed707_explore_lns_start2_late_random_best_rm15_tw15
0-42-61-41-38-39-43-40-37-35-36-0,167.82729812408388,seed701_explore_lns_start4_random_random_best_rm25_tw15
0-65-52-58-59-57-53-70-68-0,169.40214530984093,seed703_explore_lns_start1_mixed_random_best_rm15_tw10
0-65-25-23-21-18-49-20-22-48-24-66-0,169.46535691626497,seed702_explore_lns_start13_late_random_best_rm25_tw12
0-39-38-41-61-44-43-40-37-35-36-0,169.63107186564127,seed707_explore_lns_start1_random_regret_rm15_tw6
0-42-61-41-38-44-43-40-36-35-39-0,170.76377485796797,seed605_lns_start2_mixed_regret_rm8_tw6
0-69-2-5-8-7-46-45-3-1-60-68-0,171.64308588270194,seed701_explore_lns_start17_mixed_regret_rm20_tw6
0-64-19-51-63-50-62-54-68-0,171.99919856267763,seed701_explore_lns_start15_random_regret_rm20_tw6
0-69-64-51-63-50-67-62-66-68-0,173.58296695396078,seed703_explore_lns_start1_random_random_best_rm15_tw8
0-64-63-51-62-50-67-54-70-68-0,174.9024496176104,seed602_lns_start2_mixed_best_rm8_tw8_guarded
0-14-12-47-17-16-15-13-9-10-66-68-0,175.33786542190728,seed606_lns_start1_late_random_best_rm5_tw6
0-64-22-51-63-50-67-54-68-0,176.51288452219205,seed704_explore_lns_start0_mixed_random_best_rm15_tw8
0-14-47-17-16-15-12-10-9-13-58-0,177.50594870657028,seed707_explore_lns_start4_mixed_regret_rm10_tw15
0-65-52-58-59-57-53-60-70-0,178.82455656568976,seed703_explore_lns_start2_late_best_rm10_tw10
0-14-15-16-47-12-53-11-9-10-17-0,179.61350739577034,seed709_explore_lns_start17_mixed_best_rm25_tw8
0-64-63-51-56-67-50-54-68-0,182.11855542376247,seed704_explore_lns_start4_late_regret_rm15_tw12
0-14-12-47-17-16-15-13-9-10-66-56-0,182.7503309351787,seed601_lns_start0_late_random_best_rm5_tw8
0-69-14-47-16-12-10-53-60-4-68-0,183.00367888249764,seed706_explore_lns_start8_mixed_random_best_rm15_tw10
0-64-63-51-62-50-67-56-66-55-0,183.15073135000387,seed603_lns_start2_late_random_best_rm8_tw10
0-64-63-51-50-62-56-66-55-68-0,184.53692618096585,seed705_explore_lns_start0_mixed_best_rm20_tw8
0-14-47-17-16-12-10-11-13-9-58-0,184.67364688957713,seed707_explore_lns_start15_mixed_random_best_rm15_tw8
0-65-52-59-58-57-53-66-68-0,184.79169022214217,seed708_explore_lns_start3_mixed_best_rm20_tw10
0-65-52-59-58-57-9-10-60-55-0,185.2471643594714,seed705_explore_guarded
0-2-45-8-7-6-5-3-1-46-60-70-0,188.8004235497158,seed701_explore_lns_start18_late_random_best_rm20_tw12
0-65-52-58-59-57-66-68-70-55-0,189.8031138806714,seed702_explore_lns_start16_late_regret_rm10_tw6
0-11-15-16-17-47-14-12-53-1-70-0,191.04941193871812,seed709_explore_lns_start31_late_best_rm25_tw10
0-65-52-59-58-57-53-66-56-0,192.2041557354136,seed705_explore_lns_start3_mixed_best_rm20_tw8
0-69-2-6-7-8-46-5-45-3-1-39-0,192.71928045167553,seed601_lns_start0_late_regret_rm6_tw12_guarded
0-14-12-47-17-16-15-13-9-60-4-0,194.00189495025,seed709_explore_lns_start1_random_regret_rm10_tw10
0-14-12-47-17-16-15-13-9-10-4-0,194.84490887112057,seed601_lns_start3_late_random_best_rm8_tw15
0-65-52-59-58-25-57-55-68-0,195.39654315819834,seed709_explore_lns_start19_late_best_rm10_tw12
0-14-12-15-16-17-47-10-53-60-4-0,195.6864929449374,seed709_explore_lns_start54_random_random_best_rm10_tw15
0-65-52-58-59-9-10-13-15-17-60-0,196.19638904571795,seed708_explore_lns_start20_mixed_best_rm20_tw12
0-59-25-23-21-18-48-22-20-24-66-0,198.59329783249063,seed701_explore_lns_start17_mixed_regret_rm20_tw6
0-69-2-5-8-7-46-45-3-1-70-60-0,200.68586291368845,seed704_explore_lns_start3_mixed_random_best_rm15_tw15
0-67-31-29-27-28-34-50-62-56-66-0,201.50604039734569,seed702_explore_lns_start54_late_best_rm15_tw6
0-52-25-23-21-18-48-49-20-22-24-66-0,202.4993404523696,seed701_explore_lns_start15_random_regret_rm20_tw6
0-64-63-51-50-67-54-56-66-0,202.85863426300065,seed709_explore_lns_start4_late_random_best_rm20_tw15
0-69-61-41-38-37-40-44-42-43-35-0,203.5432340881677,seed704_explore_lns_start4_late_regret_rm15_tw6
0-64-63-51-50-67-54-68-70-55-0,204.09869287334647,seed703_explore_lns_start3_random_regret_rm15_tw6
0-64-25-23-51-62-50-54-68-0,204.31176687976384,seed702_explore_lns_start17_mixed_random_best_rm15_tw15
0-64-52-57-58-59-9-10-13-0,204.3789993525715,seed601_lns_start32_mixed_best_rm8_tw6
0-69-2-6-7-8-46-5-45-3-1-66-0,204.38989703100785,seed606_lns_start0_random_random_best_rm6_tw15
0-42-44-61-38-37-36-40-43-39-70-0,205.3712468241339,seed701_explore_lns_start13_late_regret_rm15_tw12
0-23-25-21-19-18-48-49-20-24-56-66-0,206.65662119961377,seed701_explore_guarded
0-65-52-59-13-11-10-53-60-55-70-68-0,207.4093020747071,seed703_explore_guarded
0-14-47-17-16-15-10-12-53-60-55-70-0,207.60522316779472,seed702_explore_lns_start54_late_best_rm15_tw6
0-11-12-14-47-17-16-15-13-9-25-0,207.97843683981745,seed702_explore_lns_start14_random_random_best_rm10_tw8
0-23-25-21-49-18-48-20-22-24-56-66-0,210.44651136390584,seed702_explore_lns_start13_mixed_best_rm20_tw12
0-59-58-52-57-9-11-10-13-0,210.640305834998,seed701_explore_lns_start32_random_best_rm25_tw6
0-14-15-47-17-16-13-10-53-60-4-0,210.92052427519266,seed702_explore_lns_start48_random_random_best_rm25_tw6
0-64-22-19-49-21-18-48-20-24-66-55-0,213.1168810815354,seed702_explore_lns_start2_random_random_best_rm25_tw10
0-65-64-52-57-58-59-9-10-13-0,213.80846661285756,seed702_explore_lns_start31_random_random_best_rm15_tw12
0-64-63-51-50-67-56-66-55-68-0,214.51527776759815,seed701_explore_lns_start3_mixed_best_rm10_tw10
0-2-61-42-44-40-37-38-35-36-39-0,214.73239577802008,seed706_explore_lns_start4_late_regret_rm20_tw15
0-14-12-47-17-16-15-13-9-10-66-55-0,214.79358195628683,seed601_lns_start4_late_regret_rm8_tw8
0-64-63-51-50-67-54-39-68-0,215.1163309046491,seed703_explore_guarded
0-65-52-59-58-57-53-55-66-0,215.2513788161141,seed706_explore_lns_start16_late_regret_rm10_tw8
0-65-52-59-58-25-57-55-70-0,215.74775197546873,seed701_explore_lns_start13_mixed_best_rm10_tw15
0-64-63-51-62-50-54-68-70-55-0,216.9357379700254,seed703_explore_lns_start2_random_random_best_rm10_tw6
0-65-52-59-58-57-53-60-55-70-0,217.73101456763496,seed704_explore_lns_start19_random_best_rm25_tw6
0-14-12-47-17-16-15-9-10-53-60-70-0,220.2761041976759,seed702_explore_lns_start19_late_regret_rm15_tw12
0-11-15-16-17-47-14-12-53-6-70-0,221.07316590773635,seed706_explore_lns_start32_random_best_rm10_tw15
0-64-63-51-62-50-67-66-55-68-0,221.66488577089044,seed701_explore_lns_start2_mixed_random_best_rm10_tw6
0-42-44-61-41-38-37-40-43-35-39-0,221.80643584682036,seed601_lns_start3_mixed_random_best_rm8_tw15
0-64-63-51-50-67-54-66-68-0,222.45060559060414,seed704_explore_lns_start1_mixed_best_rm15_tw10
0-11-9-59-52-57-22-20-66-68-0,224.07564187386475,seed709_explore_lns_start54_random_random_best_rm10_tw15
0-11-15-16-17-47-14-12-53-6-60-0,225.6214094024788,seed703_explore_lns_start32_random_best_rm15_tw12
0-42-41-61-44-43-40-37-35-36-39-68-0,226.03988281819875,seed702_explore_lns_start16_mixed_best_rm25_tw15
0-23-21-19-25-18-48-49-20-24-66-68-0,226.8007133901062,seed709_explore_lns_start18_mixed_regret_rm15_tw12
0-64-63-51-62-50-54-39-68-0,227.95337600132802,seed605_lns_start17_late_random_best_rm6_tw12
0-14-12-47-16-15-11-10-53-6-70-0,230.2801880128764,seed706_explore_lns_start31_random_random_best_rm20_tw6
0-14-12-47-17-16-15-13-9-10-53-55-0,231.45122293682303,seed603_lns_start4_late_random_best_rm6_tw8
0-2-45-8-7-5-3-1-4-60-66-0,231.56149148691512,seed707_explore_lns_start32_mixed_random_best_rm10_tw10
0-64-22-51-63-50-62-54-68-55-0,233.34110207155769,seed703_explore_lns_start4_mixed_random_best_rm10_tw15
0-31-29-27-28-26-30-32-34-33-56-0,233.36856631504108,seed601_lns_start2_late_regret_rm5_tw10
0-64-63-51-62-50-54-66-68-0,235.28765068728302,seed701_explore_lns_start0_mixed_best_rm15_tw15
0-65-52-59-58-57-9-10-55-70-0,235.5025242626531,seed709_explore_guarded
0-14-12-47-17-16-15-13-10-53-4-0,236.9848711097097,seed701_explore_lns_start13_late_regret_rm15_tw12
0-64-63-51-56-62-50-54-68-55-0,238.4025141784016,seed705_explore_lns_start3_random_best_rm25_tw15
0-14-12-47-17-16-15-13-11-53-4-0,240.08209265351786,seed704_explore_lns_start0_random_regret_rm20_tw8
0-65-52-58-57-53-6-4-55-0,240.22005871495236,seed701_explore_lns_start17_mixed_regret_rm20_tw6
0-14-12-47-17-16-15-13-9-10-53-60-0,241.2731156125326,seed705_explore_lns_start0_late_regret_rm10_tw12
0-69-19-21-23-18-48-25-58-13-0,241.8896266322575,seed702_explore_lns_start53_late_best_rm10_tw12
0-64-63-51-56-67-50-54-70-0,242.10332817331943,seed708_explore_lns_start70_late_random_best_rm25_tw10
0-14-12-47-16-13-9-11-53-4-68-0,242.3498959048821,seed704_explore_lns_start0_late_regret_rm15_tw10
0-65-52-59-58-57-53-60-4-0,243.37893052759537,seed601_lns_start0_late_regret_rm6_tw12_guarded
0-65-52-59-58-57-53-4-70-0,244.6894934489283,seed601_lns_start2_late_best_rm5_tw6
0-11-12-9-59-57-22-24-58-0,246.14636648495454,seed702_explore_lns_start48_random_random_best_rm25_tw6
0-65-52-12-14-47-16-15-13-9-10-17-60-0,246.62504452692139,seed706_explore_guarded
0-23-25-21-49-18-48-20-22-24-58-0,247.5349801002223,seed701_explore_lns_start3_random_random_best_rm20_tw6
0-23-25-21-19-18-48-49-20-24-66-55-0,247.84779391018972,seed704_explore_lns_start0_mixed_random_best_rm15_tw8
0-67-62-63-51-64-56-66-54-55-0,249.02567353063313,seed709_explore_lns_start1_random_best_rm10_tw6
0-11-12-14-47-17-16-15-13-10-25-0,250.19855721263497,seed706_explore_lns_start15_late_random_best_rm15_tw12
0-67-31-29-27-28-32-34-50-62-56-0,250.43219499628344,seed709_explore_lns_start54_random_random_best_rm10_tw15
0-69-12-14-47-17-16-15-9-10-53-66-0,251.67634414647762,seed701_explore_lns_start2_late_random_best_rm15_tw6
0-65-52-59-58-57-53-17-55-0,251.99031182167167,seed705_explore_lns_start16_late_random_best_rm20_tw6
0-64-52-59-58-57-9-13-17-0,253.74126679950498,seed706_explore_lns_start31_random_random_best_rm20_tw6
0-14-12-47-17-16-15-13-9-11-53-60-0,254.31781535905077,seed706_explore_lns_start17_late_random_best_rm20_tw6
0-2-5-8-7-6-46-45-3-1-70-66-0,255.74506928092083,seed706_explore_lns_start1_random_random_best_rm10_tw12
0-23-25-21-18-49-20-22-48-24-66-68-0,256.6276325860117,seed702_explore_lns_start16_mixed_regret_rm10_tw8
0-14-12-47-17-16-15-9-10-53-4-0,256.90036963920545,seed702_explore_lns_start19_late_random_best_rm15_tw8
0-14-12-47-17-16-15-13-10-9-25-0,257.3051413537227,seed704_explore_lns_start18_late_regret_rm10_tw10
0-14-12-47-17-16-15-11-53-60-56-0,260.070354458325,seed704_explore_lns_start32_mixed_best_rm20_tw12
0-14-12-47-17-16-15-13-9-11-53-70-0,260.33028857976944,seed702_explore_guarded
0-67-62-63-51-22-64-56-54-68-0,261.84141507656557,seed707_explore_lns_start14_mixed_random_best_rm20_tw15
0-64-63-51-50-67-54-66-55-0,261.90632212498366,seed703_explore_lns_start2_random_best_rm15_tw10
0-23-21-19-18-49-48-20-22-24-58-0,262.5943719558331,seed703_explore_lns_start15_mixed_best_rm15_tw15
0-64-63-51-50-62-66-68-70-55-0,262.8397607635667,seed708_explore_lns_start0_mixed_random_best_rm15_tw10
0-69-12-14-47-17-16-15-13-9-60-66-0,264.57369547564247,seed705_explore_lns_start13_late_random_best_rm20_tw15
0-69-53-12-14-47-16-15-9-10-13-17-0,266.5160373989803,seed704_explore_lns_start2_late_best_rm25_tw10
0-69-2-6-7-8-46-5-45-3-1-54-0,266.56288931579684,seed701_explore_lns_start2_late_random_best_rm10_tw6
0-52-23-21-18-19-49-20-22-48-24-66-0,267.5634238652968,seed707_explore_lns_start17_mixed_regret_rm15_tw10
0-2-45-5-8-7-6-46-4-3-1-39-0,267.92118237907675,seed703_explore_lns_start13_late_random_best_rm20_tw15
0-64-63-51-62-50-54-41-68-0,268.16493918564504,seed601_lns_start13_late_random_best_rm8_tw15
0-64-22-23-21-49-18-48-20-24-66-55-0,269.7677698468563,seed709_explore_lns_start19_random_random_best_rm15_tw6
0-14-12-47-17-16-15-13-9-10-60-66-0,270.51087343820495,seed702_explore_lns_start2_late_regret_rm10_tw15
0-65-11-52-57-59-58-66-55-0,271.923748967843,seed703_explore_lns_start19_late_regret_rm10_tw10
0-65-52-59-58-57-17-55-70-0,273.16359402539183,seed709_explore_lns_start14_late_random_best_rm20_tw10
0-64-63-51-62-50-54-66-55-0,274.74336722166254,seed702_explore_lns_start2_mixed_best_rm25_tw12
0-14-12-47-17-16-15-13-9-10-53-66-0,274.93112810442256,seed605_lns_start0_late_random_best_rm8_tw8
0-64-25-23-21-19-18-48-49-20-24-58-0,275.11211024964916,seed701_explore_lns_start2_mixed_regret_rm20_tw6
0-64-63-18-21-23-48-49-20-22-24-66-0,276.6450161434099,seed703_explore_lns_start18_random_random_best_rm15_tw12
0-64-63-51-62-50-54-4-0,277.8893143175657,seed709_explore_lns_start18_mixed_regret_rm15_tw12
0-11-12-14-47-17-16-15-10-53-54-0,278.2054748391208,seed703_explore_lns_start1_late_regret_rm15_tw15
0-64-63-51-66-56-67-54-68-55-0,278.33668693571497,seed707_explore_lns_start2_random_best_rm20_tw6
0-23-25-51-63-50-62-54-68-0,279.0680299541477,seed704_explore_lns_start13_random_best_rm15_tw12
0-14-12-47-17-16-15-13-9-10-53-60-55-0,280.4099916370422,seed603_lns_start1_late_regret_rm8_tw8
0-31-29-27-28-26-30-32-34-33-66-0,280.824487651067,seed601_lns_start2_late_best_rm6_tw10
0-64-19-51-63-50-62-54-68-55-0,281.42126734506513,seed703_explore_lns_start0_random_random_best_rm25_tw15
0-64-63-51-50-66-54-68-55-0,282.43677483745074,seed707_explore_lns_start0_mixed_random_best_rm25_tw10
0-14-12-47-17-16-15-13-11-60-55-66-0,285.8200940762341,seed704_explore_lns_start4_late_regret_rm15_tw12
0-67-62-51-63-50-54-41-68-0,286.6698575127301,seed601_lns_start2_mixed_regret_rm8_tw8
0-65-52-59-57-53-60-4-70-55-0,287.0926954491518,seed703_explore_lns_start15_mixed_best_rm15_tw15
0-14-47-17-15-13-9-11-10-53-60-66-0,287.576383929079,seed703_explore_lns_start2_mixed_regret_rm10_tw6
0-67-31-29-27-26-28-30-34-32-33-56-0,287.9464834019715,seed601_lns_start2_random_regret_rm4_tw6
0-69-61-41-38-37-40-44-42-43-39-35-0,289.2569856405245,seed703_explore_lns_start17_late_random_best_rm20_tw10
0-65-52-58-59-57-9-10-60-70-0,289.42063346754696,seed705_explore_lns_start4_late_regret_rm15_tw6
0-62-31-29-27-26-28-30-34-32-33-56-0,289.8030215948509,seed701_explore_lns_start0_random_random_best_rm20_tw12
0-2-61-42-44-38-37-40-43-39-36-0,290.4730143555235,seed703_explore_lns_start4_late_random_best_rm20_tw10
0-65-52-59-58-57-53-10-55-68-0,291.3139295647916,seed701_explore_guarded
0-67-61-42-44-43-40-38-37-35-36-39-0,291.3735736540693,seed607_lns_start1_random_random_best_rm6_tw10
0-65-52-59-58-57-11-60-55-70-0,291.9947068588991,seed703_explore_guarded
0-64-63-51-56-67-50-54-68-55-0,294.07659569643266,seed701_explore_lns_start3_mixed_regret_rm10_tw15
0-69-2-6-7-8-46-5-45-3-1-43-0,295.2552598110635,seed704_explore_lns_start18_random_best_rm25_tw6
0-64-63-51-62-50-67-56-66-68-55-0,295.8371504393551,seed601_lns_start2_late_best_rm5_tw6
0-65-52-59-58-57-10-60-4-0,295.94447996201325,seed702_explore_guarded
0-65-52-59-58-57-53-4-1-0,296.41142429274964,seed703_explore_lns_start4_mixed_random_best_rm10_tw8
0-64-63-51-62-50-67-54-36-0,296.80344781939306,seed701_explore_lns_start2_late_random_best_rm15_tw6
0-65-11-52-57-59-58-55-70-0,298.05964447565304,seed705_explore_lns_start17_late_random_best_rm10_tw12
0-64-63-51-62-50-67-54-56-66-0,298.87486897329245,seed602_lns_start4_late_best_rm8_tw12
0-14-12-47-17-16-15-13-9-11-53-66-0,299.15699906224205,seed701_explore_guarded
0-2-45-5-8-7-6-46-43-54-0,299.7709323611726,seed708_explore_lns_start20_mixed_best_rm20_tw12
0-64-63-51-62-50-67-54-68-66-0,302.50156010997637,seed601_lns_start0_late_best_rm4_tw10
0-67-62-63-51-64-66-56-54-68-55-0,303.31169862405153,seed708_explore_lns_start3_random_best_rm20_tw12
0-69-22-51-63-50-62-54-68-70-0,303.36767353615573,seed705_explore_lns_start22_random_random_best_rm20_tw12
0-64-19-51-63-50-67-54-68-55-0,303.70326763537753,seed705_explore_lns_start0_random_random_best_rm15_tw15
0-65-52-59-58-57-66-70-4-0,304.38984535103884,seed706_explore_lns_start4_mixed_random_best_rm20_tw10
0-64-63-51-62-50-67-54-68-70-55-0,304.9181230217767,seed601_lns_start3_random_random_best_rm8_tw6
0-52-21-18-19-20-49-48-23-25-24-66-0,306.2066282621568,seed705_explore_lns_start18_random_random_best_rm10_tw10
0-65-52-59-58-25-57-55-70-68-0,306.578976229884,seed602_lns_start19_late_regret_rm4_tw10
0-69-2-6-8-45-46-5-3-1-41-68-0,306.88086615336897,seed704_explore_lns_start1_mixed_regret_rm10_tw15
0-64-63-51-56-62-50-54-39-0,307.6245882059286,seed702_explore_lns_start13_late_random_best_rm10_tw12
0-67-62-63-51-64-66-54-68-70-55-0,307.9696675791955,seed701_explore_lns_start3_random_best_rm10_tw8
0-65-59-58-23-18-49-22-20-66-55-0,309.15599476251657,seed708_explore_lns_start70_late_random_best_rm25_tw10
0-65-52-58-59-11-53-4-70-55-0,311.74451354764284,seed703_explore_guarded
0-14-12-47-17-16-13-9-11-60-55-66-0,312.38039588139986,seed708_explore_lns_start3_late_regret_rm15_tw6
0-65-52-58-59-9-53-6-4-70-0,312.5083478804632,seed702_explore_lns_start1_late_random_best_rm25_tw12
0-2-45-5-8-7-6-46-3-1-70-39-0,314.40820974745014,seed703_explore_lns_start0_mixed_random_best_rm20_tw15
0-64-63-51-56-67-62-50-54-68-0,315.73328521115513,seed706_explore_lns_start3_late_regret_rm15_tw6
0-2-45-5-8-7-46-3-1-6-60-66-0,316.45809374939415,seed705_explore_lns_start4_random_random_best_rm15_tw10
0-65-52-59-58-57-66-53-55-68-0,318.49530364798215,seed701_explore_lns_start15_late_best_rm10_tw12
0-11-9-59-52-57-22-49-20-68-0,320.4724806063075,seed702_explore_lns_start54_late_best_rm15_tw6
0-65-52-59-58-25-57-66-55-70-0,323.1651791239141,seed707_explore_lns_start19_late_random_best_rm10_tw12
0-67-62-63-51-64-66-53-55-70-68-0,323.557733042276,seed703_explore_lns_start1_random_best_rm25_tw10
0-64-63-51-50-67-54-41-55-0,324.59015603437695,seed701_explore_lns_start3_mixed_random_best_rm10_tw12
0-63-22-19-21-18-48-49-20-24-66-56-0,326.3281929265994,seed702_explore_lns_start17_mixed_random_best_rm15_tw15
0-64-63-51-62-50-67-56-66-68-70-0,327.4113085069217,seed705_explore_guarded
0-67-31-29-27-26-28-30-34-32-33-68-0,328.1762796845315,seed702_explore_guarded
0-64-63-51-62-50-67-54-41-0,329.19630662141947,seed606_lns_start0_mixed_regret_rm6_tw10
0-11-12-14-47-16-13-9-10-53-60-66-0,332.5974498148174,seed707_explore_lns_start0_late_regret_rm15_tw12
0-2-5-8-7-46-45-3-1-6-60-17-0,332.87311542649655,seed705_explore_lns_start0_late_random_best_rm20_tw12
0-67-31-29-27-26-28-30-34-32-33-66-0,335.40240473799724,seed703_explore_lns_start32_random_best_rm25_tw10
0-64-63-51-62-50-67-54-55-60-0,336.2368772701448,seed704_explore_lns_start2_mixed_best_rm10_tw12
0-64-22-51-62-54-68-70-4-0,337.1141478314876,seed707_explore_lns_start15_random_regret_rm25_tw10
0-69-2-6-7-8-46-5-45-3-1-41-0,337.3553929771761,seed602_lns_start2_late_regret_rm8_tw8
0-62-21-19-49-20-22-48-23-25-24-66-0,338.1826346779808,seed701_explore_lns_start17_random_regret_rm20_tw12
0-38-41-61-42-44-43-40-35-37-39-68-0,340.1532760434332,seed702_explore_lns_start4_late_regret_rm10_tw6
0-64-63-51-62-50-67-54-39-68-0,341.8551489756869,seed601_lns_start3_late_regret_rm6_tw15
0-42-41-61-44-43-40-38-37-35-39-55-0,342.85262287816676,seed708_explore_lns_start2_mixed_random_best_rm20_tw8
0-69-2-5-8-7-46-45-3-1-60-17-0,343.4467986733697,seed701_explore_lns_start3_random_regret_rm10_tw15
0-11-47-17-16-15-14-12-53-6-1-0,344.7420013284665,seed703_explore_lns_start31_random_best_rm20_tw6
0-64-63-51-50-67-54-68-4-0,345.8631467626709,seed708_explore_lns_start19_random_random_best_rm25_tw8
0-65-52-58-59-57-53-66-70-0,347.83092679556245,seed708_explore_lns_start3_late_best_rm10_tw8
0-69-64-51-63-50-67-62-66-68-55-0,348.51050282394385,seed708_explore_lns_start4_mixed_random_best_rm15_tw8
0-65-11-52-57-59-58-66-70-0,350.8663014181491,seed602_lns_start4_late_random_best_rm8_tw10
0-64-63-51-50-67-54-36-68-0,352.75602281980156,seed703_explore_lns_start0_mixed_random_best_rm20_tw15
0-31-29-27-28-26-30-32-34-33-55-0,353.0232678008194,seed705_explore_lns_start4_late_random_best_rm10_tw12
0-14-12-47-17-16-15-13-9-10-53-56-0,353.82037081561646,seed704_explore_lns_start1_late_regret_rm15_tw8
0-64-63-51-62-50-67-54-66-55-0,354.5069156415269,seed601_lns_start3_late_regret_rm8_tw12
0-65-52-58-59-57-9-13-10-70-0,354.6358541895221,seed702_explore_lns_start1_late_random_best_rm15_tw8
0-65-52-59-58-57-66-53-60-55-0,354.9048691180891,seed703_explore_lns_start15_late_best_rm10_tw6
0-65-52-9-59-58-57-53-55-70-0,356.9631318871951,seed701_explore_lns_start18_late_best_rm25_tw6
0-64-63-51-62-50-54-68-4-0,358.7001918593498,seed701_explore_lns_start16_late_regret_rm10_tw15
0-23-25-51-63-50-62-56-68-55-0,359.2101655778786,seed707_explore_lns_start18_mixed_best_rm20_tw15
0-2-5-8-7-6-46-45-3-1-39-36-0,361.07446050142187,seed704_explore_lns_start4_late_regret_rm15_tw6
0-11-14-47-16-12-53-3-1-4-55-0,363.02353922319486,seed708_explore_lns_start20_mixed_best_rm20_tw12
0-52-19-49-23-21-48-20-22-25-24-66-0,366.30871226974836,seed709_explore_lns_start16_random_random_best_rm25_tw10
0-63-19-49-21-18-48-23-25-20-24-66-0,368.4948497913397,seed701_explore_lns_start19_random_random_best_rm10_tw15
0-65-59-58-57-9-10-53-55-70-0,368.91140041175026,seed701_explore_lns_start17_mixed_regret_rm15_tw15
0-67-31-29-27-26-28-34-50-62-56-66-0,368.93156896886836,seed702_explore_lns_start48_random_random_best_rm25_tw6
0-65-52-25-21-18-19-49-20-23-48-58-0,370.1409664763311,seed704_explore_lns_start47_mixed_random_best_rm20_tw6
0-69-2-5-8-7-6-46-45-3-1-35-0,371.2745731817441,seed604_lns_start1_late_random_best_rm8_tw6
0-65-52-59-58-25-57-53-55-0,371.7964977813408,seed702_explore_lns_start18_mixed_best_rm25_tw15
0-65-52-59-58-57-66-53-55-70-0,372.2115973392796,seed601_lns_start13_late_best_rm8_tw6
0-64-63-51-50-62-56-66-54-68-0,372.31087841629136,seed702_explore_lns_start17_late_best_rm15_tw12
0-42-61-38-44-43-40-37-35-36-54-0,373.20722500543854,seed703_explore_lns_start0_late_random_best_rm10_tw15
0-64-63-51-50-67-54-68-55-66-0,373.32182306195034,seed602_lns_start2_random_regret_rm8_tw12
0-69-65-64-51-63-50-62-54-36-0,373.7044391834405,seed701_explore_lns_start32_random_best_rm25_tw6
0-31-29-27-28-26-30-32-34-33-50-0,374.68669417504475,seed709_explore_lns_start1_random_best_rm10_tw6
0-59-58-57-52-53-4-70-55-0,375.956732483306,seed707_explore_lns_start17_random_random_best_rm20_tw6
0-23-25-21-19-18-48-49-24-58-13-0,376.3580456059522,seed709_explore_lns_start54_random_random_best_rm10_tw15
0-69-2-6-8-5-46-45-3-1-41-70-0,377.6049248726562,seed701_explore_lns_start0_mixed_random_best_rm10_tw10
0-14-12-47-17-16-13-9-11-53-60-66-0,377.6454081107348,seed704_explore_lns_start4_late_regret_rm15_tw6
0-69-65-52-59-58-57-53-60-70-0,381.0841352643179,seed704_explore_lns_start1_mixed_best_rm15_tw6
0-62-63-51-50-67-54-68-55-66-0,381.5716840599325,seed703_explore_lns_start0_mixed_best_rm10_tw6
0-65-52-59-58-57-53-55-70-4-0,382.0797414356782,seed601_lns_start0_late_best_rm4_tw10
0-14-47-17-16-15-13-11-10-53-70-39-0,383.770494989586,seed707_explore_lns_start0_mixed_random_best_rm10_tw15
0-2-5-45-4-6-7-8-46-3-1-42-0,384.0658167572212,seed708_explore_lns_start70_late_random_best_rm25_tw10
0-65-52-59-58-57-53-60-4-55-0,384.84826233172214,seed602_lns_start2_mixed_best_rm8_tw8_guarded
0-67-62-29-31-34-28-26-30-32-33-27-0,386.1035528944233,seed703_explore_lns_start32_mixed_random_best_rm20_tw12
0-64-63-51-62-50-54-68-55-66-0,386.1588681586293,seed601_lns_start2_random_regret_rm4_tw6
0-64-63-51-62-50-67-54-39-70-0,386.70313692030936,seed706_explore_guarded
0-65-52-59-58-57-66-55-70-4-0,387.0214509682993,seed601_lns_start2_late_regret_rm5_tw10_guarded
0-14-12-47-17-16-15-11-53-8-70-0,387.22624875385964,seed704_explore_lns_start32_mixed_random_best_rm20_tw15
0-22-51-63-50-62-54-68-66-0,387.9625568944007,seed701_explore_lns_start2_mixed_regret_rm20_tw6
0-65-52-59-58-57-53-60-4-70-0,388.0357776515625,seed603_lns_start0_late_random_best_rm8_tw8_guarded
0-11-59-58-57-53-55-70-4-0,389.94399457826404,seed706_explore_guarded
0-44-42-61-38-37-35-40-43-39-70-68-0,390.8431011967332,seed706_explore_lns_start16_late_regret_rm10_tw8
0-2-5-8-7-6-46-45-3-1-43-70-0,391.8803130644028,seed709_explore_lns_start0_late_random_best_rm25_tw8
0-2-5-8-7-46-45-3-1-6-60-10-0,392.0008761341307,seed707_explore_lns_start4_random_random_best_rm20_tw15
0-14-12-47-17-16-15-13-10-9-57-0,392.1200594669606,seed701_explore_lns_start2_mixed_regret_rm10_tw15
0-69-2-6-7-8-46-5-45-3-1-37-0,392.57067097208005,seed709_explore_lns_start4_random_regret_rm15_tw15
0-64-21-19-49-18-48-20-22-24-66-60-0,394.11871701429834,seed706_explore_lns_start19_mixed_best_rm25_tw15
0-65-64-51-63-50-62-54-41-68-0,394.56561746707087,seed709_explore_lns_start16_random_random_best_rm25_tw10
0-64-63-51-62-50-67-54-41-68-0,394.740388802464,seed601_lns_start0_late_best_rm4_tw8
0-64-63-51-62-67-50-34-56-66-0,394.97359620657437,seed706_explore_lns_start8_mixed_random_best_rm15_tw10
0-65-52-59-58-57-11-53-55-70-0,395.0189287664932,seed705_explore_lns_start13_late_random_best_rm15_tw8
0-42-44-61-41-38-37-40-43-39-4-0,395.0876336605803,seed601_lns_start4_late_regret_rm8_tw10
0-65-52-58-59-57-9-53-60-55-0,395.81178160519215,seed703_explore_lns_start16_late_best_rm15_tw6
0-65-52-58-59-57-66-68-70-4-0,395.85460668883945,seed602_lns_start1_late_random_best_rm5_tw10
0-64-63-51-50-67-54-41-68-55-0,396.25207678865644,seed702_explore_lns_start4_late_best_rm20_tw8
0-65-52-59-58-57-53-4-70-68-0,396.8012155744056,seed702_explore_lns_start2_mixed_best_rm20_tw12
0-64-19-51-63-50-62-67-54-68-0,396.93864999513244,seed709_explore_lns_start0_random_random_best_rm25_tw6
0-67-62-63-51-64-66-54-41-68-0,397.7919333598828,seed702_explore_guarded
0-14-12-47-17-16-15-13-10-9-58-25-0,399.1034862174038,seed708_explore_lns_start14_random_regret_rm15_tw8
0-69-12-14-47-17-16-15-9-57-58-0,399.25409651880193,seed703_explore_guarded
0-23-25-21-49-19-18-48-20-24-66-60-0,399.31069712428217,seed709_explore_lns_start4_random_regret_rm15_tw15
0-64-52-57-59-9-11-10-13-58-0,399.84375269089935,seed709_explore_lns_start32_random_random_best_rm15_tw8
0-65-52-59-58-57-11-4-70-0,399.9915419674112,seed608_lns_start3_late_random_best_rm8_tw12_guarded
0-14-47-17-16-15-12-53-6-3-70-0,400.16085944814176,seed701_explore_lns_start32_random_best_rm25_tw6
0-65-52-59-58-57-53-70-68-66-0,400.46431764300075,seed702_explore_lns_start3_mixed_best_rm15_tw15
0-2-5-8-7-6-46-45-3-1-41-68-0,401.22562579466774,seed703_explore_lns_start1_late_regret_rm15_tw15
0-11-12-14-47-16-15-13-10-53-25-0,401.42335102533804,seed709_explore_lns_start13_mixed_regret_rm25_tw6
0-59-58-57-52-9-53-55-70-68-0,401.9795649671594,seed702_explore_lns_start13_late_random_best_rm25_tw12
0-42-41-61-44-43-40-37-35-36-39-54-0,402.3864373599035,seed706_explore_lns_start10_mixed_random_best_rm25_tw12
0-64-63-51-62-50-54-35-68-0,403.15137667093586,seed702_explore_lns_start16_mixed_random_best_rm10_tw10
0-64-63-51-50-62-66-70-4-0,403.28328387146416,seed701_explore_lns_start17_late_best_rm15_tw15
0-65-52-59-58-57-53-60-4-68-0,404.1712670152393,seed707_explore_lns_start2_mixed_best_rm15_tw10
0-64-25-23-51-62-50-54-39-0,404.5146338565337,seed702_explore_guarded
0-64-22-51-62-50-54-68-4-0,404.97337107257,seed701_explore_lns_start19_random_random_best_rm10_tw15
0-65-12-52-57-59-58-25-55-0,410.59638014440617,seed707_explore_lns_start13_mixed_best_rm15_tw12
0-64-52-57-58-59-9-10-17-13-0,410.8495823580643,seed703_explore_lns_start31_mixed_best_rm15_tw10
0-25-19-51-63-50-62-54-68-0,410.90721828960386,seed709_explore_lns_start19_random_random_best_rm15_tw6
0-69-61-41-42-44-38-37-40-43-39-54-0,411.1853495933769,seed709_explore_lns_start54_random_random_best_rm10_tw15
0-62-63-51-50-67-54-41-68-55-0,411.5732472134804,seed605_lns_start3_mixed_random_best_rm8_tw12
0-65-64-51-63-50-62-67-54-68-66-0,411.63957179141187,seed701_explore_lns_start1_late_random_best_rm20_tw12
0-65-64-52-57-58-59-11-60-70-0,411.7476212303047,seed706_explore_lns_start1_mixed_random_best_rm15_tw6
0-64-63-51-62-50-67-68-55-4-0,415.0190418316106,seed709_explore_lns_start4_late_regret_rm10_tw8
0-64-63-51-62-50-54-38-0,415.18427155087284,seed706_explore_guarded
0-42-44-61-41-38-37-40-43-35-39-70-0,415.2324581337624,seed701_explore_lns_start17_mixed_regret_rm20_tw6
0-2-5-8-7-46-45-3-1-6-60-55-66-0,416.57349042198166,seed706_explore_lns_start13_random_regret_rm20_tw10
0-14-47-15-16-11-12-53-3-1-4-0,418.046681281829,seed705_explore_lns_start22_random_random_best_rm20_tw12
0-64-63-51-62-50-67-54-39-55-0,418.39597514966374,seed608_lns_start2_late_random_best_rm5_tw8
0-69-11-9-52-57-59-58-55-70-0,418.5344392079759,seed706_explore_lns_start4_late_regret_rm20_tw15
0-62-28-29-31-34-27-26-30-32-33-68-0,419.05534259653587,seed708_explore_lns_start70_late_random_best_rm25_tw10
0-65-52-22-57-59-58-53-55-0,419.4720061143733,seed701_explore_lns_start14_random_best_rm25_tw6
0-65-52-59-58-57-53-4-55-68-0,419.6066635718714,seed702_explore_lns_start2_random_random_best_rm20_tw8
0-64-63-51-62-50-54-41-68-55-0,420.09230339677435,seed607_lns_start2_random_random_best_rm6_tw10
0-64-63-51-62-50-67-54-68-4-0,422.3564647213455,seed601_lns_start0_late_random_best_rm4_tw10
0-64-52-57-58-59-9-10-13-66-0,422.51479472590154,seed705_explore_lns_start32_mixed_best_rm15_tw6
0-64-63-51-62-50-54-68-70-4-0,422.9872307781934,seed701_explore_lns_start17_late_regret_rm10_tw8
0-65-52-9-59-58-57-22-55-70-0,423.13302637588515,seed706_explore_lns_start17_late_best_rm25_tw8
0-64-63-51-62-50-54-41-35-0,424.3143651191203,seed707_explore_lns_start19_mixed_random_best_rm25_tw8
0-62-28-29-31-34-27-26-30-32-33-66-0,426.28146765000145,seed703_explore_lns_start0_late_random_best_rm10_tw6
0-31-29-27-28-26-30-32-34-33-54-0,427.2487761954741,seed602_lns_start2_late_regret_rm8_tw8
0-69-19-18-21-25-23-48-24-58-13-0,428.5788744155716,seed702_explore_lns_start54_late_best_rm15_tw6
0-67-31-29-27-26-28-30-34-32-33-50-0,429.264611261975,seed701_explore_lns_start17_mixed_regret_rm20_tw6
0-31-29-27-28-26-30-32-34-33-56-66-0,430.35100589579486,seed601_lns_start3_late_regret_rm6_tw15
0-2-5-8-7-6-46-45-3-1-43-55-0,430.5754607509171,seed703_explore_lns_start17_late_random_best_rm25_tw6
0-65-52-59-58-57-11-53-70-68-0,431.08689383735737,seed701_explore_lns_start4_random_random_best_rm25_tw15
0-65-52-58-59-57-11-10-53-55-0,431.1957559470825,seed705_explore_lns_start13_late_random_best_rm20_tw15
0-65-52-59-58-25-57-53-70-0,432.8010266950183,seed708_explore_lns_start14_mixed_best_rm10_tw10
0-65-11-52-59-58-57-66-68-55-0,433.2190063501573,seed707_explore_lns_start13_late_best_rm20_tw15
0-69-65-52-59-58-57-66-70-4-0,435.1429048916905,seed705_explore_lns_start3_random_best_rm25_tw15
0-65-52-59-58-57-9-10-13-17-60-0,435.1747568681866,seed705_explore_lns_start22_random_random_best_rm20_tw12
0-64-22-57-52-59-9-10-13-58-0,436.42832197631344,seed709_explore_lns_start32_mixed_best_rm10_tw12
0-64-19-51-63-50-62-54-68-66-0,437.4696385968383,seed701_explore_lns_start3_random_random_best_rm20_tw6
0-69-65-52-57-58-59-13-60-4-0,439.7226177406615,seed703_explore_lns_start0_mixed_random_best_rm20_tw15
0-14-12-47-17-16-15-13-10-9-57-66-0,439.76058130464327,seed703_explore_lns_start0_mixed_random_best_rm20_tw15
0-2-5-8-7-6-46-45-3-1-70-41-0,439.99712026268435,seed709_explore_lns_start13_mixed_regret_rm25_tw6
0-23-25-51-63-50-62-54-68-55-0,440.34931704471984,seed708_explore_lns_start18_mixed_best_rm20_tw15
0-65-52-59-58-25-57-53-55-68-0,440.69703524000363,seed702_explore_guarded
0-69-65-52-57-58-59-9-17-60-55-0,442.32072506736176,seed709_explore_lns_start13_mixed_regret_rm25_tw6
0-69-2-6-7-8-5-3-1-45-46-60-53-0,442.3658036400369,seed601_lns_start2_late_regret_rm5_tw10_guarded
0-62-63-51-50-67-54-68-55-4-0,442.64786745340496,seed702_explore_lns_start0_random_best_rm20_tw15
0-42-41-61-44-43-40-38-37-35-39-54-0,442.6583512458946,seed704_explore_guarded
0-65-52-22-57-58-59-13-55-70-0,443.4349901507601,seed709_explore_lns_start17_mixed_best_rm25_tw8
0-65-12-14-47-17-16-15-13-10-53-60-66-0,445.5059730495683,seed706_explore_lns_start4_late_regret_rm20_tw15
0-64-63-51-62-50-54-68-55-4-0,447.2350515521017,seed701_explore_lns_start1_random_random_best_rm10_tw8
0-65-52-59-58-57-53-17-4-0,447.29557250555195,seed708_explore_lns_start4_random_best_rm25_tw6
0-64-63-51-62-50-67-54-41-70-0,448.7601288488787,seed706_explore_lns_start4_mixed_regret_rm10_tw6
0-64-63-51-62-50-67-54-68-55-66-0,449.8151410206251,seed601_lns_start0_mixed_regret_rm6_tw12
0-64-63-51-56-67-50-54-68-66-0,450.12496694820584,seed704_explore_lns_start3_late_best_rm10_tw15
0-14-12-47-17-16-15-13-9-10-53-66-56-0,450.4848844065866,seed705_explore_lns_start17_late_random_best_rm10_tw12
0-64-63-51-62-50-67-54-55-4-0,450.8913244140974,seed604_lns_start3_late_random_best_rm8_tw12
0-33-28-29-31-34-32-30-26-27-39-0,451.07255064306463,seed701_explore_lns_start2_late_random_best_rm15_tw12
0-65-52-59-58-57-11-53-56-0,451.1225797238769,seed707_explore_lns_start15_random_regret_rm25_tw10
0-65-52-59-58-25-57-56-55-70-0,452.2745796095494,seed709_explore_lns_start16_mixed_random_best_rm15_tw10
0-2-5-8-7-46-45-3-1-6-60-53-0,452.33178184832144,seed705_explore_lns_start3_random_best_rm25_tw15
0-65-52-59-58-22-57-53-60-55-0,452.5329227630689,seed701_explore_lns_start14_mixed_random_best_rm25_tw6
0-65-52-9-59-58-57-53-4-0,454.3074015844209,seed705_explore_lns_start2_random_best_rm20_tw8
0-64-62-63-51-67-54-41-68-55-0,455.76852259087786,seed709_explore_lns_start1_mixed_random_best_rm10_tw10
0-65-52-58-59-57-11-53-60-55-0,458.1885599062458,seed702_explore_lns_start13_late_random_best_rm10_tw15
0-11-15-16-17-47-14-12-53-6-46-70-0,459.0563862870247,seed707_explore_lns_start32_mixed_random_best_rm10_tw10
0-25-22-51-63-50-62-54-68-0,460.6118046506412,seed708_explore_lns_start18_random_random_best_rm20_tw12
0-65-52-22-57-59-15-53-60-55-0,461.76197693307313,seed707_explore_lns_start15_mixed_random_best_rm15_tw8
0-64-21-19-49-18-48-20-22-24-66-54-0,462.7096481977164,seed707_explore_lns_start18_mixed_best_rm20_tw15
0-62-51-18-19-49-20-22-48-25-24-66-0,462.87143082511864,seed706_explore_lns_start14_random_best_rm25_tw12
0-38-31-29-28-26-30-32-33-27-0,463.6216244575897,seed706_explore_lns_start8_mixed_random_best_rm15_tw10
0-65-52-59-58-22-57-53-55-70-0,464.130690706148,seed706_explore_lns_start0_mixed_best_rm20_tw8
0-65-52-59-58-25-57-10-55-70-0,464.7131084444194,seed706_explore_lns_start17_late_random_best_rm20_tw6
0-42-41-61-44-43-40-37-38-39-54-68-0,464.7246309038072,seed702_explore_lns_start48_random_random_best_rm25_tw6
0-64-63-51-50-62-56-66-68-4-0,465.2687567571905,seed707_explore_lns_start16_late_best_rm25_tw10
0-2-45-5-8-7-6-46-61-55-0,465.4258443948204,seed705_explore_lns_start22_random_random_best_rm20_tw12
0-61-42-38-44-43-40-37-35-39-4-0,466.3739322068627,seed701_explore_lns_start15_random_regret_rm20_tw6
0-14-12-47-17-16-15-13-9-10-60-39-0,467.2462350373662,seed706_explore_lns_start4_late_random_best_rm10_tw10
0-65-52-59-58-57-10-55-70-4-0,467.60112908527253,seed701_explore_guarded
0-65-52-59-58-57-53-55-70-68-66-0,468.55973773003996,seed601_lns_start4_late_regret_rm8_tw10
0-23-25-21-49-19-18-48-20-24-57-66-0,469.69744294662354,seed702_explore_lns_start1_late_random_best_rm25_tw12
0-64-25-63-51-62-50-54-68-0,470.1140637715797,seed706_explore_lns_start13_random_best_rm20_tw12
0-65-11-52-57-59-58-53-55-0,470.7386134313456,seed708_explore_lns_start14_late_random_best_rm10_tw10
0-65-64-52-57-59-9-53-70-4-0,472.1938593060977,seed708_explore_lns_start3_random_best_rm15_tw10
0-65-52-59-58-57-53-4-1-70-0,472.5643266043309,seed705_explore_lns_start2_mixed_best_rm20_tw8
0-64-23-21-63-50-54-68-4-0,472.6656424138987,seed706_explore_lns_start14_random_best_rm25_tw12
0-65-52-58-59-57-9-53-60-70-0,473.8385140820789,seed705_explore_lns_start3_late_best_rm15_tw8
0-64-63-51-62-50-67-54-41-55-0,475.22060367191546,seed602_lns_start1_late_random_best_rm5_tw10
0-62-63-51-50-67-54-39-4-0,475.4318059250378,seed706_explore_lns_start19_mixed_best_rm25_tw15
0-69-65-52-57-58-59-9-13-60-70-0,475.7637622367354,seed703_explore_lns_start1_late_regret_rm15_tw15
0-64-19-51-63-50-62-54-4-0,476.5136656664233,seed702_explore_lns_start13_late_random_best_rm25_tw12
0-65-52-59-58-57-53-70-36-0,477.2160261158007,seed708_explore_lns_start4_late_random_best_rm10_tw6
0-64-63-51-62-50-67-66-55-4-0,478.2451569505156,seed703_explore_lns_start1_late_regret_rm15_tw15
0-67-62-63-51-64-66-54-41-55-0,478.2721482293343,seed605_lns_start1_random_best_rm8_tw15
0-64-22-51-63-50-62-67-54-68-55-0,479.461633349267,seed701_explore_lns_start4_random_random_best_rm15_tw8
0-64-63-51-62-50-41-54-66-0,479.6618192337975,seed701_explore_lns_start14_late_best_rm10_tw6
0-64-63-51-62-50-54-39-4-0,480.0189900237346,seed705_explore_lns_start14_mixed_random_best_rm15_tw12
0-14-12-47-17-16-13-9-10-4-39-0,481.5257202902618,seed706_explore_lns_start3_late_regret_rm15_tw6
0-2-5-8-7-6-46-45-3-1-41-55-0,481.70584066411914,seed708_explore_lns_start4_late_best_rm15_tw15
0-67-31-29-27-26-28-30-34-32-33-54-0,481.8266932824043,seed705_explore_lns_start0_random_best_rm25_tw8
0-62-31-29-27-26-28-30-34-32-33-54-0,483.6832314752837,seed701_explore_lns_start0_mixed_best_rm15_tw10
0-31-29-27-28-26-30-32-34-33-25-0,484.77542600300546,seed702_explore_lns_start0_mixed_best_rm15_tw10
0-14-12-47-17-16-15-13-9-10-41-0,484.81555465255934,seed701_explore_lns_start3_mixed_regret_rm10_tw12
0-64-63-51-50-67-54-70-55-4-0,484.9894028385611,seed704_explore_lns_start2_mixed_best_rm15_tw6
0-69-65-52-57-58-59-9-53-55-68-0,486.91496394365083,seed701_explore_lns_start18_late_random_best_rm20_tw12
0-64-63-51-56-62-50-67-54-68-55-0,487.69918730779864,seed608_lns_start3_late_regret_rm8_tw15
0-14-12-47-17-16-15-13-11-10-43-0,488.5448032640061,seed702_explore_lns_start13_late_random_best_rm25_tw12
0-65-52-59-58-57-10-53-55-70-68-0,488.78811259825113,seed704_explore_lns_start15_late_random_best_rm25_tw10
0-42-61-41-38-43-44-37-35-36-39-54-0,488.813286554158,seed708_explore_lns_start2_random_random_best_rm10_tw12
0-65-52-59-58-57-53-4-1-55-0,489.44952665062834,seed707_explore_lns_start16_mixed_random_best_rm15_tw12
0-69-65-52-59-58-57-53-60-4-0,490.27947681495823,seed707_explore_guarded
0-65-52-59-58-25-57-53-60-55-0,492.3784993751123,seed701_explore_lns_start17_late_regret_rm10_tw8
0-65-52-59-58-57-53-10-66-56-0,493.06566998849064,seed708_explore_lns_start1_mixed_random_best_rm20_tw8
0-65-52-59-58-25-57-53-55-70-0,494.41332893130107,seed602_lns_start17_mixed_best_rm8_tw8
0-11-14-12-47-17-16-15-13-9-41-0,495.4959165794686,seed702_explore_lns_start4_mixed_random_best_rm10_tw12
0-64-63-51-62-50-67-54-36-35-0,496.1031692526491,seed601_lns_start4_late_regret_rm8_tw10
0-64-22-51-63-50-67-54-39-68-0,496.9337441394314,seed708_explore_guarded
0-33-28-29-31-34-32-30-26-27-36-0,497.13389807811046,seed704_explore_lns_start4_late_random_best_rm20_tw8
0-65-64-22-57-52-59-9-10-13-58-0,500.10325920390426,seed703_explore_lns_start32_mixed_random_best_rm20_tw12
0-65-52-9-59-58-57-53-55-70-68-0,500.79678871568194,seed704_explore_lns_start13_mixed_best_rm25_tw10
0-64-63-51-62-50-67-66-68-4-0,502.3967163471149,seed709_explore_lns_start0_late_regret_rm10_tw8
0-64-63-51-62-50-67-54-36-68-0,503.38647045734007,seed602_lns_start1_late_regret_rm8_tw15
0-65-64-51-63-33-26-30-32-36-0,503.7050037286416,seed702_explore_lns_start54_late_best_rm15_tw6
0-64-22-51-63-50-62-54-39-68-0,503.9316770077756,seed701_explore_guarded
0-64-63-51-62-50-67-54-70-68-66-0,507.00934187963765,seed701_explore_lns_start4_mixed_random_best_rm15_tw15
0-64-63-51-56-62-50-54-39-68-0,507.3723176695921,seed706_explore_lns_start16_late_regret_rm10_tw15
0-22-51-63-50-62-54-68-4-0,507.81746150576976,seed704_explore_lns_start16_mixed_regret_rm15_tw12
0-65-52-59-58-57-53-10-60-4-0,507.9844786641928,seed703_explore_guarded
0-64-22-51-63-50-62-54-68-4-0,509.24437793469997,seed701_explore_lns_start13_late_random_best_rm25_tw8
0-64-63-51-62-50-67-54-68-55-4-0,510.8913244140974,seed601_lns_start4_late_regret_rm4_tw8
0-64-63-51-62-50-67-54-68-70-4-0,510.9696158299447,seed703_explore_lns_start17_mixed_random_best_rm15_tw10
0-65-52-9-13-59-58-57-25-55-0,511.36419097246716,seed704_explore_lns_start19_late_random_best_rm25_tw12
0-65-52-59-57-9-11-15-17-13-58-0,511.383388589484,seed706_explore_lns_start8_mixed_random_best_rm15_tw10
0-64-63-51-56-62-50-54-70-4-0,512.755851284016,seed701_explore_lns_start16_late_best_rm15_tw8
0-64-63-51-56-62-50-54-68-4-0,514.3057900415438,seed701_explore_lns_start17_late_best_rm10_tw8
0-64-63-51-50-67-66-68-55-4-0,514.4382580811922,seed708_explore_lns_start4_late_random_best_rm10_tw6
0-65-11-52-59-58-57-66-55-70-0,514.9469575374997,seed601_lns_start3_late_random_best_rm8_tw15
0-65-52-59-58-57-53-6-4-70-0,517.2969541096132,seed708_explore_lns_start1_mixed_random_best_rm10_tw8
0-65-52-59-58-57-53-70-41-0,519.3983439181522,seed701_explore_lns_start0_mixed_best_rm15_tw10
0-62-28-29-31-34-27-26-30-32-33-50-0,520.1436741739792,seed707_explore_lns_start2_random_best_rm20_tw6
0-65-52-58-59-57-66-55-60-17-0,522.2222457123314,seed707_explore_lns_start13_late_best_rm15_tw12
0-31-29-27-28-26-30-32-34-33-56-55-0,525.0272738182199,seed701_explore_lns_start1_late_random_best_rm10_tw10
0-14-12-47-17-16-15-13-9-10-66-39-0,525.3157357706568,seed602_lns_start1_late_regret_rm5_tw6
0-65-52-59-58-57-53-60-70-54-0,526.0864480461157,seed708_explore_lns_start4_mixed_random_best_rm15_tw8
0-64-29-31-34-28-26-27-30-32-33-56-0,526.2663538164036,seed605_lns_start3_mixed_random_best_rm8_tw12
0-65-52-58-59-57-66-68-55-17-0,526.6205826620932,seed705_explore_lns_start16_late_random_best_rm15_tw6
0-65-52-9-59-58-57-53-60-4-0,526.8784776935316,seed703_explore_lns_start4_late_best_rm25_tw10
0-59-58-57-52-53-60-4-70-55-0,527.1175015849157,seed701_explore_lns_start1_late_random_best_rm20_tw12
0-65-11-13-52-57-59-58-66-55-0,527.1904234580786,seed702_explore_lns_start19_late_regret_rm15_tw12
0-14-15-16-17-47-12-11-53-6-55-66-0,528.4963120536564,seed704_explore_lns_start32_mixed_regret_rm10_tw15
0-64-63-51-62-50-67-66-70-4-0,529.7394658226656,seed707_explore_lns_start0_mixed_random_best_rm15_tw8
0-64-63-51-62-50-67-54-35-68-0,529.941597700356,seed606_lns_start1_late_random_best_rm8_tw6
0-65-52-59-58-57-9-11-13-4-0,532.4066815205871,seed706_explore_lns_start10_mixed_random_best_rm25_tw12
0-67-31-29-27-26-28-30-34-32-33-39-0,534.0770027302833,seed703_explore_guarded
0-65-52-59-58-25-57-55-70-4-0,534.772604661783,seed601_lns_start13_late_random_best_rm8_tw15
0-27-29-31-34-28-26-30-32-33-56-68-0,535.5340532722013,seed704_explore_lns_start2_random_random_best_rm10_tw12
0-67-62-63-51-64-66-55-68-43-0,535.8543143932644,seed701_explore_lns_start4_random_random_best_rm20_tw12
0-65-52-58-59-57-11-53-60-70-0,536.2152923831326,seed602_lns_start2_late_regret_rm8_tw8
0-69-12-14-47-17-16-15-13-9-57-58-0,537.414716435055,seed703_explore_lns_start16_late_best_rm25_tw12
0-14-12-47-17-16-15-59-9-10-13-58-0,537.4463752370193,seed709_explore_lns_start3_random_random_best_rm15_tw15
0-64-63-51-56-62-67-54-68-55-4-0,538.3628567524172,seed709_explore_lns_start4_mixed_random_best_rm20_tw15
0-65-52-59-58-57-53-55-70-36-0,538.8283283520834,seed701_explore_lns_start13_late_random_best_rm25_tw8
0-31-29-27-28-26-30-32-34-33-35-0,539.2339093977467,seed602_lns_start3_late_random_best_rm8_tw12
0-67-31-29-27-26-28-30-34-32-33-25-0,539.3533430899356,seed705_explore_lns_start15_mixed_best_rm15_tw8
0-67-31-29-27-26-28-30-34-32-33-56-66-0,539.5049287692087,seed601_lns_start32_mixed_best_rm8_tw6
0-31-29-27-28-26-30-32-34-33-50-56-0,540.8122565275631,seed601_lns_start0_random_random_best_rm8_tw8
0-62-63-51-64-66-56-54-68-70-4-0,541.0655645813051,seed707_explore_lns_start13_random_random_best_rm15_tw15
0-62-31-29-27-26-28-30-34-32-33-56-66-0,541.3614669620881,seed603_lns_start2_mixed_regret_rm8_tw12
0-65-52-59-58-57-66-53-60-4-0,542.1269431456161,seed602_lns_start2_mixed_best_rm8_tw8
0-64-63-51-62-50-54-41-4-0,542.2831878879588,seed602_lns_start19_late_regret_rm4_tw10
0-64-63-51-50-54-41-68-4-0,545.3651316223782,seed701_explore_lns_start17_random_regret_rm20_tw12
0-64-63-51-62-50-67-54-68-55-1-0,546.8556017395395,seed703_explore_lns_start1_late_random_best_rm20_tw15
0-14-12-47-17-16-15-13-9-10-53-39-0,547.0609895554585,seed709_explore_lns_start4_late_random_best_rm20_tw10
0-14-12-47-17-16-15-13-9-10-55-41-0,549.3210670967368,seed709_explore_lns_start4_late_random_best_rm10_tw6
0-65-52-58-59-57-53-55-41-0,549.5474246599551,seed707_explore_lns_start13_random_random_best_rm15_tw15
0-64-63-51-62-50-67-54-41-35-0,551.1045861485409,seed703_explore_lns_start4_late_random_best_rm20_tw10
0-65-52-59-58-25-57-53-68-70-0,551.9431379901697,seed708_explore_lns_start14_random_random_best_rm10_tw6
0-64-63-51-50-67-54-41-68-66-0,552.3004480404296,seed702_explore_lns_start4_mixed_best_rm15_tw10
0-64-63-51-62-50-54-68-55-17-0,553.7532067514471,seed708_explore_lns_start4_random_best_rm10_tw10
0-64-63-51-50-67-54-68-70-55-66-0,555.4234083925815,seed705_explore_lns_start4_random_random_best_rm20_tw12
0-64-22-51-63-50-62-54-41-68-0,556.8169168345528,seed701_explore_lns_start17_mixed_regret_rm15_tw15
0-64-19-51-63-50-62-54-68-4-0,557.3245432082074,seed601_lns_start15_random_best_rm8_tw6
0-64-63-51-62-50-67-41-68-66-0,558.4824368928329,seed708_explore_lns_start1_late_regret_rm10_tw10
0-65-52-59-58-57-53-55-68-70-4-0,558.7890784405129,seed606_lns_start2_late_random_best_rm6_tw15
0-23-25-21-19-18-48-49-20-24-56-39-0,559.8209739480492,seed706_explore_lns_start2_random_regret_rm15_tw6
0-64-63-51-62-50-67-54-39-66-0,559.9781147130673,seed608_lns_start1_late_regret_rm6_tw15
0-64-63-51-56-62-50-54-41-68-0,560.2575574963693,seed701_explore_lns_start17_late_best_rm15_tw10
0-65-52-58-59-9-57-68-70-4-0,561.7681388785023,seed702_explore_lns_start3_mixed_best_rm20_tw10
0-65-52-59-57-53-6-4-70-39-0,564.7207508536272,seed701_explore_lns_start2_mixed_regret_rm20_tw6
0-64-63-51-56-50-67-54-55-66-0,566.3152623551857,seed702_explore_lns_start1_late_random_best_rm15_tw8
0-69-65-52-59-58-57-53-70-4-0,567.3679854867582,seed703_explore_lns_start2_mixed_best_rm10_tw8
0-65-52-59-58-23-57-53-55-70-0,567.5026726518807,seed707_explore_lns_start19_mixed_random_best_rm10_tw8
0-64-19-51-63-50-62-54-68-39-0,569.3245432082074,seed702_explore_guarded
0-65-11-52-57-59-58-53-70-0,570.7004692626292,seed701_explore_lns_start2_late_random_best_rm15_tw12
0-5-45-6-7-8-46-4-3-1-43-41-0,571.5833138566735,seed706_explore_lns_start4_late_regret_rm20_tw15
0-64-63-51-62-50-67-56-66-68-4-0,571.7404263024973,seed705_explore_lns_start2_late_best_rm10_tw8
0-65-52-59-58-57-66-53-55-4-0,575.0755748276073,seed703_explore_lns_start16_late_regret_rm10_tw10
0-25-19-51-50-62-54-68-4-0,575.1345164496151,seed703_explore_lns_start18_random_random_best_rm15_tw12
0-64-63-51-62-50-54-41-68-66-0,576.1406746485475,seed601_lns_start18_late_best_rm8_tw6
0-31-29-27-28-26-30-32-34-33-22-0,576.2210198181541,seed702_explore_lns_start1_late_random_best_rm25_tw12
0-65-11-52-57-59-58-66-4-0,576.3490543151557,seed703_explore_guarded
0-64-63-51-62-50-67-56-66-55-4-0,577.5962346712748,seed703_explore_lns_start1_mixed_random_best_rm15_tw10
0-65-9-52-57-59-58-70-4-0,577.626433155072,seed702_explore_lns_start3_late_random_best_rm15_tw8
0-64-63-51-62-50-67-54-36-55-0,579.1226170122713,seed704_explore_lns_start3_late_random_best_rm10_tw15
0-64-63-51-62-50-54-68-70-36-0,579.7358176945986,seed703_explore_lns_start19_late_regret_rm10_tw10
0-65-52-59-58-57-53-55-70-41-0,581.010646154435,seed601_lns_start15_random_best_rm8_tw6
0-33-28-29-31-34-32-30-26-27-41-0,584.1811990283329,seed702_explore_lns_start2_late_random_best_rm10_tw6
0-64-63-51-62-50-67-54-37-68-0,585.1341411666183,seed605_lns_start2_mixed_regret_rm8_tw6
0-64-52-57-58-59-9-10-13-4-0,585.1824677053366,seed704_explore_lns_start32_mixed_best_rm20_tw12
0-65-52-59-58-57-53-60-55-70-4-0,585.2857338694971,seed702_explore_lns_start13_late_random_best_rm10_tw12
0-65-69-53-52-57-9-59-58-25-0,585.8380701245446,seed706_explore_lns_start19_mixed_best_rm15_tw8
0-65-52-59-58-57-66-55-70-41-0,585.9523556870561,seed705_explore_lns_start18_mixed_best_rm20_tw10
0-65-52-59-58-57-9-13-70-4-0,586.2120186456505,seed702_explore_lns_start0_random_random_best_rm20_tw10
0-64-63-51-62-50-67-54-68-66-56-0,586.7104274204307,seed602_lns_start0_late_random_best_rm6_tw10
0-14-12-47-17-16-15-11-13-10-53-39-0,586.9848711097097,seed702_explore_lns_start3_late_random_best_rm15_tw8
0-65-52-58-59-57-15-53-55-70-0,590.1531811465936,seed706_explore_lns_start18_late_random_best_rm15_tw8
0-31-29-27-28-26-30-32-34-33-56-70-0,590.5553310535963,seed706_explore_lns_start3_random_best_rm10_tw10
0-65-52-59-58-25-57-53-4-0,591.7575986285269,seed702_explore_lns_start2_mixed_best_rm25_tw12
0-14-12-47-17-16-15-13-9-10-60-41-0,592.0748738499609,seed702_explore_lns_start3_late_random_best_rm10_tw15
0-14-12-47-17-16-15-13-9-10-60-43-0,592.7489043711632,seed709_explore_lns_start2_late_random_best_rm10_tw15
0-64-23-51-63-50-67-54-41-0,593.1990939113684,seed706_explore_lns_start0_mixed_best_rm20_tw10
0-67-31-29-27-26-28-30-34-32-33-35-0,593.8118264846771,seed702_explore_lns_start17_mixed_random_best_rm15_tw15
0-64-63-51-62-50-67-54-39-4-0,593.9207629980934,seed704_explore_guarded
0-64-63-51-62-50-67-54-56-66-55-0,595.2844662577398,seed604_lns_start2_late_regret_rm5_tw8
0-65-52-59-58-57-10-53-70-4-0,595.362232260682,seed702_explore_lns_start4_mixed_random_best_rm10_tw12
0-69-67-62-63-51-22-57-66-68-70-0,595.4177310687751,seed708_explore_lns_start20_mixed_best_rm20_tw12
0-23-25-51-63-50-62-67-54-68-0,598.5867665361307,seed702_explore_lns_start2_random_random_best_rm25_tw10
0-64-63-51-62-50-54-68-70-35-0,599.3678770499627,seed703_explore_lns_start16_late_regret_rm10_tw10
0-62-63-51-64-56-54-41-68-4-0,600.1422019222607,seed705_explore_lns_start14_mixed_best_rm25_tw8
0-64-63-51-62-50-67-66-68-36-0,600.8503046107464,seed703_explore_lns_start1_late_random_best_rm10_tw15
0-65-52-59-58-57-9-10-53-60-70-0,602.3939490330729,seed703_explore_lns_start17_late_random_best_rm25_tw6
0-31-29-30-28-26-27-34-32-33-50-66-0,603.3940154530222,seed709_explore_lns_start4_mixed_random_best_rm20_tw15
0-65-52-9-59-58-57-53-70-4-0,605.9961415659129,seed706_explore_lns_start1_mixed_best_rm20_tw8
0-64-22-51-63-50-62-54-68-36-0,607.6979661983315,seed707_explore_lns_start16_mixed_random_best_rm20_tw8
0-65-52-59-58-25-57-55-70-39-0,607.7560819700823,seed701_explore_lns_start16_late_regret_rm10_tw15
0-14-12-47-17-16-15-13-9-10-53-55-39-0,608.4445282040544,seed602_lns_start4_late_random_best_rm8_tw10
0-64-63-51-62-50-67-54-43-55-0,608.4928936173283,seed707_explore_lns_start2_late_random_best_rm15_tw15
0-69-11-13-52-57-19-21-48-25-24-0,609.1625286281167,seed708_explore_lns_start70_late_random_best_rm25_tw10
0-64-63-51-62-50-67-54-41-66-0,609.1687665698106,seed601_lns_start2_late_random_best_rm4_tw12
0-64-63-51-62-50-67-54-41-68-55-0,609.8017011810182,seed601_lns_start3_late_random_best_rm4_tw6
0-64-63-51-50-67-41-68-55-66-0,610.6637131872247,seed701_explore_lns_start2_late_random_best_rm10_tw6
0-65-11-52-57-53-4-70-41-0,610.7036734102034,seed709_explore_lns_start3_random_random_best_rm15_tw15
0-14-12-47-17-16-15-13-9-10-53-68-39-0,611.5756467126771,seed703_explore_lns_start2_late_random_best_rm10_tw12
0-64-63-51-56-62-50-54-68-36-0,612.7593783051755,seed709_explore_lns_start14_late_random_best_rm10_tw12
0-64-52-57-58-59-9-10-13-25-0,613.349574422054,seed705_explore_lns_start32_late_random_best_rm25_tw10
0-64-63-51-56-62-50-54-68-55-66-0,613.8846410583636,seed702_explore_lns_start2_mixed_best_rm15_tw12
0-67-62-63-51-64-66-54-41-68-55-0,615.5086257120087,seed702_explore_lns_start1_random_best_rm20_tw8
0-64-63-51-62-50-54-36-4-0,616.1028686020773,seed703_explore_lns_start17_late_random_best_rm20_tw10
0-65-52-9-59-58-57-68-70-35-0,616.5035294247187,seed704_explore_lns_start0_mixed_random_best_rm10_tw10
0-65-52-22-57-58-59-9-13-55-68-0,616.6639428430545,seed703_explore_lns_start16_late_random_best_rm25_tw12
0-64-63-51-62-50-67-54-39-68-55-0,617.9484121965525,seed602_lns_start1_late_random_best_rm5_tw6
0-69-64-51-63-33-32-30-35-36-0,620.0666741527789,seed702_explore_lns_start48_random_random_best_rm25_tw6
0-65-12-9-52-57-59-58-4-0,622.2540044405166,seed707_explore_lns_start0_mixed_random_best_rm10_tw15
0-65-52-59-57-11-53-55-70-41-0,623.1616709937534,seed708_explore_lns_start14_random_regret_rm15_tw8
0-62-28-29-31-34-27-26-30-32-33-39-0,624.9560656422875,seed701_explore_lns_start2_late_random_best_rm15_tw6
0-65-64-52-57-58-59-9-10-13-25-0,625.1403016209124,seed703_explore_lns_start32_random_best_rm25_tw10
0-23-25-51-63-50-62-54-4-0,626.3025638992368,seed702_explore_lns_start16_random_best_rm25_tw15
0-64-63-51-50-67-54-68-55-36-0,627.9107459575027,seed701_explore_lns_start1_late_regret_rm10_tw12
0-69-61-51-63-50-54-68-55-0,628.735903464712,seed703_explore_lns_start32_mixed_random_best_rm20_tw12
0-65-52-59-58-25-57-11-60-55-0,628.8225097816555,seed705_explore_lns_start17_late_regret_rm10_tw8
0-65-52-59-58-57-66-53-70-4-0,628.8498632621704,seed601_lns_start3_late_best_rm6_tw6
0-64-63-51-62-50-54-43-4-0,629.6160497188166,seed707_explore_lns_start16_random_best_rm25_tw15
0-67-31-29-27-26-28-30-34-32-33-22-0,630.7989369050844,seed706_explore_lns_start2_random_regret_rm15_tw6
0-67-62-31-29-27-26-28-34-30-32-33-56-0,631.2123559647104,seed709_explore_lns_start4_random_best_rm20_tw10
0-65-52-59-58-19-57-53-55-70-0,632.2499191865314,seed703_explore_lns_start17_late_random_best_rm25_tw12
0-67-62-51-63-33-50-54-68-4-0,632.8676938655215,seed706_explore_lns_start0_mixed_best_rm20_tw8
0-69-2-6-7-8-46-5-45-3-1-61-0,632.9776813148193,seed701_explore_lns_start3_mixed_random_best_rm15_tw6
0-64-23-51-63-50-62-54-68-4-0,634.9929313395711,seed702_explore_lns_start14_mixed_random_best_rm15_tw8
0-64-63-51-50-54-41-68-55-66-0,636.4719068301921,seed709_explore_lns_start4_random_best_rm20_tw10
0-65-52-59-58-57-56-66-55-70-4-0,636.8847862715788,seed701_explore_lns_start2_mixed_best_rm15_tw12
0-2-5-8-7-46-45-3-1-6-60-41-0,637.6635772659272,seed702_explore_lns_start4_mixed_best_rm20_tw6
0-14-12-47-17-16-15-13-9-10-66-41-0,638.3968231092883,seed702_explore_lns_start19_late_random_best_rm10_tw10
0-65-52-59-58-57-53-68-70-41-0,638.5404552133036,seed701_explore_lns_start1_late_best_rm10_tw6
0-64-63-51-50-67-54-41-70-4-0,639.5617627234557,seed701_explore_guarded
0-65-52-59-58-22-57-53-60-4-0,639.7549967905959,seed706_explore_guarded
0-33-28-29-31-34-32-30-26-27-43-0,640.2532012533453,seed701_explore_lns_start4_late_random_best_rm15_tw10
0-31-29-27-28-26-30-32-34-33-4-0,640.6209993749671,seed709_explore_lns_start0_late_random_best_rm10_tw6
0-14-12-47-17-16-15-13-9-10-54-39-0,641.6976804603212,seed706_explore_lns_start2_late_random_best_rm10_tw12
0-64-63-51-50-67-56-66-68-55-4-0,644.8119939139601,seed701_explore_lns_start0_mixed_best_rm15_tw10
0-64-63-51-62-50-54-35-4-0,646.4861808706396,seed707_explore_lns_start19_late_random_best_rm15_tw8
0-64-63-51-50-67-54-68-55-35-0,646.601397351124,seed603_lns_start2_mixed_regret_rm8_tw12
0-64-63-51-62-50-54-41-35-68-0,647.6099445136778,seed701_explore_lns_start13_late_regret_rm15_tw12
0-69-2-5-8-7-46-45-3-1-60-41-0,648.2372605128003,seed708_explore_lns_start1_mixed_random_best_rm10_tw8
0-69-65-52-57-58-59-17-4-70-0,650.4960571440798,seed709_explore_lns_start2_random_random_best_rm25_tw15
0-65-59-58-57-9-13-53-60-4-0,650.812992747449,seed709_explore_lns_start0_late_random_best_rm25_tw8
0-64-63-51-56-62-67-54-41-68-55-0,652.0682257114215,seed709_explore_lns_start4_mixed_best_rm10_tw12
0-67-31-29-27-26-28-30-32-33-38-0,652.5045651088537,seed706_explore_lns_start10_mixed_random_best_rm25_tw12
0-69-65-51-63-50-62-54-61-68-0,653.7553171927917,seed709_explore_lns_start32_random_random_best_rm15_tw8
0-62-63-51-64-66-56-54-41-68-55-0,653.7880878176225,seed706_explore_lns_start2_mixed_random_best_rm10_tw8
0-65-25-58-59-57-9-53-70-0,657.5556740435659,seed708_explore_lns_start13_mixed_regret_rm15_tw6
0-64-63-51-62-50-67-66-68-55-4-0,658.0898373486455,seed706_explore_lns_start2_mixed_random_best_rm15_tw15
0-59-58-57-52-11-53-55-70-4-0,658.7575077414405,seed706_explore_lns_start2_late_random_best_rm20_tw15
0-65-52-59-58-57-11-13-70-4-0,658.7673787225436,seed701_explore_lns_start2_late_random_best_rm15_tw6
0-62-63-51-50-54-41-68-55-66-0,658.8643866818576,seed701_explore_lns_start2_random_best_rm20_tw15
0-65-52-59-58-57-11-53-70-4-0,659.2805222692562,seed603_lns_start4_late_random_best_rm8_tw15
0-11-9-59-52-57-22-49-20-24-54-0,659.9176565386409,seed702_explore_lns_start53_late_best_rm10_tw12
0-62-31-29-27-26-28-30-34-32-33-41-0,661.547296759122,seed703_explore_lns_start2_random_best_rm15_tw10
0-64-19-18-21-23-48-49-20-24-66-41-0,661.8607242820808,seed708_explore_lns_start18_random_random_best_rm20_tw12
0-65-52-59-58-57-15-53-55-66-0,661.9266769655437,seed706_explore_lns_start19_late_best_rm15_tw10
0-65-52-59-58-57-53-4-41-0,663.9336782361858,seed601_lns_start3_random_random_best_rm8_tw6
0-14-12-47-17-16-15-11-13-9-66-42-0,666.7158994525287,seed707_explore_lns_start1_random_regret_rm15_tw6
0-69-31-29-27-26-28-34-30-32-33-56-0,667.2080795427087,seed702_explore_lns_start0_random_random_best_rm20_tw15
0-64-63-51-50-67-56-66-55-68-54-0,667.4132722314308,seed705_explore_lns_start3_random_random_best_rm20_tw10
0-65-52-59-58-57-53-8-4-70-0,667.6346762437862,seed709_explore_lns_start3_mixed_best_rm20_tw12
0-64-63-51-62-50-67-54-41-4-0,669.0734089173793,seed606_lns_start1_late_random_best_rm6_tw10
0-65-64-52-57-58-59-53-70-4-0,669.4696403652338,seed701_explore_lns_start2_random_best_rm20_tw15
0-23-25-21-19-18-48-49-20-24-66-41-0,671.4510350631913,seed701_explore_lns_start4_random_random_best_rm15_tw8
0-69-65-52-57-59-10-53-70-41-0,671.5774895615206,seed706_explore_lns_start13_random_regret_rm20_tw10
0-64-63-51-62-50-67-66-55-36-0,671.7578964525954,seed704_explore_lns_start1_late_random_best_rm15_tw15
0-64-63-51-62-50-54-41-70-4-0,674.4051708430127,seed701_explore_lns_start15_late_best_rm10_tw12
0-69-65-52-59-58-57-53-55-70-4-0,675.7543690580602,seed606_lns_start0_mixed_regret_rm6_tw10
0-64-63-51-56-62-50-54-68-70-4-0,676.4867845238497,seed701_explore_lns_start17_mixed_best_rm10_tw15
0-64-63-51-62-50-54-39-70-4-0,678.4070760102801,seed701_explore_guarded
0-65-52-59-58-25-57-53-60-4-0,679.6005734026394,seed706_explore_lns_start0_mixed_best_rm20_tw12
0-65-52-59-58-25-57-53-55-70-68-0,681.6523111421373,seed606_lns_start19_mixed_regret_rm8_tw8
0-62-28-29-31-34-27-26-30-32-33-36-0,681.7244425706238,seed702_explore_lns_start1_late_random_best_rm15_tw8
0-65-52-59-58-57-66-53-55-39-0,682.9394056851013,seed702_explore_lns_start16_late_regret_rm10_tw10
0-62-28-29-31-34-27-26-30-32-33-35-0,684.6908893966812,seed702_explore_lns_start4_mixed_random_best_rm15_tw15
0-64-63-51-50-67-54-41-55-66-0,684.7382231976613,seed701_explore_lns_start3_late_best_rm10_tw15
0-65-52-58-59-57-15-17-4-70-0,685.7356356552647,seed707_explore_lns_start0_late_regret_rm15_tw12
0-31-29-27-28-26-30-32-34-33-56-54-0,687.2692292374065,seed701_explore_lns_start1_mixed_best_rm20_tw12
0-65-52-58-59-57-53-60-70-41-0,687.5381614781734,seed604_lns_start3_late_random_best_rm8_tw12
0-65-52-59-58-57-53-55-70-44-0,688.1339422972867,seed704_explore_lns_start14_random_random_best_rm20_tw8
0-64-63-51-62-50-67-56-66-37-0,688.1507937590193,seed704_explore_lns_start0_mixed_random_best_rm25_tw12
0-69-65-51-63-50-62-54-61-55-0,688.3783168656302,seed704_explore_lns_start32_mixed_best_rm20_tw12
0-65-52-59-58-57-53-4-70-56-0,688.8922194296852,seed701_explore_lns_start4_mixed_best_rm10_tw6
0-69-65-52-59-58-57-53-55-70-1-0,691.6459310173643,seed706_explore_lns_start13_mixed_best_rm25_tw15
0-65-52-58-59-57-13-17-4-70-0,692.6388907980278,seed707_explore_lns_start2_late_random_best_rm15_tw15
0-65-52-59-58-57-9-10-70-41-0,693.4310855251592,seed704_explore_lns_start0_random_regret_rm20_tw8
0-65-52-59-58-25-57-53-60-55-68-0,693.5082624163831,seed703_explore_lns_start19_late_best_rm10_tw12
0-67-31-29-27-26-28-30-34-32-33-4-0,695.1989164618972,seed705_explore_lns_start3_mixed_best_rm20_tw8
0-19-51-63-50-67-41-68-55-0,695.6789812814874,seed704_explore_lns_start2_mixed_regret_rm20_tw6
0-64-63-51-62-50-54-41-68-4-0,695.9955792599167,seed601_lns_start13_late_best_rm8_tw6
0-65-52-59-58-57-53-4-70-39-0,697.9783213146037,seed602_lns_start4_mixed_random_best_rm6_tw15
0-64-63-51-62-50-54-41-39-4-0,699.1983142474709,seed702_explore_lns_start15_mixed_best_rm15_tw12
0-65-52-58-59-57-53-46-4-70-0,699.5014429143985,seed708_explore_lns_start4_mixed_best_rm10_tw8
0-65-52-58-59-57-53-60-4-70-68-0,700.3866525413359,seed703_explore_lns_start1_late_random_best_rm15_tw12
0-64-63-51-62-50-67-56-66-68-41-0,700.5161016111626,seed703_explore_lns_start4_late_best_rm10_tw15
0-67-31-29-27-26-28-30-34-32-33-37-0,700.5714346034181,seed705_explore_lns_start3_random_best_rm25_tw15
0-64-25-51-63-50-62-54-68-4-0,703.6758340463616,seed702_explore_lns_start14_random_random_best_rm10_tw8
0-64-63-51-62-50-67-54-68-55-36-0,704.4040639161774,seed707_explore_lns_start4_late_regret_rm10_tw6
0-62-31-30-28-29-34-27-26-32-33-25-0,704.5041660287097,seed708_explore_lns_start3_mixed_best_rm25_tw15
0-64-63-51-62-50-54-38-66-0,704.5542408568639,seed706_explore_lns_start0_mixed_best_rm20_tw8
0-59-58-57-53-6-4-70-41-0,704.7023508415745,seed701_explore_lns_start3_random_regret_rm10_tw15
0-65-52-58-59-57-11-53-60-55-70-0,707.2693636215291,seed702_explore_lns_start18_late_random_best_rm10_tw12
0-2-45-5-8-7-6-46-4-3-1-61-0,708.1795832422205,seed708_explore_lns_start4_mixed_random_best_rm15_tw8
0-65-52-59-58-57-53-4-70-54-0,708.2815463610457,seed701_explore_lns_start0_random_best_rm20_tw15
0-67-30-28-29-31-34-27-26-32-33-36-0,709.1774927383894,seed702_explore_lns_start14_late_random_best_rm10_tw12
0-59-58-18-57-53-55-70-4-0,715.0516336943066,seed709_explore_lns_start16_random_random_best_rm25_tw10
0-64-63-51-50-67-54-66-55-4-0,715.2851889676658,seed705_explore_lns_start2_mixed_random_best_rm10_tw8
0-69-65-51-63-50-67-54-61-68-55-0,715.9722099120784,seed709_explore_lns_start32_random_best_rm10_tw6
0-65-52-58-59-11-53-4-70-41-0,716.7269110745674,seed701_explore_lns_start2_mixed_regret_rm10_tw15
0-64-63-51-62-50-54-39-68-4-0,716.8159669179108,seed606_lns_start15_random_random_best_rm6_tw6
0-65-52-59-58-57-10-53-55-70-4-0,716.9817410301501,seed709_explore_lns_start4_late_random_best_rm20_tw15
0-65-52-59-58-57-53-55-70-68-41-0,717.1903176500743,seed702_explore_lns_start16_random_best_rm25_tw15
0-65-52-58-59-57-10-55-70-43-0,717.2626590161116,seed701_explore_lns_start17_late_random_best_rm20_tw8
0-64-63-51-62-50-54-41-68-70-55-0,717.7901348039129,seed705_explore_lns_start3_mixed_best_rm20_tw8
0-65-52-59-58-25-57-55-68-41-0,718.8525450797098,seed701_explore_lns_start16_late_best_rm15_tw8
0-23-25-21-19-18-48-49-20-24-66-43-0,719.3188408400309,seed708_explore_lns_start4_random_best_rm25_tw6
0-64-63-51-62-50-54-41-55-66-0,719.5816313172184,seed702_explore_lns_start3_mixed_best_rm20_tw10
0-65-52-59-57-53-45-4-70-41-0,720.7288087734422,seed701_explore_lns_start3_random_random_best_rm20_tw6
0-64-63-51-62-50-67-66-55-43-0,721.2311247155017,seed701_explore_lns_start3_late_random_best_rm10_tw8
0-62-63-51-50-54-41-68-70-4-0,721.4665301473437,seed701_explore_lns_start14_random_best_rm25_tw6
0-65-11-52-57-59-58-55-70-4-0,722.2809291329169,seed605_lns_start0_late_random_best_rm8_tw8
0-64-63-51-62-50-67-54-68-55-35-0,723.0947153097984,seed607_lns_start0_late_random_best_rm8_tw6
0-31-29-27-28-26-30-32-34-56-43-0,723.3614760814537,seed706_explore_lns_start0_mixed_best_rm20_tw8
0-31-29-27-28-26-30-32-34-33-50-54-0,724.4392869371968,seed702_explore_lns_start4_random_best_rm10_tw12
0-65-64-51-63-33-30-26-35-36-0,725.6027322272032,seed709_explore_lns_start54_random_random_best_rm10_tw15
0-64-63-51-62-50-67-66-55-68-39-0,725.7087707756697,seed704_explore_lns_start1_random_random_best_rm10_tw10
0-65-52-58-59-57-15-10-70-4-0,727.3671511040885,seed704_explore_lns_start4_late_regret_rm15_tw6
0-65-52-58-59-57-17-55-70-4-0,728.2187494632531,seed708_explore_lns_start14_mixed_random_best_rm10_tw12
0-65-52-9-59-58-57-53-55-70-4-0,728.990417147581,seed701_explore_guarded
0-64-62-63-51-67-54-38-66-0,729.1112344298725,seed703_explore_lns_start1_random_best_rm25_tw12
0-64-62-63-51-19-49-56-54-36-0,729.5125889151191,seed701_explore_lns_start17_mixed_regret_rm20_tw6
0-64-63-51-62-50-54-66-68-4-0,730.436762763256,seed701_explore_lns_start13_mixed_best_rm10_tw12
0-65-52-9-59-58-25-57-55-70-68-0,730.804689443906,seed702_explore_lns_start19_random_random_best_rm25_tw6
0-65-52-59-58-57-53-6-4-70-68-0,732.1988995257109,seed706_explore_lns_start1_mixed_best_rm15_tw12
0-65-52-59-58-57-11-53-70-39-0,732.2639995775554,seed604_lns_start4_late_random_best_rm5_tw12
0-64-63-51-62-50-67-54-61-68-55-0,732.8474134225812,seed701_explore_lns_start4_random_best_rm25_tw10
0-31-29-27-28-26-30-32-34-33-38-0,733.0471539904681,seed708_explore_lns_start1_mixed_random_best_rm20_tw8
0-65-52-59-58-25-57-55-70-41-0,733.7035093805397,seed703_explore_lns_start16_mixed_regret_rm10_tw15
0-65-52-59-58-57-53-66-56-4-0,734.4038736194786,seed708_explore_lns_start2_mixed_best_rm10_tw10
0-67-62-63-51-64-66-54-61-68-55-0,735.89895798,seed702_explore_lns_start4_random_random_best_rm15_tw10
0-31-29-27-28-26-30-32-34-33-54-70-0,736.0079049057608,seed705_explore_lns_start4_random_best_rm15_tw10
0-65-52-58-59-57-4-70-41-0,737.0876117044309,seed702_explore_lns_start3_random_random_best_rm15_tw8
0-65-59-58-52-57-53-4-45-70-0,737.3616144337535,seed704_explore_lns_start0_mixed_random_best_rm15_tw8
0-64-63-51-62-50-67-54-35-66-0,741.5284633998972,seed701_explore_lns_start4_late_random_best_rm15_tw8
0-65-52-59-58-57-53-60-4-36-0,742.1314744530289,seed705_explore_lns_start3_mixed_random_best_rm15_tw12
0-69-51-63-50-62-54-61-68-55-0,742.4275754095202,seed703_explore_lns_start32_random_best_rm25_tw10
0-69-65-52-57-58-59-9-53-55-4-0,743.4952351232761,seed706_explore_lns_start4_mixed_regret_rm10_tw6
0-64-63-51-62-50-54-38-4-0,746.5937376089473,seed702_explore_lns_start16_mixed_best_rm25_tw15
0-62-63-51-50-54-61-68-4-0,746.651191043588,seed701_explore_lns_start14_mixed_random_best_rm25_tw6
0-31-29-27-28-26-30-32-34-33-56-25-0,746.8398532125043,seed705_explore_lns_start4_mixed_best_rm15_tw12
0-65-52-59-58-22-57-53-70-4-0,747.0060873803246,seed701_explore_lns_start4_random_best_rm25_tw10
0-65-52-59-58-25-57-53-60-55-70-0,747.2245561076807,seed701_explore_lns_start19_late_best_rm10_tw8
0-64-63-51-56-50-67-54-68-55-4-0,747.391445748658,seed703_explore_lns_start0_late_random_best_rm10_tw6
0-14-12-47-17-16-15-13-9-10-53-37-0,750.1376131931111,seed705_explore_lns_start0_random_random_best_rm20_tw15
0-69-65-52-57-58-59-9-53-60-4-0,750.1564409687704,seed706_explore_lns_start0_mixed_best_rm20_tw10
0-25-23-21-18-49-48-20-22-24-66-42-0,750.3386098234432,seed701_explore_lns_start0_random_random_best_rm20_tw12
0-65-59-58-25-57-53-55-41-0,751.085471709522,seed707_explore_lns_start17_mixed_regret_rm15_tw10
0-65-52-59-58-57-66-53-55-70-4-0,751.8441388438383,seed703_explore_lns_start17_late_random_best_rm10_tw12
0-65-52-9-59-58-57-60-55-70-4-0,752.347659498831,seed709_explore_lns_start2_random_best_rm20_tw8
0-64-63-51-62-50-67-54-68-55-43-0,753.8772921790837,seed701_explore_lns_start3_mixed_regret_rm15_tw10
0-69-65-52-59-58-57-53-60-4-70-0,755.0010682691095,seed704_explore_lns_start1_late_random_best_rm15_tw15
0-65-52-9-59-58-57-66-53-4-0,756.9726717859146,seed707_explore_lns_start4_mixed_best_rm20_tw12
0-69-65-51-63-50-62-54-61-68-55-0,757.1960734427953,seed601_lns_start32_mixed_best_rm8_tw6
0-65-11-53-52-57-59-58-66-55-0,757.6900293448742,seed702_explore_lns_start16_late_regret_rm10_tw12
0-64-63-51-56-62-50-54-39-4-0,759.4379316919986,seed703_explore_lns_start16_late_random_best_rm25_tw12
0-64-63-51-56-62-50-67-54-68-4-0,763.6024631709408,seed706_explore_lns_start0_late_random_best_rm10_tw12
0-65-52-59-58-57-11-15-53-55-70-0,764.6194396344598,seed706_explore_lns_start3_late_regret_rm15_tw6
0-64-22-51-63-50-62-54-1-4-0,765.159128982025,seed704_explore_lns_start19_mixed_regret_rm10_tw6
0-64-63-51-62-50-67-54-41-68-66-0,765.8500724327914,seed601_lns_start3_mixed_best_rm8_tw15
0-65-52-59-58-57-53-66-68-41-0,766.0149610556055,seed704_explore_lns_start2_mixed_best_rm15_tw6
0-65-52-59-58-57-53-17-4-70-0,766.7381127534817,seed702_explore_lns_start4_mixed_random_best_rm20_tw6
0-65-11-52-59-58-57-66-70-60-0,767.4915403931653,seed708_explore_lns_start1_late_best_rm15_tw6
0-64-63-51-62-50-67-56-66-55-36-0,771.1089741733547,seed702_explore_lns_start2_late_random_best_rm10_tw6
0-65-52-59-58-18-57-53-55-70-0,774.5201700977326,seed701_explore_lns_start17_random_regret_rm20_tw12
0-65-52-59-58-23-57-53-60-4-0,775.7707625086653,seed701_explore_lns_start3_mixed_regret_rm15_tw10
0-64-63-51-62-50-67-54-43-66-0,775.9017893887109,seed701_explore_lns_start1_late_random_best_rm10_tw15
0-67-30-28-29-31-34-27-26-32-33-41-0,778.0228716460126,seed702_explore_lns_start16_late_regret_rm10_tw6
0-65-52-59-58-57-66-53-60-55-56-0,778.3716677086531,seed707_explore_lns_start16_late_best_rm10_tw10
0-69-65-51-63-50-62-54-61-70-68-0,778.5123728634917,seed704_explore_lns_start32_mixed_regret_rm10_tw15
0-65-11-9-52-57-59-58-25-66-55-0,780.5658697799563,seed701_explore_lns_start13_late_regret_rm15_tw12
0-64-63-51-62-50-54-41-55-4-0,780.6578147106908,seed708_explore_lns_start14_random_random_best_rm10_tw6
0-65-52-59-58-57-53-4-70-36-0,781.7434309227098,seed601_lns_start3_mixed_random_best_rm8_tw15
0-69-65-52-59-58-57-53-68-70-4-0,782.5954430245305,seed701_explore_lns_start4_late_random_best_rm15_tw8
0-69-65-52-59-58-57-66-53-60-70-0,783.2859793228213,seed703_explore_lns_start4_late_random_best_rm20_tw10
0-14-12-47-17-16-15-13-9-10-66-44-0,783.4193641535021,seed701_explore_lns_start4_random_random_best_rm25_tw15
0-31-29-27-28-26-30-32-34-33-56-39-0,783.5153586442302,seed602_lns_start0_late_random_best_rm4_tw15
0-65-52-59-58-57-15-53-60-55-68-0,784.1819416468722,seed707_explore_lns_start19_mixed_best_rm10_tw12
0-67-62-31-29-27-26-28-30-34-32-33-50-0,784.7501250107555,seed707_explore_lns_start2_random_best_rm20_tw15
0-65-52-59-58-25-57-53-70-4-0,786.8516639923681,seed702_explore_lns_start0_mixed_best_rm20_tw10
0-65-52-59-57-12-53-55-70-41-0,787.71379800268,seed709_explore_lns_start13_random_regret_rm10_tw10
0-59-58-52-57-65-54-41-4-0,787.9540249592401,seed703_explore_lns_start1_random_best_rm25_tw10
0-2-5-8-7-46-45-3-1-6-60-55-37-0,789.0576561646443,seed703_explore_lns_start1_random_random_best_rm15_tw8
0-62-63-51-50-54-38-68-4-0,789.2824300856356,seed707_explore_lns_start15_mixed_random_best_rm15_tw8
0-65-64-52-57-58-59-53-55-70-4-0,792.4639159469021,seed601_lns_start2_mixed_regret_rm8_tw8
0-14-12-47-17-16-15-13-9-10-53-66-39-0,793.050289242065,seed702_explore_lns_start1_late_regret_rm10_tw6
0-65-52-59-58-25-23-57-53-55-70-0,793.5842795249375,seed706_explore_lns_start19_mixed_best_rm25_tw15
0-65-59-58-52-57-53-60-55-70-66-0,795.4949670583412,seed706_explore_lns_start19_late_random_best_rm10_tw8
0-65-52-59-58-57-53-4-70-35-0,801.3754902780735,seed601_lns_start1_mixed_regret_rm6_tw12
0-64-22-51-63-50-62-54-68-40-0,803.6196034994691,seed707_explore_lns_start17_random_random_best_rm20_tw6
0-65-52-59-58-57-66-53-55-41-0,803.6544696892412,seed701_explore_lns_start17_late_best_rm10_tw15
0-65-52-9-59-58-57-53-70-41-0,804.9270462846698,seed608_lns_start1_random_regret_rm8_tw10
0-65-52-59-58-25-57-53-55-39-0,805.1411372771228,seed704_explore_lns_start16_late_random_best_rm10_tw12
0-65-12-16-52-57-59-58-4-0,806.9677473630128,seed703_explore_lns_start2_mixed_regret_rm10_tw6
0-65-52-59-58-57-53-60-4-41-0,807.2799624388199,seed608_lns_start1_mixed_best_rm8_tw8
0-65-11-52-59-58-57-66-70-4-0,807.3067703800717,seed603_lns_start4_late_random_best_rm6_tw8
0-64-63-51-33-32-30-26-35-36-0,808.0624026666299,seed704_explore_lns_start47_mixed_random_best_rm20_tw6
0-65-52-9-59-58-57-53-60-4-70-0,808.2371163586304,seed704_explore_lns_start1_mixed_best_rm20_tw15
0-64-63-51-62-50-67-54-41-68-56-0,810.1680901843149,seed601_lns_start2_late_best_rm6_tw10
0-62-28-29-31-34-27-26-30-32-33-43-0,811.6470846161128,seed709_explore_lns_start4_late_random_best_rm20_tw15
0-65-52-59-58-57-53-4-70-42-0,814.05079519718,seed602_lns_start2_mixed_regret_rm6_tw12
0-64-25-51-63-50-62-54-41-68-0,815.5074267836468,seed701_explore_lns_start19_random_best_rm20_tw6
0-65-52-59-58-57-11-13-70-36-0,815.5159656389488,seed709_explore_lns_start2_late_regret_rm15_tw6
0-64-63-51-62-50-54-43-68-66-0,816.6939267657419,seed708_explore_lns_start16_mixed_best_rm10_tw15
0-14-12-47-17-16-15-13-9-10-53-38-0,817.5052884920854,seed708_explore_lns_start1_random_random_best_rm25_tw8
0-65-52-58-59-57-9-13-17-4-70-0,818.2920154092576,seed706_explore_lns_start4_late_random_best_rm15_tw10
0-65-52-59-58-57-11-4-41-0,819.2357267546686,seed704_explore_lns_start2_late_best_rm25_tw10
0-64-63-51-62-50-54-40-68-55-0,821.243611573474,seed709_explore_lns_start2_random_best_rm20_tw10
0-65-52-59-58-57-53-4-70-41-0,823.9257487250611,seed601_lns_start4_mixed_random_best_rm6_tw6
0-65-52-58-59-57-11-60-70-41-0,823.9821718847166,seed701_explore_lns_start4_mixed_best_rm15_tw10
0-64-63-51-62-50-54-36-68-66-0,825.8921180498314,seed708_explore_lns_start0_mixed_random_best_rm25_tw6
0-65-52-59-58-57-53-4-70-43-0,826.098148764936,seed602_lns_start2_mixed_best_rm8_tw12
0-64-63-51-50-67-54-41-68-55-66-0,826.3960760270377,seed704_explore_lns_start4_random_random_best_rm25_tw12
0-11-59-58-57-53-4-70-41-0,827.2958840115334,seed703_explore_lns_start4_random_random_best_rm15_tw10
0-65-52-59-58-57-66-53-70-41-0,827.7807679809272,seed601_lns_start0_late_random_best_rm5_tw15
0-65-52-9-17-59-58-57-66-4-0,830.8549303141483,seed709_explore_lns_start2_mixed_random_best_rm20_tw15
0-65-52-59-57-10-53-4-70-41-0,832.253380193037,seed601_lns_start3_random_random_best_rm3_tw6
0-64-63-51-56-62-50-54-41-4-0,834.5905776112846,seed701_explore_lns_start18_late_random_best_rm20_tw12
0-64-63-51-62-50-67-41-68-55-66-0,835.431290503627,seed706_explore_lns_start1_mixed_best_rm10_tw6
0-65-52-9-59-58-57-53-68-70-4-0,835.831491114051,seed702_explore_lns_start4_late_random_best_rm20_tw10
0-65-59-58-22-57-53-55-70-41-0,838.7327046799586,seed705_explore_lns_start18_random_random_best_rm10_tw10
0-64-63-51-62-50-67-41-39-68-66-0,842.5824083190049,seed703_explore_lns_start0_late_random_best_rm10_tw15
0-65-52-59-58-57-15-53-70-4-0,845.0512805773066,seed702_explore_lns_start1_mixed_best_rm10_tw15
0-65-52-9-59-57-53-4-70-41-0,845.1489093544606,seed602_lns_start1_random_regret_rm6_tw8
0-64-63-51-62-50-54-41-1-4-0,846.953077326514,seed702_explore_lns_start19_random_best_rm20_tw12
0-65-52-9-59-57-53-4-70-43-0,847.321309394335,seed709_explore_lns_start1_mixed_best_rm10_tw6
0-64-63-51-50-67-66-55-68-38-0,854.4986807501514,seed709_explore_lns_start0_random_random_best_rm25_tw12
0-64-63-51-62-50-54-41-36-4-0,854.8148745940697,seed706_explore_lns_start16_late_regret_rm10_tw8
0-64-63-51-62-50-67-54-41-55-60-0,855.9275367635835,seed708_explore_lns_start3_late_best_rm10_tw15
0-67-31-29-27-26-28-30-34-32-33-56-25-0,855.9937760859183,seed707_explore_lns_start16_mixed_random_best_rm15_tw12
0-31-29-27-28-26-30-32-34-33-54-39-0,857.2032464564015,seed602_lns_start1_late_random_best_rm6_tw10
0-69-65-52-57-58-59-9-53-70-4-0,857.4075315584992,seed708_explore_lns_start4_late_best_rm15_tw15
0-65-52-59-58-57-66-53-68-70-4-0,858.6852128103085,seed604_lns_start1_late_random_best_rm5_tw6
0-64-63-51-62-50-54-41-68-55-66-0,861.2394841465947,seed607_lns_start1_random_random_best_rm6_tw10
0-65-52-59-58-57-53-4-1-41-0,863.0207067465822,seed701_explore_lns_start3_random_random_best_rm15_tw10
0-64-63-51-62-50-67-54-41-70-4-0,864.3293400398582,seed701_explore_lns_start2_mixed_best_rm15_tw8
0-64-63-51-62-50-67-54-68-55-66-56-0,868.864220540207,seed702_explore_lns_start2_late_random_best_rm10_tw6
0-65-52-58-59-57-53-60-7-4-0,869.7849461853099,seed701_explore_lns_start0_mixed_random_best_rm10_tw10
0-64-63-51-62-50-54-41-43-4-0,870.4025297858509,seed702_explore_lns_start14_random_random_best_rm25_tw10
0-31-29-27-28-26-30-32-34-33-56-35-0,874.6567480372448,seed601_lns_start0_random_regret_rm3_tw12
0-65-52-59-58-57-53-4-68-36-0,875.1123524644083,seed704_explore_lns_start3_mixed_random_best_rm10_tw12
0-65-12-52-59-58-57-66-70-4-0,878.5409311502544,seed706_explore_lns_start0_mixed_best_rm15_tw6
0-65-59-58-57-53-55-70-41-36-0,881.8542126454087,seed701_explore_lns_start15_random_regret_rm20_tw6
0-64-63-51-62-50-54-61-68-4-0,881.9604682563029,seed701_explore_lns_start18_mixed_best_rm10_tw6
0-64-63-51-62-50-67-54-66-55-4-0,882.0229121630732,seed701_explore_lns_start1_late_best_rm10_tw6
0-69-51-63-50-67-54-61-55-60-0,882.1696437135797,seed705_explore_lns_start32_mixed_random_best_rm20_tw12
0-64-63-51-62-50-67-54-41-68-4-0,885.7049770441605,seed601_lns_start2_late_best_rm5_tw6
0-65-52-59-58-57-54-41-70-4-0,886.4616943058891,seed701_explore_lns_start2_mixed_random_best_rm10_tw6
0-64-63-51-62-50-67-54-61-68-66-0,888.8957846743543,seed704_explore_lns_start0_mixed_random_best_rm15_tw8
0-65-52-58-59-57-9-10-53-70-4-0,889.8100948866686,seed704_explore_lns_start4_late_regret_rm15_tw12
0-65-52-59-58-25-57-53-55-36-0,890.7900459217087,seed705_explore_lns_start13_late_regret_rm10_tw10
0-65-52-59-58-57-53-60-4-44-0,890.922236378564,seed701_explore_lns_start1_mixed_best_rm10_tw10
0-64-63-51-62-50-54-41-35-4-0,890.9447487133815,seed702_explore_lns_start15_late_best_rm10_tw10
0-64-63-18-51-62-50-54-68-4-0,891.762019866258,seed704_explore_lns_start18_random_best_rm25_tw6
0-65-52-12-16-59-58-57-70-4-0,893.6025246181591,seed709_explore_lns_start1_late_regret_rm20_tw6
0-65-52-59-58-22-57-53-55-41-0,895.5735630561096,seed705_explore_lns_start17_mixed_random_best_rm10_tw12
0-31-29-27-28-26-30-32-34-33-56-41-0,897.126726247034,seed601_lns_start0_late_best_rm4_tw10
0-67-62-63-51-64-66-54-68-55-40-0,897.5849565339502,seed706_explore_lns_start1_mixed_random_best_rm15_tw10
0-64-19-51-63-50-62-54-41-4-0,900.7690892190643,seed701_explore_lns_start19_mixed_best_rm20_tw10
0-65-52-59-58-57-53-4-70-37-0,902.2086437357959,seed608_lns_start3_mixed_regret_rm6_tw12
0-64-63-51-56-50-67-54-41-4-0,907.0211989081065,seed707_explore_lns_start3_mixed_best_rm25_tw10
0-69-65-51-63-50-62-67-54-38-55-0,907.5497806427181,seed706_explore_lns_start31_random_random_best_rm20_tw6
0-65-52-59-57-11-53-4-70-41-0,908.6013419546485,seed707_explore_lns_start4_mixed_regret_rm10_tw15
0-64-63-51-50-67-54-66-55-36-0,908.7979284697458,seed709_explore_lns_start2_mixed_random_best_rm20_tw15
0-64-63-51-62-50-67-54-41-55-66-0,909.5058005140639,seed702_explore_lns_start3_random_best_rm15_tw6
0-65-52-59-58-25-57-53-55-70-4-0,909.845939574036,seed601_lns_start16_late_random_best_rm4_tw6
0-65-52-59-58-57-53-70-54-41-0,910.5292754199812,seed706_explore_lns_start2_mixed_random_best_rm15_tw15
0-64-62-63-51-56-54-41-68-70-4-0,910.5633812614526,seed702_explore_lns_start18_mixed_best_rm25_tw15
0-64-63-51-56-62-50-54-61-68-55-0,911.9932030302133,seed708_explore_lns_start4_mixed_best_rm10_tw10
0-31-29-27-28-26-30-32-34-33-50-41-0,912.2450251575813,seed706_explore_lns_start2_mixed_best_rm15_tw8
0-65-52-59-58-57-11-53-66-4-0,912.4302423535142,seed709_explore_lns_start3_mixed_random_best_rm20_tw10
0-65-52-59-58-57-10-53-55-70-41-0,915.9126457489068,seed702_explore_lns_start14_random_random_best_rm10_tw8
0-64-63-51-62-50-54-41-4-60-0,916.6281452475297,seed704_explore_lns_start19_late_best_rm15_tw12
0-69-2-5-8-7-46-45-3-6-60-55-61-0,917.1251411250608,seed705_explore_lns_start2_mixed_best_rm20_tw8
0-65-11-52-57-59-58-55-70-41-0,921.2118338516741,seed704_explore_lns_start3_late_random_best_rm10_tw6
0-64-63-51-56-62-50-67-54-68-43-0,921.7192335329727,seed706_explore_lns_start4_late_random_best_rm10_tw15
0-64-63-51-62-50-54-41-68-55-4-0,922.3156675400671,seed708_explore_lns_start14_mixed_best_rm10_tw10
0-69-51-63-50-62-67-54-61-68-55-0,923.6799728780271,seed702_explore_lns_start31_random_random_best_rm15_tw12
0-64-63-51-62-50-54-41-68-70-4-0,923.8416276120809,seed703_explore_lns_start14_late_best_rm15_tw10
0-23-25-51-63-50-62-54-61-0,924.1417974674822,seed707_explore_lns_start13_random_best_rm20_tw6
0-64-63-51-56-50-67-54-41-68-55-0,924.4512827128772,seed709_explore_lns_start2_late_random_best_rm10_tw6
0-31-29-27-28-26-30-32-34-33-56-42-0,925.2552893816458,seed705_explore_lns_start0_mixed_random_best_rm10_tw6
0-65-52-59-58-25-57-53-55-41-0,925.8562012812627,seed701_explore_lns_start16_mixed_regret_rm15_tw15
0-65-52-59-58-57-53-60-4-40-0,926.671678214948,seed703_explore_lns_start3_mixed_regret_rm10_tw12
0-65-52-9-59-58-57-53-55-70-41-0,927.9213218663376,seed707_explore_lns_start14_mixed_best_rm20_tw6
0-65-52-59-58-57-53-4-70-44-0,931.049044867913,seed704_explore_lns_start2_mixed_random_best_rm10_tw12
0-65-52-59-58-57-53-55-70-4-39-0,934.3955298669428,seed701_explore_lns_start3_late_random_best_rm20_tw6
0-65-69-53-52-57-59-58-25-41-0,934.674512066686,seed701_explore_lns_start17_mixed_best_rm20_tw8
0-65-52-59-58-57-53-6-4-41-0,936.5411388968707,seed704_explore_lns_start3_mixed_random_best_rm15_tw15
0-64-63-51-62-50-54-43-68-4-0,936.5488313771111,seed702_explore_lns_start15_mixed_best_rm15_tw6
0-64-63-51-56-62-50-54-35-4-0,938.7935705939656,seed706_explore_lns_start17_late_random_best_rm20_tw6
0-65-52-59-58-57-53-55-68-54-41-0,939.5681005758213,seed701_explore_lns_start17_late_best_rm15_tw15
0-65-52-59-58-25-57-53-55-43-0,940.2632741846148,seed703_explore_lns_start19_late_random_best_rm15_tw15
0-64-63-51-62-50-54-36-68-4-0,945.7470226612006,seed703_explore_lns_start13_late_regret_rm10_tw6
0-65-52-58-59-57-10-15-17-66-70-0,945.9059600042217,seed704_explore_lns_start0_late_regret_rm15_tw10
0-65-52-59-58-22-57-53-70-41-0,945.9369920990815,seed702_explore_lns_start0_random_best_rm20_tw15
0-65-52-58-59-57-11-53-55-70-39-0,948.6394774134692,seed707_explore_lns_start2_late_regret_rm10_tw15
0-65-52-59-58-57-66-53-55-70-41-0,950.7750435625952,seed703_explore_lns_start1_random_best_rm10_tw8
0-31-29-27-28-26-30-32-34-33-54-35-0,951.1590537498128,seed603_lns_start4_late_random_best_rm8_tw8
0-65-52-58-59-57-11-53-70-41-0,951.5926292422585,seed702_explore_lns_start4_late_random_best_rm10_tw8
0-67-62-51-63-50-54-61-68-55-66-0,952.952495264021,seed708_explore_lns_start3_random_best_rm15_tw10
0-64-63-51-56-62-50-67-54-41-55-0,953.1683936626424,seed701_explore_lns_start1_late_best_rm10_tw12
0-69-65-51-63-50-62-67-54-61-68-55-0,957.6928949286746,seed704_explore_lns_start32_random_best_rm20_tw10
0-65-52-58-59-57-11-10-53-41-0,961.2683461939702,seed709_explore_lns_start1_random_regret_rm10_tw10
0-64-63-51-62-50-54-44-68-4-0,966.6886590602196,seed704_explore_lns_start17_random_random_best_rm15_tw8
0-65-52-59-58-57-15-53-55-70-4-0,968.0455561589744,seed703_explore_lns_start3_late_random_best_rm15_tw6
0-65-52-59-58-57-53-4-70-38-0,970.0172713825584,seed702_explore_lns_start2_mixed_best_rm20_tw12
0-64-63-51-62-50-67-54-41-55-4-0,970.5819839075364,seed705_explore_lns_start3_late_best_rm15_tw8
0-31-29-27-28-26-30-32-34-33-54-41-0,970.7242901920905,seed601_lns_start2_late_best_rm5_tw6
0-65-52-59-58-57-53-4-70-40-0,970.8146024441709,seed605_lns_start1_mixed_regret_rm8_tw6
0-65-52-59-58-57-53-4-1-70-66-0,971.5762599281427,seed703_explore_lns_start2_mixed_best_rm15_tw8
0-64-63-51-62-50-67-54-66-68-36-0,971.7878476141764,seed708_explore_lns_start2_mixed_random_best_rm20_tw8
0-64-63-51-62-50-54-61-70-55-66-0,976.279569192254,seed702_explore_lns_start4_mixed_random_best_rm15_tw12
0-64-63-51-62-50-67-54-61-55-66-0,977.8943094817162,seed702_explore_lns_start4_mixed_best_rm20_tw10
0-31-29-27-28-26-30-32-34-33-41-39-0,980.0360910348063,seed707_explore_lns_start2_late_regret_rm10_tw10
0-65-52-59-58-57-11-53-55-70-41-0,981.2057025696811,seed702_explore_lns_start2_mixed_best_rm10_tw6
0-65-52-59-58-57-53-17-60-4-70-0,985.5200012406129,seed708_explore_lns_start0_late_random_best_rm15_tw10
0-65-52-59-58-25-57-53-70-41-0,985.782568711125,seed707_explore_lns_start1_random_best_rm20_tw10
0-64-63-51-62-50-54-61-68-70-4-0,986.9481173936638,seed704_explore_lns_start18_mixed_random_best_rm25_tw15
0-69-65-52-59-58-57-53-60-70-41-0,987.4509959659669,seed706_explore_lns_start3_late_best_rm20_tw8
0-30-31-29-27-26-28-34-32-33-56-43-0,988.8761685288359,seed701_explore_lns_start2_random_best_rm15_tw12
0-64-63-51-62-50-67-54-66-68-35-0,989.07009297591,seed702_explore_lns_start4_late_random_best_rm25_tw12
0-65-52-58-59-11-53-57-66-55-70-0,990.4499862175641,seed708_explore_lns_start17_late_random_best_rm10_tw10
0-64-63-51-62-50-67-66-55-68-38-0,994.9904722267322,seed705_explore_lns_start2_random_regret_rm10_tw8
0-65-52-59-58-57-66-53-60-55-41-0,1005.3937290624426,seed701_explore_lns_start17_late_best_rm10_tw8
0-67-31-29-27-26-28-30-34-32-33-56-41-0,1006.2806491204478,seed702_explore_lns_start1_random_best_rm20_tw12
0-64-63-51-62-50-67-66-55-68-40-0,1008.083996340439,seed708_explore_lns_start2_random_random_best_rm10_tw12
0-62-31-29-27-26-28-30-34-32-33-56-41-0,1008.1371873133273,seed701_explore_lns_start3_mixed_random_best_rm10_tw8
0-65-52-59-58-25-57-53-55-37-0,1008.685288768819,seed705_explore_lns_start14_mixed_best_rm20_tw8
0-64-63-19-51-50-62-56-54-41-0,1014.7700114034794,seed702_explore_lns_start16_mixed_regret_rm10_tw8
0-65-52-59-58-57-53-60-7-4-70-0,1016.1225752821865,seed704_explore_lns_start1_mixed_regret_rm10_tw15
0-65-52-59-58-57-9-10-53-70-41-0,1017.7712858921988,seed706_explore_lns_start1_random_regret_rm10_tw8
0-31-29-27-28-26-30-32-34-33-54-43-0,1027.917902334463,seed706_explore_lns_start0_late_best_rm25_tw12
0-65-52-59-58-57-53-61-70-4-0,1029.135580911507,seed701_explore_lns_start4_random_best_rm20_tw15
0-64-63-51-50-62-56-66-54-68-43-0,1029.2319272265618,seed701_explore_lns_start17_late_random_best_rm15_tw8
0-65-52-59-58-57-53-55-70-4-35-0,1029.4005536696047,seed605_lns_start2_late_random_best_rm8_tw10
0-69-65-52-59-58-57-53-4-41-0,1030.8989688537326,seed701_explore_lns_start1_random_best_rm10_tw6
0-65-64-52-57-59-9-53-60-4-41-0,1035.144607100017,seed706_explore_lns_start2_mixed_random_best_rm10_tw8
0-65-52-59-58-57-53-60-4-70-41-0,1038.047241021219,seed701_explore_lns_start3_late_best_rm20_tw8
0-64-63-51-56-62-50-54-38-4-0,1038.901127332273,seed709_explore_lns_start16_mixed_best_rm15_tw15
0-27-29-31-34-28-26-30-32-33-56-37-0,1041.01026477022,seed708_explore_lns_start1_mixed_random_best_rm15_tw12
0-65-52-59-58-57-9-4-70-41-0,1043.0447312150675,seed707_explore_lns_start2_random_random_best_rm10_tw12
0-31-29-27-28-26-30-32-34-33-56-38-0,1045.9856089812763,seed706_explore_lns_start1_random_best_rm15_tw15
0-31-29-27-28-26-30-32-34-33-56-44-0,1048.973448325185,seed704_explore_lns_start2_mixed_random_best_rm20_tw12
0-64-63-51-62-50-67-54-41-35-66-0,1049.1209794100641,seed708_explore_lns_start0_late_best_rm15_tw6
0-11-52-59-58-57-53-55-70-41-0,1050.2378520619704,seed702_explore_lns_start14_mixed_regret_rm10_tw12
0-65-52-58-59-57-11-53-55-70-35-0,1052.036646376939,seed708_explore_lns_start3_late_random_best_rm10_tw6
0-65-52-59-58-57-15-10-53-70-4-0,1054.5179120706885,seed708_explore_lns_start3_late_regret_rm15_tw6
0-65-52-59-58-25-57-53-55-68-41-0,1060.5607951179359,seed704_explore_lns_start14_late_best_rm10_tw8
0-65-11-13-52-57-59-58-25-55-70-0,1063.621648364285,seed702_explore_lns_start19_late_random_best_rm15_tw8
0-65-52-59-58-22-57-53-55-70-41-0,1068.9312676807497,seed705_explore_lns_start15_random_random_best_rm15_tw12
0-65-52-58-59-9-53-57-66-43-0,1069.4234102241423,seed707_explore_lns_start19_mixed_random_best_rm20_tw6
0-64-62-63-51-67-54-61-70-55-4-0,1073.246743192432,seed708_explore_lns_start3_mixed_best_rm20_tw10
0-65-52-59-58-57-53-55-70-4-41-0,1073.4386112681163,seed701_explore_lns_start0_mixed_best_rm15_tw15
0-31-29-27-28-26-30-32-34-33-56-40-0,1074.0184445773268,seed707_explore_lns_start0_random_random_best_rm10_tw8
0-64-63-51-62-50-67-54-41-43-66-0,1079.8222176231702,seed708_explore_lns_start0_late_random_best_rm10_tw8
0-67-31-29-27-26-28-30-34-32-33-54-41-0,1079.878213065504,seed705_explore_lns_start0_mixed_best_rm20_tw8
0-65-52-9-59-58-57-53-4-41-0,1084.1350169432537,seed705_explore_lns_start3_random_random_best_rm15_tw10
0-64-63-51-62-50-54-41-4-66-0,1087.4096403177955,seed707_explore_lns_start16_late_random_best_rm15_tw12
0-65-52-59-58-57-53-60-55-54-41-0,1096.0647560048053,seed707_explore_lns_start16_late_best_rm25_tw10
0-65-52-59-58-57-53-4-70-68-41-0,1105.085277058823,seed709_explore_lns_start1_random_best_rm10_tw6
0-64-63-51-62-50-67-54-41-4-60-0,1106.5523144443753,seed704_explore_lns_start3_late_best_rm10_tw10
0-65-52-59-58-25-57-53-55-70-41-0,1108.7768442927932,seed701_explore_lns_start18_mixed_best_rm20_tw8
0-65-52-58-59-57-53-55-70-4-43-0,1108.9587121866675,seed708_explore_lns_start4_late_best_rm10_tw6
0-64-63-51-62-50-67-54-44-70-66-0,1109.4559805667311,seed702_explore_lns_start2_random_random_best_rm20_tw8
0-65-52-59-58-57-11-53-4-45-70-0,1122.92683666583,seed708_explore_lns_start4_mixed_regret_rm10_tw8
0-64-63-51-56-62-50-54-41-68-4-0,1124.7899891117725,seed701_explore_lns_start16_late_best_rm10_tw10
0-65-52-59-58-57-53-55-70-4-37-0,1136.2588557483425,seed704_explore_lns_start2_random_regret_rm10_tw10
0-65-52-59-58-57-11-53-4-41-0,1137.419397646597,seed703_explore_lns_start0_mixed_random_best_rm20_tw8
0-65-52-59-58-57-53-60-6-4-41-0,1143.0941332827301,seed701_explore_lns_start0_late_best_rm25_tw6
0-64-63-51-50-67-54-68-55-66-36-0,1144.340251879476,seed707_explore_lns_start0_mixed_random_best_rm20_tw10
0-31-29-27-28-26-30-32-34-33-41-43-0,1155.4454357219183,seed706_explore_lns_start0_late_best_rm10_tw15
0-65-52-59-58-57-53-4-1-70-41-0,1155.8283109099063,seed701_explore_lns_start3_late_best_rm20_tw15
0-65-52-59-58-57-53-4-45-70-41-0,1156.2371451876202,seed705_explore_lns_start1_random_regret_rm15_tw8
0-65-52-59-58-57-53-6-4-70-41-0,1159.3234326763668,seed702_explore_lns_start2_random_random_best_rm20_tw12
0-69-65-52-59-58-57-53-60-55-70-35-0,1161.8611968305179,seed707_explore_lns_start1_mixed_random_best_rm20_tw15
0-64-63-51-50-62-66-54-43-4-0,1162.0218808531306,seed709_explore_lns_start19_late_random_best_rm15_tw15
0-64-63-51-50-62-66-54-68-55-43-0,1167.9859687909257,seed701_explore_lns_start4_random_random_best_rm25_tw12
0-64-63-18-51-62-50-54-68-38-0,1173.0437213173204,seed701_explore_lns_start4_mixed_random_best_rm25_tw12
0-69-65-52-59-58-57-53-60-4-41-0,1174.2452530563671,seed706_explore_lns_start1_random_random_best_rm10_tw12
0-65-52-59-58-57-53-55-70-4-40-0,1192.8303270442445,seed705_explore_lns_start2_random_best_rm20_tw8
0-62-28-29-31-34-27-26-30-32-33-54-41-0,1211.4544840667475,seed701_explore_lns_start3_late_best_rm10_tw12
0-65-52-59-58-22-57-53-4-41-0,1225.1449627576656,seed703_explore_lns_start3_random_regret_rm15_tw6
0-65-52-59-58-57-53-46-4-70-41-0,1261.6733100602337,seed708_explore_lns_start3_random_random_best_rm10_tw12
0-62-28-29-31-34-27-26-30-32-33-54-43-0,1268.6480962091196,seed702_explore_lns_start3_late_random_best_rm10_tw15
0-59-58-57-52-53-7-4-70-41-0,1306.7454112456762,seed707_explore_lns_start1_random_best_rm15_tw12
0-65-52-58-59-57-9-53-60-4-41-0,1310.1220487848343,seed708_explore_lns_start4_random_best_rm10_tw10
0-65-52-59-58-57-10-53-70-4-41-0,1358.636998276086,seed701_explore_lns_start3_mixed_regret_rm10_tw15
0-65-52-59-58-57-9-53-70-4-41-0,1388.4197446785577,seed708_explore_lns_start1_random_best_rm10_tw12
0-65-52-59-58-57-66-53-4-70-41-0,1411.2878569136915,seed701_explore_lns_start4_mixed_random_best_rm10_tw15
