route,score,source
0-65-52-59-23-21-19-64-67-62-50-34-31-29-27-26-28-30-32-33-63-51-18-48-25-49-20-22-24-57-66-56-0,312.100811341639,seed601_lns_start63_late_best_rm8_tw12_guarded
0-61-41-39-38-36-40-44-42-70-1-3-5-45-4-2-6-46-8-7-60-53-47-17-10-9-13-59-58-25-48-24-20-56-66-0,313.55664375099974,seed702_explore_guarded
0-65-64-19-21-23-57-52-9-11-12-14-47-17-16-15-13-10-53-60-6-7-8-46-4-3-1-43-35-37-54-68-70-55-0,317.1514265771126,seed602_lns_start36_late_best_rm4_tw8_guarded
0-61-41-39-38-36-40-44-42-70-1-3-5-45-4-46-8-7-6-2-55-53-60-17-10-9-13-59-58-25-48-24-20-56-66-0,324.8452763109232,seed702_explore_guarded
0-65-52-23-21-19-64-62-67-29-28-30-33-26-27-31-34-32-50-63-51-18-48-25-49-20-22-24-57-66-56-0,325.70070945198836,seed702_explore_lns_start60_late_random_best_rm15_tw15
0-61-41-39-38-36-40-44-42-70-2-6-7-8-46-4-45-5-3-1-55-60-53-14-17-10-9-13-58-25-48-24-20-56-66-0,329.1803777668965,seed702_explore_lns_start81_random_random_best_rm20_tw8
0-61-42-44-40-36-38-39-41-2-6-7-8-46-45-5-3-1-70-68-55-53-17-10-9-13-58-25-48-24-20-56-66-0,329.9265267184176,seed702_explore_lns_start80_late_regret_rm25_tw8
0-42-44-40-36-38-39-41-61-69-53-9-11-15-16-17-47-14-12-60-2-6-7-8-46-4-45-5-3-1-43-35-37-54-68-70-55-0,330.2984718155266,seed701_explore_guarded
0-67-62-64-65-12-14-47-16-15-11-9-59-52-57-24-22-49-19-18-48-21-23-25-20-51-63-33-26-32-34-50-56-66-0,332.82605762478016,seed604_lns_start22_random_random_best_rm5_tw8
0-67-41-39-38-36-40-44-42-61-70-1-3-5-45-4-46-8-7-6-2-60-53-14-17-10-9-13-59-58-25-48-20-24-66-0,333.12663566746676,seed701_explore_guarded
0-65-64-19-21-23-57-52-59-9-15-16-47-14-12-11-13-10-53-69-55-70-6-7-8-46-4-3-1-43-35-37-54-68-0,333.15696560576947,seed607_lns_start36_mixed_best_rm8_tw6
0-65-11-12-47-16-15-59-52-57-64-22-23-21-18-19-49-51-63-62-67-33-32-30-31-29-27-26-28-34-50-54-68-0,335.9848090447516,seed603_lns_start85_random_regret_rm5_tw8
0-65-52-57-23-21-18-19-64-67-62-50-34-31-29-27-26-28-30-32-33-63-51-49-22-24-59-58-25-48-20-56-66-0,335.99437219267406,seed701_explore_guarded
0-61-42-39-38-36-40-44-41-69-53-12-14-47-16-15-11-9-10-60-7-6-2-8-46-4-45-5-3-1-43-35-37-54-68-70-55-0,340.2586793009097,seed701_explore_lns_start63_mixed_regret_rm10_tw10
0-65-64-23-21-19-57-52-59-9-15-47-14-12-10-11-13-16-17-53-60-6-7-8-46-4-3-1-70-43-35-37-54-68-0,341.42870663724244,seed701_explore_lns_start36_mixed_best_rm15_tw6
0-67-41-39-38-36-40-44-42-61-70-1-3-5-45-4-46-8-7-6-2-60-53-14-17-10-9-13-59-58-25-48-24-20-56-66-0,342.4535656563922,seed701_explore_guarded
0-65-69-12-14-16-15-11-52-57-22-23-21-18-19-49-51-63-62-67-50-33-32-30-28-26-27-34-37-35-43-54-0,342.92525332395064,seed701_explore_guarded
0-2-44-42-39-38-61-69-53-9-11-15-16-47-14-12-60-6-7-8-46-4-45-5-3-1-43-40-36-35-37-41-54-68-70-55-0,344.6805708960889,seed602_lns_start23_mixed_regret_rm5_tw15_guarded
0-67-41-39-38-36-40-44-42-61-70-1-3-5-45-4-2-6-46-8-7-60-53-14-17-10-9-13-58-25-48-24-20-56-66-0,346.21988095361155,seed702_explore_lns_start88_random_regret_rm25_tw12
0-64-51-63-62-67-33-30-28-27-29-31-34-50-20-22-49-19-21-18-48-23-25-58-59-13-17-10-57-24-56-66-0,347.9113177761985,seed701_explore_lns_start20_late_random_best_rm20_tw12
0-67-62-31-29-27-28-30-33-63-50-51-64-22-49-19-18-48-21-23-25-58-10-17-13-57-24-20-56-66-0,348.7361760342706,seed702_explore_lns_start17_late_best_rm25_tw12
0-61-42-44-67-62-31-29-27-28-30-33-63-51-56-64-20-49-19-25-23-21-48-18-22-24-58-59-13-17-10-66-0,350.8126543130222,seed701_explore_lns_start20_late_best_rm20_tw10
0-69-7-45-2-61-42-44-40-36-38-39-41-67-34-31-26-30-32-50-62-56-24-20-49-48-25-58-66-0,350.82627544539133,seed606_lns_start14_mixed_random_best_rm6_tw12_guarded
0-61-2-7-45-42-44-40-36-38-39-41-67-50-34-27-26-28-32-51-20-49-48-25-58-24-56-66-0,351.95790340653815,seed607_lns_start14_mixed_best_rm6_tw8_guarded
0-65-64-23-19-57-52-59-9-16-47-14-12-10-11-13-15-17-53-60-6-7-8-46-4-3-1-43-35-37-54-68-70-55-0,351.9761752120923,seed608_lns_start36_random_regret_rm5_tw12
0-61-2-7-45-5-42-44-40-36-38-39-41-67-50-34-26-30-32-63-51-20-49-48-25-58-24-56-66-0,352.07646878615697,seed604_lns_start14_mixed_regret_rm6_tw15_guarded
0-61-2-7-45-42-44-40-36-38-39-41-67-50-34-27-26-28-32-63-51-20-49-48-25-58-24-56-66-0,352.5978861252469,seed601_lns_start14_mixed_regret_rm6_tw12_guarded
0-61-2-7-45-42-44-40-36-38-39-41-67-33-26-30-32-34-50-62-56-24-20-49-48-25-58-66-0,353.18385753379516,seed604_lns_start14_mixed_random_best_rm6_tw8
0-69-7-45-2-61-42-44-40-36-38-39-41-67-50-34-26-30-32-63-51-20-49-48-25-58-24-56-66-0,353.45500360212486,seed606_lns_start14_mixed_regret_rm8_tw10_guarded
0-61-2-7-45-42-44-40-36-38-39-41-67-62-50-34-26-32-33-63-20-49-48-25-58-24-56-66-0,353.66256531460584,seed601_lns_start14_mixed_best_rm5_tw10
0-61-2-7-45-42-44-40-36-38-39-41-67-62-50-34-32-30-26-33-63-20-49-48-25-58-24-56-66-0,353.66256531460584,seed701_explore_lns_start14_mixed_best_rm10_tw10
0-61-2-7-45-5-42-44-40-36-38-39-41-67-50-34-32-28-26-33-63-51-20-49-48-25-58-24-56-66-0,353.91106977419065,seed608_lns_start14_mixed_random_best_rm8_tw10_guarded
0-65-52-59-23-21-19-64-67-62-33-50-31-29-28-30-32-26-27-34-63-51-18-48-25-49-20-22-24-57-56-0,355.10949717701055,seed605_lns_start60_late_best_rm6_tw12
0-61-2-7-45-5-42-44-40-36-38-39-41-67-62-50-34-26-30-32-63-51-20-49-48-25-58-24-56-66-0,355.51739078528783,seed601_lns_start14_mixed_best_rm5_tw10_guarded
0-61-2-7-45-5-42-44-40-36-38-39-41-67-62-50-34-26-28-32-63-51-20-49-48-25-58-24-56-66-0,355.51739078528783,seed601_lns_start14_mixed_random_best_rm8_tw15_guarded
0-61-2-7-45-5-42-44-40-36-38-39-41-67-50-34-29-27-26-28-32-63-51-20-49-48-25-58-24-56-66-0,355.89612889865805,seed601_lns_start14_late_best_rm5_tw10_guarded
0-61-2-7-45-42-44-40-36-38-39-41-67-62-50-34-29-27-26-28-32-63-51-20-49-48-25-58-24-56-66-0,356.03880812437774,seed605_lns_start14_mixed_regret_rm8_tw10_guarded
0-61-2-7-45-5-42-44-40-36-38-39-41-67-62-50-34-26-32-33-63-20-49-48-25-58-24-56-66-0,356.96080808801696,seed702_explore_lns_start14_mixed_best_rm10_tw15
0-69-65-23-21-19-64-57-52-59-9-11-15-16-17-47-14-12-10-13-53-60-6-7-8-46-4-3-1-43-35-37-70-55-68-0,357.0300279139229,seed606_lns_start36_late_regret_rm5_tw15
0-69-7-45-2-61-42-44-40-36-38-39-41-67-50-34-27-26-28-32-63-51-20-49-48-25-58-24-56-66-0,357.27466371462594,seed607_lns_start14_mixed_random_best_rm4_tw15_guarded
0-67-41-39-38-36-40-44-42-61-70-1-3-5-45-4-46-8-7-6-2-55-53-60-17-10-9-13-59-58-25-48-24-20-56-66-0,357.44457105763087,seed702_explore_guarded
0-67-62-31-29-27-28-30-33-63-51-19-21-25-23-48-18-56-64-20-49-22-24-58-59-9-10-17-13-60-66-0,357.75646301052114,seed701_explore_lns_start41_late_best_rm20_tw10
0-65-52-23-21-19-64-67-62-33-31-29-27-30-28-26-34-50-63-51-18-48-49-20-22-24-25-58-59-57-66-56-0,357.7681633245754,seed606_lns_start60_late_regret_rm8_tw15
0-65-69-12-47-15-16-11-59-52-57-64-22-23-21-18-19-49-51-63-67-34-31-29-28-30-27-26-33-32-50-56-68-0,357.9888407504688,seed606_lns_start84_random_random_best_rm3_tw6
0-61-2-7-45-42-44-40-36-38-39-41-67-62-50-34-26-29-32-33-63-20-49-48-25-58-24-56-66-0,358.5645850213166,seed605_lns_start14_mixed_regret_rm8_tw10
0-67-41-39-38-36-40-44-42-61-70-1-3-5-45-4-6-7-8-46-2-55-60-53-9-10-14-17-13-58-25-48-20-24-66-0,358.5835110904625,seed701_explore_lns_start71_late_best_rm20_tw8
0-61-2-7-45-42-44-40-36-38-39-41-67-34-27-26-32-50-62-56-24-20-49-48-25-58-59-66-0,358.59952190781337,seed601_lns_start14_mixed_random_best_rm8_tw10_guarded
0-2-45-7-61-42-44-40-36-38-39-41-67-62-50-34-31-29-26-32-33-63-49-48-25-58-24-20-56-66-0,359.3726610950774,seed605_lns_start14_late_regret_rm8_tw8
0-2-45-7-61-42-44-40-36-38-39-41-67-62-50-34-29-26-30-32-33-63-49-48-25-58-24-20-56-66-0,359.3726610950774,seed607_lns_start14_late_best_rm6_tw10
0-2-42-44-40-36-38-39-41-61-69-53-12-14-47-17-16-15-11-9-10-60-6-7-8-46-4-45-5-3-1-43-35-37-54-68-70-55-0,359.7188738681388,seed603_lns_start63_late_random_best_rm8_tw15_guarded
0-65-52-23-21-19-64-67-62-63-33-27-29-30-34-31-26-28-32-50-51-18-48-49-22-24-25-58-59-57-66-0,360.08728389932793,seed701_explore_lns_start63_late_random_best_rm25_tw15
0-61-2-7-45-42-44-40-36-38-39-41-67-62-50-34-32-27-26-33-63-20-49-48-25-58-24-56-66-0,360.09654644666244,seed608_lns_start14_mixed_random_best_rm6_tw15
0-2-45-5-7-61-42-44-40-36-38-39-41-27-26-28-30-32-34-50-62-56-24-20-49-48-25-58-59-66-0,360.3510101292439,seed603_lns_start5_late_random_best_rm8_tw15_guarded
0-69-7-45-2-61-42-44-40-36-38-39-41-67-62-50-34-27-26-28-32-63-51-20-49-48-25-58-24-56-66-0,360.71558571375675,seed603_lns_start14_late_regret_rm6_tw12_guarded
0-69-7-45-2-61-42-44-40-36-38-39-41-67-62-50-34-31-29-27-26-32-63-51-20-49-48-25-58-24-56-66-0,360.71558571375675,seed605_lns_start14_late_regret_rm8_tw8_guarded
0-69-7-45-2-61-42-44-40-36-38-39-41-67-62-50-34-31-29-27-26-28-32-63-51-20-49-48-25-58-24-56-66-0,360.71558571375675,seed605_lns_start14_mixed_random_best_rm4_tw6_guarded
0-67-41-39-38-36-40-44-42-61-70-2-6-7-8-46-4-45-5-3-1-55-53-60-17-10-9-13-58-25-48-24-20-56-66-0,361.32362327208955,seed702_explore_lns_start75_late_regret_rm20_tw15
0-61-2-7-45-42-44-40-36-38-39-41-67-62-50-32-27-26-34-63-20-49-48-25-58-24-56-66-0,361.90724181228154,seed603_lns_start14_mixed_best_rm6_tw6
0-61-2-7-45-42-44-40-36-38-39-41-67-62-33-26-27-32-34-50-56-24-20-49-48-25-58-66-0,362.03107408050255,seed601_lns_start14_mixed_random_best_rm8_tw10
0-69-7-45-2-61-42-44-40-36-38-39-41-67-62-50-34-29-27-26-28-32-33-51-20-49-48-25-58-24-56-66-0,362.34847122519324,seed607_lns_start14_late_best_rm6_tw10_guarded
0-61-2-45-42-44-40-36-38-39-41-34-31-29-27-26-28-30-32-33-50-56-66-24-20-49-48-25-58-59-13-0,362.43090341709467,seed702_explore_guarded
0-69-12-14-47-16-15-11-52-57-65-64-22-23-21-18-19-49-51-63-33-32-30-28-26-27-34-50-56-54-37-35-43-68-0,362.47513734222645,seed701_explore_guarded
0-64-23-21-19-51-62-67-31-29-28-33-30-26-27-32-34-50-63-18-48-25-49-20-22-24-57-58-13-10-66-0,362.55882213915953,seed701_explore_lns_start23_late_random_best_rm25_tw15
0-69-12-47-16-15-11-52-57-65-64-22-23-21-18-19-49-51-63-62-50-34-29-27-26-28-33-32-37-35-43-54-68-0,363.1083623457736,seed701_explore_guarded
0-65-69-12-14-47-16-15-11-52-57-23-21-18-19-49-22-64-62-50-34-32-30-28-26-33-63-51-54-37-35-43-68-0,363.11612389049924,seed702_explore_guarded
0-69-2-45-5-7-61-42-44-40-36-38-39-41-27-26-28-30-32-34-50-62-56-24-20-49-48-25-58-59-66-0,363.46288905549494,seed601_lns_start6_late_regret_rm8_tw6_guarded
0-61-2-7-45-42-44-40-36-38-39-41-67-62-50-32-26-30-34-63-56-24-20-49-48-25-58-66-0,363.5264521100982,seed604_lns_start14_mixed_random_best_rm6_tw15
0-69-65-64-62-63-51-21-23-19-57-52-9-15-47-14-11-10-12-53-60-6-4-45-46-5-3-1-43-35-37-54-68-70-55-0,363.56576747750785,seed701_explore_lns_start11_late_random_best_rm20_tw12
0-61-42-44-39-38-67-62-33-30-28-27-29-31-50-63-51-20-49-18-48-25-22-24-58-13-17-10-57-66-56-0,363.6621692872043,seed606_lns_start19_late_best_rm8_tw15
0-61-42-44-39-38-67-62-33-30-28-27-29-31-50-63-51-20-49-18-48-25-22-24-57-58-59-13-17-10-66-56-0,364.07632316715035,seed607_lns_start17_mixed_regret_rm8_tw8
0-2-42-44-40-36-38-39-41-61-69-53-12-14-47-17-16-15-13-9-11-10-60-6-7-8-46-45-4-5-3-1-43-35-37-54-68-70-55-0,364.3782528877303,seed601_lns_start60_late_regret_rm6_tw15_guarded
0-69-52-59-11-14-47-16-15-12-9-53-7-6-2-70-61-41-38-39-42-44-40-36-35-37-43-1-3-5-45-4-46-8-60-55-68-54-0,364.40377835423897,seed702_explore_lns_start23_random_random_best_rm20_tw12
0-61-2-7-45-5-42-44-40-36-38-39-41-67-34-32-28-26-27-50-62-56-24-20-49-48-25-58-59-66-0,364.4715411875171,seed604_lns_start14_mixed_random_best_rm6_tw8_guarded
0-65-69-12-14-47-16-15-11-52-57-64-22-23-21-18-19-49-51-63-62-50-33-32-30-31-29-27-26-28-34-37-35-43-54-68-0,364.5933465622951,seed702_explore_guarded
0-69-2-45-5-7-61-42-44-40-36-38-39-41-34-31-29-27-26-30-32-50-56-24-20-49-48-25-58-59-66-0,364.66029569395585,seed602_lns_start8_late_regret_rm8_tw6_guarded
0-61-42-44-40-36-38-39-41-45-7-2-69-66-56-67-50-34-32-30-26-51-20-24-49-48-25-58-0,364.68604040392245,seed601_lns_start14_mixed_random_best_rm8_tw10_guarded
0-61-45-7-2-42-44-40-36-38-39-41-67-62-50-34-26-27-28-32-33-63-20-49-48-25-58-24-56-66-0,364.96561996778524,seed602_lns_start14_mixed_best_rm5_tw10
0-65-52-23-21-18-19-64-67-62-31-29-27-30-32-33-28-26-34-50-63-51-49-20-22-24-57-59-58-25-48-56-0,365.5338557046622,seed701_explore_lns_start63_late_regret_rm10_tw6
0-61-2-7-45-5-42-44-40-36-38-39-41-67-62-50-34-26-30-32-51-20-24-49-48-25-58-59-66-56-0,365.5414264090592,seed604_lns_start14_mixed_random_best_rm6_tw15_guarded
0-65-64-21-19-57-52-59-9-16-17-47-14-12-10-11-13-15-53-7-8-46-3-1-4-6-60-55-70-43-35-37-54-68-0,365.660886832657,seed607_lns_start36_random_random_best_rm4_tw15
0-65-69-12-47-16-15-11-9-52-57-23-21-18-19-49-22-64-56-51-63-62-50-33-32-28-26-27-34-37-35-43-54-68-0,366.219393246121,seed702_explore_guarded
0-62-67-61-2-7-6-8-46-5-45-3-42-44-43-40-36-35-37-38-39-41-70-53-14-9-25-48-24-20-56-66-0,366.52222154668624,seed702_explore_lns_start83_mixed_best_rm25_tw12
0-61-2-7-45-42-44-40-36-38-39-41-67-62-50-34-27-26-32-63-51-20-24-49-48-25-58-59-66-56-0,366.7028264668579,seed702_explore_guarded
0-65-69-12-47-15-16-11-59-52-57-22-19-23-21-18-33-31-27-29-32-30-28-26-34-67-62-50-63-51-48-49-66-0,366.7374452396927,seed603_lns_start77_random_best_rm5_tw15
0-67-41-39-38-36-40-44-42-61-70-3-1-5-45-4-46-8-7-6-2-55-60-53-9-10-14-17-13-58-25-48-24-20-56-66-0,366.86971789879567,seed701_explore_lns_start76_late_random_best_rm20_tw8
0-61-42-44-39-38-67-62-33-30-28-27-29-31-50-63-51-20-49-18-48-25-19-22-24-57-58-59-13-17-10-66-56-0,366.88347335382855,seed702_explore_lns_start18_late_regret_rm10_tw10
0-69-65-23-21-19-64-57-52-59-9-11-15-16-17-47-14-12-10-13-53-60-6-7-8-46-3-1-43-35-37-54-68-70-55-0,366.9562796075847,seed602_lns_start36_late_regret_rm6_tw6
0-2-44-42-39-38-36-40-61-69-53-12-14-11-15-16-47-17-10-60-6-7-8-46-4-45-5-3-1-43-35-37-41-54-68-70-55-0,367.50090806215616,seed606_lns_start60_late_best_rm5_tw6_guarded
0-69-65-64-67-62-63-51-18-23-21-19-22-52-9-15-16-47-14-12-53-60-8-46-5-45-3-1-4-6-55-70-43-54-68-0,367.5139945075581,seed702_explore_lns_start4_mixed_best_rm20_tw8
0-2-45-7-61-42-44-40-36-38-39-41-67-62-33-30-26-31-32-34-50-56-24-20-49-48-25-58-66-0,367.7371792114837,seed606_lns_start14_mixed_random_best_rm6_tw12
0-69-7-5-45-2-61-42-44-40-36-38-39-41-67-62-50-34-31-29-27-26-28-32-63-51-20-24-49-48-25-58-66-56-0,367.90526935784953,seed603_lns_start14_late_random_best_rm8_tw12_guarded
0-69-65-23-21-19-64-57-52-59-9-11-15-16-17-47-14-12-10-13-53-60-6-7-8-46-4-3-1-43-35-37-54-68-70-55-0,367.93832017728636,seed601_lns_start36_mixed_best_rm5_tw6
0-61-45-2-7-42-44-40-36-38-39-41-67-62-50-34-31-29-26-30-32-63-56-24-20-49-48-25-58-66-0,368.2058092589731,seed607_lns_start14_mixed_random_best_rm8_tw10
0-65-69-12-47-15-16-11-59-52-64-22-23-21-18-19-51-63-34-31-29-27-26-28-30-32-33-50-62-67-56-57-24-49-0,368.5238516691952,seed608_lns_start81_random_best_rm5_tw15
0-65-52-23-18-19-51-63-62-67-31-29-28-30-32-33-26-27-34-50-20-49-22-24-48-25-58-59-13-66-56-0,368.6500662561201,seed701_explore_lns_start63_mixed_best_rm10_tw12
0-61-5-45-7-2-42-44-40-36-38-39-41-67-62-50-34-26-27-28-32-33-63-48-49-20-24-58-66-56-0,369.20400957032757,seed701_explore_lns_start14_mixed_best_rm10_tw6
0-69-65-23-21-19-64-57-52-59-9-11-15-16-17-47-14-12-10-13-53-60-7-8-46-3-1-4-6-55-70-43-35-37-54-0,369.5273139604383,seed603_lns_start36_late_best_rm4_tw15
0-61-5-45-7-2-42-44-40-36-38-39-41-67-62-50-33-26-28-30-32-34-63-49-48-25-58-24-20-56-66-0,369.7347860642597,seed603_lns_start14_late_best_rm5_tw8
0-61-5-45-7-2-42-44-40-36-38-39-41-67-62-50-34-26-27-28-32-33-63-20-49-48-25-58-24-56-66-0,369.74880823928754,seed601_lns_start14_late_best_rm5_tw10
0-61-42-44-40-36-38-39-41-45-7-6-2-66-56-67-62-50-32-30-26-34-63-20-24-49-48-25-58-0,369.8706429674976,seed702_explore_lns_start14_mixed_best_rm10_tw6
0-61-5-45-7-2-42-44-40-36-38-39-41-67-62-50-34-33-26-28-32-63-20-49-48-25-58-24-56-66-0,370.0832553564086,seed602_lns_start14_late_random_best_rm5_tw6
0-65-69-12-14-47-15-16-11-59-52-57-64-22-23-21-18-19-49-51-63-31-29-30-67-62-33-28-26-27-32-34-50-56-0,370.0979906214609,seed602_lns_start73_late_best_rm5_tw6
0-69-12-14-16-15-11-52-57-65-64-22-23-21-18-19-49-51-63-62-50-33-32-30-28-26-27-34-37-35-43-54-68-55-0,370.35128947656574,seed701_explore_guarded
0-61-42-44-39-38-67-62-33-30-28-27-29-31-50-63-51-64-57-24-22-20-49-19-18-48-25-58-59-13-17-10-66-56-0,370.42849853738596,seed603_lns_start19_late_regret_rm6_tw8
0-69-7-45-2-61-42-44-40-36-38-39-41-67-62-50-34-31-29-27-26-32-51-20-24-49-48-25-58-59-66-56-0,370.7396213375282,seed607_lns_start14_mixed_random_best_rm8_tw10_guarded
0-69-12-14-16-15-11-52-57-65-64-22-23-21-18-19-49-51-63-62-67-34-29-27-26-28-32-33-50-54-37-35-43-68-0,370.891078466468,seed702_explore_guarded
0-61-42-44-36-38-67-62-33-30-28-27-29-31-34-50-63-49-25-24-22-20-18-48-58-59-13-17-10-66-56-0,370.9026190313175,seed702_explore_lns_start18_late_best_rm25_tw12
0-64-51-63-33-30-28-27-29-31-50-67-62-49-19-18-48-21-23-22-20-66-57-13-17-10-59-58-25-24-56-0,371.022203496614,seed606_lns_start18_late_regret_rm8_tw8
0-65-52-11-15-16-47-12-53-69-2-6-7-8-46-4-45-5-3-1-43-40-38-39-41-37-36-35-26-32-34-50-54-68-70-55-0,371.0471558758563,seed605_lns_start53_random_regret_rm8_tw6
0-69-65-23-21-19-64-57-52-59-9-16-17-47-14-12-10-11-13-15-53-7-6-8-46-4-3-1-55-70-43-35-37-54-0,371.24862424668277,seed608_lns_start36_mixed_best_rm5_tw6
0-69-65-64-51-63-18-21-23-19-22-57-52-9-11-15-16-47-14-12-10-53-60-6-8-46-5-3-1-45-4-55-70-43-35-37-54-68-0,371.44519719362336,seed604_lns_start11_random_best_rm8_tw6
0-61-2-7-45-5-42-44-40-36-38-39-41-67-62-50-34-29-27-26-28-32-33-51-20-24-49-48-25-58-59-66-56-0,371.63395475170546,seed606_lns_start14_late_regret_rm8_tw12_guarded
0-69-2-7-45-5-42-44-40-36-38-39-41-61-67-50-34-27-26-28-30-32-51-20-24-49-48-25-58-59-66-56-0,371.6396939260809,seed607_lns_start14_late_regret_rm8_tw12_guarded
0-65-69-12-47-15-16-11-59-52-57-22-23-21-18-19-64-50-34-31-29-30-28-26-27-32-33-63-51-48-49-20-56-66-68-0,371.9290094976087,seed701_explore_lns_start83_mixed_best_rm10_tw12
0-65-52-23-21-19-64-63-62-67-34-31-29-27-26-30-33-32-28-50-51-18-48-49-22-57-58-25-20-56-66-0,372.3629562899392,seed701_explore_lns_start23_late_best_rm10_tw12
0-65-64-30-28-29-31-51-19-18-21-23-57-52-59-58-25-48-49-24-22-20-32-26-27-34-50-56-66-0,372.87062811667397,seed701_explore_lns_start60_mixed_best_rm25_tw15
0-69-12-14-47-16-15-11-52-57-65-64-22-23-21-18-19-49-51-63-62-50-34-30-32-33-28-26-27-35-37-43-54-68-55-0,373.36557464686564,seed702_explore_guarded
0-69-65-23-21-19-64-57-52-9-16-17-47-14-12-10-11-13-15-53-7-8-46-3-1-4-6-60-55-70-43-35-37-54-68-0,373.4497009201522,seed602_lns_start36_random_best_rm3_tw10
0-69-65-64-67-62-63-51-23-21-18-19-22-57-52-9-15-16-47-14-11-10-12-53-60-6-8-46-4-5-45-3-1-43-35-37-70-55-68-0,373.56646414077574,seed603_lns_start0_mixed_best_rm8_tw10
0-69-65-64-23-21-51-63-18-19-57-52-11-15-16-47-14-12-53-60-6-8-46-4-45-5-3-1-43-37-35-54-68-70-55-0,373.58478625259124,seed701_explore_lns_start12_mixed_random_best_rm25_tw15
0-61-2-7-45-42-44-40-36-38-39-41-67-62-50-34-26-32-33-63-20-49-48-25-58-24-56-66-68-0,373.6458893706432,seed608_lns_start14_mixed_best_rm8_tw6
0-65-69-12-14-47-16-15-11-59-52-57-64-22-23-21-18-19-49-51-63-62-50-33-32-29-27-26-28-34-37-35-43-54-0,373.856479530706,seed701_explore_lns_start79_late_best_rm25_tw15
0-64-19-21-18-63-62-33-30-28-27-29-31-34-67-51-20-49-23-25-48-22-24-57-58-59-13-17-10-66-56-0,373.9123417522609,seed701_explore_lns_start18_late_regret_rm10_tw12
0-69-7-2-61-42-44-40-36-38-39-41-34-29-27-26-28-30-32-50-62-56-66-24-20-49-48-25-58-59-13-17-0,373.98522835443543,seed701_explore_guarded
0-65-69-12-14-47-15-16-11-59-52-57-64-22-23-21-18-19-49-51-63-31-29-30-67-62-33-28-26-27-32-34-50-56-66-0,374.32818351183914,seed603_lns_start75_late_random_best_rm4_tw6
0-61-42-44-38-67-62-33-30-28-27-29-31-50-63-51-56-64-20-49-18-48-25-24-22-57-58-13-17-10-66-0,374.5434482189989,seed702_explore_lns_start18_mixed_best_rm20_tw8
0-65-52-64-23-21-19-51-63-62-67-50-34-31-29-27-26-28-30-32-33-18-48-25-49-20-22-24-57-58-59-13-66-56-0,374.9882157249457,seed603_lns_start63_late_random_best_rm8_tw15_guarded
0-62-63-51-64-65-69-53-12-14-47-16-15-11-9-52-59-58-25-23-21-48-18-19-49-20-22-24-57-66-56-50-32-26-34-0,375.78949498413834,seed603_lns_start16_mixed_regret_rm6_tw12
0-65-52-23-19-64-67-62-33-31-29-27-28-30-34-50-63-51-18-48-21-49-20-22-24-25-58-13-17-10-57-66-0,376.2272110501789,seed702_explore_lns_start23_late_regret_rm25_tw15
0-61-42-44-40-36-38-39-41-45-8-7-2-70-67-62-50-34-27-26-28-32-33-51-20-49-48-25-58-24-56-66-0,376.3847059451616,seed702_explore_guarded
0-65-69-12-14-16-15-11-52-57-23-21-18-19-49-22-64-51-63-62-33-32-30-28-26-27-34-50-56-54-37-35-43-68-0,376.3885437182474,seed701_explore_guarded
0-61-5-45-7-2-42-44-40-36-38-39-41-67-62-50-34-33-26-27-32-63-20-49-48-25-58-24-56-66-0,376.5172364884652,seed702_explore_lns_start14_late_best_rm15_tw10
0-65-69-12-14-47-16-15-11-52-57-64-22-23-21-18-19-49-51-63-62-67-50-33-30-31-29-27-26-28-32-34-37-35-43-54-68-0,376.52318681469785,seed702_explore_guarded
0-61-5-45-7-2-42-44-40-36-38-39-41-67-62-50-33-32-28-26-31-34-63-56-24-20-49-48-25-58-66-0,376.52811248528127,seed604_lns_start14_late_random_best_rm8_tw8
0-61-42-44-36-40-38-39-41-45-8-7-2-56-67-62-50-34-26-32-33-63-20-49-48-25-58-24-66-0,376.7370481546472,seed608_lns_start14_mixed_regret_rm6_tw10
0-65-52-23-21-19-64-67-62-33-31-29-27-30-50-28-26-34-32-63-51-18-48-49-20-22-24-25-58-59-57-66-0,376.93616143977323,seed608_lns_start60_late_regret_rm8_tw6
0-2-42-44-39-38-61-69-59-9-11-15-16-47-14-12-53-60-7-6-8-46-4-45-5-3-1-43-40-36-35-37-41-54-68-70-55-0,376.93662869042413,seed607_lns_start23_mixed_regret_rm5_tw15
0-69-2-45-5-7-61-42-44-40-36-38-39-41-27-26-28-30-32-34-50-62-56-66-24-20-49-48-25-58-59-13-0,377.0587392050099,seed608_lns_start13_late_random_best_rm8_tw15_guarded
0-52-23-21-18-51-63-33-30-28-27-29-31-50-62-67-56-64-22-20-49-19-48-25-24-57-58-59-13-10-17-60-66-0,377.3301249982986,seed702_explore_lns_start15_mixed_regret_rm20_tw8
0-65-52-23-21-19-64-63-62-67-34-31-29-27-26-30-33-32-28-50-51-18-48-25-49-20-22-24-57-10-17-66-0,377.4790589728821,seed602_lns_start23_late_best_rm8_tw15
0-61-42-44-38-67-62-31-27-29-28-30-33-50-63-51-49-20-22-57-24-18-48-25-58-59-13-17-10-66-56-0,377.6478844278679,seed701_explore_lns_start19_mixed_best_rm20_tw12
0-69-65-64-51-63-18-21-23-19-22-57-52-59-9-15-16-47-14-12-11-10-53-60-6-8-46-45-5-3-1-4-55-70-43-35-37-54-68-0,378.19872791506566,seed701_explore_lns_start3_random_regret_rm10_tw10
0-69-2-45-5-44-42-40-36-38-39-41-61-67-62-50-34-31-29-27-26-28-30-32-33-63-51-18-48-49-20-22-24-25-58-59-66-56-0,378.3590907218502,seed602_lns_start36_late_best_rm4_tw8_guarded
0-65-64-62-31-29-27-28-30-33-63-18-48-21-23-25-19-49-51-50-67-56-66-20-22-24-57-10-60-4-55-68-0,378.4835084093622,seed701_explore_lns_start67_random_regret_rm25_tw10
0-69-65-64-67-62-63-51-18-21-23-19-22-57-52-9-15-16-17-47-14-12-11-10-53-60-6-7-8-46-4-5-3-1-43-35-37-54-68-70-55-0,378.52657391897395,seed702_explore_guarded
0-61-44-36-27-28-33-30-29-31-50-67-62-63-51-20-49-18-48-25-22-24-57-58-59-13-17-10-66-56-0,378.78772593716155,seed702_explore_lns_start20_mixed_random_best_rm10_tw8
0-65-64-19-23-21-18-51-63-33-30-31-29-27-26-28-34-50-62-67-56-49-22-24-57-13-17-10-58-25-48-20-66-0,379.46312836719994,seed702_explore_lns_start15_random_random_best_rm25_tw8
0-69-65-52-9-11-15-16-47-14-12-53-6-2-1-3-5-45-4-46-8-7-60-55-68-70-43-35-37-41-34-26-32-54-0,379.85709556827794,seed605_lns_start17_mixed_best_rm8_tw8
0-65-69-12-47-16-15-11-59-52-57-64-22-23-21-18-19-49-51-63-62-67-50-33-32-30-28-26-27-34-37-35-43-54-0,380.1244159934182,seed701_explore_lns_start75_late_random_best_rm20_tw12
0-69-65-64-51-18-21-23-19-22-57-52-59-9-13-15-16-17-47-14-11-10-12-53-6-8-46-4-3-1-43-35-37-54-68-70-60-55-0,380.2674293342565,seed604_lns_start14_random_random_best_rm3_tw6
0-69-65-23-21-19-64-57-52-59-9-16-17-47-14-12-10-11-13-15-53-7-8-46-3-1-4-6-60-55-70-35-37-0,380.27244874820025,seed603_lns_start36_late_best_rm5_tw15
0-61-2-7-45-42-44-40-36-38-39-41-67-33-50-34-26-30-32-63-20-49-48-25-58-24-56-66-0,381.176628153776,seed608_lns_start14_mixed_random_best_rm8_tw10
0-69-65-23-21-19-64-57-52-59-9-16-17-47-14-12-10-11-13-15-53-7-6-8-46-4-3-1-43-35-37-70-60-55-0,381.4209645352272,seed604_lns_start36_late_best_rm5_tw6
0-69-65-64-63-51-23-21-18-19-22-57-52-9-15-16-47-14-13-11-10-12-53-60-46-6-45-5-3-4-1-43-35-37-54-68-70-55-0,381.518692526377,seed701_explore_lns_start8_mixed_regret_rm20_tw8
0-69-2-45-5-7-61-42-44-40-36-38-39-41-67-62-50-34-33-26-27-32-63-20-49-48-25-58-24-56-66-0,381.7399684803921,seed603_lns_start14_late_regret_rm6_tw12
0-61-42-44-39-67-62-29-31-34-27-26-28-30-33-50-63-51-20-49-18-48-25-22-24-57-58-59-13-10-17-66-56-0,381.962364200351,seed702_explore_lns_start19_mixed_regret_rm20_tw8
0-65-69-12-47-16-15-11-59-52-57-64-22-23-21-18-19-49-51-63-62-50-33-32-31-27-26-28-34-37-35-43-54-68-0,382.09679077213355,seed701_explore_lns_start77_late_best_rm25_tw15
0-61-45-7-2-42-44-40-36-38-39-41-67-34-27-26-28-32-33-63-50-56-20-49-48-25-58-24-66-0,382.2358552631598,seed602_lns_start14_mixed_random_best_rm8_tw6
0-65-52-59-64-67-62-30-28-27-29-31-63-18-21-25-23-19-49-22-20-57-51-33-32-26-34-50-56-66-0,382.2897859709038,seed702_explore_lns_start60_late_best_rm10_tw8
0-65-52-11-15-16-47-12-53-69-61-70-1-3-5-45-4-46-8-7-6-2-42-43-40-36-35-37-41-54-34-26-32-50-68-55-0,382.32606467161463,seed701_explore_lns_start39_late_random_best_rm10_tw8
0-69-65-23-21-19-64-57-52-59-9-16-17-47-14-12-10-11-13-15-53-7-8-46-3-1-4-6-60-55-70-35-37-68-0,382.9662193503998,seed602_lns_start36_late_random_best_rm4_tw15
0-69-12-47-16-15-11-52-65-64-57-22-23-21-18-19-49-51-63-62-50-34-31-29-30-32-33-28-26-27-35-37-43-54-68-55-0,383.32160269390937,seed701_explore_guarded
0-7-8-6-2-61-42-44-41-39-38-40-36-35-37-43-1-3-5-45-46-53-14-10-9-13-58-25-48-20-24-70-68-0,383.42360767487605,seed702_explore_lns_start83_mixed_best_rm25_tw10
0-61-2-7-45-42-44-40-36-38-39-41-70-67-62-50-34-26-32-33-63-20-49-48-25-58-24-56-66-0,383.5144998124363,seed603_lns_start14_mixed_best_rm6_tw8
0-61-42-36-40-38-41-39-44-45-46-7-2-56-67-62-50-34-27-26-32-33-63-20-49-48-25-58-24-66-0,383.7198867300377,seed702_explore_lns_start14_mixed_regret_rm10_tw6
0-69-65-64-62-63-51-19-23-21-18-22-57-52-11-15-16-17-47-14-12-9-10-53-60-6-4-45-46-8-5-3-1-43-35-37-54-68-70-55-0,383.74455047855474,seed601_lns_start2_random_random_best_rm6_tw12
0-61-45-7-2-42-44-40-36-38-39-41-67-34-26-28-32-33-63-62-50-56-20-49-48-25-58-24-66-0,383.8632497934119,seed601_lns_start14_late_regret_rm4_tw12
0-61-45-7-2-42-44-40-36-38-39-41-67-34-31-26-32-33-63-62-50-56-20-49-48-25-58-24-66-0,384.2852351729556,seed604_lns_start14_late_random_best_rm4_tw12
0-67-29-31-36-40-38-39-44-42-41-61-70-1-3-5-45-4-46-8-7-6-2-55-53-14-47-17-10-9-13-58-25-48-20-24-66-0,384.81841389205334,seed702_explore_lns_start75_late_best_rm25_tw12
0-65-52-11-15-16-47-12-53-69-70-3-1-5-45-4-46-8-7-6-2-40-38-37-35-36-43-41-54-34-26-32-50-68-55-0,385.11123147046806,seed602_lns_start43_late_random_best_rm6_tw15
0-61-45-7-2-42-44-40-36-38-39-41-67-62-50-31-27-34-33-26-28-32-63-20-49-48-25-58-24-56-66-0,385.3000670849063,seed605_lns_start14_mixed_random_best_rm4_tw6
0-65-52-23-21-19-64-67-62-33-34-31-29-27-26-28-30-32-50-63-51-18-48-49-22-24-57-9-13-59-58-25-20-56-66-0,385.36365583239314,seed606_lns_start60_late_best_rm5_tw6_guarded
0-69-65-64-62-33-63-51-19-21-23-57-52-9-11-15-16-14-12-53-60-6-4-45-8-46-5-3-1-43-35-37-54-68-70-55-0,386.40619096514735,seed701_explore_lns_start12_late_regret_rm15_tw15
0-69-65-64-63-19-23-21-51-22-57-52-9-15-16-11-47-14-12-10-53-55-61-54-41-37-35-36-43-4-46-3-1-70-68-0,386.5332061205886,seed701_explore_lns_start25_mixed_regret_rm25_tw10
0-67-31-29-41-39-38-36-40-44-42-61-70-1-3-5-45-4-46-8-7-6-2-60-53-17-10-9-13-59-58-25-48-24-20-56-66-0,386.94167972060455,seed702_explore_guarded
0-67-31-29-41-39-38-36-40-44-42-61-70-1-3-5-45-4-46-8-7-6-2-60-53-47-17-10-9-13-59-58-25-48-24-20-56-66-0,387.00769328478566,seed701_explore_guarded
0-31-29-41-39-38-36-40-44-42-61-70-1-3-5-45-4-46-8-7-6-2-60-53-14-17-10-9-13-58-25-48-24-20-56-66-0,387.0625783020634,seed701_explore_lns_start79_late_random_best_rm25_tw12
0-69-12-14-16-15-11-52-57-65-64-22-23-21-18-19-49-51-63-62-67-50-34-29-27-26-28-32-33-56-54-37-35-43-68-0,387.64727528987186,seed702_explore_guarded
0-61-42-44-39-38-67-62-33-30-28-27-29-31-50-63-51-64-22-49-18-21-48-25-20-24-57-58-59-13-17-10-66-56-0,387.73322581823777,seed602_lns_start20_late_best_rm6_tw15
0-65-52-23-21-19-64-67-62-33-31-29-28-30-26-27-34-50-63-51-18-48-25-49-20-22-24-57-58-59-13-17-66-0,387.8954557755994,seed608_lns_start63_late_random_best_rm8_tw12
0-65-69-12-47-16-15-11-59-52-57-23-21-18-19-49-22-64-56-51-63-62-50-34-27-26-28-32-33-54-37-35-43-68-0,388.08933084224117,seed702_explore_lns_start77_late_best_rm20_tw8
0-69-65-64-67-62-63-51-23-21-18-19-22-57-52-9-15-16-47-14-11-10-12-53-60-6-8-5-45-46-4-3-1-43-35-37-54-68-70-55-0,388.1538648724214,seed602_lns_start1_mixed_random_best_rm8_tw8
0-67-31-29-27-28-30-33-62-63-51-64-24-25-23-21-48-18-22-20-49-19-58-59-13-17-10-66-56-34-50-0,388.284491469764,seed701_explore_lns_start18_late_best_rm25_tw8
0-42-44-36-38-61-67-62-30-28-27-29-31-33-63-51-56-64-66-57-24-22-20-49-18-48-25-58-59-9-10-14-17-13-0,389.24780694522696,seed701_explore_lns_start50_mixed_random_best_rm25_tw10
0-42-44-36-38-39-61-67-62-33-30-28-27-29-31-50-63-51-20-25-23-21-48-18-19-49-22-24-57-58-59-13-17-10-66-56-0,389.39458970472754,seed608_lns_start19_late_random_best_rm8_tw6
0-61-2-7-45-42-44-40-36-38-39-41-67-62-50-34-32-27-26-33-63-20-49-48-25-58-24-66-56-54-0,389.4607913133343,seed702_explore_lns_start14_mixed_regret_rm10_tw15
0-65-69-12-14-47-15-16-11-59-52-57-64-22-23-21-18-19-49-51-63-62-50-31-29-30-32-33-28-26-27-34-37-35-43-54-68-0,389.5965517916841,seed702_explore_lns_start75_late_regret_rm20_tw15
0-65-23-21-63-57-22-19-18-51-62-67-50-31-29-27-26-28-30-32-34-33-49-48-25-58-24-20-56-0,390.0897530626046,seed702_explore_lns_start23_late_random_best_rm25_tw10
0-69-65-64-67-63-51-19-23-21-18-22-57-52-9-15-16-47-14-11-10-12-53-60-6-8-46-4-5-3-45-1-70-43-35-37-54-68-55-0,390.2793305713153,seed701_explore_lns_start0_random_random_best_rm10_tw6
0-2-45-44-39-38-36-40-42-61-69-53-12-14-47-16-15-11-13-9-10-60-7-6-8-46-4-5-3-1-43-41-35-37-54-68-55-70-0,390.95689079291253,seed601_lns_start63_late_random_best_rm6_tw15
0-65-69-12-47-15-16-11-59-52-57-64-22-23-21-18-19-49-51-63-62-67-50-34-31-30-29-27-26-28-33-32-54-68-60-0,391.4030914189268,seed606_lns_start79_random_random_best_rm6_tw6
0-65-69-12-14-47-15-16-11-59-52-64-57-22-23-21-18-19-49-51-63-31-29-30-67-62-33-28-26-27-32-34-50-68-0,391.9377947636584,seed601_lns_start75_random_best_rm5_tw10
0-30-29-41-39-38-36-40-44-42-61-70-1-3-5-45-4-46-8-7-6-2-60-53-17-10-9-13-58-25-48-24-20-56-66-0,391.9627190937237,seed702_explore_lns_start73_late_best_rm25_tw6
0-69-65-64-67-62-63-51-23-21-18-19-22-57-52-9-15-16-47-14-11-10-12-53-60-8-5-45-46-4-3-1-43-35-37-54-68-55-70-0,392.2349713764683,seed701_explore_lns_start5_mixed_best_rm10_tw10
0-61-42-39-38-36-40-44-45-7-2-50-33-28-26-27-29-31-30-32-34-56-20-49-48-25-58-59-24-66-0,392.5447863226184,seed702_explore_lns_start0_random_random_best_rm25_tw6
0-65-69-12-47-16-15-11-59-52-57-64-22-23-21-18-19-49-51-63-62-67-50-34-29-27-26-28-33-32-37-35-43-54-68-0,392.68177111376804,seed701_explore_lns_start89_late_best_rm25_tw15
0-69-12-14-16-15-11-52-65-64-57-22-23-21-18-19-49-51-63-62-67-50-34-31-29-30-32-33-28-26-27-35-37-43-54-68-55-0,392.7087193232405,seed702_explore_guarded
0-65-52-23-21-19-64-67-62-33-31-29-27-30-28-26-32-34-50-63-51-18-48-25-49-20-22-24-57-59-17-56-0,392.8602112493983,seed602_lns_start60_late_random_best_rm6_tw8
0-65-52-23-21-19-64-67-62-33-31-29-27-30-28-26-32-34-50-63-51-18-48-25-49-20-22-24-57-59-13-17-56-0,392.92611540206667,seed603_lns_start63_late_random_best_rm6_tw6
0-64-62-63-51-52-65-69-53-12-14-47-16-15-11-9-13-59-58-25-23-21-48-18-19-49-20-22-24-57-66-56-50-34-26-32-0,393.15149431984224,seed606_lns_start16_mixed_best_rm8_tw15
0-61-44-38-67-62-31-29-27-28-30-33-50-63-51-18-48-25-23-21-19-49-20-22-24-58-59-13-17-10-54-56-66-0,393.42750116471285,seed702_explore_lns_start17_random_regret_rm25_tw12
0-65-52-23-21-19-64-67-62-31-29-28-30-34-27-26-32-33-50-63-51-18-48-25-49-20-22-57-58-13-17-10-66-0,393.53375440060745,seed702_explore_lns_start23_late_regret_rm15_tw8
0-69-2-45-5-7-61-42-44-40-36-38-39-41-67-62-34-31-32-28-26-33-63-50-56-24-20-49-48-25-58-66-0,393.59676438700484,seed603_lns_start14_late_random_best_rm8_tw12
0-39-44-61-67-62-31-30-33-63-51-64-20-18-48-21-23-25-19-49-22-24-57-58-59-13-9-10-14-17-60-66-56-0,393.61514793074093,seed702_explore_lns_start40_mixed_random_best_rm15_tw12
0-65-52-23-21-18-19-64-67-62-33-31-29-27-30-28-26-32-34-50-63-51-49-20-22-24-48-25-57-59-58-17-0,393.83030647440467,seed604_lns_start60_late_random_best_rm8_tw15
0-69-65-64-67-62-63-51-19-21-22-52-9-15-16-47-14-10-12-60-8-46-5-45-4-3-1-53-55-70-43-35-37-68-0,394.2764977878777,seed701_explore_lns_start6_mixed_random_best_rm25_tw15
0-61-44-40-27-28-29-31-30-33-50-67-62-63-51-20-49-18-48-25-22-24-57-58-59-13-10-17-60-66-56-0,394.37274292371353,seed605_lns_start20_mixed_best_rm8_tw15
0-2-45-7-61-42-44-40-36-38-39-41-67-62-50-63-34-31-26-30-33-32-56-20-24-49-48-25-58-66-0,394.3835863344856,seed601_lns_start14_mixed_best_rm6_tw6
0-61-45-7-2-42-44-40-36-38-39-41-67-62-33-50-34-29-27-26-32-20-49-48-25-58-24-66-56-0,394.4816421014268,seed702_explore_lns_start14_mixed_random_best_rm10_tw15
0-67-30-29-31-41-39-38-36-40-44-42-61-70-1-3-5-45-4-46-8-7-6-2-55-60-53-10-14-17-13-59-58-25-48-20-24-66-0,394.65246631960963,seed702_explore_guarded
0-69-65-64-67-62-63-51-23-21-18-19-22-57-52-59-9-15-16-47-14-12-11-10-53-60-6-8-46-4-45-5-3-1-43-35-37-54-68-70-55-0,395.0115921269045,seed701_explore_lns_start4_mixed_best_rm25_tw15
0-61-42-44-40-38-31-30-28-27-29-33-50-67-62-63-51-64-20-18-48-25-49-22-24-57-58-59-13-17-10-66-56-0,395.046395211667,seed607_lns_start19_late_best_rm6_tw8
0-65-52-23-21-19-64-67-62-33-31-29-28-30-26-27-32-34-50-63-51-18-48-25-49-20-22-24-57-59-17-66-56-0,395.07957839132257,seed601_lns_start60_late_random_best_rm6_tw6
0-65-69-12-14-47-15-16-11-52-57-22-23-21-18-19-64-62-50-33-31-27-29-32-30-28-26-34-63-49-59-13-17-10-0,395.21394659034087,seed603_lns_start82_mixed_best_rm8_tw10
0-65-64-62-31-29-33-63-18-21-23-19-22-57-52-9-10-11-13-15-16-17-47-14-12-53-60-6-8-46-4-3-1-43-35-37-54-68-70-55-0,395.21418628534485,seed607_lns_start14_late_regret_rm8_tw12_guarded
0-65-64-30-28-33-63-18-21-23-19-22-57-52-9-13-15-16-17-47-14-12-11-10-53-60-6-8-46-4-5-3-1-43-35-37-54-68-70-55-0,395.9466624585513,seed607_lns_start14_mixed_random_best_rm8_tw10_guarded
0-2-7-61-42-44-39-40-36-38-41-67-62-50-34-31-29-27-26-28-32-56-24-20-49-48-25-58-59-13-17-66-0,395.94702014159185,seed602_lns_start12_random_best_rm8_tw12
0-65-69-12-14-47-16-15-11-59-52-57-64-22-19-23-21-18-49-63-33-32-30-28-26-31-34-50-62-51-54-37-35-43-68-0,396.05476546284535,seed702_explore_lns_start80_late_regret_rm20_tw10
0-65-69-12-14-47-16-15-11-59-52-57-64-22-19-23-21-18-49-63-33-32-30-28-26-31-34-50-62-51-56-54-37-35-43-0,396.2853573867442,seed702_explore_lns_start82_late_best_rm20_tw15
0-7-45-5-8-6-61-41-42-44-38-39-40-36-35-37-54-2-4-46-3-1-55-53-9-10-14-17-13-58-25-24-0,396.77290633892477,seed701_explore_lns_start86_mixed_best_rm15_tw15
0-67-31-29-41-39-38-36-40-44-42-61-70-2-6-7-8-46-4-45-5-3-1-55-60-53-47-17-10-9-13-59-58-25-48-20-24-66-0,397.0727743057405,seed701_explore_guarded
0-65-64-67-62-31-29-27-28-30-33-63-51-18-21-19-49-48-23-25-20-22-24-57-58-13-10-17-60-4-1-66-56-0,397.2762023740812,seed701_explore_lns_start67_mixed_random_best_rm15_tw12
0-67-31-27-41-39-38-36-40-44-42-61-70-1-3-5-45-8-46-4-2-6-7-60-53-14-17-10-9-13-58-25-48-24-20-56-66-0,397.5525570015503,seed701_explore_lns_start75_late_best_rm25_tw8
0-65-23-21-19-51-63-62-33-30-31-29-27-26-28-32-34-50-67-56-18-49-20-22-24-57-10-17-13-58-25-48-0,397.5814083368841,seed702_explore_lns_start23_late_regret_rm25_tw15
0-65-69-12-47-15-16-11-59-52-64-22-23-21-18-19-51-63-33-34-31-29-27-26-28-30-32-50-62-67-57-49-54-0,397.75436959528713,seed606_lns_start85_random_regret_rm6_tw6
0-67-62-31-29-41-39-38-36-40-44-42-61-70-1-3-5-45-4-46-8-7-6-2-55-53-60-17-10-9-13-59-58-25-48-20-24-66-0,397.8726831175369,seed701_explore_guarded
0-2-45-61-42-44-39-38-36-40-41-29-27-34-31-26-28-32-33-50-56-66-24-20-49-48-25-58-59-13-17-0,397.8960346673115,seed702_explore_lns_start7_mixed_best_rm25_tw12
0-65-64-67-31-33-63-51-18-21-23-19-22-57-52-9-15-16-47-14-12-11-10-53-60-6-8-46-4-45-5-3-1-43-35-37-54-68-70-55-0,398.0391422356197,seed701_explore_guarded
0-65-69-12-14-47-16-15-11-59-52-57-64-22-19-23-21-18-49-51-62-67-50-34-32-30-28-26-33-63-54-37-35-43-68-0,398.4777961627803,seed702_explore_lns_start86_late_best_rm25_tw12
0-61-42-44-38-40-33-30-28-27-29-31-50-62-63-51-20-22-49-19-18-23-58-59-13-17-10-57-24-25-48-56-66-0,398.52789372326305,seed606_lns_start19_late_random_best_rm8_tw15
0-30-27-41-39-38-36-40-44-42-61-70-1-3-5-45-4-46-8-7-6-2-60-53-14-47-17-10-9-13-58-25-48-24-20-56-66-0,398.63927673022374,seed702_explore_lns_start86_late_regret_rm25_tw10
0-65-52-11-15-16-47-12-53-69-2-6-7-8-45-5-3-1-46-4-70-43-39-42-38-37-35-40-41-54-50-34-26-32-55-68-0,399.11307585595307,seed702_explore_lns_start38_late_random_best_rm10_tw12
0-69-65-64-33-63-51-23-21-18-19-22-57-52-9-11-15-16-47-14-12-10-53-6-46-4-3-1-43-40-36-35-37-39-41-54-70-55-68-0,399.44198632141973,seed702_explore_lns_start24_late_best_rm25_tw8
0-61-44-42-67-62-33-30-28-27-29-31-50-63-51-64-22-49-19-18-23-21-20-48-25-24-57-58-13-17-10-66-56-0,399.51298144129976,seed604_lns_start17_late_random_best_rm6_tw12
0-42-44-61-67-62-31-29-27-28-30-33-63-51-64-20-49-19-25-23-21-48-18-22-24-57-58-59-13-9-10-14-17-60-66-56-0,399.51318123792805,seed702_explore_lns_start46_mixed_regret_rm10_tw12
0-61-44-39-38-67-62-33-30-28-27-29-31-50-63-51-64-49-23-21-48-18-19-20-22-57-10-17-13-58-25-24-56-66-0,399.52290463451254,seed601_lns_start17_late_random_best_rm8_tw15
0-69-65-64-67-62-51-18-23-21-19-22-57-52-59-11-10-9-13-15-16-17-47-14-12-53-60-6-8-46-5-4-3-1-43-35-37-54-68-70-55-0,399.7086068328875,seed701_explore_lns_start14_random_best_rm25_tw6
0-67-62-63-51-64-52-57-65-69-53-12-14-47-16-15-11-9-59-58-23-21-48-18-19-25-49-24-22-20-56-50-34-26-32-66-0,399.8871548852294,seed603_lns_start16_mixed_random_best_rm6_tw6
0-65-64-67-31-63-51-18-21-23-19-22-57-52-9-10-15-16-47-14-12-53-60-8-46-5-3-1-4-6-55-70-43-35-37-54-68-0,399.9637421661481,seed702_explore_lns_start1_random_regret_rm15_tw8
0-69-65-64-67-33-63-51-18-21-23-19-22-57-52-9-15-16-47-14-12-11-10-53-60-6-8-46-4-5-3-1-43-35-37-54-68-70-55-0,400.30566310938923,seed702_explore_lns_start3_random_random_best_rm15_tw12
0-61-5-45-7-2-42-44-40-36-38-39-41-67-62-50-63-34-31-32-33-26-56-24-20-49-48-25-58-66-0,400.42059476481114,seed608_lns_start14_late_regret_rm8_tw8
0-30-31-41-39-38-36-40-44-42-61-70-2-6-7-8-46-4-45-5-3-1-55-60-53-47-17-10-9-13-59-58-25-48-20-24-66-0,400.5495591249307,seed702_explore_guarded
0-2-45-5-7-61-42-44-36-38-40-39-41-34-30-26-28-29-32-50-62-56-66-24-20-49-48-25-58-59-13-17-0,400.59861803491674,seed603_lns_start5_late_random_best_rm8_tw15
0-65-52-23-21-51-62-67-31-29-27-30-33-28-26-32-34-50-63-49-19-18-48-25-22-20-57-58-59-13-17-66-56-0,400.7295862012129,seed608_lns_start63_random_best_rm4_tw6
0-2-45-5-7-61-42-44-36-38-40-39-41-34-30-26-28-31-32-50-62-56-66-24-20-49-48-25-58-59-13-17-0,400.8846450839625,seed604_lns_start10_late_random_best_rm6_tw6
0-65-69-12-47-16-15-11-59-52-57-64-22-23-21-18-19-49-51-63-31-29-30-67-62-33-28-26-27-32-34-50-56-54-68-0,400.95049661923935,seed607_lns_start80_random_random_best_rm5_tw6
0-61-44-39-36-40-27-29-31-28-30-33-50-67-62-63-51-18-48-21-49-22-24-57-13-17-10-58-25-20-56-66-0,400.97398472512964,seed701_explore_lns_start17_mixed_regret_rm20_tw15
0-31-27-41-39-38-36-40-44-42-61-70-1-3-5-45-4-46-8-7-6-2-55-53-60-17-10-9-13-58-25-48-20-24-66-0,400.990190718215,seed702_explore_lns_start79_late_best_rm20_tw12
0-65-69-12-47-15-16-11-59-52-64-22-23-21-18-19-51-63-34-31-29-27-26-28-30-32-33-50-62-67-57-48-49-20-68-0,401.03323811105065,seed601_lns_start81_random_regret_rm6_tw12
0-2-7-45-61-42-44-36-40-38-39-41-31-29-32-33-28-26-27-34-50-56-66-24-20-49-48-25-58-13-17-0,401.1535648149452,seed604_lns_start2_mixed_best_rm6_tw12
0-2-7-61-39-40-36-38-44-42-41-34-29-27-28-26-33-32-50-56-20-24-49-48-25-58-59-13-17-66-0,401.1912536474077,seed701_explore_lns_start3_mixed_random_best_rm10_tw12
0-65-69-12-47-16-15-11-59-52-57-64-22-23-21-18-19-49-51-63-62-67-50-33-32-30-28-26-27-34-37-35-43-54-68-55-0,401.2387952398292,seed701_explore_lns_start79_late_random_best_rm25_tw12
0-65-69-12-14-47-16-15-11-59-52-57-64-22-23-21-18-19-49-51-63-62-33-32-30-27-26-28-34-50-56-54-37-35-43-68-0,401.2971346666156,seed701_explore_lns_start78_late_best_rm20_tw12
0-65-52-23-21-51-63-33-30-28-27-29-31-34-50-62-67-56-64-66-57-20-49-19-18-48-22-24-25-58-13-10-17-60-4-0,401.4478201589376,seed702_explore_lns_start15_mixed_best_rm25_tw6
0-69-65-64-62-63-51-18-21-23-19-22-57-52-9-15-16-47-14-12-10-11-13-53-60-8-46-4-6-55-70-3-1-43-35-37-54-68-0,401.7464198439574,seed602_lns_start2_mixed_best_rm6_tw10
0-65-52-23-21-19-64-67-62-33-31-29-28-30-26-27-34-50-63-51-18-48-25-49-20-22-24-57-58-59-13-17-66-56-0,402.10435179980686,seed606_lns_start63_late_regret_rm5_tw8
0-65-64-67-30-28-63-51-18-21-23-19-22-57-52-9-16-14-11-10-12-53-60-6-8-46-4-45-5-3-1-43-35-37-54-68-70-55-0,402.11472626481645,seed701_explore_lns_start9_late_random_best_rm15_tw10
0-69-65-64-31-30-63-18-21-23-19-22-57-52-9-13-15-16-17-47-14-12-11-10-53-60-6-8-46-4-3-1-43-35-37-54-68-70-55-0,402.17188313281804,seed606_lns_start14_late_regret_rm8_tw12_guarded
0-65-64-67-31-29-33-63-51-18-21-23-19-22-57-52-9-13-15-16-17-47-14-12-11-10-53-60-6-8-46-4-3-1-43-35-37-54-68-70-55-0,402.1761463769968,seed601_lns_start6_late_regret_rm8_tw6_guarded
0-61-2-7-45-42-44-40-36-38-39-41-67-62-50-34-26-32-33-63-20-49-48-25-58-24-56-66-60-0,402.2630944552926,seed601_lns_start14_mixed_random_best_rm8_tw10
0-65-52-64-67-62-51-19-23-21-18-63-33-30-28-26-27-29-31-32-34-50-56-20-22-49-48-25-24-57-58-59-13-10-66-0,402.2874813425192,seed701_explore_guarded
0-67-31-29-41-39-38-36-40-44-42-5-3-45-8-7-6-4-2-70-61-68-53-10-17-13-9-58-25-48-24-20-56-66-0,402.38894600352495,seed702_explore_lns_start80_late_random_best_rm25_tw12
0-65-52-23-21-19-64-67-62-33-31-29-27-30-28-26-34-50-63-51-18-48-25-49-20-22-24-57-58-59-17-66-56-0,402.4359479945456,seed602_lns_start60_late_regret_rm6_tw12
0-30-29-41-39-38-36-40-44-42-61-70-2-6-7-8-46-4-45-5-3-1-55-53-60-17-14-10-9-13-58-25-48-20-24-66-0,402.6583389702841,seed702_explore_lns_start73_late_best_rm20_tw8
0-64-52-59-57-23-21-18-19-51-63-33-34-31-29-27-26-30-32-50-62-67-56-20-49-22-24-48-25-58-10-17-66-0,402.6741389634855,seed702_explore_lns_start60_late_random_best_rm25_tw15
0-65-69-12-47-15-16-11-59-52-57-64-22-23-21-18-19-49-51-63-62-67-50-34-31-30-29-27-26-28-33-32-37-35-43-54-68-0,402.68177111376804,seed702_explore_lns_start81_random_random_best_rm20_tw8
0-65-11-47-15-59-23-21-19-18-57-52-53-12-10-9-13-16-17-14-60-7-8-46-3-1-4-6-70-55-68-43-35-37-54-0,402.7869373714303,seed702_explore_lns_start36_late_best_rm20_tw12
0-65-52-23-21-19-64-67-62-33-31-29-27-28-30-34-50-63-51-20-49-25-24-22-18-48-58-59-17-57-66-56-0,402.8538805196787,seed603_lns_start60_late_random_best_rm8_tw8
0-69-12-47-16-15-11-52-65-64-57-22-23-21-18-19-49-51-62-50-34-32-30-31-29-27-26-28-33-63-56-54-37-35-43-68-55-0,402.86237318067094,seed701_explore_guarded
0-69-65-64-62-30-33-63-51-18-21-23-19-22-57-52-9-15-16-47-14-11-10-12-53-60-6-8-46-4-45-5-3-1-43-35-37-54-68-70-55-0,402.8726115759945,seed702_explore_lns_start1_late_best_rm15_tw8
0-61-39-44-67-62-31-29-27-28-30-33-63-51-64-19-18-48-21-23-49-22-58-59-13-17-10-57-25-24-20-56-66-0,402.87906280853974,seed702_explore_lns_start17_late_random_best_rm10_tw12
0-67-29-31-41-42-44-40-36-38-39-61-70-5-3-1-45-4-46-8-7-6-2-55-53-60-17-10-9-13-58-25-48-20-24-66-0,402.9624772653935,seed701_explore_lns_start78_late_best_rm20_tw12
0-61-5-45-7-2-42-44-40-36-38-39-41-67-62-50-63-34-29-32-33-26-56-24-20-49-48-25-58-66-0,403.1525271460637,seed607_lns_start14_late_random_best_rm8_tw8
0-65-64-62-31-30-63-51-18-21-23-19-22-57-52-9-11-15-16-47-14-12-10-53-60-8-46-3-1-45-4-6-55-70-43-35-37-54-68-0,403.4181859637473,seed606_lns_start9_late_regret_rm8_tw10
0-65-69-12-47-15-16-11-59-52-57-64-22-23-21-18-19-49-51-63-62-67-50-34-31-30-29-27-26-28-33-32-25-68-0,403.53813501727456,seed606_lns_start86_random_best_rm4_tw8
0-69-65-52-59-11-12-47-16-15-9-57-22-23-21-18-19-49-64-56-67-62-50-34-31-26-28-32-33-63-51-54-37-35-43-0,403.5398895248614,seed701_explore_lns_start79_late_best_rm25_tw6
0-65-64-30-33-18-21-23-19-22-57-52-59-9-10-11-13-15-16-17-47-14-12-53-60-6-8-46-4-3-1-43-35-37-54-68-70-55-0,403.66111322369295,seed603_lns_start14_late_random_best_rm8_tw12_guarded
0-2-6-7-8-45-44-42-41-39-38-36-40-43-61-70-1-3-5-4-46-53-10-9-17-66-56-20-24-48-25-58-0,403.6770768999283,seed702_explore_lns_start89_mixed_random_best_rm20_tw8
0-65-52-59-23-21-18-63-19-57-64-67-62-50-34-31-29-27-26-28-30-32-33-51-20-22-49-25-58-13-17-0,403.83126706607186,seed702_explore_lns_start63_late_best_rm25_tw10
0-67-29-41-39-38-36-40-44-42-61-70-2-45-3-5-46-8-7-6-60-55-68-53-14-17-10-9-58-25-48-20-24-66-0,403.88494116180095,seed702_explore_lns_start73_late_best_rm25_tw8
0-64-65-11-12-14-47-16-15-9-59-52-57-22-21-23-25-48-18-19-49-51-63-67-62-50-33-26-32-34-20-24-66-56-54-0,403.8974038717047,seed702_explore_lns_start22_mixed_random_best_rm20_tw10
0-39-44-61-67-62-31-29-27-28-30-33-63-51-64-22-24-57-66-56-20-49-19-18-48-25-58-59-13-17-14-10-60-0,403.92910566314555,seed701_explore_lns_start38_mixed_random_best_rm15_tw12
0-69-12-11-47-16-15-59-52-65-64-57-22-23-21-18-19-49-51-63-62-50-34-31-29-30-32-33-28-26-27-35-37-43-54-68-55-0,403.9771850523579,seed702_explore_lns_start88_random_regret_rm25_tw12
0-69-2-45-5-7-61-42-44-36-38-40-39-41-34-30-26-28-31-32-50-62-56-66-24-20-49-48-25-58-59-13-17-0,403.99652401021365,seed601_lns_start6_late_regret_rm8_tw6
0-65-52-23-21-19-64-67-62-63-33-34-31-29-27-26-28-30-32-50-51-18-48-25-49-20-22-24-57-58-59-13-17-10-66-56-0,404.01570562183963,seed602_lns_start23_mixed_regret_rm5_tw15_guarded
0-69-65-64-67-63-51-18-23-21-19-22-57-52-59-11-10-9-13-15-16-17-47-14-12-53-60-6-46-3-1-4-55-70-43-35-37-54-68-0,404.0408196894426,seed701_explore_lns_start14_mixed_random_best_rm25_tw6
0-65-64-67-31-29-33-63-51-18-21-23-19-22-57-52-9-15-16-17-47-14-12-11-10-53-60-55-70-6-8-46-4-3-1-43-35-37-54-68-0,404.0721076860318,seed608_lns_start13_late_random_best_rm8_tw15_guarded
0-69-65-64-67-62-63-51-23-21-18-19-22-57-52-59-9-15-16-47-14-11-10-12-53-60-8-5-45-46-4-3-1-43-35-37-54-68-70-55-0,404.24222251327586,seed702_explore_lns_start9_mixed_best_rm15_tw15
0-65-64-62-31-29-28-63-51-18-21-23-19-22-57-52-9-11-15-16-47-14-12-10-53-60-6-8-46-4-5-45-3-1-43-35-37-54-68-70-55-0,404.2460553350518,seed603_lns_start12_late_regret_rm6_tw8
0-61-38-36-40-39-41-42-44-5-45-7-6-2-67-62-50-34-32-26-33-63-20-24-49-48-25-58-13-66-56-0,404.30763882649455,seed701_explore_lns_start14_mixed_random_best_rm20_tw12
0-65-64-29-28-33-63-51-18-21-23-19-22-57-52-9-11-15-16-47-14-12-10-53-60-6-8-46-4-5-45-3-1-43-35-37-54-68-70-55-0,404.3329461950056,seed604_lns_start12_late_random_best_rm8_tw8
0-65-64-62-31-33-63-51-18-21-23-19-22-57-52-9-11-15-16-47-14-12-10-53-60-8-46-3-1-45-4-6-55-70-43-35-37-54-68-0,404.3941481927772,seed604_lns_start10_late_random_best_rm6_tw12
0-69-45-5-2-7-61-42-44-40-36-38-39-41-67-62-32-30-34-26-28-33-63-50-56-24-20-49-48-25-58-66-0,404.484552177947,seed607_lns_start14_late_regret_rm8_tw12
0-69-12-14-47-16-15-59-11-9-53-2-7-6-8-46-5-3-45-70-61-41-42-44-43-39-38-37-35-36-40-26-32-34-54-68-55-0,404.50588930788587,seed604_lns_start66_mixed_random_best_rm8_tw10
0-69-65-64-30-33-63-51-19-18-21-23-22-57-52-9-15-16-47-14-12-11-10-53-60-55-70-6-8-46-4-5-3-1-43-35-37-54-68-0,404.53388886847256,seed701_explore_lns_start13_mixed_best_rm10_tw12
0-65-52-23-21-19-64-67-62-33-31-29-27-30-28-26-32-34-50-63-51-18-48-25-49-20-22-24-57-58-59-17-66-56-0,404.6407729141812,seed601_lns_start60_random_random_best_rm3_tw12
0-65-52-23-21-19-64-67-62-33-31-29-27-30-28-26-32-34-50-63-51-18-25-49-20-22-24-57-58-59-17-66-56-0,404.6407729141812,seed601_lns_start60_late_best_rm5_tw12
0-65-52-23-21-19-64-67-62-33-31-29-27-30-28-26-32-34-50-63-51-18-25-49-20-22-24-57-58-59-13-17-56-0,404.7041305970737,seed603_lns_start63_late_random_best_rm6_tw12
0-65-52-23-21-19-64-67-62-33-31-29-27-30-28-26-32-34-50-63-51-18-48-25-49-20-22-24-57-58-59-13-17-66-56-0,404.7066770668496,seed604_lns_start63_random_best_rm6_tw6
0-65-52-23-21-19-64-67-62-33-31-29-27-30-28-26-32-34-50-63-51-18-25-49-20-22-24-57-58-59-13-17-66-56-0,404.7066770668496,seed607_lns_start63_late_random_best_rm6_tw15
0-69-65-64-67-33-63-51-18-21-23-19-22-57-52-9-15-16-47-14-12-11-10-53-60-6-4-45-46-8-5-3-1-43-35-37-54-68-70-55-0,404.7593709582901,seed701_explore_lns_start13_late_random_best_rm20_tw6
0-69-65-64-52-9-15-16-47-14-11-12-53-70-1-3-5-45-4-46-8-7-6-2-60-55-68-54-41-43-35-37-34-26-32-0,404.78061987738505,seed604_lns_start18_mixed_regret_rm8_tw10
0-65-69-12-47-15-16-11-59-52-64-57-22-23-21-18-19-49-51-63-62-50-34-31-27-29-30-32-33-28-26-37-35-43-54-68-0,404.81118422543364,seed701_explore_lns_start76_late_random_best_rm20_tw8
0-65-69-12-47-16-15-11-59-52-57-64-22-23-21-18-19-49-51-63-62-67-50-34-29-26-28-32-33-56-54-37-35-43-68-0,404.90463524040064,seed702_explore_lns_start79_late_best_rm20_tw8
0-2-45-5-7-61-42-44-36-38-40-39-41-34-30-26-28-31-32-50-67-56-66-24-20-49-48-25-58-59-13-17-0,405.1672667391957,seed603_lns_start0_late_random_best_rm8_tw15
0-65-69-12-47-15-16-11-59-52-57-64-22-23-21-18-19-49-51-63-62-67-50-34-31-30-29-27-26-28-33-32-20-55-70-68-0,405.2117922576114,seed608_lns_start82_random_random_best_rm8_tw15
0-67-41-39-38-36-40-44-42-3-45-6-7-8-46-5-4-2-70-61-68-55-53-14-17-9-10-13-58-25-48-20-24-60-0,405.2491759792263,seed701_explore_lns_start88_random_best_rm15_tw6
0-31-27-36-40-38-39-44-42-41-61-70-2-46-8-7-6-4-45-5-3-1-68-55-53-14-10-9-13-58-25-48-20-24-66-0,405.4403349852629,seed701_explore_lns_start83_mixed_regret_rm20_tw12
0-65-69-12-14-47-16-15-11-59-52-57-64-22-23-21-18-19-49-51-63-62-67-33-32-30-28-26-27-34-50-56-54-37-35-68-0,405.4633638533322,seed701_explore_lns_start77_late_regret_rm20_tw6
0-65-64-30-33-18-21-23-19-22-57-52-59-9-13-15-16-17-47-14-12-11-10-53-60-6-8-46-4-5-3-1-43-35-37-54-68-70-55-0,405.58713214544406,seed605_lns_start14_mixed_random_best_rm4_tw6_guarded
0-61-42-39-38-36-40-44-2-7-67-62-50-34-31-29-27-26-28-32-20-24-49-48-25-58-59-13-17-66-56-0,405.6248529070292,seed701_explore_lns_start2_random_best_rm20_tw8
0-42-44-36-38-39-61-67-62-33-30-28-27-29-31-50-63-51-18-48-21-49-20-22-57-13-17-10-59-58-25-24-56-66-0,405.6327019490001,seed601_lns_start20_late_best_rm8_tw12
0-65-52-64-67-62-31-29-28-30-33-18-21-23-19-49-20-22-24-25-48-51-63-32-26-27-34-50-56-57-58-66-0,405.6544175749416,seed701_explore_lns_start60_random_best_rm20_tw12
0-29-41-39-38-36-40-44-42-45-5-3-1-46-4-8-7-6-2-61-68-60-53-10-9-13-58-25-48-24-20-56-66-0,405.71672259912987,seed702_explore_lns_start76_late_random_best_rm25_tw6
0-65-64-62-29-30-63-51-18-21-23-19-22-57-52-9-11-15-16-47-14-12-10-53-60-8-46-3-1-45-4-6-55-70-43-35-37-54-68-0,405.80335077088176,seed602_lns_start7_late_random_best_rm6_tw12
0-44-39-36-67-31-29-27-28-30-33-63-50-62-51-64-22-49-19-18-48-21-23-25-58-59-13-17-10-24-20-56-66-0,405.91462005378503,seed702_explore_lns_start19_late_best_rm20_tw8
0-61-42-44-36-40-38-39-41-5-45-7-2-67-34-26-32-50-56-66-24-20-49-48-25-58-59-13-17-0,406.0090574448634,seed702_explore_lns_start0_late_best_rm15_tw10
0-2-45-44-42-39-38-36-40-61-69-53-12-14-47-16-15-11-9-10-60-7-6-8-46-4-5-3-1-43-41-35-37-54-68-70-55-66-0,406.2093645238496,seed608_lns_start63_late_random_best_rm5_tw10
0-69-65-64-31-33-63-51-18-21-23-19-22-57-52-9-15-16-47-14-12-11-10-53-60-55-70-6-8-46-4-3-1-43-35-37-54-68-0,406.2230709146278,seed603_lns_start9_late_best_rm8_tw8
0-39-36-44-61-67-62-30-28-27-29-31-33-50-63-51-18-48-21-23-19-49-22-24-57-10-17-13-59-58-25-20-56-66-0,406.345632839587,seed701_explore_lns_start19_random_best_rm20_tw6
0-69-65-64-30-33-63-51-18-21-23-19-22-57-52-9-11-15-16-47-14-12-10-53-60-6-8-46-4-5-3-45-1-43-35-37-54-68-70-55-0,406.41874943029944,seed608_lns_start13_random_best_rm8_tw12
0-65-64-31-27-28-63-51-18-21-23-19-22-57-52-9-10-11-14-47-17-16-15-12-53-60-6-8-46-4-3-1-43-37-35-54-68-70-55-0,406.4942848052345,seed701_explore_lns_start4_random_regret_rm25_tw6
0-62-63-51-64-65-69-53-12-14-47-16-15-11-9-52-59-58-25-23-21-48-18-19-49-22-20-24-57-66-56-32-26-34-50-55-0,406.5053357245544,seed601_lns_start16_mixed_regret_rm8_tw8
0-69-65-64-67-30-33-63-51-18-21-23-19-22-57-52-9-15-16-47-14-11-10-12-53-60-6-8-46-4-45-3-1-43-35-37-54-68-70-55-0,406.63045091573224,seed601_lns_start10_late_random_best_rm8_tw6
0-65-64-62-30-28-63-51-18-21-23-19-22-57-52-9-11-15-16-47-14-12-10-53-60-8-46-3-1-45-4-6-55-70-43-35-37-54-68-0,406.66787824543394,seed606_lns_start7_late_regret_rm6_tw15
0-69-65-64-29-33-63-51-18-21-23-19-22-57-52-9-11-10-15-16-47-14-12-53-60-55-70-6-8-46-4-3-1-43-35-37-54-68-0,406.7593563914236,seed608_lns_start13_mixed_best_rm8_tw15
0-65-69-12-14-47-16-15-11-59-52-57-64-22-23-21-18-19-49-51-63-62-67-50-34-31-27-26-28-33-32-37-35-43-54-68-55-0,406.823906737499,seed702_explore_lns_start73_late_best_rm25_tw6
0-69-65-64-67-31-29-63-51-18-21-23-19-49-22-57-52-9-15-16-47-14-12-11-10-53-60-55-70-6-46-4-3-1-43-35-37-54-68-0,406.89391373575717,seed701_explore_lns_start3_mixed_random_best_rm15_tw15
0-30-29-31-39-38-36-40-44-42-41-61-70-2-3-5-45-46-8-7-6-60-12-14-47-17-53-10-9-13-58-25-48-24-20-56-66-0,406.91377568492925,seed701_explore_lns_start72_late_best_rm25_tw6
0-69-65-64-31-33-63-51-18-21-23-19-22-57-52-9-15-47-14-11-12-10-53-60-6-8-46-4-45-3-1-43-35-37-54-68-70-55-0,406.98147720597893,seed701_explore_lns_start7_random_random_best_rm10_tw6
0-65-64-62-28-33-63-51-18-21-23-19-22-57-52-9-11-15-16-47-14-12-10-53-60-8-46-3-1-45-4-6-55-70-43-35-37-54-68-0,407.0152273864013,seed601_lns_start9_late_regret_rm8_tw15
0-64-67-62-31-27-28-30-29-33-63-51-18-21-19-48-23-25-49-20-56-66-22-24-58-59-13-9-57-10-17-60-0,407.04841983861195,seed702_explore_lns_start53_random_regret_rm20_tw10
0-65-64-62-31-28-33-63-51-18-21-23-19-22-57-52-9-11-15-16-47-14-12-10-53-60-6-8-46-3-1-4-55-70-43-35-37-54-68-0,407.09355979655084,seed608_lns_start3_late_regret_rm8_tw8
0-2-45-42-44-39-38-36-40-61-69-53-12-14-47-16-15-9-11-13-10-60-7-6-8-46-4-5-3-1-43-35-37-41-54-68-70-55-66-0,407.1241574298843,seed606_lns_start60_late_best_rm5_tw6
0-65-64-67-62-28-33-63-51-18-21-23-19-22-57-52-9-13-15-16-17-47-14-12-11-10-53-60-6-8-46-4-3-1-43-35-37-54-68-70-55-0,407.12826000389794,seed602_lns_start8_late_regret_rm8_tw6_guarded
0-65-64-62-29-33-63-51-18-21-23-19-22-57-52-9-11-15-16-47-14-12-10-53-60-8-46-3-1-45-4-6-55-70-43-35-37-54-68-0,407.1341815713656,seed602_lns_start2_late_regret_rm8_tw15
0-61-2-6-7-8-44-42-41-39-38-40-36-37-43-3-5-45-4-46-60-53-10-9-66-56-20-24-48-25-58-13-17-0,407.15700467009447,seed702_explore_lns_start81_late_best_rm25_tw15
0-69-2-45-5-7-61-42-44-36-38-40-39-41-34-31-29-27-26-32-33-50-56-66-20-24-49-48-25-58-59-13-17-0,407.45753657186276,seed602_lns_start8_late_regret_rm8_tw6
0-30-27-31-41-39-38-36-40-44-42-61-70-1-3-5-45-4-46-8-7-6-2-55-60-53-14-10-9-13-58-25-48-24-20-56-66-0,407.4885283940423,seed701_explore_lns_start85_late_random_best_rm20_tw15
0-65-52-23-21-19-64-67-62-33-31-29-27-30-28-26-32-34-50-63-51-49-18-48-25-22-20-57-58-59-13-17-66-56-0,407.74514506870037,seed601_lns_start63_mixed_best_rm8_tw8
0-30-42-44-40-36-38-39-41-61-70-2-6-7-8-46-1-3-5-45-4-55-53-60-17-14-10-9-13-58-25-48-20-24-66-0,407.79781403030086,seed702_explore_lns_start75_late_best_rm20_tw6
0-69-65-64-62-31-29-30-33-63-51-18-21-23-19-22-57-52-9-15-16-17-47-14-12-11-10-53-60-6-46-4-3-5-1-43-35-37-54-68-70-55-0,407.81563881815515,seed702_explore_lns_start2_mixed_regret_rm25_tw15
0-65-67-62-31-29-27-28-30-33-63-51-57-52-25-23-21-19-49-20-22-18-48-58-59-24-32-26-34-50-56-66-0,408.0103338476657,seed702_explore_lns_start60_late_random_best_rm15_tw6
0-69-65-52-59-11-12-47-16-15-9-57-22-23-21-18-19-49-64-51-63-33-32-30-28-26-27-31-34-50-54-37-35-43-4-55-0,408.2968102597189,seed702_explore_lns_start85_random_best_rm25_tw6
0-61-38-40-44-41-67-62-31-27-29-28-30-33-50-63-22-25-48-18-49-20-24-57-58-59-13-17-10-66-56-54-0,408.3118438325565,seed701_explore_lns_start18_mixed_best_rm25_tw8
0-69-65-64-31-29-30-33-63-51-18-21-23-19-22-57-52-9-10-11-13-15-16-17-47-14-12-53-60-6-8-46-4-3-1-43-35-37-54-68-70-55-0,408.40657126264193,seed604_lns_start14_mixed_random_best_rm6_tw8_guarded
0-2-5-45-44-42-38-36-39-40-41-61-62-63-27-29-31-34-28-26-30-32-33-50-56-20-49-48-25-58-24-66-0,408.4258028576937,seed603_lns_start14_random_random_best_rm5_tw8
0-69-65-64-23-21-19-51-63-18-22-57-52-9-11-47-14-16-15-13-10-12-53-60-8-5-45-4-6-46-3-1-43-35-37-54-68-70-55-0,408.4589848000599,seed601_lns_start2_random_random_best_rm6_tw15
0-65-52-23-21-19-64-67-62-33-31-29-28-30-26-27-32-34-50-63-51-22-49-18-48-25-24-57-58-59-17-66-56-0,408.4943793864767,seed603_lns_start60_late_regret_rm8_tw12
0-69-65-64-31-30-63-51-18-21-23-19-22-57-52-9-11-15-16-47-14-12-10-53-60-6-8-46-4-5-45-3-1-43-35-37-54-68-70-55-0,408.51091156431613,seed604_lns_start7_late_random_best_rm4_tw8
0-65-52-23-21-19-64-67-62-33-31-29-28-30-26-27-32-34-50-63-51-22-49-18-48-25-24-57-58-59-13-17-66-56-0,408.5602835391451,seed604_lns_start63_late_best_rm5_tw12
0-65-69-12-14-47-15-16-11-59-52-57-64-22-23-21-18-19-49-51-63-31-29-30-67-62-33-28-26-27-32-34-50-56-20-66-0,408.6720138286295,seed601_lns_start86_late_random_best_rm5_tw6
0-65-69-12-47-15-16-11-59-52-57-64-22-23-21-18-19-49-51-63-31-29-30-67-62-33-28-26-27-32-34-50-56-20-66-0,408.6720138286295,seed602_lns_start78_late_random_best_rm5_tw6
0-69-65-64-67-62-30-33-63-51-19-21-23-57-52-9-10-11-16-15-47-14-12-53-60-6-8-3-1-4-55-70-43-35-37-54-68-0,408.76944130825706,seed702_explore_lns_start8_late_regret_rm20_tw10
0-69-12-65-64-51-18-23-21-19-22-57-52-59-9-11-15-16-17-47-14-13-10-53-60-6-8-46-5-4-3-1-43-35-37-54-68-70-55-0,408.7989586739937,seed701_explore_lns_start14_late_random_best_rm20_tw12
0-42-5-45-2-7-61-44-40-36-38-39-41-67-62-50-32-30-34-27-26-33-63-20-49-48-25-58-24-56-66-0,408.89138657749345,seed601_lns_start14_late_random_best_rm4_tw12
0-69-65-64-31-29-30-63-18-21-23-19-22-57-52-59-9-13-15-16-17-47-14-12-11-10-53-60-6-46-4-5-3-1-43-35-37-54-68-55-0,408.96603903247683,seed702_explore_guarded
0-30-41-39-38-36-40-44-42-61-70-2-6-7-8-46-4-45-5-3-1-55-60-53-14-17-10-9-13-58-25-48-24-20-56-66-0,409.0237007017201,seed701_explore_lns_start78_late_random_best_rm20_tw15
0-65-69-12-47-15-16-11-59-52-57-64-22-23-21-18-19-49-51-63-62-67-50-34-31-30-29-27-26-28-33-32-17-0,409.2087655431974,seed603_lns_start79_random_regret_rm5_tw12
0-67-30-29-31-41-39-38-36-40-44-42-61-70-1-3-5-45-4-6-7-8-46-2-55-60-53-9-10-14-17-13-58-25-48-20-24-66-0,409.2604719650976,seed702_explore_lns_start77_late_best_rm20_tw8
0-65-69-12-47-15-16-11-59-52-57-64-22-23-21-18-19-49-51-63-62-67-50-34-31-30-29-27-26-28-33-32-48-56-55-0,409.2980998926819,seed605_lns_start88_random_random_best_rm6_tw12
0-65-52-23-21-19-64-67-62-63-33-30-50-34-31-29-27-26-28-32-51-18-48-25-49-20-24-22-57-10-17-13-56-0,409.41945302389456,seed701_explore_lns_start23_late_regret_rm10_tw10
0-2-42-44-36-40-38-39-41-61-69-53-12-14-47-17-16-15-11-13-9-10-60-7-6-8-45-4-46-5-3-1-43-35-37-54-66-68-70-55-0,409.58000435265524,seed701_explore_lns_start63_late_regret_rm10_tw6
0-65-64-29-28-33-63-51-18-21-23-19-22-57-52-9-11-15-16-47-14-12-10-53-60-8-46-3-1-45-4-6-55-70-43-35-37-54-68-0,409.6027293206426,seed608_lns_start13_late_regret_rm6_tw12
0-30-31-41-39-38-36-40-44-42-61-70-2-6-7-8-46-4-45-5-3-1-55-53-60-17-47-10-9-13-59-58-25-48-24-20-56-66-0,409.8039277254717,seed702_explore_guarded
0-69-65-64-67-62-63-51-19-18-21-23-57-52-9-16-47-14-11-10-12-53-8-6-46-4-45-5-3-43-37-35-54-68-70-60-55-0,409.9361341422712,seed702_explore_lns_start6_mixed_best_rm20_tw8
0-67-61-38-39-36-40-44-42-41-45-7-2-69-66-56-62-50-34-27-26-28-32-33-20-24-49-48-25-58-0,410.0408698103948,seed701_explore_lns_start14_mixed_random_best_rm25_tw15
0-69-65-64-67-31-63-51-18-21-23-19-22-57-52-9-11-15-16-47-14-12-10-53-60-6-8-46-4-5-45-3-1-43-35-37-54-68-70-55-0,410.0725830022567,seed606_lns_start3_late_random_best_rm4_tw8
0-65-69-12-14-47-16-15-11-59-52-57-22-23-21-18-19-49-51-63-62-67-33-32-30-29-27-26-28-34-50-56-54-4-46-60-55-0,410.0790035223356,seed701_explore_lns_start85_mixed_best_rm20_tw6
0-65-64-62-29-30-63-51-23-21-18-19-22-57-52-9-11-15-16-47-14-12-10-53-60-55-70-6-8-5-46-4-3-1-43-35-37-54-68-0,410.11487929721164,seed607_lns_start12_late_random_best_rm6_tw10
0-69-65-52-59-16-15-12-11-9-57-23-21-18-19-49-22-64-51-63-62-67-29-27-26-32-28-33-34-50-54-37-35-43-68-0,410.1982730948858,seed702_explore_lns_start70_late_random_best_rm25_tw15
0-29-27-41-39-38-36-40-44-42-61-70-1-3-5-45-4-46-8-7-6-2-55-53-60-17-10-9-13-58-25-48-24-20-56-66-0,410.22948940897254,seed701_explore_lns_start79_late_regret_rm20_tw6
0-65-69-12-14-47-16-15-11-59-52-57-64-22-23-21-18-19-49-51-63-62-67-34-29-27-26-28-33-32-50-56-54-37-35-43-0,410.2766354135541,seed701_explore_lns_start79_mixed_random_best_rm25_tw10
0-65-69-12-14-47-16-15-11-59-52-57-64-22-23-21-18-19-49-51-63-62-67-34-31-27-26-28-33-32-50-56-54-37-35-43-0,410.2766354135541,seed702_explore_lns_start84_late_random_best_rm20_tw12
0-69-65-64-23-21-51-63-18-19-22-57-52-59-9-11-12-14-47-17-16-15-13-10-53-60-6-8-46-4-3-1-55-70-43-35-37-54-68-0,410.3014725062702,seed701_explore_lns_start14_mixed_best_rm20_tw10
0-65-64-23-51-63-33-31-29-27-28-30-50-62-67-56-66-22-25-21-48-18-19-49-20-24-57-58-13-10-17-60-4-1-0,410.31205162852234,seed601_lns_start67_random_regret_rm6_tw6
0-65-64-31-30-63-18-21-23-19-22-57-52-59-9-13-15-16-17-47-14-12-11-10-53-60-6-8-46-4-5-3-1-43-35-37-54-68-70-55-0,410.3147711916941,seed607_lns_start14_late_best_rm6_tw10_guarded
0-31-29-27-41-39-38-36-40-44-42-61-70-1-3-5-45-4-46-8-7-6-2-55-53-60-17-10-9-13-58-25-48-24-20-56-66-0,410.3171207071404,seed702_explore_lns_start86_late_best_rm25_tw12
0-65-69-12-14-47-16-15-11-59-52-57-64-22-23-21-18-19-49-51-63-62-67-50-34-31-30-27-26-28-33-32-54-37-35-43-55-0,410.34871055600837,seed702_explore_lns_start80_late_random_best_rm25_tw12
0-69-65-64-67-62-63-51-18-21-23-19-22-57-52-9-12-47-17-16-15-11-10-53-60-7-6-8-46-4-5-45-3-1-43-35-37-54-68-70-55-0,410.35064088008465,seed702_explore_lns_start2_mixed_best_rm25_tw8
0-69-65-64-31-28-63-51-18-21-23-19-22-57-52-9-15-16-47-14-12-11-10-53-60-55-70-6-8-46-4-3-1-43-35-37-54-68-0,410.36272061283773,seed606_lns_start4_late_best_rm6_tw6
0-67-31-29-27-41-39-38-36-40-44-42-61-70-1-3-5-45-4-46-8-7-6-2-55-53-60-17-10-9-13-59-58-25-48-24-20-56-66-0,410.3920822984351,seed702_explore_guarded
0-69-65-64-67-31-29-63-51-18-21-23-19-22-57-52-9-15-16-47-14-12-11-10-53-60-55-70-6-8-46-4-3-1-43-35-37-54-68-0,410.504479162273,seed605_lns_start8_late_best_rm8_tw12
0-65-52-23-21-19-64-63-62-67-31-29-28-30-33-32-26-27-34-50-51-18-48-25-49-20-22-24-57-10-17-58-0,410.549921261536,seed606_lns_start23_late_regret_rm8_tw15
0-67-30-31-41-39-38-36-40-44-42-61-70-2-6-7-8-46-4-45-5-3-1-55-53-60-17-14-10-9-13-59-58-25-48-24-20-56-66-0,410.57205141662513,seed701_explore_guarded
0-69-65-64-31-29-28-30-33-18-21-23-19-22-57-52-9-13-15-16-17-47-14-12-11-10-53-60-6-8-46-4-5-3-1-43-35-37-54-68-70-55-0,410.7339657303947,seed702_explore_guarded
0-69-65-52-15-16-47-14-12-11-9-53-7-6-2-45-5-3-1-8-46-4-43-39-36-35-37-26-32-34-54-68-70-60-55-0,410.78653765458245,seed604_lns_start18_mixed_regret_rm6_tw6
0-61-42-44-36-40-38-27-29-31-28-30-33-50-67-62-63-51-22-25-23-48-18-49-24-57-58-59-13-17-10-20-56-66-0,410.8545383873091,seed608_lns_start20_late_regret_rm8_tw12
0-69-65-64-29-30-63-51-18-21-23-19-22-57-52-9-11-15-16-47-14-12-10-53-60-6-8-46-4-5-45-3-1-43-35-37-54-68-70-55-0,410.883280418311,seed602_lns_start7_late_random_best_rm4_tw6
0-2-45-7-61-42-44-36-40-38-39-41-31-29-33-32-28-26-27-34-50-56-24-20-49-48-25-58-59-13-17-66-0,411.0379582967642,seed601_lns_start0_mixed_best_rm5_tw8
0-65-52-23-21-19-64-67-62-33-31-29-28-30-26-27-32-34-50-63-51-18-49-20-22-24-57-17-59-25-48-0,411.0788619799667,seed606_lns_start60_late_best_rm8_tw6
0-65-64-67-30-31-63-51-18-21-23-19-22-57-52-9-15-16-47-14-12-11-10-53-60-8-46-3-1-45-4-6-55-70-43-35-37-54-68-0,411.15051816521134,seed604_lns_start10_late_random_best_rm8_tw15
0-69-65-64-62-67-30-63-51-18-21-23-19-22-57-52-9-11-15-16-47-14-12-10-53-60-8-45-4-6-46-5-3-1-43-35-37-70-55-68-0,411.25424203739306,seed603_lns_start0_mixed_regret_rm8_tw6
0-36-44-42-61-67-62-31-29-27-28-30-33-63-18-21-23-25-48-19-49-51-56-64-20-22-24-57-58-59-13-17-10-66-0,411.3477342086157,seed608_lns_start19_mixed_best_rm8_tw15
0-65-69-12-47-16-15-11-59-52-57-64-22-23-21-18-19-49-51-63-62-67-34-31-27-26-28-33-32-50-56-54-37-35-43-68-0,411.3525293584611,seed702_explore_lns_start73_late_best_rm20_tw8
0-69-65-64-30-28-33-63-51-18-21-23-19-22-57-52-9-11-15-16-47-14-12-10-53-60-6-8-46-4-5-45-3-1-43-35-37-54-68-70-55-0,411.35917090765145,seed602_lns_start8_late_best_rm5_tw12
0-69-65-64-52-9-11-15-16-47-14-12-53-6-7-60-2-8-46-4-45-5-3-1-43-41-39-37-35-26-32-34-54-68-70-55-0,411.5307446569208,seed604_lns_start19_mixed_regret_rm6_tw10
0-63-67-38-39-42-44-40-36-41-61-69-53-12-14-47-16-15-11-9-10-60-7-6-2-8-46-4-45-5-3-1-43-35-37-54-68-55-70-0,411.55293822286546,seed608_lns_start63_mixed_random_best_rm8_tw15
0-65-69-12-47-16-15-11-59-52-57-64-22-23-21-18-19-49-51-63-62-50-33-32-30-29-27-26-28-34-54-37-35-43-1-0,411.60077076522873,seed702_explore_lns_start88_mixed_best_rm25_tw15
0-69-65-64-62-31-29-27-28-30-33-63-51-18-21-23-19-22-57-52-9-10-11-15-16-47-14-12-60-8-5-46-4-3-1-43-35-37-54-68-70-55-0,411.6022535051825,seed702_explore_lns_start5_late_best_rm20_tw6
0-65-64-63-33-31-29-27-28-30-62-67-34-50-56-51-20-22-49-18-48-21-25-24-57-58-59-13-10-17-60-4-1-0,411.621154797714,seed702_explore_lns_start67_random_random_best_rm25_tw15
0-69-65-64-63-51-23-21-18-22-57-52-9-15-16-17-47-14-12-11-13-10-53-6-7-8-46-45-5-3-1-43-35-37-54-68-70-4-60-55-0,411.6504082933229,seed701_explore_lns_start2_random_random_best_rm15_tw6
0-44-61-67-62-31-29-27-28-30-33-63-51-49-25-23-21-19-18-48-24-22-20-50-56-66-57-58-59-13-17-10-0,411.6924020237325,seed701_explore_lns_start17_late_regret_rm10_tw6
0-65-52-21-19-51-63-33-30-28-27-29-31-34-50-62-67-56-66-64-24-25-23-48-18-49-20-22-57-58-13-17-10-60-4-1-0,411.84259125997943,seed702_explore_lns_start68_late_random_best_rm25_tw6
0-69-65-64-62-29-30-63-51-18-21-23-19-22-57-52-9-11-15-16-47-14-12-10-53-60-6-8-46-4-45-3-1-55-70-43-35-37-54-68-0,411.8917116086896,seed604_lns_start0_late_random_best_rm6_tw10
0-67-31-41-39-38-36-40-44-42-2-6-46-45-5-3-1-4-8-7-70-61-68-53-60-14-10-9-13-25-48-24-20-56-66-0,411.97862262867704,seed701_explore_lns_start73_late_best_rm25_tw8
0-2-44-39-38-36-42-40-41-61-69-53-12-14-47-16-15-11-9-10-60-7-6-8-46-4-45-5-3-1-43-35-37-54-56-68-70-55-0,412.0349655149901,seed608_lns_start63_mixed_random_best_rm8_tw12
0-69-65-64-29-30-33-63-51-18-21-23-19-22-57-52-9-11-15-16-47-14-12-10-53-60-6-8-46-4-5-45-3-1-43-35-37-54-68-70-55-0,412.2498880332757,seed607_lns_start10_late_random_best_rm5_tw8
0-65-64-30-28-33-18-21-23-19-22-57-52-59-9-13-15-16-17-47-14-12-11-10-53-60-6-8-46-4-5-3-1-43-35-37-54-68-70-55-0,412.35850551764145,seed605_lns_start14_late_regret_rm8_tw8_guarded
0-65-69-12-14-47-15-16-11-59-52-64-57-22-23-21-18-19-49-51-63-31-29-30-67-62-33-28-26-27-32-34-50-20-66-0,412.44654686575495,seed601_lns_start89_late_best_rm4_tw10
0-65-69-12-14-47-16-15-11-59-52-57-64-22-23-21-18-19-49-51-63-62-67-33-32-30-28-26-27-34-50-56-66-54-43-70-68-0,412.45337966045076,seed702_explore_lns_start87_late_best_rm20_tw10
0-30-27-31-41-39-38-36-40-44-42-61-70-2-6-7-8-46-4-45-5-3-1-55-53-60-14-17-10-9-13-58-25-48-20-24-66-0,412.5743305480865,seed702_explore_lns_start79_late_best_rm20_tw8
0-65-64-67-62-31-29-63-51-18-21-23-19-22-57-52-9-15-16-47-14-12-11-10-53-60-6-8-46-45-5-3-1-4-55-70-43-35-37-54-68-0,412.6440407813359,seed606_lns_start3_late_random_best_rm6_tw10
0-65-69-12-14-47-15-16-11-59-52-57-64-22-23-21-18-19-49-51-63-31-29-30-67-62-33-28-26-27-32-34-50-56-20-24-66-0,412.85290159425875,seed604_lns_start87_late_best_rm6_tw6
0-69-65-64-67-31-29-33-63-51-18-21-23-19-22-57-52-9-13-15-16-17-47-14-12-11-10-53-60-6-8-46-4-3-1-43-35-37-54-68-70-55-0,412.8644615874643,seed603_lns_start5_late_random_best_rm8_tw15_guarded
0-65-69-12-47-16-15-11-59-52-57-64-22-23-21-18-19-49-51-63-62-67-33-32-30-27-26-28-34-50-56-54-37-35-43-68-0,413.02603487569576,seed701_explore_lns_start80_late_random_best_rm20_tw6
0-30-28-27-29-31-36-40-38-39-44-42-41-61-70-1-3-5-45-4-46-8-7-6-2-60-53-10-13-17-55-68-43-35-37-54-0,413.1301036770043,seed701_explore_lns_start22_mixed_regret_rm10_tw12
0-69-65-64-62-31-27-28-63-51-18-21-23-19-22-57-52-9-15-16-17-47-14-11-10-12-60-55-70-6-8-46-4-3-1-43-35-37-54-68-0,413.177776495374,seed701_explore_lns_start7_mixed_random_best_rm25_tw6
0-69-65-64-67-30-63-51-18-21-23-19-22-57-52-9-11-15-16-47-14-12-10-53-60-6-8-46-45-5-3-4-1-43-35-37-54-68-70-55-0,413.2053191730133,seed604_lns_start2_late_regret_rm6_tw6
0-65-64-31-29-30-33-18-21-23-19-22-57-52-59-9-13-15-16-17-47-14-12-11-10-53-60-6-8-46-4-5-3-1-43-35-37-54-68-70-55-0,413.2620185964053,seed603_lns_start14_late_regret_rm6_tw12_guarded
0-69-65-64-62-31-29-63-51-18-21-23-19-22-57-52-9-11-15-16-47-14-12-10-53-60-6-8-46-3-1-4-55-70-43-35-37-54-68-0,413.315656848681,seed602_lns_start11_late_regret_rm5_tw15
0-39-38-36-44-5-45-8-7-2-61-67-62-50-34-27-26-28-32-56-66-20-24-49-48-25-58-59-13-17-60-0,413.32927318944195,seed601_lns_start31_late_random_best_rm8_tw6
0-67-27-29-36-40-38-39-44-42-41-61-70-2-6-7-8-46-45-3-5-68-55-53-14-17-10-9-58-25-48-24-20-56-66-0,413.3340967425033,seed701_explore_lns_start73_late_regret_rm25_tw15
0-65-69-12-47-16-15-11-59-52-57-64-22-23-21-18-19-49-51-63-62-67-34-29-27-26-28-33-32-50-56-54-43-70-55-68-0,413.3342537522998,seed702_explore_lns_start78_late_best_rm25_tw6
0-65-64-67-62-30-28-63-51-18-21-23-19-22-57-52-9-15-16-47-14-12-11-10-53-60-6-8-46-3-1-4-55-70-43-35-37-54-68-0,413.39354310945157,seed602_lns_start8_late_regret_rm8_tw6
0-65-19-21-23-52-64-67-62-33-31-29-28-30-26-27-32-34-50-63-51-18-48-49-20-22-24-57-58-59-13-17-56-0,413.46141589422155,seed702_explore_lns_start63_random_best_rm20_tw15
0-5-45-2-7-61-42-44-40-36-38-39-41-67-62-29-50-34-33-26-28-32-63-20-49-48-25-58-24-56-66-0,413.51921367457953,seed605_lns_start14_late_random_best_rm5_tw6
0-65-64-62-31-29-30-33-18-21-23-19-22-57-52-59-9-13-15-16-17-47-14-12-11-10-53-60-6-8-46-4-5-3-1-43-35-37-54-68-70-55-0,413.5878250806669,seed607_lns_start14_mixed_random_best_rm4_tw15_guarded
0-69-65-64-67-29-63-51-18-21-23-19-22-57-52-9-11-15-16-47-14-12-10-53-60-6-8-46-4-5-45-3-1-43-35-37-54-68-70-55-0,413.6941060766638,seed601_lns_start0_late_random_best_rm4_tw8
0-69-65-64-31-29-27-28-33-63-18-21-23-19-22-57-52-9-10-11-13-15-16-17-47-14-12-53-60-6-8-46-4-3-1-43-35-37-54-68-70-55-0,413.82963228593974,seed604_lns_start14_mixed_random_best_rm6_tw15_guarded
0-69-65-64-62-30-33-63-51-19-18-21-23-22-57-52-9-11-15-16-47-14-12-10-53-60-55-70-6-8-5-46-4-3-1-43-35-37-54-68-0,413.86436749678734,seed603_lns_start12_late_best_rm5_tw8
0-69-65-64-31-28-33-63-51-18-21-23-19-22-57-52-9-11-15-16-47-14-12-10-53-60-6-4-45-46-8-5-3-1-43-35-37-54-68-70-55-0,413.9001733623479,seed602_lns_start13_late_regret_rm5_tw12
0-65-52-23-21-19-64-63-62-67-31-29-28-30-33-32-26-27-34-50-51-18-48-25-49-20-22-24-57-10-17-13-58-66-0,413.9290484334929,seed603_lns_start23_mixed_regret_rm8_tw10
0-30-39-38-36-40-44-42-41-61-70-2-45-5-3-1-4-46-8-7-6-60-53-10-14-17-13-9-58-25-48-20-24-56-66-68-0,414.1862470082033,seed702_explore_lns_start72_late_random_best_rm25_tw10
0-67-61-42-44-36-38-39-40-41-45-7-6-2-53-17-13-59-58-25-48-49-24-20-32-26-34-50-56-66-0,414.22527710743515,seed702_explore_lns_start5_late_best_rm20_tw6
0-62-67-61-39-38-36-40-44-42-41-45-46-7-2-66-56-50-34-26-30-32-33-63-20-24-49-48-25-58-0,414.2719986116534,seed701_explore_lns_start14_mixed_best_rm10_tw8
0-65-52-23-21-64-67-62-33-31-29-27-30-28-26-34-50-63-51-20-49-19-18-48-22-24-57-59-58-25-13-17-0,414.32272057844125,seed604_lns_start63_late_regret_rm8_tw15
0-69-65-64-31-29-28-30-33-63-51-18-21-23-19-22-57-52-9-13-15-16-17-47-14-12-11-10-53-60-6-8-46-4-5-3-1-43-35-37-54-68-70-55-0,414.3325901843931,seed601_lns_start14_mixed_random_best_rm8_tw10_guarded
0-69-65-64-28-63-51-18-21-23-19-22-57-52-9-11-15-16-47-14-12-10-53-60-6-8-46-3-1-4-55-70-43-35-37-54-68-0,414.33772934414213,seed701_explore_lns_start4_random_random_best_rm15_tw15
0-42-44-39-38-61-67-62-33-30-28-27-29-31-50-63-51-48-21-23-25-49-18-19-22-24-57-58-59-13-17-10-20-56-66-0,414.65493414126547,seed604_lns_start19_late_random_best_rm5_tw10
0-31-29-42-44-40-36-38-39-41-61-70-2-45-5-46-8-7-6-4-3-1-55-60-53-14-17-10-9-13-58-25-48-20-24-66-0,414.7205040787332,seed701_explore_lns_start80_late_random_best_rm20_tw6
0-69-65-64-62-31-29-63-51-18-21-23-19-22-57-52-9-15-16-47-14-12-11-10-53-60-8-46-3-1-45-4-6-55-70-43-35-37-54-68-0,414.8450397582599,seed701_explore_lns_start9_late_regret_rm15_tw10
0-69-65-52-59-64-63-51-19-23-21-18-22-57-9-15-16-47-14-11-10-53-8-46-4-3-1-40-43-35-37-41-54-68-70-55-0,415.00397661265714,seed701_explore_lns_start30_random_best_rm25_tw12
0-69-65-64-29-28-33-63-51-18-21-23-19-22-57-52-9-11-15-16-47-14-12-10-53-60-6-8-46-4-5-45-3-1-43-35-37-54-68-70-55-0,415.021261405473,seed604_lns_start12_late_regret_rm5_tw6
0-69-65-64-67-62-30-63-51-18-21-23-19-22-57-52-9-15-16-47-14-12-11-10-53-60-7-8-6-46-4-5-3-1-43-35-37-54-68-70-55-0,415.062709080024,seed702_explore_lns_start7_mixed_best_rm25_tw12
0-69-65-64-62-31-30-33-63-51-18-21-23-19-22-57-52-9-15-16-47-14-12-11-10-53-60-8-46-3-1-45-4-6-55-70-43-35-37-54-68-0,415.136760306967,seed605_lns_start5_late_regret_rm6_tw15
0-69-65-64-31-30-33-63-51-18-21-23-19-22-57-52-9-11-15-16-47-14-12-10-53-60-8-46-3-1-45-4-6-55-70-43-35-37-54-68-0,415.14730230491784,seed601_lns_start3_late_regret_rm5_tw10
0-69-65-64-67-31-29-28-33-63-51-18-21-23-19-22-57-52-9-15-16-47-14-11-10-12-53-60-8-46-4-5-3-1-43-35-37-54-68-70-55-0,415.22061165397895,seed701_explore_lns_start9_mixed_regret_rm25_tw6
0-69-65-52-59-11-15-16-47-12-53-6-46-45-1-3-5-4-8-7-2-42-40-38-43-35-37-41-34-26-32-50-54-68-70-55-0,415.42022826839184,seed702_explore_lns_start47_mixed_random_best_rm25_tw6
0-69-65-64-62-31-29-27-28-30-33-63-51-18-21-23-19-22-57-52-9-15-16-47-14-12-11-10-53-60-6-8-46-4-3-1-43-35-37-54-68-70-55-0,415.47754260784586,seed702_explore_lns_start0_late_best_rm15_tw10
0-69-65-62-31-63-51-64-57-52-53-12-14-47-16-15-11-9-59-58-25-23-21-48-18-19-49-24-22-20-56-50-34-26-32-66-0,415.6219749094366,seed607_lns_start16_mixed_random_best_rm8_tw6
0-44-61-67-62-31-29-27-28-30-33-63-51-64-22-25-23-21-48-18-19-49-56-66-57-9-10-14-17-13-59-58-24-20-0,415.8127460643273,seed607_lns_start43_random_random_best_rm6_tw6
0-69-7-2-61-42-44-38-39-36-40-41-67-62-33-29-27-26-28-31-32-34-50-56-66-20-49-24-48-25-58-13-17-0,415.98022752803615,seed702_explore_lns_start3_random_random_best_rm20_tw8
0-69-65-64-27-28-30-63-51-18-21-23-19-22-57-52-9-15-16-47-14-11-10-12-53-60-6-8-46-4-45-3-1-43-35-37-54-68-70-55-0,416.03915251697566,seed701_explore_lns_start1_late_random_best_rm10_tw8
0-42-61-2-45-7-44-40-36-38-39-41-67-62-50-34-29-31-30-33-28-26-27-32-63-20-49-48-25-58-24-56-66-0,416.1031650838509,seed701_explore_lns_start14_mixed_best_rm15_tw10
0-65-52-23-21-64-67-62-31-29-27-28-30-33-50-34-26-32-63-51-18-48-19-49-22-20-57-58-59-17-66-56-0,416.11539785055686,seed602_lns_start60_mixed_best_rm8_tw15
0-69-65-64-67-28-33-63-51-18-21-19-22-57-52-9-15-47-14-11-10-12-53-60-8-5-45-46-4-3-1-43-35-37-54-68-70-55-0,416.1800747766134,seed701_explore_lns_start10_mixed_regret_rm20_tw12
0-69-65-52-11-15-16-47-12-53-7-46-8-6-2-45-3-5-4-1-43-40-39-41-27-26-32-34-50-35-37-54-68-70-55-0,416.246046537945,seed701_explore_lns_start40_mixed_best_rm20_tw15
0-61-42-39-38-40-44-41-2-6-7-8-46-45-5-3-1-43-36-35-37-70-60-53-14-17-10-9-13-58-25-48-24-20-56-54-68-0,416.25179718459225,seed702_explore_lns_start82_mixed_best_rm10_tw6
0-65-64-29-30-51-23-21-18-19-22-57-52-59-9-13-15-16-17-47-14-12-11-10-53-60-6-8-46-4-3-1-43-35-37-54-68-70-55-0,416.320944610071,seed606_lns_start14_late_regret_rm8_tw8
0-69-65-64-31-29-27-28-30-33-63-51-18-21-23-19-22-57-52-9-15-47-14-11-10-12-53-60-6-8-46-4-5-3-1-43-35-37-54-68-70-55-0,416.4553875875641,seed701_explore_lns_start3_mixed_random_best_rm15_tw12
0-67-27-31-41-39-38-36-40-44-42-61-70-2-6-7-8-46-4-45-5-3-1-55-53-60-17-10-9-13-58-25-48-24-20-56-66-0,416.56310077373416,seed701_explore_lns_start89_late_random_best_rm20_tw15
0-69-65-64-31-51-18-21-23-19-22-57-52-59-9-13-15-16-17-47-14-11-10-12-53-60-6-46-4-3-1-43-35-37-54-68-70-55-0,416.59464534212486,seed702_explore_lns_start14_random_best_rm10_tw15
0-69-65-64-62-67-30-63-51-18-21-23-19-22-57-52-9-11-15-16-47-14-12-10-53-55-60-6-8-5-3-46-4-1-43-35-37-70-68-0,416.733813649009,seed604_lns_start10_mixed_random_best_rm8_tw8
0-61-42-44-36-40-38-67-62-33-30-31-29-27-28-26-50-63-64-51-49-22-24-57-10-17-13-59-58-25-48-20-56-66-0,416.84650975996385,seed701_explore_lns_start17_late_best_rm25_tw15
0-65-69-12-47-15-16-11-59-52-57-64-22-23-21-18-19-49-51-63-62-67-50-34-31-30-29-27-26-28-33-32-48-20-66-56-54-0,416.8571076373886,seed607_lns_start81_mixed_regret_rm6_tw6
0-69-65-64-67-30-33-63-51-18-21-23-19-22-57-52-9-15-16-47-14-12-11-10-53-60-55-70-6-8-5-46-4-3-1-43-35-37-54-68-0,417.0852480599776,seed601_lns_start2_late_random_best_rm5_tw12
0-39-42-44-5-45-2-7-61-40-36-38-41-67-62-50-34-26-27-28-30-32-33-63-20-49-48-25-58-24-66-56-0,417.0857251679473,seed607_lns_start14_late_best_rm3_tw6
0-31-39-38-36-40-44-42-41-61-2-7-8-46-45-5-3-1-4-6-68-55-60-53-10-14-17-13-9-58-25-48-20-24-66-0,417.1013420854435,seed701_explore_lns_start77_late_regret_rm20_tw6
0-69-65-64-67-62-30-63-51-18-21-23-19-22-57-52-9-15-16-47-14-11-10-12-53-60-8-6-46-4-5-3-1-43-35-37-54-68-70-55-0,417.1366901582728,seed602_lns_start5_mixed_best_rm8_tw10
0-61-42-44-38-40-67-62-51-63-33-31-29-27-26-28-30-50-18-48-19-49-20-22-24-25-57-58-59-13-10-17-66-56-0,417.17701957907036,seed701_explore_lns_start17_mixed_random_best_rm20_tw15
0-69-65-64-62-29-27-33-63-51-18-21-23-19-22-57-52-9-15-16-47-14-12-11-10-53-60-55-70-6-8-46-4-3-1-43-35-37-54-68-0,417.2507065137098,seed608_lns_start13_late_random_best_rm8_tw15
0-69-65-64-31-29-30-63-51-18-21-23-19-22-57-52-9-11-15-16-47-14-12-10-53-60-55-70-6-8-5-46-4-3-1-43-35-37-54-68-0,417.42485459394476,seed601_lns_start7_late_regret_rm5_tw6
0-69-65-64-62-31-28-33-63-51-18-21-23-19-22-57-52-9-15-16-47-14-12-11-10-53-60-6-8-46-3-1-4-55-70-43-35-37-54-68-0,417.44552652480587,seed606_lns_start1_late_best_rm6_tw6
0-69-65-64-29-30-33-63-51-18-21-23-19-22-57-52-9-11-15-16-47-14-12-10-53-60-8-46-3-1-45-4-6-55-70-43-35-37-54-68-0,417.51967115891273,seed603_lns_start3_late_regret_rm5_tw6
0-69-65-64-62-27-28-33-63-51-18-21-23-19-22-57-52-9-15-16-47-14-12-11-10-53-60-55-70-6-8-46-4-3-1-43-35-37-54-68-0,417.54184805186685,seed701_explore_lns_start13_late_best_rm10_tw15
0-69-65-64-62-29-30-63-51-18-21-23-19-22-57-52-9-11-15-16-47-14-12-10-53-60-55-70-6-8-5-46-4-3-1-43-35-37-54-68-0,417.7506610782064,seed602_lns_start1_late_random_best_rm5_tw10
0-69-65-64-31-29-30-33-51-18-21-23-19-22-57-52-59-9-13-15-16-17-47-14-12-11-10-53-60-6-8-46-4-3-1-37-35-43-70-55-68-0,417.85338906949596,seed701_explore_lns_start14_mixed_random_best_rm25_tw10
0-69-65-64-30-28-33-63-51-18-21-23-19-22-57-52-9-11-15-16-47-14-12-10-53-60-55-70-6-8-5-46-4-3-1-43-35-37-54-68-0,417.8879491301456,seed601_lns_start2_late_regret_rm5_tw12
0-67-61-42-44-39-38-36-40-41-2-7-8-45-3-56-62-50-34-26-32-33-63-20-49-48-25-58-24-66-0,417.9828906345103,seed604_lns_start14_late_regret_rm8_tw15
0-30-31-42-44-40-36-38-39-41-61-70-2-6-7-8-46-1-3-5-45-4-55-53-60-17-14-10-9-13-58-25-48-24-20-56-66-0,418.01970652944044,seed701_explore_lns_start89_late_best_rm25_tw15
0-62-29-39-40-36-38-41-42-44-46-8-45-6-7-5-3-4-2-70-61-68-55-53-10-17-13-9-58-25-48-20-24-66-0,418.12981878829333,seed702_explore_lns_start86_mixed_random_best_rm25_tw12
0-69-65-12-14-16-52-64-22-19-21-23-57-59-9-10-11-13-15-17-47-53-60-7-8-46-45-3-1-4-6-70-55-68-43-35-37-54-0,418.1392194410438,seed702_explore_lns_start36_random_random_best_rm20_tw12
0-69-65-52-11-15-16-47-12-53-61-41-39-38-40-1-3-5-45-4-46-8-7-6-2-55-70-43-36-35-37-34-26-32-50-54-68-0,418.26155763417387,seed702_explore_lns_start52_late_regret_rm15_tw10
0-69-65-64-67-31-30-33-63-51-18-21-23-19-22-57-52-9-15-16-47-14-12-11-10-53-60-8-46-45-3-1-4-6-55-70-43-35-37-54-68-0,418.2644073129204,seed606_lns_start7_late_random_best_rm6_tw6
0-69-65-52-59-64-51-63-18-21-23-19-22-57-9-13-15-16-17-47-14-11-10-12-53-60-6-8-46-5-3-4-1-43-35-37-54-68-70-55-0,418.3811678880153,seed701_explore_lns_start14_random_random_best_rm15_tw6
0-61-42-44-39-38-36-40-67-62-33-30-28-27-29-31-34-50-63-51-18-21-48-20-49-22-56-57-10-17-13-58-25-24-66-0,418.3998365097681,seed702_explore_lns_start19_late_regret_rm10_tw15
0-65-69-12-47-16-15-11-59-52-57-64-22-23-21-18-19-49-51-63-62-50-33-32-31-27-26-28-34-54-37-35-43-70-55-66-0,418.67738941145507,seed702_explore_lns_start83_late_regret_rm25_tw15
0-65-52-23-21-19-64-67-62-33-31-29-27-30-28-26-34-32-50-63-51-18-48-49-20-22-24-57-17-59-58-25-56-0,418.7391216698353,seed603_lns_start63_late_best_rm6_tw15
0-69-65-64-62-29-28-63-51-18-21-23-19-22-57-52-9-15-16-47-14-11-10-12-53-60-8-6-46-4-5-3-1-43-35-37-54-68-70-55-0,418.76939332531333,seed702_explore_lns_start3_late_best_rm10_tw6
0-69-65-64-67-31-30-63-51-18-21-23-19-22-57-52-9-15-16-47-14-12-11-10-53-60-55-70-6-8-5-46-4-3-1-43-35-37-54-68-0,418.8858247150154,seed601_lns_start13_late_random_best_rm8_tw15
0-2-7-45-5-61-42-44-36-38-40-39-41-67-62-50-29-27-26-28-30-32-33-34-56-66-24-20-48-25-58-13-17-0,418.9465152937672,seed702_explore_lns_start7_mixed_best_rm25_tw10
0-65-64-31-28-30-51-23-21-18-19-22-57-52-59-9-10-11-13-15-16-17-47-14-12-53-60-6-8-46-4-3-1-43-35-37-54-68-70-55-0,419.0405162646233,seed701_explore_lns_start14_late_regret_rm10_tw8
0-69-65-64-62-67-29-30-33-63-51-18-21-23-19-22-57-52-9-15-16-47-12-53-60-8-46-45-5-3-1-4-6-55-70-43-35-37-54-68-0,419.0421001422421,seed701_explore_lns_start3_mixed_best_rm20_tw15
0-2-45-5-7-61-42-44-40-36-38-39-41-67-34-27-26-32-28-33-50-62-56-66-20-49-48-25-24-58-17-0,419.2543283461225,seed702_explore_lns_start14_random_regret_rm25_tw8
0-65-52-15-16-47-14-12-11-9-53-69-2-1-3-5-45-4-46-8-7-6-43-40-39-41-37-35-26-32-34-54-68-70-60-55-0,419.25999283802287,seed602_lns_start20_mixed_random_best_rm6_tw8
0-65-69-12-47-15-16-11-59-52-64-57-22-23-21-18-19-49-51-63-31-29-30-32-67-62-33-28-26-27-34-50-56-20-24-66-0,419.40286297823945,seed601_lns_start77_late_regret_rm8_tw10
0-65-64-63-30-28-29-31-67-62-51-18-21-19-22-57-52-9-10-47-14-11-12-53-60-8-6-46-4-5-3-1-43-35-37-54-68-70-55-0,419.4242772165665,seed701_explore_lns_start5_mixed_regret_rm25_tw6
0-2-61-39-38-36-40-44-42-41-69-53-12-14-47-16-15-11-9-10-60-7-6-8-45-4-46-5-3-1-43-35-37-54-56-66-68-70-55-0,419.46895999056454,seed605_lns_start63_late_regret_rm8_tw15
0-52-19-21-23-64-67-62-33-31-29-27-30-28-26-32-34-50-63-51-49-18-48-22-24-25-20-57-58-10-13-66-56-0,419.4909242604874,seed602_lns_start23_mixed_best_rm8_tw8
0-61-39-38-36-40-44-42-41-2-45-8-7-6-46-5-3-37-35-43-54-68-70-60-53-10-9-17-13-58-25-48-24-0,419.51903375134657,seed701_explore_lns_start75_late_random_best_rm25_tw6
0-65-64-19-23-21-51-63-33-30-27-29-31-34-67-50-26-28-32-18-48-49-20-22-24-57-10-17-13-58-25-56-0,419.5310278314099,seed702_explore_lns_start23_random_best_rm15_tw10
0-65-69-12-14-47-15-16-11-59-52-57-64-22-23-21-18-19-49-51-63-33-28-29-31-34-67-62-50-32-26-37-35-43-54-68-0,419.80026776924984,seed701_explore_lns_start87_late_regret_rm20_tw12
0-65-69-12-47-15-16-11-59-52-57-64-22-23-21-18-19-49-51-63-33-28-29-31-34-67-62-50-32-26-37-35-43-54-68-0,419.80026776924984,seed702_explore_lns_start73_late_regret_rm20_tw15
0-61-42-44-36-39-38-40-41-2-7-67-34-31-28-26-27-29-30-32-50-48-25-49-20-24-58-59-13-66-56-0,419.9032139280913,seed702_explore_lns_start12_random_best_rm25_tw12
0-65-64-63-33-30-67-51-18-21-23-19-22-57-52-9-15-16-47-14-12-11-10-53-60-55-70-6-8-5-46-4-3-1-43-35-37-54-68-0,420.05513621827316,seed605_lns_start12_late_random_best_rm8_tw6
0-30-31-42-41-39-38-36-40-44-2-6-7-8-46-45-5-3-70-61-68-55-53-60-17-14-10-9-13-58-25-48-20-24-66-0,420.0909615147527,seed701_explore_lns_start76_late_random_best_rm25_tw6
0-69-65-64-31-28-30-63-51-18-21-23-19-22-57-52-9-15-16-47-14-12-11-10-53-60-55-70-6-8-5-46-4-3-1-43-35-37-54-68-0,420.1064655420308,seed607_lns_start13_late_random_best_rm6_tw6
0-69-65-64-62-31-28-63-51-18-21-23-19-22-57-52-9-15-16-47-14-12-11-10-53-60-55-70-6-8-5-46-4-3-1-43-35-37-54-68-0,420.1447597160994,seed602_lns_start12_late_random_best_rm5_tw6
0-69-65-64-62-31-30-33-18-21-23-19-22-57-52-59-9-13-15-16-17-47-14-12-11-10-53-60-6-8-46-4-3-1-43-35-37-54-68-70-55-0,420.27614029113437,seed601_lns_start14_late_best_rm5_tw10_guarded
0-67-29-41-39-38-36-40-44-42-2-7-6-8-46-4-45-5-3-1-70-61-68-55-60-53-10-9-13-17-14-25-48-20-24-66-0,420.4309319891257,seed702_explore_lns_start81_random_random_best_rm25_tw10
0-65-69-12-47-15-16-11-59-52-57-64-22-23-21-18-19-49-51-63-62-67-50-34-32-30-29-27-26-28-33-56-54-37-35-43-70-0,420.54051287547117,seed701_explore_lns_start77_late_regret_rm20_tw6
0-2-44-42-39-40-36-38-41-61-7-45-5-3-56-67-62-50-34-26-32-33-63-20-49-48-25-58-24-66-0,420.5432136943168,seed605_lns_start14_late_regret_rm8_tw10
0-42-39-36-44-5-45-2-7-61-40-38-41-67-62-50-34-29-27-26-30-32-33-63-20-49-48-25-58-24-66-56-0,420.6255275265253,seed603_lns_start14_late_random_best_rm3_tw15
0-65-64-31-29-51-18-23-21-19-22-57-52-59-9-13-16-15-11-10-14-47-17-12-53-60-6-8-46-4-3-1-43-35-37-54-68-70-55-0,420.644117231646,seed602_lns_start14_late_regret_rm8_tw12
0-69-65-64-62-31-28-30-33-63-51-18-21-23-19-22-57-52-9-15-16-47-14-12-11-10-53-60-6-8-46-5-45-4-3-1-43-35-37-54-68-70-55-0,420.70293469001905,seed602_lns_start2_late_regret_rm8_tw8
0-69-65-64-67-62-31-29-30-33-63-51-18-21-23-19-22-57-52-9-15-16-47-14-12-11-10-53-60-6-46-45-3-1-4-55-70-43-35-37-54-68-0,420.7838407282636,seed701_explore_lns_start2_late_best_rm10_tw12
0-61-44-39-38-36-67-62-33-30-28-27-29-31-34-50-63-51-56-64-20-18-48-49-22-57-58-59-13-17-10-25-24-66-0,420.79360393965663,seed605_lns_start20_late_random_best_rm8_tw6
0-67-61-2-6-7-8-5-44-42-41-39-38-40-36-35-37-54-68-70-3-45-46-53-10-9-17-14-13-58-25-48-24-0,420.8480688912413,seed702_explore_lns_start86_mixed_regret_rm25_tw8
0-65-69-12-47-15-16-11-59-52-57-64-22-23-21-18-19-49-51-63-31-29-30-67-62-33-28-26-27-32-34-50-55-60-0,420.8734559192132,seed608_lns_start84_mixed_regret_rm6_tw6
0-69-65-64-29-28-30-63-51-18-21-23-19-22-57-52-9-15-16-47-14-12-11-10-53-60-55-70-6-8-5-46-4-3-1-43-35-37-54-68-0,421.0757101585927,seed601_lns_start0_late_best_rm6_tw8
0-64-62-44-61-67-31-29-27-28-30-33-63-51-18-48-19-49-22-23-21-25-58-59-13-17-10-57-24-20-56-66-0,421.09395258747685,seed702_explore_lns_start18_mixed_random_best_rm10_tw15
0-69-65-52-9-11-15-16-47-14-12-53-6-1-3-5-45-4-46-8-7-2-39-38-40-43-35-37-41-34-26-32-50-54-68-70-55-60-0,421.0976429428986,seed608_lns_start19_mixed_best_rm8_tw15
0-69-65-64-30-28-63-51-18-21-23-19-22-57-52-9-15-11-10-14-12-53-60-7-8-46-6-45-5-3-4-1-43-37-35-54-68-70-55-0,421.1489411157224,seed701_explore_lns_start2_random_random_best_rm25_tw15
0-69-65-64-62-67-31-29-28-30-63-51-18-21-23-19-22-57-52-9-15-16-47-14-11-10-12-53-60-6-8-4-5-3-1-43-35-37-54-68-70-55-0,421.4250319881502,seed701_explore_lns_start12_mixed_best_rm20_tw15
0-65-69-12-14-47-16-15-11-59-52-57-22-23-21-18-19-49-51-63-62-50-33-32-30-31-29-27-26-28-34-54-37-3-4-66-0,421.43258637342393,seed701_explore_lns_start86_random_random_best_rm15_tw15
0-2-61-42-44-39-36-40-38-41-67-62-30-33-34-31-28-26-27-29-32-50-19-49-20-66-59-58-25-48-24-56-0,421.5307670155255,seed701_explore_lns_start2_random_random_best_rm15_tw6
0-65-69-12-47-16-15-11-59-52-57-64-22-23-21-18-19-49-51-63-62-67-34-27-26-28-33-32-50-56-54-37-35-43-55-0,421.6952445672929,seed701_explore_lns_start89_late_best_rm25_tw15
0-69-65-64-52-9-11-15-16-47-14-12-53-6-1-3-5-45-4-46-8-7-2-70-43-39-37-35-36-41-26-32-34-54-68-55-60-0,421.69787806057457,seed608_lns_start18_mixed_regret_rm8_tw10
0-65-64-62-31-29-27-28-33-18-21-23-19-22-57-52-59-9-13-15-16-17-47-14-12-11-10-53-60-6-8-46-4-5-3-1-43-35-37-54-68-70-55-0,421.80498554057505,seed606_lns_start14_mixed_regret_rm8_tw10_guarded
0-69-65-64-62-67-31-30-63-51-18-21-23-19-22-57-52-9-15-16-47-14-11-10-12-53-60-6-8-46-5-45-4-3-1-43-35-37-54-68-70-55-0,421.8101967952847,seed701_explore_lns_start3_mixed_random_best_rm10_tw12
0-65-69-12-14-47-15-16-11-59-52-57-64-22-23-21-18-19-49-51-63-31-29-30-67-62-33-28-26-27-32-34-50-48-20-56-0,422.0650567211917,seed607_lns_start82_late_best_rm5_tw6
0-39-44-61-67-62-31-29-27-28-30-33-63-51-57-64-56-66-24-22-20-49-19-18-48-25-58-59-9-10-60-14-17-13-0,422.22935218917473,seed702_explore_lns_start55_late_best_rm10_tw15
0-69-65-64-67-30-63-51-18-21-23-19-22-57-52-59-9-11-10-13-15-16-17-47-14-12-53-60-6-46-4-5-3-1-43-35-37-54-68-70-55-0,422.2956300796107,seed701_explore_lns_start14_random_regret_rm25_tw6
0-52-69-2-61-42-44-39-38-36-40-41-53-12-14-47-16-15-11-9-13-10-60-7-6-8-46-4-45-5-3-1-43-37-35-54-68-70-55-0,422.3077131359423,seed604_lns_start60_mixed_random_best_rm8_tw15
0-62-61-42-44-36-40-38-39-41-5-45-7-6-2-56-67-50-34-26-30-32-33-63-20-24-49-48-25-58-66-0,422.3090995044312,seed607_lns_start14_mixed_best_rm8_tw8
0-42-5-45-2-7-61-44-40-36-38-39-41-67-62-50-34-31-33-26-27-29-32-63-56-20-24-48-25-58-66-0,422.4606292906157,seed608_lns_start14_late_regret_rm5_tw8
0-69-65-64-31-29-30-51-18-21-23-19-22-57-52-59-11-10-9-13-15-16-17-47-14-12-60-6-46-8-4-3-1-43-35-37-54-68-70-55-0,422.4687915376188,seed702_explore_lns_start14_mixed_random_best_rm20_tw8
0-61-38-39-36-40-44-42-41-2-45-7-47-17-66-56-50-34-27-26-28-32-33-49-20-24-48-25-58-13-0,422.4845372153941,seed702_explore_lns_start7_mixed_best_rm25_tw12
0-69-65-52-11-12-14-47-16-15-9-59-57-23-21-18-19-49-22-20-64-51-63-62-50-34-27-26-28-32-33-56-66-54-70-4-0,422.60465395614364,seed701_explore_lns_start82_late_regret_rm25_tw6
0-42-44-5-45-2-7-61-40-36-38-39-41-67-62-50-31-27-34-26-28-32-33-63-20-49-48-25-58-24-66-56-0,422.72232075066063,seed601_lns_start14_late_random_best_rm3_tw12
0-69-65-64-31-29-28-63-51-18-21-23-19-22-57-52-9-15-13-16-47-12-11-10-53-60-6-7-8-46-4-5-3-1-43-35-37-54-68-70-55-0,422.7377321154467,seed702_explore_lns_start11_random_best_rm25_tw8
0-65-64-67-33-63-51-18-21-23-19-22-57-52-9-11-14-12-10-53-69-68-61-70-4-45-1-3-5-46-8-6-60-55-43-35-37-54-0,422.74936694443227,seed702_explore_lns_start3_late_best_rm25_tw12
0-30-27-36-40-38-39-44-42-41-61-70-2-6-7-8-46-1-3-5-45-4-55-53-60-17-10-9-13-58-25-48-24-20-56-66-0,422.791810019644,seed701_explore_lns_start87_late_regret_rm20_tw12
0-69-65-64-67-31-29-27-28-30-33-63-51-18-21-23-19-22-57-52-9-10-11-15-16-47-12-53-60-4-1-3-5-46-55-70-43-35-37-54-68-0,422.81522704693896,seed701_explore_lns_start5_mixed_random_best_rm25_tw12
0-30-27-41-39-38-36-40-44-42-45-46-8-5-3-1-7-6-2-70-61-68-53-10-17-13-9-58-25-48-24-20-56-66-0,422.9389290831228,seed702_explore_lns_start78_late_random_best_rm25_tw8
0-69-65-64-67-62-31-29-63-51-18-21-23-19-22-57-52-9-15-16-47-14-12-11-10-53-60-8-46-45-3-1-4-6-55-70-43-35-37-54-68-0,423.0437545760788,seed601_lns_start13_late_best_rm6_tw8
0-62-61-42-44-39-38-40-67-31-27-29-28-30-33-50-63-51-18-48-23-25-19-49-20-22-24-57-58-59-13-17-10-66-56-0,423.3316697279066,seed701_explore_lns_start20_late_best_rm10_tw10
0-64-65-69-12-14-47-16-15-11-59-52-57-22-23-21-18-19-49-51-63-31-29-30-32-67-62-33-28-26-27-34-50-20-25-0,423.3813578716607,seed604_lns_start87_random_best_rm8_tw10
0-69-65-64-29-27-28-30-63-51-18-21-23-19-22-57-52-9-15-16-47-14-12-11-10-53-60-6-8-46-3-1-4-55-70-43-35-37-54-68-0,423.3967707576551,seed602_lns_start8_late_regret_rm6_tw6
0-62-61-42-36-38-41-39-40-44-2-45-8-7-6-14-17-13-59-58-25-48-49-24-20-34-26-32-50-56-66-0,423.4245535252526,seed701_explore_lns_start5_mixed_random_best_rm25_tw12
0-69-65-64-29-27-30-33-63-51-18-21-23-19-22-57-52-9-15-16-47-14-12-11-10-53-60-6-8-46-3-1-4-55-70-43-35-37-54-68-0,423.53475174481713,seed603_lns_start1_late_random_best_rm6_tw10
0-69-65-11-15-16-59-52-57-64-22-23-21-18-19-49-51-63-62-67-50-33-32-27-26-28-34-54-37-35-43-1-4-55-68-0,423.57702050736765,seed701_explore_lns_start72_late_best_rm25_tw6
0-61-42-44-40-38-39-2-6-7-8-46-45-3-5-1-4-43-36-35-37-41-54-68-53-9-10-14-17-13-58-25-48-24-55-70-0,423.6449052010657,seed605_lns_start71_mixed_random_best_rm5_tw8
0-69-67-30-28-27-29-31-41-39-38-36-40-44-42-61-70-2-4-5-3-1-46-8-7-6-60-53-10-17-55-68-43-35-37-54-0,423.81070978334026,seed702_explore_lns_start22_random_best_rm25_tw6
0-69-65-64-62-67-30-63-51-18-21-23-19-22-57-52-9-15-16-47-14-11-10-12-53-60-6-4-3-5-45-46-8-1-43-35-37-54-68-70-55-0,423.82082764268205,seed603_lns_start6_mixed_random_best_rm6_tw8
0-69-65-64-67-30-28-33-63-51-18-21-23-19-22-57-52-9-15-16-47-14-12-11-10-53-60-8-46-45-3-1-4-6-55-70-43-37-35-54-68-0,423.87366022456075,seed701_explore_lns_start9_random_best_rm25_tw8
0-69-65-64-31-29-28-33-63-51-18-21-23-19-22-57-52-9-15-14-11-10-12-53-60-8-46-5-45-6-4-3-1-43-35-37-54-68-70-55-0,423.91951964195624,seed702_explore_lns_start1_late_best_rm20_tw15
0-29-30-67-42-44-40-36-38-39-41-61-70-2-1-3-5-45-4-46-8-7-6-60-55-53-14-17-10-9-13-58-25-48-24-20-56-66-0,423.988719338472,seed701_explore_lns_start77_late_best_rm25_tw15
0-69-65-64-67-62-30-28-63-51-18-21-23-19-22-57-52-9-15-16-47-14-12-11-10-53-60-6-8-46-3-1-4-55-70-43-35-37-54-68-0,424.0818583199191,seed606_lns_start4_late_random_best_rm6_tw12
0-61-42-44-39-38-5-45-8-7-6-2-9-13-17-10-53-54-41-40-36-35-37-43-1-4-46-3-60-55-70-68-56-0,424.09213520641526,seed605_lns_start78_late_regret_rm8_tw6
0-69-65-64-62-31-27-30-63-51-18-21-23-19-22-57-52-9-15-14-12-11-10-53-60-4-45-46-6-8-5-3-1-43-37-35-54-68-70-55-0,424.16595897902187,seed701_explore_lns_start1_late_best_rm25_tw8
0-65-69-12-47-15-16-11-59-52-57-64-22-23-21-18-19-49-51-63-31-29-30-67-62-33-28-26-27-32-34-50-56-60-55-0,424.223996203085,seed607_lns_start77_mixed_regret_rm8_tw6
0-65-52-23-21-19-64-67-62-33-31-29-27-30-28-26-32-34-50-63-51-18-48-49-20-22-24-57-59-17-13-58-25-56-0,424.23323289061545,seed601_lns_start63_late_random_best_rm6_tw10
0-69-65-64-62-31-29-30-33-18-21-23-19-22-57-52-59-9-13-15-16-17-47-14-12-11-10-53-60-6-8-46-4-5-3-1-43-35-37-54-68-70-55-0,424.27614029113437,seed604_lns_start14_mixed_regret_rm6_tw10_guarded
0-61-42-44-40-36-38-39-41-45-8-7-2-66-56-67-62-50-34-31-26-32-33-63-20-49-24-48-25-58-0,424.31174001931646,seed603_lns_start14_late_regret_rm6_tw6
0-69-65-64-67-62-29-30-63-51-18-21-23-19-22-57-52-9-15-16-47-14-12-11-10-53-60-8-46-45-3-1-4-6-55-70-43-35-37-54-68-0,424.35403231695574,seed605_lns_start6_late_best_rm6_tw12
0-69-65-64-62-30-63-51-23-21-18-19-22-57-52-9-11-15-16-47-14-12-10-53-60-45-46-6-8-5-3-4-1-43-35-37-54-68-70-55-0,424.4406021546563,seed601_lns_start9_random_random_best_rm3_tw8
0-38-36-44-42-5-45-8-7-2-61-67-50-33-34-27-26-30-32-56-66-20-24-49-48-25-58-59-13-17-60-0,424.6632112968313,seed604_lns_start33_late_best_rm8_tw10
0-65-52-23-21-19-64-67-62-31-29-27-30-63-33-28-26-32-34-50-51-49-18-48-25-24-22-20-57-13-17-10-66-56-0,424.8933321051842,seed605_lns_start23_late_best_rm5_tw8
0-69-65-64-30-63-51-18-21-23-19-22-57-52-59-9-15-16-47-14-12-11-10-53-60-6-8-46-45-5-3-1-4-55-70-43-35-37-54-68-0,424.93056413591415,seed602_lns_start2_random_random_best_rm8_tw6
0-2-45-42-44-36-38-40-39-41-5-8-7-61-62-50-34-31-27-26-28-32-33-63-20-24-25-48-49-66-56-54-0,424.96835481666994,seed702_explore_lns_start14_random_best_rm25_tw8
0-69-65-64-62-31-33-63-51-18-21-23-19-22-57-52-59-9-15-47-14-12-11-10-53-60-6-8-46-4-45-3-1-55-70-43-35-37-54-68-0,424.9773638177162,seed702_explore_lns_start6_mixed_regret_rm15_tw6
0-65-69-12-14-47-16-15-11-59-52-57-64-22-19-23-21-18-63-33-32-29-30-28-26-34-50-62-51-49-54-37-35-43-68-0,425.0177759324562,seed701_explore_lns_start89_late_random_best_rm20_tw15
0-69-65-64-62-67-27-30-63-51-18-21-23-19-22-57-52-9-15-16-47-14-12-11-10-53-60-55-70-6-8-46-4-3-1-43-35-37-54-68-0,425.02680541290897,seed605_lns_start13_late_best_rm8_tw15
0-69-65-52-15-16-47-14-12-11-9-53-6-2-7-8-45-5-3-1-46-4-43-40-39-41-37-35-36-26-32-54-68-70-60-55-0,425.084384475749,seed603_lns_start17_random_regret_rm8_tw15
0-61-44-39-38-41-67-62-33-30-28-27-29-31-50-63-51-64-49-57-25-18-48-20-22-24-58-13-10-17-60-66-56-0,425.0961845332364,seed701_explore_lns_start19_mixed_random_best_rm20_tw12
0-65-52-23-21-19-64-67-62-33-31-29-28-30-26-27-32-34-50-63-51-18-49-20-22-24-57-59-17-13-58-25-48-0,425.2058099304484,seed605_lns_start63_late_regret_rm8_tw15
0-69-65-64-31-28-30-51-18-21-23-19-22-57-52-59-9-13-15-16-17-47-14-11-10-12-53-60-6-46-4-3-1-43-35-37-54-68-70-55-0,425.2305109579073,seed607_lns_start14_late_regret_rm5_tw12
0-69-65-64-29-27-30-63-51-18-21-23-19-22-57-52-9-15-16-47-14-12-11-10-53-60-55-70-6-8-5-46-4-3-1-43-35-37-54-68-0,425.2928706185009,seed601_lns_start11_late_best_rm8_tw6
0-69-65-64-30-51-18-23-21-19-22-57-52-59-9-13-16-15-11-10-14-47-17-12-53-60-6-8-46-4-3-1-43-35-37-54-68-70-55-0,425.4457245681006,seed701_explore_lns_start14_mixed_best_rm10_tw15
0-69-65-64-62-31-27-63-51-18-21-23-19-22-57-52-9-15-16-47-14-12-11-10-53-60-55-70-6-8-5-46-4-3-1-43-35-37-54-68-0,425.49029504338745,seed601_lns_start12_late_random_best_rm6_tw6
0-69-65-64-62-63-51-18-21-23-19-22-57-52-59-9-15-16-47-14-11-10-12-53-8-6-46-5-3-4-1-43-35-37-54-68-70-60-55-0,425.51918874548187,seed702_explore_lns_start7_random_best_rm15_tw15
0-2-44-39-38-36-42-40-41-61-69-53-12-14-47-16-15-11-9-58-10-60-7-6-8-46-4-45-5-3-1-43-35-37-54-68-70-55-0,425.5229541308087,seed608_lns_start63_mixed_random_best_rm6_tw12
0-65-52-11-15-16-47-12-53-69-41-42-38-36-40-3-1-5-45-4-46-8-7-6-2-55-70-43-35-37-34-26-32-50-54-68-0,425.55747324748006,seed602_lns_start57_late_regret_rm8_tw12
0-61-42-44-39-38-40-67-62-33-30-28-27-29-31-50-63-51-64-20-49-18-19-22-24-57-58-59-13-17-10-25-48-56-66-0,425.6211353269012,seed602_lns_start20_late_random_best_rm8_tw6
0-69-65-64-62-27-30-63-51-18-21-23-19-22-57-52-9-15-16-47-14-12-11-10-53-60-55-70-6-8-5-46-4-3-1-43-35-37-54-68-0,425.63147305590206,seed603_lns_start11_late_random_best_rm6_tw10
0-69-65-64-62-67-31-29-28-33-63-51-18-21-23-19-22-57-52-9-15-16-17-47-14-11-10-53-60-8-6-46-4-5-3-1-43-35-37-54-68-70-55-0,425.6377604439958,seed701_explore_lns_start2_mixed_best_rm25_tw8
0-69-65-64-67-62-29-33-63-51-18-21-23-19-22-57-52-9-15-16-47-14-12-11-10-53-60-8-46-45-3-1-4-6-55-70-43-35-37-54-68-0,425.6848631174396,seed607_lns_start4_late_best_rm8_tw10
0-30-29-67-41-38-36-40-39-42-44-2-6-7-8-46-5-45-4-3-1-61-68-55-60-53-14-10-9-58-25-48-24-20-56-66-0,425.6883687048082,seed701_explore_lns_start72_late_regret_rm20_tw15
0-65-69-12-14-47-15-16-11-59-52-57-22-23-21-18-19-64-62-33-31-27-29-32-30-28-26-34-50-63-51-48-49-20-66-56-54-55-0,425.72842238155005,seed606_lns_start80_mixed_regret_rm8_tw12
0-65-69-12-14-47-15-16-11-59-52-57-64-22-23-21-18-19-49-51-63-31-29-30-67-62-33-28-26-27-32-34-50-48-56-66-0,425.80293977555203,seed601_lns_start79_late_best_rm5_tw6
0-65-69-12-14-47-16-15-11-59-52-57-64-22-19-23-21-18-63-33-32-28-26-31-34-50-62-51-48-49-56-54-37-35-43-0,425.8502682390289,seed702_explore_lns_start81_late_best_rm20_tw15
0-69-65-64-62-31-30-63-51-18-21-23-19-22-57-52-9-11-15-16-47-14-12-10-53-60-45-46-6-8-5-3-4-1-43-35-37-54-68-70-55-0,425.850864133304,seed604_lns_start13_random_random_best_rm6_tw8
0-69-42-44-45-5-2-7-61-40-36-38-39-41-67-62-50-34-26-27-28-30-32-33-63-20-49-48-25-58-24-66-56-0,425.89956826687796,seed602_lns_start14_late_regret_rm8_tw12
0-69-65-64-67-62-31-28-63-51-18-21-23-19-22-57-52-9-15-16-47-14-12-11-10-53-60-6-8-46-3-1-4-55-70-43-35-37-54-68-0,425.9477779654723,seed601_lns_start2_late_regret_rm8_tw8
0-69-65-64-28-63-51-23-21-18-19-22-57-52-9-11-15-16-47-14-12-10-53-60-8-46-6-45-5-3-4-1-43-35-37-54-68-70-55-0,425.988991836962,seed601_lns_start11_random_regret_rm3_tw12
0-65-69-12-47-16-15-11-59-52-57-22-23-21-18-19-49-64-51-63-31-29-27-26-28-30-32-33-34-50-56-10-17-60-4-55-68-0,426.0958492100542,seed701_explore_lns_start72_random_best_rm25_tw6
0-36-44-42-39-38-61-67-62-31-29-27-28-30-33-63-51-64-20-49-19-25-23-21-48-18-22-56-66-57-24-58-17-10-0,426.20119741108897,seed702_explore_lns_start19_mixed_best_rm20_tw12
0-69-11-14-47-15-16-65-61-41-39-38-36-40-44-42-70-2-6-8-46-7-60-12-13-9-10-53-4-45-5-3-1-43-35-37-54-68-55-0,426.22116760390423,seed701_explore_lns_start60_random_regret_rm10_tw8
0-2-5-7-61-42-44-36-40-38-39-41-28-30-33-34-29-27-26-32-50-67-49-24-59-58-25-48-20-66-56-0,426.42919241348045,seed701_explore_lns_start8_mixed_regret_rm15_tw15
0-2-45-7-61-42-44-36-38-39-40-41-67-50-33-30-29-27-26-28-31-32-34-56-20-24-49-48-25-58-13-17-66-0,426.5578726086092,seed702_explore_lns_start7_random_best_rm15_tw15
0-69-65-64-29-27-63-51-18-21-23-19-22-57-52-9-15-16-47-14-12-11-13-10-53-60-55-70-6-8-46-4-3-1-43-35-37-54-68-0,426.597479693697,seed702_explore_lns_start8_mixed_regret_rm10_tw10
0-69-65-64-62-67-31-63-51-18-21-23-19-22-57-52-9-11-15-16-47-14-12-10-53-60-6-4-45-8-5-3-46-1-43-35-37-54-68-70-55-0,426.6973176482669,seed608_lns_start2_mixed_best_rm6_tw15
0-65-69-12-14-47-15-16-11-59-52-57-64-22-23-21-18-19-49-51-63-31-29-30-67-62-33-28-26-27-32-34-50-48-24-20-56-0,426.8353863354607,seed606_lns_start72_late_random_best_rm6_tw6
0-59-7-2-45-44-42-39-40-36-38-41-61-56-62-50-34-31-27-26-28-32-33-63-20-49-48-25-58-24-66-0,426.9150684656859,seed702_explore_lns_start14_mixed_best_rm15_tw15
0-69-65-64-30-28-33-63-51-18-21-23-19-22-57-52-59-9-15-16-47-14-11-10-12-53-60-6-8-46-45-4-3-1-43-35-37-54-68-70-55-0,426.92121223658273,seed702_explore_lns_start0_random_best_rm20_tw8
0-69-65-64-67-62-29-28-63-51-18-21-23-19-22-57-52-9-15-16-47-14-12-11-10-53-60-6-8-46-3-1-4-55-70-43-35-37-54-68-0,426.9298185351739,seed601_lns_start5_late_regret_rm6_tw8
0-36-44-61-67-62-31-29-27-28-30-33-63-51-64-57-24-19-18-48-21-23-22-20-49-25-58-59-9-10-13-17-14-60-66-56-0,427.037421527544,seed608_lns_start48_random_regret_rm8_tw6
0-69-65-64-67-62-31-30-63-51-18-21-23-19-22-57-52-59-9-15-16-47-14-12-11-10-53-60-8-46-4-3-1-43-35-37-54-68-70-55-0,427.2960854769116,seed702_explore_lns_start2_mixed_best_rm25_tw15
0-2-45-5-38-39-44-42-61-69-53-12-14-47-16-15-59-9-11-10-7-6-8-46-4-3-1-43-40-36-35-37-41-54-70-68-55-60-0,427.34721000332104,seed607_lns_start23_random_regret_rm3_tw15
0-69-65-64-67-29-27-33-63-51-18-21-23-19-22-57-52-9-15-16-47-14-12-11-10-53-60-6-8-46-3-1-4-55-70-43-35-37-54-68-0,427.3647136058898,seed604_lns_start10_late_random_best_rm6_tw6
0-69-65-64-67-31-27-33-63-51-18-21-23-19-22-57-52-9-15-16-47-14-12-11-10-53-60-6-8-46-3-1-4-55-70-43-35-37-54-68-0,427.43888957021727,seed603_lns_start5_late_random_best_rm8_tw15
0-69-65-64-63-30-29-67-62-51-18-21-23-19-49-22-57-52-9-15-16-47-14-12-11-10-53-60-6-8-46-4-3-1-70-43-35-37-54-68-55-0,427.544533177138,seed701_explore_lns_start13_mixed_best_rm25_tw8
0-69-30-28-27-29-31-38-36-40-39-44-42-41-61-70-2-4-45-3-5-46-8-7-6-60-53-10-13-17-68-43-35-37-54-0,427.577362857564,seed701_explore_lns_start22_mixed_best_rm25_tw8
0-69-42-39-62-63-51-64-65-57-52-53-12-14-47-16-15-11-9-59-58-25-23-21-48-18-19-49-24-22-20-32-26-34-50-56-66-0,427.63031537452304,seed608_lns_start16_mixed_random_best_rm8_tw6
0-61-42-44-40-36-38-39-41-45-46-7-2-66-56-50-32-30-26-27-34-20-49-48-25-24-59-58-13-17-0,427.6325462464914,seed702_explore_lns_start13_mixed_random_best_rm25_tw6
0-69-65-64-62-33-63-51-23-21-18-19-22-57-52-59-9-16-14-47-17-15-13-11-10-12-53-60-6-8-5-46-4-3-1-43-35-37-70-55-68-0,427.71551999514236,seed702_explore_lns_start14_random_best_rm20_tw6
0-69-65-64-62-67-31-29-30-63-51-18-21-23-19-22-57-52-9-13-15-16-47-14-11-10-12-53-60-4-45-5-8-46-3-1-43-35-37-54-68-70-55-0,427.7837124927018,seed701_explore_lns_start1_mixed_regret_rm15_tw6
0-69-65-64-29-28-51-18-21-23-19-22-57-52-59-9-13-15-16-17-47-14-12-11-10-53-60-6-8-46-4-3-1-43-35-37-54-68-70-55-0,427.8023828854061,seed605_lns_start14_late_random_best_rm8_tw6
0-69-65-64-52-15-16-47-14-11-9-12-53-70-2-3-1-5-45-4-46-8-7-6-60-55-41-43-36-35-37-34-32-26-54-68-0,427.986454240376,seed601_lns_start20_mixed_random_best_rm8_tw12
0-65-52-11-15-16-47-12-53-69-61-42-39-38-40-1-3-5-45-4-46-8-7-6-2-41-43-36-35-37-34-26-32-50-54-68-70-55-0,428.21074343874744,seed702_explore_lns_start45_late_regret_rm10_tw6
0-65-52-59-11-15-16-47-12-53-69-2-6-7-8-46-45-5-3-4-1-42-43-40-38-39-41-37-35-26-32-34-50-54-68-70-60-55-0,428.39168630127756,seed701_explore_lns_start40_random_best_rm15_tw15
0-69-65-52-59-15-16-47-14-12-11-9-53-7-6-46-8-5-1-3-45-4-2-55-70-43-37-35-40-41-34-26-32-50-54-68-66-0,428.63020651275605,seed701_explore_lns_start38_mixed_regret_rm15_tw6
0-62-67-29-41-42-44-40-36-38-39-2-6-7-8-46-45-5-3-1-70-61-68-53-60-17-14-10-13-58-25-48-24-20-56-66-0,428.741472510321,seed702_explore_lns_start85_random_best_rm25_tw6
0-65-69-12-14-47-15-16-11-59-52-57-64-22-23-21-18-19-49-51-63-31-29-30-67-62-33-28-26-27-32-34-50-48-24-56-66-0,428.8487275766822,seed603_lns_start81_late_random_best_rm6_tw6
0-65-69-12-47-15-16-11-59-52-64-57-22-23-21-18-19-49-51-63-62-50-34-31-27-29-30-32-33-28-26-56-54-37-35-43-68-0,428.8707348262858,seed701_explore_lns_start71_late_best_rm20_tw8
0-2-45-5-7-61-42-44-39-38-36-40-41-67-62-30-34-31-29-27-26-28-32-50-56-66-17-13-59-58-25-48-20-24-0,428.96004844392456,seed701_explore_lns_start3_mixed_best_rm10_tw10
0-65-64-62-31-29-27-28-33-63-18-21-23-19-22-57-52-59-9-10-11-13-15-16-17-47-14-12-53-60-6-8-46-5-4-3-1-43-35-37-54-68-70-55-0,429.0686564433464,seed601_lns_start14_mixed_random_best_rm8_tw10_guarded
0-69-65-64-62-31-29-27-30-63-51-18-21-23-19-22-57-52-9-13-15-16-47-14-12-11-10-53-60-4-46-6-8-5-3-1-70-43-35-37-54-68-55-0,429.17285065177873,seed701_explore_lns_start7_mixed_best_rm25_tw15
0-30-27-36-40-38-39-44-42-41-61-70-6-7-5-3-1-45-8-46-4-2-55-53-60-17-14-10-9-13-58-25-48-24-20-56-66-0,429.21108961262684,seed702_explore_lns_start73_late_regret_rm20_tw15
0-39-42-44-5-45-2-7-61-40-36-38-41-67-62-50-29-27-34-26-28-32-33-63-20-49-48-25-58-24-66-56-0,429.25477327310205,seed601_lns_start14_late_random_best_rm3_tw15
0-69-65-64-67-31-29-63-51-18-21-23-19-22-57-52-9-16-17-47-14-11-10-12-53-60-8-45-5-4-6-46-3-1-43-35-37-54-68-70-55-0,429.3070007259497,seed701_explore_lns_start0_mixed_best_rm15_tw8
0-52-19-21-23-64-67-62-33-31-29-27-30-28-26-32-34-50-63-51-49-18-48-22-24-25-20-57-58-10-17-66-56-0,429.31788072989184,seed601_lns_start23_mixed_random_best_rm8_tw6
0-44-36-38-61-67-62-31-29-27-28-30-33-63-51-64-22-49-19-18-48-21-23-25-58-59-13-17-10-57-24-20-50-56-66-0,429.49727470120894,seed702_explore_lns_start18_mixed_best_rm20_tw15
0-2-45-5-44-42-39-38-36-40-41-61-69-53-12-14-47-16-15-13-58-9-11-10-60-7-6-8-46-4-3-1-43-37-35-54-68-55-70-0,429.5028809025023,seed604_lns_start60_late_random_best_rm8_tw15
0-31-27-38-36-40-39-41-42-44-2-6-7-8-45-5-3-1-46-4-70-61-68-55-53-60-17-10-9-13-58-25-48-20-24-0,429.6181437616789,seed702_explore_lns_start71_late_regret_rm20_tw15
0-65-69-12-14-47-16-15-11-59-52-57-64-22-23-21-18-19-49-51-63-62-50-33-32-30-27-26-28-34-54-37-35-43-1-46-60-55-0,429.7072750027475,seed702_explore_lns_start80_late_random_best_rm25_tw12
0-69-65-64-62-31-29-27-30-18-21-23-19-22-57-52-59-9-10-11-13-15-16-17-47-14-12-53-60-6-8-46-4-3-1-43-35-37-54-68-70-55-0,429.7246747381379,seed608_lns_start14_mixed_random_best_rm8_tw10_guarded
0-65-69-12-14-47-15-16-11-59-52-64-57-22-23-21-18-19-49-51-63-31-29-30-67-62-33-28-26-27-32-34-50-48-24-66-0,429.7686583622062,seed604_lns_start74_late_random_best_rm8_tw8
0-69-65-64-31-29-28-30-51-18-21-23-19-22-57-52-59-9-13-15-16-17-47-14-11-10-12-53-60-6-4-5-8-46-3-1-43-35-37-70-55-68-0,429.7784513135438,seed702_explore_lns_start14_mixed_regret_rm10_tw15
0-65-52-59-23-21-19-64-62-33-31-29-27-26-30-28-32-34-50-63-51-18-49-20-22-24-57-17-58-25-48-56-66-0,429.8221687109068,seed701_explore_lns_start60_mixed_random_best_rm10_tw10
0-39-38-36-40-44-42-6-7-2-8-46-45-5-3-1-70-61-43-35-37-41-54-68-53-10-9-13-66-56-20-24-25-58-0,429.82982688402393,seed702_explore_lns_start89_mixed_best_rm15_tw6
0-65-69-12-47-16-15-11-59-52-57-22-23-21-18-19-49-64-56-67-62-33-32-30-31-29-28-26-27-34-50-20-66-54-35-68-0,429.8857098010488,seed701_explore_lns_start74_mixed_regret_rm20_tw12
0-62-61-45-5-8-7-6-2-44-42-41-39-40-36-38-37-68-55-70-3-46-60-53-10-9-17-14-13-58-24-66-0,429.9099788330001,seed702_explore_lns_start75_random_best_rm25_tw15
0-65-64-31-29-27-51-18-23-21-19-22-57-52-59-9-10-12-11-13-15-16-17-47-14-53-60-6-8-46-4-3-1-43-35-37-54-68-70-55-0,430.00159170285025,seed607_lns_start14_late_regret_rm8_tw12
0-61-2-7-5-45-42-44-40-36-38-39-41-67-62-50-34-26-32-33-63-20-49-48-25-58-24-56-66-4-0,430.11163233531835,seed606_lns_start14_mixed_random_best_rm8_tw15
0-64-65-69-12-47-16-15-11-59-52-57-22-23-21-18-19-49-51-63-33-32-31-29-28-30-67-62-34-27-26-50-48-20-56-66-0,430.17280292904366,seed602_lns_start88_mixed_regret_rm6_tw8
0-69-65-64-62-31-29-33-63-51-18-21-23-19-22-57-52-59-9-13-15-16-47-14-12-11-10-53-60-6-46-5-3-4-1-43-35-37-54-68-70-55-0,430.23459826907566,seed702_explore_lns_start12_random_best_rm15_tw6
0-69-65-64-31-29-27-28-33-18-21-23-19-22-57-52-59-9-10-11-13-15-16-17-47-14-12-53-60-6-8-46-4-3-1-43-35-37-54-68-70-55-0,430.24147534502976,seed601_lns_start14_mixed_best_rm5_tw10_guarded
0-69-65-64-31-29-27-30-33-18-21-23-19-22-57-52-59-9-10-11-13-15-16-17-47-14-12-53-60-6-8-46-4-3-1-43-35-37-54-68-70-55-0,430.24147534502976,seed601_lns_start14_mixed_random_best_rm8_tw15_guarded
0-65-64-63-33-27-29-67-51-18-21-23-19-22-57-52-9-15-16-47-14-12-11-10-53-60-6-8-46-3-1-4-55-70-43-35-37-54-68-0,430.33460176418544,seed601_lns_start6_late_regret_rm8_tw6
0-65-64-29-27-30-51-18-23-21-19-22-57-52-59-9-10-12-11-13-15-16-17-47-14-53-60-6-8-46-4-3-1-43-35-37-54-68-70-55-0,430.3529815892989,seed603_lns_start14_late_random_best_rm8_tw12
0-69-65-64-29-27-30-51-18-21-23-19-22-57-52-59-9-13-15-16-17-47-14-11-10-12-53-60-6-46-4-3-1-43-35-37-54-68-70-55-0,430.4169160343775,seed606_lns_start14_late_best_rm8_tw10
0-69-65-64-31-30-51-18-23-21-19-22-57-52-59-9-10-12-11-13-15-16-17-47-14-53-60-6-8-46-4-3-1-43-35-37-54-68-70-55-0,430.4517674858634,seed604_lns_start14_late_random_best_rm6_tw12
0-61-2-5-45-42-44-36-40-38-39-41-67-34-29-26-28-31-30-32-33-63-49-20-24-66-56-50-48-25-58-0,430.4954601650922,seed702_explore_lns_start14_random_random_best_rm20_tw10
0-2-45-5-61-42-44-39-38-36-40-69-53-12-14-47-16-15-11-9-13-10-60-7-6-8-46-4-3-1-43-35-37-41-54-68-70-55-56-0,430.5673377732346,seed605_lns_start63_late_regret_rm8_tw6
0-69-65-64-62-67-31-29-30-63-51-18-21-23-19-22-57-52-9-15-16-47-14-11-10-12-53-55-60-6-8-4-5-3-1-43-35-37-54-68-70-0,430.5959446640527,seed701_explore_lns_start10_mixed_best_rm25_tw10
0-11-64-39-38-36-40-44-42-41-61-69-53-12-14-47-16-15-9-13-10-60-7-6-2-8-46-4-45-5-3-1-43-35-37-54-68-70-55-0,430.84767205448674,seed603_lns_start60_mixed_best_rm6_tw10
0-69-65-64-62-31-29-27-28-33-18-21-23-19-22-57-52-59-9-13-15-16-17-47-14-12-11-10-53-60-6-8-46-4-3-1-43-35-37-54-68-70-55-0,430.878465558177,seed604_lns_start14_mixed_regret_rm6_tw15_guarded
0-2-7-5-61-42-44-39-36-40-38-41-67-62-33-30-34-31-26-27-29-32-50-56-20-49-24-48-25-58-13-17-66-0,430.9977020717128,seed601_lns_start4_random_best_rm8_tw6
0-69-65-64-30-28-63-51-23-21-18-19-22-57-52-9-11-15-16-47-14-12-10-53-60-45-46-6-8-5-3-4-1-43-35-37-54-68-70-55-0,431.0003571244954,seed608_lns_start8_random_best_rm5_tw12
0-65-64-29-27-30-51-18-21-23-19-22-57-52-59-9-15-16-17-47-14-13-11-10-12-53-60-8-46-4-3-1-43-35-37-54-68-70-55-0,431.034571520343,seed607_lns_start14_late_random_best_rm6_tw10
0-31-27-39-40-36-38-41-42-44-45-5-6-7-8-46-3-4-2-70-61-68-55-53-10-14-17-13-9-58-25-48-24-20-56-66-0,431.1089172464831,seed702_explore_lns_start89_late_random_best_rm25_tw12
0-69-65-64-27-28-30-33-51-18-21-23-19-22-57-52-59-9-13-15-16-17-47-14-12-11-10-53-60-55-70-4-46-3-1-43-35-37-54-68-0,431.191109608592,seed701_explore_lns_start14_mixed_random_best_rm25_tw8
0-69-65-64-30-33-63-51-18-21-23-19-22-57-52-9-15-16-47-14-12-11-10-53-70-6-8-46-4-45-3-1-43-35-37-54-68-55-60-0,431.20167200607233,seed701_explore_lns_start4_mixed_random_best_rm20_tw15
0-69-65-64-31-29-30-51-18-21-23-19-22-57-52-59-9-13-15-16-17-47-14-12-11-10-53-60-1-3-4-46-55-70-43-35-37-54-68-0,431.26587470864894,seed601_lns_start14_late_best_rm6_tw6
0-69-65-52-15-16-47-14-12-11-9-53-7-8-6-2-70-5-3-1-45-46-4-40-38-39-42-41-43-36-35-37-26-32-34-54-68-55-0,431.3088469838539,seed608_lns_start18_random_random_best_rm8_tw8
0-69-65-64-31-29-30-51-18-21-23-19-22-57-52-59-9-13-15-16-17-47-14-11-10-12-53-60-6-46-4-3-5-1-43-35-37-54-68-55-70-0,431.4216684672795,seed701_explore_lns_start14_mixed_regret_rm15_tw15
0-42-39-36-44-5-45-2-7-61-40-38-41-67-62-50-34-31-27-26-30-33-32-63-56-24-20-49-48-25-58-66-0,431.5404753642904,seed602_lns_start14_late_regret_rm3_tw8
0-69-65-64-29-63-51-23-21-18-19-22-57-52-9-15-16-47-14-11-10-12-53-60-6-8-46-5-3-1-45-4-70-55-68-54-43-35-37-0,431.5788326637841,seed604_lns_start13_random_best_rm6_tw15
0-69-65-64-27-28-30-51-18-21-23-19-22-57-52-59-9-13-15-16-17-47-14-11-10-12-53-60-6-46-4-3-1-43-35-37-54-68-70-55-0,431.61799507709753,seed608_lns_start14_late_regret_rm5_tw8
0-65-64-62-31-29-27-28-30-33-63-51-18-23-19-22-57-52-9-15-16-47-14-12-11-10-53-69-55-60-6-8-5-46-4-3-1-70-43-35-37-54-68-0,431.68085923038916,seed701_explore_lns_start12_late_regret_rm20_tw6
0-65-64-27-28-51-18-23-21-19-22-57-52-59-9-13-16-15-11-10-14-47-17-12-53-60-6-8-46-4-3-1-43-35-37-54-68-70-55-0,431.6833958524232,seed606_lns_start14_late_regret_rm6_tw8
0-69-65-64-62-67-30-63-51-18-21-23-19-22-57-52-9-11-15-16-47-12-10-53-60-45-46-6-8-5-3-4-1-43-35-37-54-68-70-55-0,431.7547476751669,seed602_lns_start1_mixed_regret_rm5_tw15
0-63-62-38-36-39-42-44-40-61-69-53-12-14-47-16-15-9-11-13-10-60-7-6-2-8-46-4-45-5-3-1-43-41-35-37-54-68-70-55-0,431.8925757107595,seed602_lns_start60_mixed_best_rm8_tw12
0-31-29-42-44-36-40-38-39-41-45-46-8-7-6-2-5-3-1-4-70-61-68-55-53-60-17-14-10-9-13-25-48-20-24-66-0,431.9630977727149,seed701_explore_lns_start88_late_random_best_rm20_tw6
0-69-65-64-31-29-30-51-18-21-23-19-22-57-52-59-9-13-15-16-17-47-14-12-11-10-53-60-1-3-4-46-6-55-70-43-35-37-54-68-0,432.1514398415663,seed608_lns_start14_late_random_best_rm6_tw8
0-61-42-36-38-41-39-40-44-45-2-7-53-56-33-32-28-26-27-34-50-20-24-49-48-25-58-13-17-66-0,432.160425537913,seed702_explore_lns_start4_mixed_best_rm25_tw12
0-69-65-64-62-67-27-28-63-51-18-21-23-19-22-57-52-9-15-16-47-14-12-11-10-53-60-6-8-46-3-1-4-55-70-43-35-37-54-68-0,432.29942586087026,seed607_lns_start12_late_best_rm6_tw6
0-69-65-64-62-67-27-30-63-51-18-21-23-19-22-57-52-9-15-16-47-14-12-11-10-53-60-8-46-45-3-1-4-6-55-70-43-35-37-54-68-0,432.49501301484935,seed602_lns_start8_late_regret_rm8_tw12
0-2-45-42-61-7-44-40-36-38-39-41-67-62-50-34-31-32-27-26-33-63-20-49-48-25-58-24-56-66-0,432.6611826555442,seed602_lns_start14_late_random_best_rm3_tw12
0-69-65-64-29-63-51-18-21-23-19-22-57-52-59-9-15-16-47-14-12-11-10-53-60-6-8-46-5-45-4-3-1-43-35-37-54-68-70-55-0,432.72207391448194,seed607_lns_start9_random_best_rm8_tw15
0-69-42-44-45-5-2-7-61-40-36-38-39-41-67-62-50-34-31-27-26-30-33-32-63-56-24-20-49-48-25-58-66-0,432.80322432229883,seed606_lns_start14_late_random_best_rm6_tw10
0-65-52-59-15-16-47-14-12-11-9-53-69-2-46-6-7-8-4-5-3-45-1-43-40-39-41-37-35-26-32-34-54-68-70-60-55-0,432.8203211412699,seed701_explore_lns_start18_mixed_regret_rm25_tw8
0-30-31-29-42-44-40-36-38-39-41-61-2-6-7-8-46-45-1-3-5-4-70-68-55-60-53-14-10-13-9-58-24-20-48-25-66-0,432.8552280994445,seed702_explore_lns_start73_late_best_rm20_tw6
0-2-61-7-42-44-40-36-38-39-41-34-30-29-27-28-26-33-32-50-56-66-24-20-49-48-25-58-59-13-17-0,433.07255830371264,seed608_lns_start2_mixed_best_rm6_tw15
0-62-67-61-42-44-36-40-38-39-41-45-46-7-2-56-63-33-32-28-26-27-34-50-20-49-48-25-58-24-66-0,433.0861971892006,seed601_lns_start14_mixed_best_rm8_tw8
0-69-65-64-31-30-51-23-21-18-19-22-57-52-59-9-15-16-17-47-14-13-11-10-12-53-60-6-46-4-5-3-1-43-35-37-54-68-70-55-0,433.0977845800239,seed607_lns_start14_mixed_best_rm6_tw8
0-69-42-44-45-5-2-7-61-40-36-38-39-41-67-62-50-30-28-26-33-32-31-34-63-20-49-48-25-58-24-66-56-0,433.3151623717773,seed702_explore_lns_start14_late_regret_rm10_tw8
0-69-65-64-62-67-27-33-63-51-18-21-23-19-22-57-52-9-15-16-47-14-12-11-10-53-60-8-46-45-3-1-4-6-55-70-43-35-37-54-68-0,433.5704790916571,seed602_lns_start10_late_best_rm6_tw6
0-42-39-36-44-61-67-31-29-27-28-30-33-63-50-62-64-51-18-48-23-25-19-49-20-22-57-24-58-59-13-17-10-66-56-0,433.6299067117902,seed701_explore_lns_start18_random_best_rm20_tw15
0-69-65-64-31-29-28-30-51-18-21-23-19-22-57-52-59-9-13-15-16-17-47-14-11-10-12-53-60-6-8-4-5-3-1-43-37-35-54-68-70-55-0,433.6634024247653,seed702_explore_lns_start14_mixed_regret_rm10_tw6
0-27-29-67-38-39-40-36-44-42-41-61-70-2-46-45-5-3-1-4-8-7-6-60-55-53-10-17-13-9-58-25-48-24-20-56-66-0,433.6720115635084,seed702_explore_lns_start80_late_regret_rm20_tw10
0-42-39-36-44-5-45-2-7-61-40-38-41-67-62-50-34-31-29-32-33-26-27-63-20-49-48-25-58-24-56-66-0,433.6931635445701,seed603_lns_start14_late_random_best_rm5_tw6
0-69-65-64-67-29-30-51-18-21-23-19-22-57-52-59-9-13-15-16-17-47-14-11-10-12-53-60-6-8-4-5-3-1-43-37-35-54-68-70-55-0,433.7717098708554,seed606_lns_start14_random_random_best_rm6_tw15
0-65-69-12-11-15-16-59-52-57-64-22-23-21-18-19-49-51-63-32-29-31-34-67-62-33-28-26-50-54-37-35-43-68-55-0,433.8061391564473,seed702_explore_lns_start86_late_regret_rm25_tw10
0-29-36-40-38-39-44-42-41-61-2-45-5-46-8-7-6-4-3-1-70-68-53-60-17-10-9-13-58-25-48-24-20-56-66-0,433.8296553416301,seed702_explore_lns_start80_late_random_best_rm25_tw12
0-69-65-64-62-67-30-63-51-18-21-23-19-22-57-52-9-11-15-16-47-14-12-10-53-6-8-46-4-45-3-1-43-35-37-54-68-70-60-55-0,433.9791576286066,seed608_lns_start9_mixed_random_best_rm5_tw8
0-69-65-64-31-29-27-28-30-51-18-21-23-19-22-57-52-59-9-13-15-16-17-47-14-11-10-12-53-60-6-8-46-4-1-43-35-37-54-68-70-55-0,434.1751935148961,seed605_lns_start14_late_regret_rm8_tw10
0-7-45-5-8-6-61-42-44-41-39-38-40-36-35-37-43-2-4-46-3-1-70-55-53-9-10-14-17-13-58-25-24-60-68-0,434.4855952085449,seed602_lns_start73_mixed_best_rm6_tw6
0-65-69-12-14-47-16-15-11-59-52-57-64-22-23-21-18-19-49-51-63-62-50-33-32-30-27-26-28-34-35-37-54-68-1-4-46-55-0,434.5209088278338,seed701_explore_lns_start85_late_regret_rm25_tw8
0-2-61-7-39-38-36-40-44-42-41-34-31-29-27-26-28-32-33-50-56-66-24-20-49-48-25-58-59-17-13-0,434.728417544966,seed603_lns_start9_mixed_random_best_rm8_tw15
0-65-52-23-21-19-64-67-62-33-31-29-27-30-28-26-34-32-50-63-51-20-22-24-49-18-48-25-58-59-17-66-56-0,434.76652442738396,seed602_lns_start60_mixed_best_rm8_tw8
0-65-52-59-11-15-16-47-12-53-69-2-6-7-8-46-5-45-4-3-43-42-39-38-41-40-35-37-34-26-32-50-54-68-70-1-55-0,434.79406790751983,seed701_explore_lns_start58_mixed_random_best_rm25_tw12
0-42-44-36-38-61-67-31-29-27-28-30-33-63-51-22-49-23-21-20-56-64-57-24-18-48-25-58-59-13-10-17-60-66-0,434.9860319967001,seed702_explore_lns_start20_mixed_random_best_rm15_tw8
0-62-67-61-42-44-36-40-38-39-41-2-7-45-3-56-50-34-33-26-28-32-63-20-49-48-25-58-24-66-0,435.0895365051438,seed607_lns_start14_late_random_best_rm5_tw10
0-65-52-23-21-19-64-67-62-33-31-29-28-30-26-27-32-34-50-63-51-18-49-20-22-57-58-59-13-66-24-25-48-0,435.18300706295526,seed608_lns_start63_late_regret_rm8_tw15
0-69-65-64-29-27-28-30-51-18-21-23-19-22-57-52-59-9-13-15-16-17-47-14-11-10-12-53-60-6-8-46-4-3-1-43-35-37-54-68-70-55-0,435.4764945570255,seed702_explore_lns_start14_late_best_rm20_tw8
0-62-61-42-44-36-40-38-39-41-45-7-6-2-56-67-50-34-33-26-27-32-63-20-49-48-25-58-24-66-0,435.5115506874719,seed602_lns_start14_mixed_random_best_rm5_tw10
0-65-64-31-29-30-63-51-18-23-21-19-22-57-52-59-9-13-15-16-17-47-14-12-11-10-53-60-6-8-46-5-3-1-4-68-54-37-35-43-70-55-0,435.533446680347,seed701_explore_lns_start14_mixed_random_best_rm25_tw15
0-64-63-28-27-67-62-51-18-21-23-19-22-57-52-9-15-16-47-14-12-11-10-53-69-55-60-6-8-46-3-1-4-70-43-35-37-54-68-0,435.68409436154263,seed603_lns_start6_late_random_best_rm8_tw8
0-69-65-64-31-29-28-30-51-18-21-23-19-22-57-52-59-9-13-15-16-17-47-14-12-11-10-53-60-46-3-1-4-55-70-43-37-35-54-68-0,435.69476233635913,seed702_explore_lns_start14_mixed_regret_rm15_tw6
0-69-65-64-29-27-28-33-63-51-18-21-23-19-22-57-52-9-15-16-47-14-12-11-10-53-8-46-3-1-45-4-6-60-55-70-43-35-37-54-68-0,435.7216417290804,seed604_lns_start2_late_random_best_rm8_tw10
0-69-65-64-31-27-28-33-63-51-18-21-23-19-22-57-52-9-15-16-47-14-12-11-10-53-8-46-3-1-45-4-6-60-55-70-43-35-37-54-68-0,435.73443768222,seed603_lns_start10_late_regret_rm6_tw12
0-65-69-12-14-47-15-16-11-59-52-64-57-22-23-21-18-19-49-51-63-31-29-30-67-62-33-28-26-27-32-34-50-48-24-56-0,435.87821419732757,seed601_lns_start70_late_random_best_rm8_tw8
0-65-69-12-11-15-16-59-52-57-64-22-23-21-18-19-49-51-63-62-33-32-30-28-26-27-34-50-56-54-37-35-43-68-60-0,435.8940718938245,seed702_explore_lns_start75_late_best_rm25_tw12
0-5-44-42-61-67-33-30-28-27-29-31-62-50-63-51-18-19-49-20-22-23-21-48-25-24-57-58-59-13-17-10-66-56-0,435.92217965299346,seed607_lns_start18_random_best_rm8_tw12
0-2-7-39-61-42-44-36-40-38-41-67-33-32-30-28-27-26-31-34-50-56-66-20-49-24-48-25-58-13-17-0,435.97586887217165,seed701_explore_lns_start13_random_regret_rm10_tw12
0-64-63-33-27-30-28-29-31-38-40-44-42-61-67-50-62-51-18-48-23-25-19-49-22-20-24-57-58-59-13-17-10-66-56-0,436.00008611298813,seed701_explore_lns_start19_mixed_best_rm20_tw10
0-69-65-64-62-67-31-29-30-63-51-18-21-23-19-22-57-52-59-9-10-11-15-16-47-14-12-60-8-6-46-5-3-1-4-55-70-43-35-37-54-68-0,436.0584927385727,seed702_explore_lns_start4_mixed_best_rm25_tw12
0-62-63-64-51-19-21-23-57-52-65-69-53-12-14-47-16-15-11-9-59-58-25-48-18-49-24-22-20-56-50-34-26-32-66-68-0,436.14586833739736,seed608_lns_start16_late_regret_rm4_tw12
0-65-52-23-21-19-64-67-62-31-29-27-30-63-33-28-26-34-32-50-56-51-18-25-49-20-22-24-57-58-13-17-10-0,436.1703020714676,seed603_lns_start23_late_regret_rm6_tw10
0-69-65-64-28-33-63-51-23-21-18-19-22-57-52-9-11-15-16-47-14-12-10-53-60-6-8-46-5-3-1-45-4-55-43-35-37-54-70-68-0,436.23223503270856,seed601_lns_start4_random_random_best_rm8_tw15
0-42-44-39-36-38-61-67-31-29-27-28-30-33-63-62-56-64-51-18-48-19-21-23-25-49-22-24-57-58-59-13-17-10-20-66-0,436.35542290277317,seed604_lns_start20_mixed_random_best_rm8_tw8
0-61-2-7-45-42-44-40-36-38-39-41-67-62-50-34-26-32-33-63-20-49-48-25-58-24-66-56-35-0,436.5190121526381,seed601_lns_start14_mixed_regret_rm6_tw12
0-2-42-44-39-38-61-69-59-9-11-15-16-47-14-12-53-60-7-6-8-46-4-45-5-3-1-43-40-36-35-37-41-54-68-70-55-17-0,436.6468014706828,seed601_lns_start23_mixed_regret_rm6_tw6
0-65-64-63-33-30-27-31-67-51-18-21-23-19-22-57-52-9-14-47-11-10-53-69-55-60-6-4-8-45-46-3-1-70-43-35-37-54-68-0,436.84201001961566,seed702_explore_lns_start5_late_regret_rm20_tw12
0-45-5-44-42-39-38-36-40-41-2-7-61-67-34-31-29-32-30-28-26-27-50-62-56-24-59-58-25-48-20-66-0,436.93951274639306,seed702_explore_lns_start6_mixed_random_best_rm25_tw8
0-31-27-36-40-38-39-41-44-42-46-5-3-1-45-8-7-6-4-2-70-61-68-55-60-53-10-9-17-13-58-25-48-20-24-66-0,436.9439264319012,seed702_explore_lns_start82_late_random_best_rm20_tw6
0-29-30-67-38-39-40-36-44-42-41-61-2-6-7-8-46-4-45-5-3-1-68-53-60-14-17-10-9-13-58-25-48-24-20-56-0,437.00843132657724,seed702_explore_lns_start83_late_regret_rm25_tw15
0-69-65-64-29-28-30-51-18-21-23-19-22-57-52-59-9-13-15-16-17-47-14-12-11-10-53-60-4-5-3-1-46-55-70-43-35-37-54-68-0,437.1599433078332,seed604_lns_start14_late_regret_rm8_tw6
0-2-45-61-42-39-38-36-40-44-69-53-12-14-47-16-15-11-9-10-17-60-7-6-8-46-4-5-3-1-43-37-35-41-54-68-70-55-66-0,437.2215726069152,seed601_lns_start63_late_random_best_rm6_tw8
0-62-67-61-42-44-40-36-38-39-41-2-7-45-3-56-50-34-33-26-27-32-63-20-49-48-25-58-24-66-0,437.359950110846,seed605_lns_start14_mixed_random_best_rm8_tw10
0-62-61-42-44-39-38-36-40-41-45-8-7-6-2-56-67-50-34-33-26-27-32-63-20-49-48-25-58-24-66-0,437.4979098335496,seed602_lns_start14_late_random_best_rm8_tw8
0-65-52-59-23-21-19-64-67-62-31-29-27-30-28-26-32-34-50-63-51-20-49-18-24-22-57-17-58-25-48-56-66-0,437.87635641006415,seed603_lns_start60_mixed_best_rm8_tw6
0-69-65-64-27-30-63-51-18-21-23-19-22-57-52-59-9-13-15-16-17-47-14-11-10-12-53-60-8-5-46-4-3-1-43-37-54-68-70-55-0,437.9812908697986,seed702_explore_lns_start14_random_best_rm20_tw6
0-69-42-44-45-5-2-7-61-40-36-38-39-41-67-62-50-31-27-34-26-28-32-33-63-20-49-48-25-58-24-66-56-0,438.0686163720327,seed606_lns_start14_late_regret_rm8_tw8
0-69-65-62-29-63-51-64-52-9-11-15-16-47-14-12-53-57-59-58-25-23-21-48-18-19-49-20-22-24-50-34-26-32-56-66-0,438.1042301560267,seed702_explore_lns_start16_mixed_random_best_rm10_tw8
0-2-45-7-61-42-44-40-36-38-39-41-67-62-31-29-27-26-28-32-34-50-56-66-20-49-48-25-58-59-17-13-24-0,438.1720836058102,seed701_explore_lns_start13_mixed_best_rm10_tw12
0-69-65-64-33-63-51-19-18-21-23-57-22-49-52-9-15-16-47-14-12-11-10-53-60-6-8-46-4-3-1-68-54-37-35-43-70-55-0,438.21402520463266,seed701_explore_lns_start3_mixed_best_rm10_tw10
0-69-65-64-19-52-57-18-21-23-59-9-11-15-16-17-47-14-12-53-60-7-6-4-1-3-46-8-13-10-55-70-37-35-43-0,438.28582331770974,seed603_lns_start36_late_random_best_rm6_tw6
0-27-39-38-36-40-44-42-41-61-2-46-8-45-5-3-1-6-7-4-70-68-55-53-60-17-14-10-9-13-58-25-48-20-24-66-0,438.34421496419964,seed702_explore_lns_start79_late_regret_rm20_tw6
0-69-65-64-31-29-28-30-51-18-21-23-19-22-57-52-59-9-13-15-16-17-47-14-11-10-12-53-60-8-5-46-4-3-1-43-35-37-54-68-70-55-0,438.3717256058306,seed602_lns_start14_mixed_random_best_rm5_tw10
0-69-65-64-31-29-30-33-51-18-21-23-19-22-57-52-59-9-13-15-16-17-47-14-11-10-12-53-60-6-4-5-8-46-3-1-43-35-37-54-68-70-55-0,438.44962882411033,seed607_lns_start14_mixed_best_rm6_tw15
0-69-65-52-64-23-21-19-51-18-22-57-9-11-14-47-17-16-15-13-10-12-53-6-8-46-4-3-1-70-55-68-54-37-35-43-60-0,438.46316086740177,seed702_explore_lns_start14_late_best_rm20_tw10
0-65-52-23-21-19-51-67-22-57-64-62-50-34-31-29-27-32-30-28-26-33-63-18-48-25-20-49-24-58-59-13-17-66-0,438.5146850205204,seed608_lns_start63_mixed_random_best_rm8_tw12
0-69-65-64-67-62-33-63-51-18-23-57-52-9-15-16-47-14-11-12-10-53-4-45-6-46-5-3-1-43-35-37-54-68-70-60-55-0,438.5382562180262,seed701_explore_lns_start13_late_best_rm15_tw10
0-69-65-64-31-29-30-51-23-21-18-19-22-57-52-59-9-13-15-16-17-47-14-11-10-12-53-60-6-8-5-46-4-3-1-43-35-37-54-68-70-55-0,438.55226947092694,seed606_lns_start14_mixed_regret_rm6_tw10
0-63-62-67-61-2-45-42-44-40-36-38-39-50-34-29-27-26-28-31-30-32-33-51-20-49-24-25-58-48-56-66-0,438.5583741393394,seed701_explore_lns_start14_random_random_best_rm25_tw10
0-45-5-61-42-44-40-36-38-39-41-2-7-53-56-67-62-50-33-32-28-26-27-34-63-49-20-24-48-25-58-66-0,438.6315993528688,seed702_explore_lns_start14_mixed_random_best_rm20_tw8
0-65-69-12-47-15-16-11-59-52-64-22-23-21-18-19-51-63-33-34-31-29-27-26-28-30-32-50-62-67-57-49-66-55-4-0,438.9286282853371,seed702_explore_lns_start82_mixed_best_rm10_tw6
0-61-2-7-45-42-44-40-36-38-39-41-67-33-26-30-32-34-50-62-56-24-20-49-48-25-58-66-35-0,438.9389011898153,seed608_lns_start14_mixed_regret_rm8_tw6
0-69-15-45-5-2-7-61-42-44-40-36-38-39-41-67-62-50-34-30-26-27-28-29-31-32-33-63-20-49-48-25-58-24-66-56-0,439.0942433260792,seed702_explore_lns_start14_late_random_best_rm20_tw8
0-65-52-23-21-19-64-67-62-33-31-29-28-30-26-27-32-34-50-63-51-18-49-20-22-24-57-59-58-25-48-17-66-0,439.1213412996987,seed701_explore_lns_start63_late_best_rm10_tw15
0-65-69-12-47-16-15-11-59-52-57-64-22-19-23-21-18-63-33-32-29-30-28-26-34-50-62-51-49-54-37-35-43-68-55-0,439.1599115561871,seed701_explore_lns_start75_late_best_rm25_tw8
0-30-27-41-39-40-36-38-42-44-2-6-46-45-3-5-4-8-7-61-68-53-60-17-10-9-13-58-25-48-24-20-56-66-0,439.21390453280736,seed702_explore_lns_start81_late_regret_rm25_tw6
0-42-36-44-5-45-2-7-61-40-39-38-41-67-50-29-34-31-27-26-28-32-33-63-62-56-24-20-49-48-25-58-66-0,439.2289414841159,seed702_explore_lns_start14_mixed_random_best_rm10_tw8
0-69-65-64-62-33-63-51-23-21-18-19-22-57-52-9-15-16-17-47-14-12-11-10-53-60-6-45-46-8-5-3-1-43-35-37-54-68-4-70-55-0,439.3968916836168,seed702_explore_lns_start12_random_best_rm25_tw12
0-69-65-64-27-28-33-63-51-18-21-23-19-22-57-52-9-15-16-47-14-12-11-10-53-6-8-5-3-1-45-4-46-60-55-70-43-37-35-54-68-0,439.4056382474428,seed701_explore_lns_start3_random_best_rm20_tw12
0-64-63-62-67-61-44-39-40-38-27-28-29-31-30-33-50-51-25-23-21-48-18-19-49-20-22-24-57-58-59-13-17-10-66-56-0,439.4457864276384,seed702_explore_lns_start18_mixed_random_best_rm10_tw6
0-2-45-44-42-61-7-40-36-38-39-41-67-62-50-34-32-30-28-26-27-33-63-56-24-20-49-48-25-58-66-0,439.47951507299723,seed607_lns_start14_late_best_rm8_tw6
0-69-65-64-31-29-27-28-30-51-18-21-23-19-22-57-52-59-9-13-15-16-17-47-14-11-10-12-53-60-6-8-5-46-4-3-1-43-37-54-68-70-55-0,439.7802783626117,seed601_lns_start14_mixed_regret_rm6_tw12
0-69-65-64-31-29-28-30-51-18-21-23-19-22-57-52-59-9-13-15-16-17-47-14-11-10-12-53-60-6-8-46-4-5-1-43-35-37-54-68-70-55-0,439.7908521350062,seed605_lns_start14_mixed_random_best_rm8_tw10
0-2-5-61-42-44-39-38-36-40-41-69-53-12-14-47-16-15-13-9-11-10-60-7-6-8-45-46-4-3-1-43-37-35-54-56-66-68-70-55-0,440.0030436123355,seed701_explore_lns_start60_late_random_best_rm10_tw15
0-69-65-64-31-29-27-28-63-51-18-21-23-19-22-57-52-59-9-13-15-16-17-47-14-11-10-12-53-60-6-8-5-46-4-3-1-43-37-54-68-70-55-0,440.09075916125425,seed608_lns_start14_mixed_regret_rm8_tw6
0-2-45-5-61-39-38-36-40-44-42-41-8-7-62-34-31-29-27-26-28-30-32-33-50-56-49-20-24-48-25-58-66-0,440.17416559473946,seed701_explore_lns_start14_mixed_random_best_rm25_tw6
0-69-65-64-27-30-51-18-21-23-19-22-57-52-59-9-13-15-16-17-47-14-12-11-10-53-60-1-3-4-46-6-55-70-43-35-37-54-68-0,440.3282567632521,seed602_lns_start14_late_regret_rm5_tw6
0-62-64-19-21-23-52-65-69-53-12-14-47-16-15-11-9-59-58-25-48-18-49-20-22-24-57-51-63-32-26-34-50-56-66-54-68-0,440.35015083553094,seed608_lns_start16_late_regret_rm5_tw10
0-65-64-23-21-51-63-33-31-28-67-62-50-34-29-27-26-30-32-18-48-19-49-22-25-20-24-57-10-17-13-58-56-0,440.3542102666229,seed701_explore_lns_start23_mixed_random_best_rm25_tw10
0-69-65-64-62-67-31-29-30-63-51-18-21-23-19-22-57-52-9-15-16-47-14-11-10-12-53-60-8-5-45-3-1-4-46-6-43-35-37-54-68-70-55-0,440.372244245195,seed606_lns_start0_mixed_random_best_rm8_tw6
0-65-64-62-30-27-29-31-67-63-51-18-21-23-19-22-57-52-9-15-16-47-14-11-10-12-53-60-6-1-3-5-8-46-4-70-43-35-37-54-68-55-0,440.4318405934309,seed603_lns_start7_late_random_best_rm8_tw8
0-2-42-44-36-38-61-69-57-59-9-11-15-16-47-14-12-53-60-7-6-8-46-45-5-3-1-43-40-39-41-35-37-54-68-70-4-55-0,440.48432348983977,seed601_lns_start23_mixed_best_rm8_tw12
0-69-65-64-67-62-31-29-30-63-51-18-21-23-19-22-57-52-59-9-13-15-16-47-14-12-11-10-53-60-6-8-3-46-4-1-43-35-37-54-68-55-0,440.6015986547161,seed702_explore_lns_start4_mixed_best_rm25_tw6
0-69-65-64-31-29-28-30-51-18-21-23-19-22-57-52-59-9-13-15-16-17-47-14-11-10-12-53-60-6-4-5-8-46-3-1-43-35-37-54-68-70-55-0,440.6867435769073,seed606_lns_start14_mixed_best_rm8_tw6
0-64-31-29-39-38-36-40-44-42-41-61-2-6-7-8-46-45-5-3-1-4-70-68-55-53-60-17-47-10-9-13-59-58-25-48-24-20-56-66-0,440.90452128439074,seed701_explore_guarded
0-2-45-5-42-44-36-38-39-40-41-6-7-8-61-67-32-26-29-31-34-50-62-63-56-24-20-49-48-25-58-66-0,440.97206235936255,seed701_explore_lns_start14_mixed_random_best_rm25_tw8
0-65-52-23-21-19-64-67-31-29-27-30-63-33-28-26-32-34-50-62-51-20-49-18-48-25-24-22-57-58-13-17-66-56-0,441.0253772914707,seed601_lns_start23_late_regret_rm6_tw12
0-28-31-67-41-39-38-36-40-44-42-45-7-6-1-3-5-8-46-4-2-68-61-70-55-53-60-17-13-58-25-48-20-24-66-0,441.0941311076912,seed702_explore_lns_start87_random_best_rm15_tw6
0-65-64-29-28-51-18-23-21-19-22-57-52-59-9-13-16-15-11-10-14-47-17-12-53-60-8-6-46-3-4-1-43-35-37-54-68-70-55-0,441.44228985831495,seed606_lns_start14_late_random_best_rm6_tw10
0-69-65-64-62-67-31-29-28-30-33-63-51-18-21-23-19-22-57-52-9-10-15-16-17-47-14-53-6-4-45-46-3-1-43-35-37-54-68-70-60-55-0,441.59208557541996,seed702_explore_lns_start2_mixed_random_best_rm25_tw8
0-2-44-42-39-38-36-40-41-61-45-5-8-7-56-67-62-63-33-32-28-26-27-34-50-20-49-48-25-58-24-66-0,441.5990295542275,seed608_lns_start14_late_random_best_rm6_tw8
0-42-44-38-61-62-63-33-30-28-27-29-31-67-50-51-18-48-21-25-19-49-20-22-24-59-13-17-10-57-58-66-56-0,441.6373074221085,seed701_explore_lns_start18_random_regret_rm25_tw10
0-69-65-64-29-27-30-51-18-21-23-19-22-57-52-59-9-15-16-17-47-14-13-11-10-12-53-60-8-46-4-3-1-43-35-37-54-68-70-55-0,441.72288673081044,seed605_lns_start14_late_random_best_rm8_tw10
0-45-5-44-42-39-38-36-40-41-61-2-6-7-66-56-50-34-29-27-26-28-32-33-49-20-24-48-25-58-13-17-0,441.7479757603503,seed702_explore_lns_start2_mixed_best_rm25_tw15
0-69-65-64-62-31-51-18-21-23-19-22-57-52-59-9-11-13-15-16-17-47-14-10-12-53-60-6-8-46-4-5-3-1-70-68-54-37-35-43-55-0,441.75014271555085,seed601_lns_start14_random_random_best_rm6_tw12
0-65-69-12-47-15-16-11-59-52-57-64-22-23-21-18-19-49-51-63-31-29-27-28-30-67-62-50-33-32-26-34-54-56-20-66-0,441.848720044096,seed605_lns_start76_mixed_best_rm6_tw8
0-36-44-61-67-62-31-29-27-28-30-33-63-51-18-21-25-23-48-19-49-20-22-64-57-60-17-14-10-9-13-58-24-56-66-0,441.98815736827174,seed701_explore_lns_start58_mixed_random_best_rm25_tw12
0-61-2-7-5-45-42-44-40-36-38-39-41-67-62-50-34-26-32-33-63-20-49-48-25-58-24-66-56-35-0,442.0970267730944,seed605_lns_start14_mixed_regret_rm8_tw15
0-31-29-42-44-40-36-38-39-41-61-2-7-8-46-5-45-3-1-4-6-70-68-55-60-53-10-14-17-9-13-58-25-48-24-20-56-66-0,442.2424000103262,seed701_explore_lns_start75_late_random_best_rm20_tw12
0-65-52-64-30-63-51-19-23-21-18-22-57-59-9-15-16-47-14-11-10-12-53-60-8-46-45-5-6-4-3-1-43-35-37-54-68-70-55-0,442.2521224128054,seed702_explore_lns_start3_random_random_best_rm20_tw8
0-69-65-64-62-67-31-29-63-51-18-21-23-19-22-57-52-9-15-16-47-14-11-10-12-53-4-5-45-3-1-46-8-6-60-55-70-43-35-37-54-68-0,442.3170220872944,seed701_explore_lns_start7_late_random_best_rm10_tw15
0-69-65-64-52-12-14-47-16-15-9-11-53-2-6-7-8-46-45-4-5-3-1-40-38-43-42-41-37-35-26-32-34-54-68-70-55-60-0,442.40955063231087,seed701_explore_lns_start19_random_best_rm20_tw6
0-65-69-12-47-15-16-11-59-52-64-22-23-21-18-19-51-63-34-31-29-30-32-50-67-62-33-28-26-27-49-24-57-60-55-0,442.4578490152459,seed605_lns_start87_mixed_regret_rm8_tw15
0-69-65-64-19-21-23-52-9-11-15-16-47-14-12-53-2-6-7-60-8-46-4-45-5-3-1-42-43-40-39-37-35-41-34-32-54-68-70-55-0,442.5591518162591,seed702_explore_lns_start17_mixed_best_rm15_tw10
0-69-65-64-21-23-52-9-11-15-16-47-14-12-53-6-7-8-1-3-5-45-4-46-2-70-43-39-37-35-36-41-34-32-54-68-55-60-0,442.5617331578733,seed701_explore_lns_start17_mixed_random_best_rm20_tw15
0-69-65-64-29-27-28-30-51-18-21-23-19-22-57-52-59-9-13-15-16-17-47-14-12-11-10-53-60-4-5-3-1-46-55-70-43-35-37-54-68-0,442.60573039554396,seed602_lns_start14_late_best_rm8_tw15
0-7-2-61-44-42-39-38-36-40-41-67-62-50-34-31-29-26-30-32-20-49-48-25-58-59-24-56-66-13-17-0,442.6338922439454,seed701_explore_lns_start3_random_best_rm20_tw12
0-2-44-42-39-38-36-40-41-61-45-5-8-7-6-56-67-62-63-33-32-28-26-27-34-50-20-49-48-25-58-24-66-0,442.673294390017,seed601_lns_start14_late_best_rm6_tw6
0-65-64-31-27-33-63-51-19-18-21-23-22-57-52-9-11-15-16-47-14-12-10-53-69-61-41-37-35-40-43-6-46-4-3-1-70-55-68-54-0,442.98064249722586,seed607_lns_start27_late_best_rm8_tw8
0-65-64-67-31-63-51-18-21-23-19-22-57-52-9-15-16-17-47-14-12-11-10-53-69-70-6-8-5-3-46-4-1-43-35-37-54-68-55-60-0,442.9898382512243,seed702_explore_lns_start6_random_best_rm20_tw6
0-31-29-27-28-30-41-42-44-40-36-38-39-61-2-7-17-13-59-58-25-48-49-24-20-34-26-32-50-56-66-0,442.99123252560855,seed701_explore_lns_start11_mixed_best_rm20_tw12
0-59-69-61-42-44-39-38-36-40-41-53-12-14-47-16-15-11-9-13-10-17-60-7-6-2-8-46-4-45-5-3-1-43-37-35-54-68-70-55-0,443.082241186483,seed701_explore_lns_start60_random_best_rm20_tw12
0-65-52-23-21-19-64-67-62-33-31-29-28-30-26-27-32-34-50-63-51-20-22-49-18-25-24-57-58-59-17-56-0,443.1217905309037,seed603_lns_start60_late_regret_rm5_tw6
0-64-27-30-51-18-23-21-19-22-57-52-9-15-13-17-47-14-10-53-69-6-8-46-5-3-1-4-60-55-70-43-37-35-54-68-0,443.1911600178071,seed702_explore_lns_start14_late_regret_rm25_tw8
0-61-42-44-40-36-38-39-41-45-7-2-67-50-34-31-32-26-29-33-49-20-56-66-24-48-25-58-13-17-0,443.2112234791987,seed701_explore_lns_start9_mixed_best_rm25_tw8
0-69-65-64-31-29-51-18-21-23-19-22-57-52-59-9-15-13-16-17-47-14-11-10-12-53-60-6-8-5-46-4-3-1-43-35-37-54-68-70-55-0,443.2166064084281,seed608_lns_start14_random_regret_rm8_tw8
0-69-65-64-31-29-27-28-51-18-21-23-19-22-57-52-59-9-13-15-16-17-47-14-11-10-12-53-60-8-5-46-4-3-1-43-35-37-54-68-70-55-0,443.66316918788164,seed701_explore_lns_start14_mixed_random_best_rm10_tw6
0-69-65-64-30-33-63-51-23-21-18-19-22-57-52-9-11-47-14-16-15-10-12-53-60-6-8-3-5-45-46-4-1-43-41-35-37-54-68-70-55-0,443.73985348946576,seed701_explore_lns_start2_random_best_rm20_tw8
0-2-61-42-44-36-39-40-38-41-5-45-8-7-6-56-67-62-50-34-33-26-27-32-63-20-49-48-25-58-24-66-0,443.9647647969192,seed702_explore_lns_start14_mixed_regret_rm15_tw6
0-69-65-64-31-29-27-28-30-51-18-21-23-19-22-57-52-59-9-13-10-11-15-16-17-47-14-12-53-60-6-8-5-46-4-3-1-43-35-37-54-68-70-55-0,443.9695223442055,seed601_lns_start14_mixed_best_rm5_tw10
0-61-44-36-38-67-62-33-31-29-27-28-26-30-50-63-51-20-22-24-49-18-48-25-59-57-56-66-10-17-13-58-0,444.03757324771954,seed702_explore_lns_start17_mixed_best_rm15_tw10
0-69-65-64-62-31-29-27-28-51-18-21-23-19-22-57-52-59-9-13-10-11-15-16-17-47-14-12-53-60-6-8-5-46-4-3-1-43-35-37-54-68-70-55-0,444.1409853228073,seed608_lns_start14_mixed_random_best_rm8_tw10
0-42-5-45-2-7-61-44-40-36-38-39-41-67-62-31-50-34-33-26-27-32-63-20-49-48-25-58-24-56-66-0,444.2335913329637,seed604_lns_start14_late_regret_rm4_tw15
0-69-65-64-31-29-27-28-63-51-18-21-23-19-22-57-52-59-9-13-10-11-15-16-17-47-14-12-53-60-6-8-5-46-4-3-1-43-35-37-54-68-70-55-0,444.28000314284805,seed603_lns_start14_mixed_best_rm8_tw12
0-69-65-64-31-29-27-28-33-51-18-21-23-19-22-57-52-59-9-13-10-11-15-16-17-47-14-12-53-60-6-8-5-46-4-3-1-43-35-37-54-68-70-55-0,444.5037809636059,seed601_lns_start14_mixed_random_best_rm8_tw10
0-63-51-9-53-7-6-2-70-61-41-39-38-37-36-40-43-44-42-1-3-5-45-4-46-8-55-60-14-17-10-13-58-25-48-24-0,444.55010824646496,seed701_explore_lns_start74_mixed_regret_rm20_tw12
0-69-65-64-62-27-30-63-51-18-21-23-19-22-57-52-9-15-16-47-14-11-12-10-53-6-8-46-4-45-3-1-43-35-37-54-68-70-60-55-0,444.5573675735537,seed607_lns_start10_mixed_random_best_rm8_tw6
0-65-64-29-28-30-51-18-21-23-19-22-57-52-59-9-13-15-16-17-47-14-11-10-12-53-6-8-46-4-3-1-43-35-37-54-68-70-60-55-0,444.5809482970131,seed607_lns_start14_late_regret_rm8_tw12
0-65-64-31-29-28-30-51-18-21-23-19-22-57-52-59-9-13-15-16-17-47-14-11-10-12-53-6-8-46-4-3-1-43-35-37-54-68-70-60-55-0,444.5937442501527,seed603_lns_start14_late_regret_rm6_tw12
0-62-27-41-39-38-36-40-44-42-2-6-7-8-45-5-3-1-61-68-70-4-46-60-53-10-9-17-14-13-58-25-48-24-66-0,444.94625620682444,seed702_explore_lns_start73_random_random_best_rm20_tw12
0-65-29-51-64-52-57-23-21-18-19-49-22-59-9-10-11-12-14-47-17-16-15-13-53-60-6-46-4-3-1-43-35-37-54-68-70-55-0,445.05615959519054,seed604_lns_start14_late_regret_rm6_tw12
0-2-44-42-39-38-36-40-41-61-5-45-7-6-69-56-67-62-63-33-32-31-26-28-34-50-49-20-24-48-25-58-66-0,445.2406583875507,seed607_lns_start14_late_random_best_rm6_tw10
0-65-69-12-47-16-15-11-59-52-57-64-22-23-21-18-19-49-51-63-62-67-34-29-27-26-28-33-32-50-56-54-37-35-43-1-4-0,445.3243504507399,seed701_explore_lns_start76_late_random_best_rm25_tw6
0-65-21-23-52-12-47-16-15-11-9-53-69-2-6-7-8-46-45-5-4-3-1-43-42-38-37-35-36-40-41-54-50-32-26-34-68-70-55-0,445.4173563665065,seed701_explore_lns_start38_mixed_random_best_rm15_tw12
0-2-44-42-39-38-36-40-41-61-45-5-8-7-56-67-62-63-33-32-29-27-26-34-50-20-49-48-25-58-24-66-0,445.6103213365718,seed607_lns_start14_late_regret_rm5_tw12
0-2-5-61-42-44-36-38-39-40-41-67-62-51-49-18-63-31-29-27-26-28-30-32-33-34-50-56-20-24-48-25-58-66-0,445.8003013405841,seed702_explore_lns_start36_random_random_best_rm20_tw12
0-65-69-12-47-16-15-11-59-52-57-64-22-23-21-18-19-49-51-63-31-29-30-67-62-33-28-26-27-32-34-50-56-20-66-54-68-0,445.9445978610312,seed702_explore_lns_start84_mixed_best_rm10_tw6
0-65-52-23-21-19-64-67-62-33-31-29-27-30-28-26-34-63-51-20-22-49-18-48-25-58-59-13-57-24-50-32-56-0,446.0113168451704,seed601_lns_start63_late_random_best_rm6_tw8
0-65-69-12-14-47-15-16-11-59-52-57-64-22-23-21-18-19-49-51-63-34-29-26-28-30-67-62-50-33-32-37-35-43-54-56-66-0,446.1222850712381,seed702_explore_lns_start71_late_regret_rm20_tw15
0-65-69-12-47-15-16-11-59-52-57-64-22-19-23-21-18-51-67-50-34-30-28-26-29-31-32-33-63-49-20-56-54-37-35-43-55-0,446.1398700461874,seed702_explore_lns_start73_random_random_best_rm20_tw12
0-2-61-42-44-36-40-38-39-41-69-67-50-34-27-26-30-32-33-56-20-49-24-14-13-59-58-25-48-66-0,446.2902913618009,seed701_explore_lns_start7_mixed_random_best_rm25_tw6
0-65-52-23-21-19-64-67-31-29-27-30-63-33-28-26-32-34-50-62-51-49-18-48-25-24-22-20-57-58-10-17-66-56-0,446.3276788806613,seed604_lns_start23_mixed_regret_rm5_tw10
0-62-61-42-44-36-40-38-39-41-45-7-6-2-56-67-63-33-32-28-26-27-34-50-20-24-49-48-25-58-66-0,446.3852302764494,seed601_lns_start14_mixed_regret_rm4_tw6
0-62-61-42-44-36-40-38-39-41-45-7-6-2-56-67-63-33-32-30-26-27-34-50-20-24-49-48-25-58-66-0,446.3852302764494,seed603_lns_start14_late_best_rm4_tw6
0-69-65-64-31-30-33-18-21-23-19-22-57-52-59-9-10-11-13-15-16-17-47-14-12-53-6-8-46-4-5-3-1-43-35-37-54-68-70-60-55-0,446.49254130901846,seed605_lns_start14_mixed_regret_rm8_tw10_guarded
0-69-65-64-62-67-29-28-63-51-19-21-23-22-57-52-9-15-16-47-14-12-11-10-53-61-37-35-40-43-6-46-4-3-1-70-55-68-54-0,446.6842018323034,seed701_explore_lns_start24_late_regret_rm15_tw15
0-69-65-64-31-29-27-28-51-18-21-23-19-22-57-52-59-9-13-15-16-17-47-14-11-10-12-53-60-6-46-4-5-3-1-70-55-54-37-35-43-68-0,446.7037862761473,seed601_lns_start14_late_regret_rm6_tw6
0-69-65-64-29-27-28-30-51-18-21-23-19-22-57-52-59-9-13-15-16-17-47-14-11-10-12-53-60-6-46-4-5-3-1-70-55-54-37-35-43-68-0,446.84533382866744,seed603_lns_start14_late_regret_rm6_tw6
0-2-44-42-39-38-36-40-41-61-5-45-7-6-56-67-62-63-33-32-34-31-26-28-50-49-20-24-48-25-58-66-0,446.8502132463912,seed605_lns_start14_late_random_best_rm8_tw10
0-65-64-29-27-33-63-51-19-18-21-23-22-57-52-9-11-15-16-47-14-12-10-53-69-61-41-37-40-35-43-6-46-4-3-1-70-55-68-54-0,446.98473877986953,seed702_explore_lns_start34_late_random_best_rm10_tw12
0-69-65-19-21-52-9-15-16-47-14-11-12-53-70-1-3-5-45-4-46-8-7-6-2-60-55-43-41-39-37-35-26-32-54-68-0,447.05630096461636,seed604_lns_start19_late_random_best_rm8_tw15
0-65-69-12-14-47-15-16-11-59-52-57-64-22-23-21-18-19-49-51-63-62-67-50-34-31-30-29-27-26-28-33-32-17-60-4-55-0,447.2290237641182,seed605_lns_start71_mixed_regret_rm8_tw15
0-69-65-64-62-30-63-51-23-21-18-19-22-57-52-59-9-15-16-17-47-14-13-11-10-12-53-60-6-8-46-4-5-3-1-70-68-54-37-35-43-55-0,447.31741184229963,seed605_lns_start14_random_regret_rm8_tw12
0-69-65-62-19-52-9-11-15-16-47-14-12-53-1-3-5-45-4-46-8-7-6-2-70-43-40-35-37-39-41-34-26-32-50-54-68-55-0,447.37111940216437,seed702_explore_lns_start20_mixed_random_best_rm15_tw8
0-69-67-44-42-39-38-36-40-41-61-53-59-9-11-15-16-47-14-12-60-7-6-2-8-46-4-45-5-3-43-35-37-54-68-70-1-55-0,447.4072392792308,seed607_lns_start23_mixed_random_best_rm8_tw12
0-65-52-59-21-19-64-67-62-33-31-29-27-30-28-26-32-34-50-63-51-20-49-18-24-22-57-17-58-25-48-56-66-0,447.45360200793226,seed702_explore_lns_start60_mixed_regret_rm10_tw12
0-69-65-64-29-30-51-18-21-23-19-22-57-52-59-16-15-17-47-14-11-10-9-13-12-53-60-6-8-5-46-4-3-1-43-35-37-54-68-70-55-0,447.4569744773778,seed701_explore_lns_start14_random_regret_rm10_tw6
0-2-44-42-39-38-36-40-41-61-45-5-8-7-56-67-62-63-33-32-34-31-26-28-50-49-20-24-48-25-58-66-0,447.4615026839222,seed601_lns_start14_late_regret_rm8_tw8
0-31-61-44-39-38-36-40-42-69-53-12-14-47-16-15-9-11-13-10-60-7-6-2-8-46-4-45-5-3-1-43-41-35-37-54-68-70-55-0,447.51200944473544,seed702_explore_lns_start60_mixed_best_rm10_tw6
0-11-67-42-39-38-36-40-44-61-69-53-12-14-47-16-15-9-13-10-60-7-6-2-8-46-4-45-5-3-1-43-41-35-37-54-68-70-55-0,447.7903971180795,seed701_explore_lns_start60_mixed_random_best_rm10_tw10
0-2-45-42-39-38-36-44-40-61-69-53-12-14-47-16-15-11-9-10-17-60-7-6-8-46-4-5-3-1-43-37-35-41-54-56-68-70-55-0,447.82011814745056,seed608_lns_start63_late_regret_rm8_tw15
0-69-65-64-52-15-16-47-14-11-9-12-53-7-6-70-2-45-5-3-1-4-46-8-60-55-41-43-40-35-37-26-32-34-54-68-0,447.93194334050315,seed608_lns_start19_late_random_best_rm8_tw6
0-61-2-7-45-42-44-40-36-38-39-41-67-62-34-49-63-32-28-26-27-50-56-20-24-48-25-58-66-0,447.9405143741478,seed603_lns_start14_mixed_regret_rm6_tw8
0-69-65-21-52-9-11-15-16-47-14-12-53-2-6-7-8-46-5-3-45-4-1-43-41-39-37-36-35-26-32-34-54-68-70-55-60-0,447.9833579733958,seed701_explore_lns_start19_mixed_best_rm20_tw10
0-69-65-64-29-27-30-51-18-21-23-19-22-57-52-59-9-13-15-16-17-47-14-12-11-10-53-60-8-6-46-4-1-3-55-70-43-35-37-54-68-0,447.9862719967533,seed606_lns_start14_late_regret_rm8_tw12
0-69-65-64-29-28-51-57-22-23-21-18-19-49-59-13-9-10-17-47-12-53-60-6-8-46-4-5-3-1-43-37-35-54-68-70-55-0,448.0158804932159,seed701_explore_lns_start14_late_regret_rm25_tw6
0-69-65-64-31-29-27-30-51-18-21-23-19-22-57-52-59-9-13-15-16-17-47-14-11-10-12-53-60-4-5-3-1-46-6-70-55-68-43-35-37-0,448.1518811828684,seed702_explore_lns_start14_mixed_best_rm15_tw6
0-65-69-12-47-15-16-11-59-52-57-64-22-23-21-18-19-49-51-63-31-29-30-67-62-33-28-26-27-32-34-50-54-4-60-0,448.1553080650565,seed604_lns_start88_random_regret_rm8_tw6
0-65-69-12-14-47-15-16-11-59-52-57-64-22-23-21-18-19-49-51-63-33-28-26-29-31-67-62-50-32-34-54-37-35-43-1-70-55-0,448.2251362362757,seed702_explore_lns_start81_late_regret_rm25_tw6
0-23-69-61-42-44-39-38-36-40-41-2-53-12-14-47-16-15-9-13-11-10-60-6-7-8-46-4-45-5-3-1-43-35-37-54-68-70-55-0,448.257321320546,seed702_explore_lns_start60_mixed_regret_rm10_tw12
0-64-65-69-12-47-16-15-11-59-52-57-22-23-21-18-19-49-51-63-31-29-30-32-67-62-33-28-26-27-34-50-56-20-66-70-68-0,448.25900991786966,seed607_lns_start75_mixed_random_best_rm6_tw15
0-29-27-30-67-41-39-38-36-40-44-42-5-46-8-45-3-1-4-7-6-2-68-61-70-55-60-53-10-9-17-13-58-25-24-20-66-0,448.3536240196294,seed702_explore_lns_start81_late_best_rm20_tw15
0-65-64-29-27-51-18-21-23-19-22-57-52-59-9-13-15-16-17-47-14-11-10-12-53-6-8-46-4-3-1-43-35-37-54-68-70-60-55-0,448.43392291733284,seed702_explore_lns_start14_late_regret_rm10_tw8
0-65-52-23-21-19-64-67-31-29-27-30-63-33-28-26-32-34-50-62-51-18-48-25-49-20-22-57-10-17-13-58-66-56-0,448.5544117219199,seed605_lns_start23_mixed_regret_rm6_tw15
0-65-69-12-14-47-16-15-11-9-59-52-51-19-49-18-21-23-48-22-24-57-64-62-67-63-33-26-32-34-50-56-20-25-58-66-0,448.56377055978703,seed701_explore_lns_start22_mixed_regret_rm10_tw12
0-2-45-61-7-42-44-36-40-38-39-41-67-33-30-28-26-29-32-34-50-56-66-24-20-49-48-25-58-59-13-17-0,448.6627888300857,seed601_lns_start12_late_random_best_rm6_tw6
0-45-2-61-42-44-7-40-36-38-39-41-29-31-27-33-26-28-32-34-50-67-56-24-20-49-48-25-58-66-0,448.7217092186518,seed605_lns_start14_random_regret_rm8_tw12
0-59-15-7-2-61-39-38-36-40-44-42-41-30-34-27-26-28-33-32-50-62-56-66-24-20-49-48-25-58-13-0,448.845771896393,seed701_explore_lns_start0_mixed_best_rm15_tw8
0-44-67-62-31-29-27-28-30-33-63-18-21-23-22-51-64-57-66-24-20-49-19-48-25-58-59-13-9-10-14-17-60-56-0,448.8729550612155,seed702_explore_lns_start45_late_regret_rm10_tw6
0-69-65-64-19-52-9-15-16-47-14-12-11-53-7-6-8-5-46-4-45-3-1-41-42-43-35-37-26-32-34-54-68-70-60-55-0,448.8798132832911,seed702_explore_lns_start19_random_best_rm25_tw6
0-2-44-42-39-38-36-40-41-61-45-8-7-67-62-50-34-32-28-26-33-63-48-24-20-49-25-58-66-56-54-0,448.8863710306242,seed702_explore_lns_start14_mixed_best_rm15_tw6
0-2-45-61-7-42-44-40-36-38-39-41-67-33-28-27-26-32-31-34-50-56-66-24-20-49-48-25-58-59-13-17-0,448.9133815705213,seed601_lns_start5_late_best_rm4_tw6
0-69-65-64-27-28-51-18-21-23-19-22-57-52-59-9-13-15-16-17-47-14-12-11-10-53-60-8-6-46-4-1-3-55-70-43-35-37-54-68-0,449.03300753381365,seed603_lns_start14_late_random_best_rm8_tw6
0-2-7-61-42-44-39-38-36-40-41-50-34-27-26-28-32-33-20-59-58-25-48-49-24-56-66-13-17-0,449.05704834422113,seed606_lns_start0_mixed_random_best_rm8_tw6
0-65-19-21-23-59-52-64-67-33-30-27-29-31-28-26-32-34-50-51-18-49-20-22-24-57-17-58-25-48-56-66-0,449.2913552265612,seed602_lns_start60_mixed_best_rm8_tw12
0-65-69-12-47-16-15-11-59-52-57-64-22-23-21-18-19-49-51-63-62-67-50-34-29-27-26-28-32-33-48-20-56-54-37-35-43-0,449.3214060712811,seed702_explore_lns_start75_late_best_rm20_tw12
0-2-45-36-38-39-44-40-42-61-69-53-12-14-47-16-15-9-11-10-60-7-6-8-46-4-5-3-1-43-37-35-41-54-68-70-55-24-0,449.41831571143206,seed601_lns_start63_mixed_best_rm8_tw8
0-42-44-5-45-2-7-61-40-36-38-39-41-67-62-29-50-34-33-26-27-32-63-20-49-48-25-58-24-56-66-0,449.45255359597564,seed602_lns_start14_late_regret_rm4_tw12
0-69-65-21-52-9-15-16-47-14-11-12-53-70-2-1-3-5-45-4-46-8-7-6-60-55-43-41-39-37-35-34-26-32-54-68-0,449.4594745199224,seed603_lns_start19_mixed_regret_rm8_tw6
0-69-65-64-31-29-51-18-21-23-19-22-57-52-59-9-13-15-16-17-47-14-11-10-12-53-6-8-46-4-3-1-43-35-37-54-68-70-60-55-0,449.4938808836718,seed605_lns_start14_late_random_best_rm3_tw10
0-65-52-59-23-21-19-64-67-62-29-27-30-33-26-28-32-34-50-63-51-49-18-24-22-20-57-17-58-25-48-56-66-0,449.70196116578035,seed702_explore_lns_start60_mixed_best_rm10_tw6
0-69-65-64-19-51-23-21-18-22-57-52-53-7-8-12-10-11-9-59-13-15-16-17-47-14-60-6-46-4-3-1-43-35-37-54-68-70-55-0,449.7223107068343,seed606_lns_start14_mixed_regret_rm4_tw6
0-65-64-29-27-28-33-63-51-18-21-23-19-22-57-52-59-9-10-11-13-15-16-17-47-14-12-53-6-8-46-4-5-3-1-43-35-37-54-68-70-60-55-0,449.9923798664524,seed606_lns_start14_mixed_random_best_rm6_tw12_guarded
0-69-65-64-62-31-29-30-33-63-18-21-23-19-22-57-52-59-9-10-11-13-15-16-17-47-14-12-53-6-8-46-4-5-3-1-43-35-37-54-68-70-60-55-0,450.0080376178026,seed607_lns_start14_mixed_best_rm6_tw8_guarded
0-2-5-42-44-39-38-36-40-41-61-69-53-12-11-15-14-47-16-17-13-9-10-60-7-6-8-46-4-45-3-1-43-35-37-70-68-55-56-54-0,450.0436198313946,seed608_lns_start60_late_regret_rm8_tw6
0-2-45-5-61-7-42-44-36-38-40-39-41-34-31-29-27-26-33-32-50-56-66-20-24-49-48-25-58-59-13-17-0,450.05498003093385,seed606_lns_start4_late_random_best_rm6_tw12
0-69-65-64-29-27-28-51-18-21-23-19-22-57-52-59-9-11-10-13-15-16-17-47-14-12-53-60-6-8-46-4-5-3-1-70-68-54-37-35-43-55-0,450.104773343705,seed702_explore_lns_start14_mixed_best_rm10_tw15
0-69-65-64-31-27-28-51-18-21-23-19-22-57-52-59-9-11-10-13-15-16-17-47-14-12-53-60-6-8-46-4-5-3-1-70-68-54-37-35-43-55-0,450.11756929684464,seed606_lns_start14_mixed_regret_rm6_tw15
0-61-42-44-36-40-38-39-41-5-7-2-67-62-50-34-29-31-27-26-32-49-20-56-66-24-48-25-58-13-17-0,450.242036022015,seed702_explore_lns_start0_random_best_rm20_tw8
0-69-65-52-11-15-16-47-12-53-7-6-2-42-38-39-1-3-5-45-8-46-4-43-40-41-37-36-35-26-32-34-50-54-68-70-55-0,450.2522415715949,seed604_lns_start56_random_best_rm8_tw10
0-31-29-27-28-30-42-44-40-36-38-39-41-61-2-8-7-17-13-59-58-25-21-48-19-49-24-22-20-32-26-34-50-56-66-0,450.28481787751787,seed701_explore_lns_start13_late_best_rm15_tw10
0-69-52-59-11-15-16-47-14-12-9-53-61-2-6-7-8-46-45-5-3-42-38-40-44-43-36-35-37-39-41-68-55-70-54-34-26-32-0,450.7612667173781,seed603_lns_start68_random_best_rm4_tw8
0-30-31-42-44-40-36-38-39-41-61-2-6-7-8-46-45-5-3-1-70-4-60-55-68-53-9-10-14-17-13-58-25-24-66-0,451.10788958548505,seed702_explore_lns_start75_late_best_rm20_tw12
0-2-45-61-7-38-36-40-39-44-42-41-67-34-31-29-28-26-33-32-50-56-66-24-20-49-48-25-58-59-13-17-0,451.21449459750966,seed603_lns_start11_late_random_best_rm6_tw10
0-69-65-64-29-30-51-18-21-23-19-22-57-52-59-9-13-15-16-17-47-14-11-10-12-53-6-8-46-4-3-1-43-35-37-54-68-70-60-55-0,451.2692635074805,seed601_lns_start14_late_random_best_rm3_tw12
0-69-65-64-31-29-30-51-18-21-23-19-22-57-52-59-9-13-15-16-17-47-14-11-10-12-53-6-8-46-4-3-1-43-35-37-54-68-70-60-55-0,451.28205946062013,seed601_lns_start14_late_best_rm5_tw10
0-61-42-44-36-40-38-39-41-45-7-6-2-32-30-26-27-34-50-62-56-20-49-58-59-13-17-25-48-24-66-0,451.29817259057853,seed701_explore_lns_start9_mixed_regret_rm25_tw6
0-45-2-42-44-7-61-40-36-38-39-41-67-62-50-34-31-29-26-30-33-32-63-48-24-20-49-25-58-66-56-0,451.37985477867505,seed602_lns_start14_mixed_random_best_rm8_tw6
0-69-65-64-30-28-51-18-21-23-19-22-57-52-59-9-13-15-16-17-47-14-11-10-12-53-6-8-46-4-3-1-43-35-37-54-68-70-60-55-0,451.4528295039992,seed604_lns_start14_late_best_rm3_tw10
0-2-5-61-7-38-36-40-39-44-42-41-67-50-34-31-29-26-28-32-33-56-66-24-20-49-48-25-58-59-13-17-0,451.5045384612657,seed607_lns_start10_mixed_random_best_rm8_tw6
0-42-44-36-38-61-67-62-33-30-28-27-29-31-50-64-22-49-19-18-48-21-23-20-51-63-56-57-10-17-13-58-25-24-66-0,451.5284778108975,seed701_explore_lns_start18_mixed_regret_rm25_tw8
0-69-2-42-44-36-38-40-39-41-7-61-33-30-27-26-28-32-34-50-56-66-24-20-49-48-25-58-59-13-17-0,451.8677428618503,seed606_lns_start3_late_random_best_rm6_tw10
0-2-44-42-39-38-36-40-41-61-45-5-8-7-56-67-62-63-33-28-31-29-26-32-34-50-49-20-24-48-25-58-66-0,451.9350017979977,seed602_lns_start14_late_regret_rm5_tw6
0-36-44-42-39-38-5-45-2-8-7-67-62-34-31-28-26-30-32-50-20-24-49-48-25-58-59-13-17-60-66-56-0,452.0094654108649,seed702_explore_lns_start34_late_random_best_rm10_tw12
0-69-2-45-61-7-42-44-40-36-38-39-41-67-33-28-27-26-32-31-34-50-56-66-24-20-49-48-25-58-59-13-17-0,452.0252604967724,seed607_lns_start12_late_random_best_rm6_tw10
0-69-12-14-47-16-15-11-59-9-53-61-42-39-38-44-2-6-7-8-46-4-45-5-3-1-43-40-36-35-37-41-54-20-68-70-60-55-0,452.0268877218003,seed606_lns_start23_random_regret_rm8_tw6
0-2-45-61-7-42-44-36-40-38-39-41-67-33-30-29-27-26-32-34-50-56-66-24-20-49-48-25-58-59-13-17-0,452.1459339305094,seed601_lns_start6_late_best_rm6_tw12
0-69-11-15-47-2-45-7-42-44-40-36-38-39-41-61-62-56-67-50-33-32-29-27-26-34-63-49-20-24-48-25-58-66-0,452.254306686302,seed702_explore_lns_start14_late_regret_rm20_tw12
0-2-5-45-61-44-42-39-38-36-40-41-67-28-30-62-50-34-31-29-27-26-32-33-63-49-20-24-66-58-25-48-56-0,452.2605571636054,seed606_lns_start14_mixed_regret_rm4_tw6
0-2-39-61-44-38-36-40-67-62-33-30-28-27-29-31-50-63-51-18-48-21-23-25-49-20-22-24-57-58-59-13-17-10-66-56-0,452.2775239227484,seed702_explore_lns_start19_random_best_rm25_tw6
0-40-44-42-61-2-6-7-8-46-45-5-3-1-43-38-37-35-36-39-41-54-55-53-9-10-14-60-4-17-13-58-25-48-24-0,452.38966653538455,seed607_lns_start75_mixed_random_best_rm6_tw15
0-2-45-61-7-42-44-36-40-38-39-41-67-62-33-27-26-28-32-34-50-56-66-24-20-49-48-25-58-59-13-17-0,452.4851882669112,seed601_lns_start7_late_regret_rm5_tw6
0-69-65-64-62-67-33-63-51-18-21-23-19-22-57-52-9-15-16-47-14-11-10-12-53-60-6-4-3-5-45-46-8-43-35-37-54-68-70-1-55-0,452.7405583501004,seed701_explore_lns_start11_mixed_best_rm20_tw12
0-69-65-64-27-28-51-19-18-21-23-22-57-52-59-9-11-13-10-15-16-17-47-14-12-53-60-6-4-5-8-46-3-1-43-35-37-54-68-70-55-0,452.77301855662745,seed602_lns_start14_mixed_random_best_rm8_tw6
0-69-65-64-62-67-31-28-30-63-51-18-21-23-19-22-57-52-9-15-16-47-14-11-10-12-53-55-70-6-45-46-8-60-4-3-1-43-35-37-54-68-0,452.9759972809085,seed701_explore_lns_start5_mixed_random_best_rm15_tw10
0-36-44-42-39-38-5-45-2-8-7-67-62-34-29-28-26-30-32-50-20-24-49-48-25-58-59-13-17-60-66-56-0,452.99150598056656,seed607_lns_start27_late_best_rm8_tw8
0-69-65-64-31-29-28-30-51-18-21-23-19-22-57-52-59-9-13-15-16-17-47-14-11-10-12-53-46-4-5-3-1-43-35-37-54-68-70-60-55-0,453.05266310741723,seed602_lns_start14_late_random_best_rm8_tw8
0-2-45-61-7-42-44-36-40-38-39-41-67-33-30-27-26-32-31-34-50-56-66-24-20-49-48-25-58-59-13-17-0,453.07694909687575,seed601_lns_start3_late_random_best_rm5_tw6
0-69-11-12-61-42-44-39-38-36-40-41-57-53-14-47-16-15-9-13-10-60-7-6-2-8-45-4-46-5-3-1-43-35-37-54-68-70-55-0,453.09002514845673,seed602_lns_start60_mixed_best_rm8_tw8
0-69-65-19-21-23-52-11-15-16-47-12-53-6-7-8-46-2-1-3-5-45-4-60-70-41-39-43-40-35-37-34-26-32-50-54-68-55-0,453.0926407528185,seed701_explore_lns_start50_mixed_random_best_rm25_tw10
0-2-45-61-7-42-44-40-36-38-39-41-62-33-28-29-27-26-32-34-50-56-66-24-20-49-48-25-58-59-13-17-0,453.1627687251346,seed601_lns_start13_late_random_best_rm8_tw15
0-2-45-7-61-39-38-36-40-44-42-41-62-33-30-32-29-26-28-31-34-50-56-59-49-20-24-48-25-58-13-66-0,453.2322341767228,seed702_explore_lns_start5_random_best_rm15_tw8
0-52-23-21-51-67-31-29-27-30-63-33-28-26-34-32-50-62-64-22-20-49-18-48-25-24-57-58-13-17-10-66-56-0,453.2378208854782,seed604_lns_start23_mixed_random_best_rm8_tw6
0-2-42-44-36-38-61-69-59-9-11-15-16-47-14-12-53-60-7-6-8-46-4-45-5-3-1-43-40-35-37-39-41-54-68-70-55-24-0,453.3140971549938,seed605_lns_start23_mixed_regret_rm6_tw15
0-69-2-5-44-42-39-36-38-40-41-45-8-7-61-67-62-50-34-31-30-28-33-26-27-32-63-20-24-48-25-58-66-56-0,453.31698744084633,seed603_lns_start14_late_regret_rm8_tw8
0-65-69-12-47-15-16-11-59-52-64-57-22-23-21-18-19-49-51-63-27-29-31-34-67-62-50-28-32-33-26-37-35-43-54-68-0,453.3675932623848,seed701_explore_lns_start78_late_random_best_rm20_tw15
0-69-65-64-62-29-63-51-23-21-18-19-22-57-52-59-9-15-16-47-14-11-10-12-53-4-5-45-3-1-46-8-6-60-55-70-43-35-37-54-68-0,453.5148557813796,seed701_explore_lns_start13_random_regret_rm10_tw12
0-61-39-38-36-40-41-42-44-6-7-2-8-46-45-5-3-1-43-37-35-70-68-55-53-14-17-9-13-10-66-56-24-20-48-25-58-0,453.7124546380396,seed604_lns_start88_random_regret_rm8_tw6
0-64-62-61-42-44-38-36-40-67-31-28-27-29-30-33-50-63-51-19-49-20-23-25-48-18-22-24-57-58-59-13-17-10-66-56-0,453.72125300260564,seed603_lns_start19_mixed_regret_rm8_tw6
0-61-42-44-40-36-38-39-41-5-7-2-66-56-33-32-26-27-29-34-50-20-49-48-25-59-58-24-13-17-0,453.85787695497515,seed701_explore_lns_start5_mixed_random_best_rm15_tw10
0-29-31-67-61-41-42-44-2-6-7-8-46-45-5-3-39-38-37-35-36-40-43-70-68-53-60-17-14-10-13-58-25-20-66-0,453.9814066906089,seed702_explore_lns_start81_late_random_best_rm25_tw12
0-65-69-12-47-15-16-11-59-52-57-64-22-23-21-18-19-49-51-63-30-28-34-29-31-67-62-33-26-32-50-56-54-37-35-43-0,453.99125424857226,seed702_explore_lns_start79_late_regret_rm20_tw6
0-69-65-64-31-28-51-18-21-23-19-22-57-52-59-9-13-15-16-17-47-14-11-10-12-53-6-8-46-4-3-1-43-35-37-54-68-70-60-55-0,454.1456753852588,seed603_lns_start14_late_random_best_rm3_tw15
0-69-65-64-31-29-27-28-30-51-18-21-23-19-22-57-52-59-9-13-15-16-17-47-14-11-10-12-53-60-6-8-46-5-3-1-4-55-68-54-37-35-43-0,454.172016011485,seed603_lns_start14_mixed_best_rm6_tw8
0-69-65-64-31-28-30-51-18-21-23-19-22-57-52-59-9-13-15-16-17-47-14-11-10-12-53-6-8-46-4-3-1-43-35-37-54-68-70-60-55-0,454.30001889091847,seed602_lns_start14_late_regret_rm4_tw12
0-39-38-36-42-44-40-5-45-8-7-6-46-2-70-61-41-37-35-43-1-3-4-53-14-17-10-9-13-58-25-48-20-66-56-54-68-0,454.3360645629127,seed605_lns_start87_mixed_regret_rm8_tw15
0-2-45-44-42-61-7-40-36-38-39-41-67-62-63-33-32-30-26-27-34-50-56-20-49-24-58-25-48-66-0,454.4105238138879,seed601_lns_start14_mixed_random_best_rm3_tw6
0-69-65-64-31-29-27-28-51-18-21-23-19-22-57-52-59-9-13-15-16-17-47-14-11-10-12-53-60-6-5-8-3-4-1-43-35-37-54-68-70-55-0,454.44649502761916,seed701_explore_lns_start14_mixed_best_rm10_tw8
0-65-52-23-21-19-64-67-62-31-29-27-30-63-33-28-26-32-34-50-51-49-18-48-25-24-22-20-57-58-10-17-13-66-56-0,454.50521390644417,seed601_lns_start23_random_regret_rm6_tw12
0-69-65-64-19-23-52-59-9-15-16-47-14-11-12-53-70-1-3-5-45-4-46-8-7-6-2-60-55-68-54-41-43-35-37-26-32-0,454.57647924989044,seed702_explore_lns_start19_late_regret_rm10_tw15
0-61-42-44-40-36-38-39-41-45-7-2-59-58-25-21-48-49-20-67-34-26-32-50-56-66-24-13-17-0,454.67579701515456,seed701_explore_lns_start12_late_regret_rm20_tw6
0-64-19-21-23-59-52-67-62-33-31-29-27-30-28-26-32-34-50-63-51-18-49-20-22-24-57-17-58-25-48-56-66-0,454.97749780479137,seed701_explore_lns_start60_random_regret_rm10_tw8
0-69-65-64-31-29-28-51-18-21-23-19-22-57-52-59-9-13-15-16-17-47-14-11-10-12-53-6-8-46-4-3-1-43-35-37-54-68-70-60-55-0,455.12771595496037,seed601_lns_start14_late_random_best_rm4_tw12
0-69-65-64-29-28-30-51-18-21-23-19-22-57-52-59-9-13-15-16-17-47-14-11-10-12-53-6-8-46-4-3-1-43-35-37-54-68-70-60-55-0,455.2692635074805,seed604_lns_start14_late_regret_rm4_tw15
0-45-5-42-44-36-38-39-40-41-2-7-61-34-31-29-28-26-33-32-50-56-66-24-20-49-48-25-58-59-13-17-0,455.4674281366772,seed603_lns_start0_late_random_best_rm6_tw6
0-2-45-5-61-7-42-44-36-38-39-40-41-34-30-26-29-31-33-32-50-56-66-24-20-49-48-25-58-59-13-17-0,455.8255635376021,seed607_lns_start12_late_best_rm6_tw6
0-69-65-64-27-28-33-51-18-21-23-19-22-57-52-59-9-13-15-16-17-47-14-11-10-12-53-60-6-5-8-46-3-4-1-43-35-37-54-68-70-55-0,455.8955525848473,seed607_lns_start14_mixed_random_best_rm8_tw10
0-62-61-42-44-39-38-36-40-41-45-8-7-6-2-56-67-63-33-32-31-27-26-34-50-20-49-48-25-58-24-66-0,455.90842709869037,seed604_lns_start14_late_regret_rm8_tw6
0-64-63-62-61-42-44-36-40-38-27-28-29-31-30-33-34-50-67-56-51-18-23-25-48-49-20-22-24-57-58-59-13-17-10-66-0,455.9854155439455,seed604_lns_start19_late_random_best_rm8_tw15
0-45-5-42-44-40-36-38-39-41-2-7-70-61-50-34-27-28-26-33-32-56-66-20-24-49-48-25-58-17-0,456.13085535409664,seed702_explore_lns_start4_mixed_best_rm25_tw6
0-62-31-29-27-28-30-33-64-65-52-57-59-58-25-23-21-48-18-19-49-22-51-50-34-26-32-56-66-20-24-13-17-0,456.20646037702966,seed608_lns_start63_mixed_random_best_rm8_tw15
0-31-29-27-28-30-67-42-44-40-36-38-39-41-61-2-7-17-47-10-13-59-58-25-48-18-49-24-22-20-32-26-34-50-56-66-0,456.338229188599,seed701_explore_lns_start12_late_regret_rm15_tw15
0-2-7-61-42-44-36-40-38-39-41-67-62-33-30-28-26-27-31-32-34-50-56-66-20-49-58-13-17-25-48-24-0,456.3554677998447,seed701_explore_lns_start5_random_best_rm10_tw8
0-65-52-23-21-19-64-67-31-29-27-30-63-33-28-26-32-34-50-62-51-49-18-48-22-57-10-17-13-58-25-24-66-56-0,456.5724363067005,seed606_lns_start23_random_regret_rm8_tw6
0-69-65-64-31-29-28-51-23-21-18-19-22-57-52-59-9-13-15-16-17-47-14-11-10-12-53-60-6-8-46-4-5-3-1-70-68-54-37-35-43-55-0,456.61671324127275,seed601_lns_start14_mixed_random_best_rm3_tw6
0-2-45-44-42-61-7-40-36-38-39-41-67-63-33-30-28-27-26-29-34-32-50-56-24-20-49-48-25-58-66-0,456.6201836497477,seed601_lns_start14_random_random_best_rm6_tw12
0-2-61-42-44-40-36-38-39-41-45-8-7-67-50-34-27-26-28-32-20-49-24-13-59-58-25-48-56-66-0,456.6267143694955,seed702_explore_lns_start2_mixed_regret_rm25_tw15
0-52-11-14-15-16-45-7-2-61-42-44-40-36-38-39-41-67-62-50-34-30-31-32-33-26-27-63-56-20-24-48-25-58-66-0,456.97086084542576,seed701_explore_lns_start14_late_regret_rm25_tw6
0-27-29-67-39-40-36-38-41-42-44-46-8-45-5-3-1-6-7-4-2-70-61-68-55-53-60-17-9-10-13-58-25-48-20-24-66-0,457.0029984931788,seed702_explore_lns_start82_late_best_rm20_tw15
0-64-65-69-12-47-16-15-11-59-52-57-22-23-21-18-19-49-51-63-31-29-30-32-67-62-33-28-26-27-34-50-56-20-66-60-0,457.04467253577536,seed607_lns_start81_mixed_best_rm8_tw8
0-69-65-64-29-28-30-51-23-21-18-19-22-57-52-59-9-15-16-17-47-14-13-11-10-12-53-60-6-8-46-4-5-3-1-70-68-54-37-35-43-55-0,457.22877651131773,seed602_lns_start14_late_random_best_rm3_tw12
0-65-52-23-21-64-67-31-29-27-30-63-33-28-26-32-34-50-62-51-19-48-18-49-20-22-10-17-13-58-25-24-66-56-0,457.30657632437294,seed601_lns_start23_mixed_best_rm8_tw12
0-45-5-42-44-36-38-39-40-41-2-7-61-67-62-50-34-26-28-31-32-56-66-24-20-49-48-25-58-59-13-17-0,457.628098969999,seed603_lns_start1_late_random_best_rm6_tw10
0-69-65-64-31-29-27-30-51-18-21-23-19-22-57-52-59-9-13-15-16-17-47-14-11-10-12-53-60-6-8-46-4-5-1-70-55-54-37-35-43-68-0,457.6832147300685,seed607_lns_start14_late_random_best_rm5_tw10
0-61-42-44-36-40-38-39-41-45-6-7-46-8-5-3-1-2-4-43-35-37-54-68-55-53-10-9-24-20-25-58-13-17-60-70-0,457.7048616668083,seed601_lns_start79_late_best_rm5_tw6
0-42-39-36-44-5-45-2-7-40-38-41-61-67-50-62-56-34-32-30-33-26-29-31-63-20-24-49-48-25-58-66-0,457.8121363992219,seed603_lns_start14_late_random_best_rm8_tw6
0-69-65-64-31-29-30-63-51-18-21-23-19-22-57-52-59-9-13-15-16-47-14-12-11-10-53-60-6-8-46-3-1-43-35-37-54-68-55-4-70-0,457.8458815018936,seed702_explore_lns_start14_random_regret_rm25_tw8
0-61-42-44-40-36-38-39-41-45-7-2-69-66-33-32-28-26-34-50-56-20-49-24-59-58-25-48-13-17-0,457.93145549615986,seed603_lns_start7_late_random_best_rm8_tw8
0-69-65-52-59-15-16-47-12-11-9-57-22-23-21-18-19-49-64-51-63-62-50-34-32-30-27-26-28-33-48-24-56-54-1-4-55-0,458.0537828879778,seed702_explore_lns_start81_late_random_best_rm25_tw12
0-2-45-5-61-7-42-44-36-38-39-40-41-34-31-30-27-26-33-32-50-56-66-20-24-49-48-25-58-59-13-17-0,458.085014710893,seed601_lns_start5_late_regret_rm6_tw8
0-30-29-31-42-44-40-36-38-39-41-61-70-5-3-1-45-8-46-4-7-6-2-60-53-14-17-13-10-9-66-24-20-48-25-58-68-0,458.2072661673346,seed701_explore_lns_start89_late_best_rm25_tw15
0-69-65-64-31-29-27-28-30-51-18-21-23-19-22-57-52-59-9-13-15-16-17-47-14-11-10-12-53-6-46-4-5-1-43-35-37-54-68-70-60-55-0,458.51172984635116,seed604_lns_start14_late_regret_rm8_tw15
0-69-65-64-62-67-31-29-30-63-51-18-21-23-19-22-57-52-59-9-16-15-11-10-14-12-53-55-6-8-46-5-3-1-4-60-70-43-35-37-54-68-0,458.6142290211499,seed702_explore_lns_start7_mixed_best_rm25_tw12
0-69-65-64-67-27-63-51-18-21-23-19-22-57-52-9-15-16-17-47-14-12-11-10-53-55-6-8-5-46-4-3-1-43-35-37-54-68-70-60-0,458.74325263289467,seed702_explore_lns_start5_random_best_rm15_tw8
0-31-29-27-28-30-33-41-39-38-36-40-44-42-61-1-2-7-17-15-13-59-58-25-48-49-24-22-20-32-26-34-50-56-66-0,458.81160768225897,seed702_explore_lns_start6_mixed_best_rm20_tw8
0-69-65-64-59-23-21-19-18-22-57-52-9-11-12-14-47-16-17-15-13-10-53-7-8-46-5-3-4-6-54-41-37-35-43-1-60-55-70-68-0,458.835711848681,seed701_explore_lns_start14_random_random_best_rm25_tw10
0-69-65-28-38-36-40-44-42-41-61-53-12-14-47-16-15-11-9-13-60-7-6-2-8-46-4-45-5-3-1-39-37-35-43-54-68-70-55-0,458.98371482120154,seed702_explore_lns_start60_late_random_best_rm25_tw15
0-28-27-29-31-42-44-36-40-38-39-41-61-2-45-5-46-7-17-13-59-58-25-48-18-49-24-22-20-32-26-34-50-56-66-0,459.01686511949055,seed702_explore_lns_start8_late_regret_rm20_tw10
0-65-69-12-14-47-15-16-11-59-52-57-64-22-23-21-18-19-49-51-63-31-29-30-67-62-33-28-26-27-32-34-50-20-24-48-25-58-66-0,459.03333917952614,seed605_lns_start78_late_regret_rm8_tw6
0-65-42-44-36-38-39-61-69-59-9-11-15-16-47-14-12-53-7-6-2-8-46-4-45-5-3-1-43-40-37-35-41-54-68-55-70-60-13-0,459.0534229822765,seed601_lns_start23_mixed_random_best_rm8_tw6
0-69-65-64-27-28-30-51-18-21-23-19-22-57-52-59-9-13-15-16-17-47-14-11-10-12-53-60-6-8-46-4-5-3-1-70-68-54-37-35-43-55-0,459.12396686694836,seed605_lns_start14_late_regret_rm8_tw8
0-69-65-64-31-29-27-51-18-21-23-19-22-57-52-59-9-13-15-16-17-47-14-11-10-12-53-6-8-46-4-3-1-43-35-37-54-68-70-60-55-0,459.13503408094,seed601_lns_start14_late_best_rm4_tw15
0-61-42-44-40-36-38-39-41-45-7-6-2-66-56-67-62-50-32-30-26-33-63-49-24-20-34-48-25-58-0,459.15508754866886,seed701_explore_lns_start14_mixed_random_best_rm10_tw6
0-2-45-5-61-7-42-44-36-38-39-40-41-34-30-26-27-29-33-32-50-56-66-20-24-49-48-25-58-59-13-17-0,459.3136413386957,seed601_lns_start2_late_regret_rm8_tw8
0-69-65-21-23-52-15-16-47-14-11-9-12-53-70-2-3-1-5-45-4-46-8-7-6-60-55-41-43-36-35-37-34-32-26-54-68-0,459.3776632831832,seed602_lns_start20_late_random_best_rm8_tw6
0-69-42-45-5-2-7-61-44-40-36-38-39-41-67-62-31-50-34-33-26-27-32-63-20-49-48-25-58-24-56-66-0,459.40998032142517,seed607_lns_start14_late_regret_rm8_tw12
0-2-5-45-61-44-42-39-36-38-40-41-67-62-63-33-28-30-26-27-29-31-34-32-50-18-49-22-51-56-20-24-48-25-58-66-0,459.46437421924077,seed602_lns_start36_late_best_rm4_tw8
0-69-65-64-31-27-30-51-18-21-23-19-22-57-52-59-9-13-15-16-17-47-14-11-10-12-53-6-8-46-4-3-1-43-35-37-54-68-70-60-55-0,459.49921992052833,seed601_lns_start14_late_regret_rm4_tw8
0-2-5-45-7-61-67-33-30-28-27-29-31-37-35-36-40-44-42-39-38-41-1-3-4-46-8-6-60-17-13-10-55-70-43-0,459.65052899409005,seed602_lns_start16_late_regret_rm5_tw10
0-42-61-39-38-36-40-44-41-6-7-2-8-46-45-5-3-1-43-37-35-54-68-70-53-10-13-9-24-20-48-25-58-66-56-0,459.7388459041133,seed605_lns_start71_mixed_regret_rm8_tw15
0-2-45-5-61-7-42-44-36-38-39-40-41-34-30-28-26-27-33-32-50-67-56-66-24-20-49-48-25-58-59-13-17-0,459.7389464957902,seed602_lns_start11_late_regret_rm5_tw15
0-65-52-23-21-19-18-22-64-62-31-29-27-30-33-28-34-26-32-50-63-51-20-49-24-56-66-57-13-17-10-58-25-48-0,459.7614860358984,seed607_lns_start23_mixed_random_best_rm8_tw12
0-62-42-44-36-38-39-40-41-61-45-7-2-34-31-29-27-26-28-32-50-56-66-24-20-49-48-25-58-59-13-17-0,459.9169106831464,seed602_lns_start9_late_best_rm5_tw8
0-36-44-61-64-23-21-51-63-33-30-28-27-29-31-67-62-56-20-18-48-19-49-22-57-9-10-14-17-13-58-25-24-66-0,460.02036832770693,seed701_explore_lns_start40_random_best_rm15_tw15
0-69-65-64-31-29-27-28-51-18-21-23-19-22-57-52-59-9-13-15-16-17-47-14-11-10-12-53-8-46-4-3-1-43-35-37-54-68-70-60-55-0,460.0764913913481,seed607_lns_start14_mixed_best_rm8_tw8
0-65-64-31-28-30-51-23-21-18-19-22-57-52-59-9-12-14-17-16-13-10-53-60-6-8-46-5-3-1-70-68-54-37-35-43-4-55-0,460.1492737070317,seed702_explore_lns_start14_late_regret_rm20_tw12
0-69-65-64-67-62-30-63-51-18-21-23-19-22-57-52-59-9-15-16-47-14-11-10-12-53-8-6-46-4-5-3-1-43-35-37-54-68-70-60-55-0,460.2226130572173,seed604_lns_start2_mixed_best_rm6_tw12
0-69-65-64-31-29-30-51-18-21-23-19-22-57-52-59-9-13-15-16-17-47-14-11-10-12-53-8-5-46-4-3-1-43-35-37-54-68-70-60-55-0,460.241280428297,seed601_lns_start14_mixed_regret_rm4_tw6
0-69-65-59-19-61-41-39-38-36-40-44-42-53-9-11-15-16-47-14-12-60-7-6-2-8-45-4-46-5-3-1-43-35-37-54-68-70-55-0,460.2668786379445,seed604_lns_start23_mixed_random_best_rm8_tw6
0-2-42-44-36-38-61-69-65-59-9-11-15-16-47-14-12-53-7-6-8-46-4-45-5-3-1-43-40-39-35-37-41-54-68-70-55-60-17-0,460.5115751977397,seed602_lns_start23_mixed_best_rm8_tw8
0-65-69-12-14-47-16-15-11-59-52-57-23-21-18-19-49-22-64-51-63-67-34-31-30-27-26-28-33-32-50-56-54-37-35-43-1-60-0,460.61797223353375,seed702_explore_lns_start86_mixed_random_best_rm25_tw12
0-44-61-67-62-63-33-30-28-27-29-31-50-51-64-22-20-49-19-18-21-23-25-58-59-13-17-10-57-24-48-56-66-60-0,460.7072433381411,seed608_lns_start18_random_random_best_rm8_tw8
0-69-65-64-31-27-28-30-51-18-21-23-19-22-57-52-59-9-13-15-16-17-47-14-11-10-12-53-6-8-46-4-3-1-43-35-37-54-68-70-60-55-0,460.727846548331,seed607_lns_start14_late_random_best_rm8_tw8
0-61-42-44-40-36-38-39-41-45-8-7-2-66-56-67-62-50-32-30-26-33-63-49-24-20-34-48-25-58-0,460.9379270887608,seed601_lns_start14_late_regret_rm6_tw6
0-69-65-64-31-29-30-51-18-21-23-19-22-57-52-59-9-13-15-16-17-47-14-11-10-12-53-55-6-8-4-5-3-1-43-37-35-54-68-70-60-0,460.9572828029333,seed601_lns_start14_mixed_best_rm8_tw8
0-61-42-44-40-36-38-39-41-45-8-7-6-2-66-56-67-62-50-34-31-26-33-63-49-24-20-32-48-25-58-0,461.1899258329531,seed602_lns_start14_late_best_rm8_tw15
0-64-39-44-61-67-62-31-29-27-28-30-33-63-51-19-18-21-23-25-48-49-20-22-24-58-59-9-13-17-14-10-57-66-56-60-0,461.29782779010105,seed602_lns_start57_late_regret_rm8_tw12
0-69-65-64-19-21-23-52-11-9-15-16-47-14-12-53-7-6-8-45-5-3-1-46-4-2-60-70-43-40-36-35-37-39-41-54-34-32-26-68-55-0,461.42227074401984,seed701_explore_lns_start19_mixed_best_rm20_tw12
0-62-31-29-67-61-42-44-38-36-40-27-28-30-33-50-63-51-25-23-21-48-18-19-49-22-20-24-57-58-59-13-17-10-66-56-0,461.45581593996724,seed604_lns_start19_mixed_regret_rm6_tw10
0-65-69-12-47-15-16-11-59-52-57-64-22-23-21-18-19-49-51-63-26-27-29-31-67-62-28-33-32-34-50-56-54-43-35-37-68-0,461.4678346628941,seed702_explore_lns_start75_late_best_rm20_tw6
0-65-69-12-47-16-15-11-59-52-57-64-22-23-21-18-19-49-51-63-62-50-33-32-31-27-26-28-34-54-37-35-43-70-17-13-0,461.54565265676325,seed701_explore_lns_start72_late_regret_rm20_tw15
0-69-65-52-15-16-47-14-12-11-9-53-6-2-70-41-40-1-3-5-45-4-46-8-7-60-55-68-43-35-37-50-34-26-32-54-0,461.6044591631944,seed604_lns_start20_mixed_random_best_rm8_tw8
0-7-45-5-8-6-61-42-44-41-39-38-40-36-35-37-43-2-4-46-3-1-55-53-9-10-14-60-17-13-58-25-48-24-68-70-0,461.83790357930656,seed605_lns_start76_mixed_best_rm6_tw8
0-62-39-61-42-44-38-36-40-67-33-30-28-27-29-31-50-63-51-25-23-21-48-18-19-49-22-20-24-57-58-59-13-17-10-66-56-0,461.9574136402914,seed601_lns_start17_mixed_regret_rm6_tw10
0-65-69-12-47-16-15-11-59-52-57-64-22-23-21-18-19-49-51-63-62-67-50-34-29-26-28-32-33-54-37-35-43-68-17-0,462.138017980579,seed701_explore_lns_start85_late_random_best_rm20_tw15
0-69-65-64-23-52-9-11-15-16-47-14-12-53-7-6-8-1-3-5-45-4-46-2-70-43-40-39-36-35-37-41-54-34-32-26-68-55-60-0,462.4570860340303,seed701_explore_lns_start18_random_regret_rm25_tw10
0-2-5-42-44-7-61-36-38-39-40-41-34-29-27-26-28-32-50-62-56-66-24-20-49-48-25-58-59-13-17-0,462.49627653046696,seed601_lns_start7_late_best_rm8_tw8
0-2-5-42-44-7-61-36-38-39-40-41-34-31-27-26-28-30-32-50-56-66-24-20-49-48-25-58-59-13-17-0,462.49627653046696,seed602_lns_start3_late_best_rm5_tw8
0-2-42-44-7-61-38-36-40-39-41-67-62-50-34-30-31-29-27-26-32-56-66-24-20-49-48-25-58-59-13-17-0,462.6022060360077,seed601_lns_start4_random_random_best_rm8_tw15
0-69-65-64-21-52-15-16-47-14-11-9-12-53-70-2-3-1-5-45-4-46-8-7-6-60-55-41-43-36-35-37-34-32-26-54-68-0,462.63631128256645,seed701_explore_lns_start20_late_best_rm10_tw10
0-69-65-64-31-29-27-28-51-18-21-23-19-22-57-52-59-9-13-15-16-17-47-14-11-10-12-53-60-6-3-5-8-46-4-1-43-35-37-54-68-70-55-0,462.7624271423368,seed606_lns_start14_mixed_regret_rm8_tw10
0-69-65-64-31-29-27-28-30-51-18-21-23-19-22-57-52-59-9-13-15-16-17-47-14-11-10-12-53-8-6-46-4-3-1-43-37-54-68-70-60-55-0,462.89654202529977,seed605_lns_start14_mixed_regret_rm8_tw15
0-65-52-23-64-67-62-33-30-28-27-29-31-50-63-51-20-49-21-48-18-19-22-56-66-57-24-25-58-13-17-10-60-4-1-0,462.94824200700094,seed604_lns_start65_random_best_rm4_tw12
0-62-33-61-42-44-39-38-40-67-30-28-27-29-31-50-63-51-25-23-21-48-18-19-49-22-20-24-57-58-59-13-17-10-66-56-0,463.0391262770123,seed601_lns_start20_mixed_random_best_rm8_tw12
0-69-42-44-45-5-2-7-40-36-38-39-41-61-67-62-56-63-33-26-29-30-34-31-32-50-20-24-49-48-25-58-66-0,463.0917302519229,seed606_lns_start14_late_regret_rm6_tw8
0-65-69-12-14-47-15-16-11-59-52-57-64-22-23-21-18-19-49-51-63-34-31-26-28-30-32-67-62-50-33-54-37-35-43-68-0,463.09668302686225,seed701_explore_lns_start79_late_regret_rm20_tw6
0-2-5-42-44-7-61-36-38-39-40-41-34-29-31-26-28-30-32-50-56-66-24-20-49-48-25-58-59-13-17-0,463.09860179750956,seed602_lns_start10_late_best_rm6_tw6
0-65-64-23-21-51-62-19-18-63-33-29-30-28-26-27-31-32-34-50-67-56-66-20-49-22-24-57-10-17-13-58-25-48-0,463.23601441565876,seed702_explore_lns_start23_random_random_best_rm20_tw12
0-44-61-67-62-31-29-27-28-30-33-63-51-18-21-23-19-49-64-56-57-22-20-9-10-60-14-17-13-59-58-25-48-24-66-0,463.25115777752933,seed604_lns_start56_random_best_rm8_tw10
0-2-47-16-7-61-42-44-40-36-38-39-41-34-29-33-26-28-32-50-67-56-66-24-20-49-48-25-58-59-13-17-0,463.25942476143734,seed701_explore_lns_start1_late_best_rm25_tw8
0-45-5-42-44-36-38-39-40-41-2-7-61-67-62-50-33-26-31-32-34-56-66-24-20-49-48-25-58-59-13-17-0,463.277374868411,seed602_lns_start8_late_regret_rm6_tw6
0-61-2-7-6-53-42-44-41-39-38-40-36-35-37-43-1-4-46-5-3-45-8-10-9-13-17-14-60-70-55-58-25-48-24-0,463.3389785289364,seed702_explore_lns_start84_mixed_best_rm10_tw6
0-69-65-52-59-64-31-63-51-18-21-23-19-49-22-57-9-10-11-15-16-47-14-12-53-60-6-8-46-4-3-1-68-54-37-35-43-70-55-0,463.35579012282324,seed702_explore_lns_start7_mixed_best_rm25_tw10
0-64-19-21-23-59-65-67-62-33-31-29-27-30-28-26-32-34-50-63-51-20-49-18-24-22-57-17-58-25-48-56-66-0,463.5549387739283,seed604_lns_start60_mixed_random_best_rm8_tw15
0-30-31-61-2-6-8-45-5-44-42-41-39-38-40-36-35-37-1-3-4-46-7-60-53-9-10-14-17-13-58-25-20-48-24-66-0,463.6102733724707,seed702_explore_lns_start78_late_best_rm25_tw6
0-2-42-44-36-38-39-40-41-45-8-7-61-34-27-26-28-30-32-50-67-56-66-49-48-25-24-20-58-17-0,463.92214678551545,seed702_explore_lns_start12_random_best_rm15_tw6
0-2-45-5-42-44-39-38-36-40-41-61-69-53-12-11-15-14-47-17-16-13-9-10-60-7-6-8-46-4-3-1-43-35-37-32-54-68-70-55-0,463.9403937790133,seed601_lns_start60_late_random_best_rm6_tw12
0-59-45-5-2-7-61-42-44-40-36-38-39-41-67-62-34-27-29-31-26-28-30-32-33-50-63-20-49-48-25-58-24-56-66-0,463.94875787820763,seed702_explore_lns_start14_late_best_rm20_tw10
0-69-65-64-31-29-28-51-18-21-23-19-22-57-52-59-9-13-15-16-17-47-14-11-10-12-53-8-5-46-4-3-1-43-35-37-54-68-70-60-55-0,464.0869369226372,seed603_lns_start14_late_best_rm4_tw6
0-62-42-44-38-61-64-63-33-30-28-27-29-31-34-50-67-56-51-18-48-19-21-23-25-49-20-22-57-10-17-13-59-58-24-66-0,464.09577267834624,seed603_lns_start17_random_regret_rm8_tw15
0-30-31-42-44-40-36-38-39-41-61-2-45-8-7-60-53-55-70-1-3-5-4-46-6-17-10-9-13-58-25-48-20-24-66-68-0,464.4154643955595,seed701_explore_lns_start79_mixed_random_best_rm25_tw10
0-2-42-44-7-61-36-38-39-40-41-34-33-30-28-26-27-32-50-56-66-24-20-49-48-25-58-59-13-17-0,464.5844700074132,seed601_lns_start7_late_regret_rm8_tw15
0-69-65-52-11-15-16-47-12-53-7-6-2-45-42-41-40-39-38-36-37-35-43-1-3-5-8-46-4-70-54-34-26-32-50-68-55-60-0,464.59737314875423,seed607_lns_start43_random_random_best_rm6_tw6
0-31-61-42-44-39-40-36-38-41-45-7-2-56-50-34-29-27-26-28-30-32-33-63-20-49-58-25-48-24-66-0,464.6747101102288,seed701_explore_lns_start14_random_best_rm25_tw6
0-69-42-44-45-5-2-7-61-40-36-38-39-41-67-62-29-50-34-33-26-27-32-63-20-49-48-25-58-24-56-66-0,464.79884921734765,seed701_explore_lns_start14_late_regret_rm10_tw8
0-65-52-23-21-19-64-67-62-31-29-27-30-63-33-28-26-34-32-50-56-51-20-22-49-18-48-25-24-57-58-13-10-66-0,465.208911527816,seed601_lns_start23_mixed_regret_rm6_tw6
0-2-5-45-61-44-42-39-38-36-40-41-67-62-31-30-33-50-28-26-27-29-34-32-63-51-18-48-49-20-22-24-25-58-66-56-68-54-0,465.3127974811746,seed606_lns_start36_late_best_rm8_tw6
0-2-45-5-44-42-39-38-61-69-53-9-11-15-16-47-14-12-60-6-7-8-46-4-3-1-43-40-36-35-37-41-54-68-70-55-10-17-13-58-0,465.33847124082297,seed606_lns_start63_late_best_rm8_tw15_guarded
0-61-42-44-36-38-39-40-41-45-2-34-27-26-30-32-33-50-67-62-20-49-24-14-17-59-58-25-48-66-56-0,465.40356252016977,seed702_explore_lns_start11_random_best_rm25_tw8
0-69-65-21-52-9-11-15-16-47-14-12-53-7-6-2-8-46-45-5-3-1-43-40-38-35-37-41-26-32-34-54-68-55-60-4-70-0,465.40554624886045,seed701_explore_lns_start18_random_best_rm20_tw15
0-69-65-64-52-15-16-47-14-12-11-9-53-7-8-6-2-70-3-1-45-46-4-43-39-40-36-35-37-38-41-54-34-32-26-68-55-60-0,465.661537487639,seed607_lns_start18_random_best_rm8_tw12
0-67-30-31-36-40-38-39-41-42-44-2-6-7-8-46-45-4-5-3-1-70-61-68-55-53-17-10-9-13-58-25-48-24-20-56-66-60-0,465.6895355998579,seed701_explore_lns_start79_late_best_rm25_tw15
0-2-5-42-44-36-38-39-40-41-7-61-67-33-28-26-27-31-32-34-50-56-66-20-24-49-48-25-58-59-13-17-0,465.73033020923106,seed601_lns_start0_late_random_best_rm4_tw10
0-42-39-38-36-44-5-45-7-8-2-41-34-31-27-26-30-33-32-50-49-20-18-48-25-24-58-59-13-17-60-66-56-0,465.7558325240309,seed701_explore_lns_start24_late_regret_rm15_tw15
0-61-42-44-39-38-36-40-41-45-7-6-2-67-62-50-31-34-29-26-28-32-33-49-48-25-58-24-20-66-56-35-0,465.7679692521359,seed702_explore_lns_start14_random_best_rm20_tw6
0-64-52-59-15-16-47-14-11-12-9-53-69-2-6-7-8-45-5-70-61-41-38-39-42-44-40-36-35-37-4-46-3-1-43-54-68-55-60-66-0,466.03148877532976,seed702_explore_lns_start23_late_regret_rm25_tw15
0-69-65-64-62-27-28-30-63-51-18-21-23-19-22-57-52-59-9-15-16-47-14-12-11-10-53-6-4-3-5-46-8-1-60-55-70-43-35-37-54-68-0,466.15004987665947,seed701_explore_lns_start9_mixed_best_rm25_tw8
0-15-47-16-7-2-42-44-40-36-38-39-41-62-30-29-31-27-26-28-32-34-50-66-24-20-49-48-25-58-59-13-17-56-0,466.17051825562464,seed702_explore_lns_start3_late_best_rm25_tw12
0-64-65-69-12-14-47-16-15-11-59-52-57-22-23-21-18-19-49-51-63-62-33-32-30-26-27-29-34-50-56-9-10-43-35-37-54-0,466.2066766608167,seed702_explore_lns_start87_random_best_rm15_tw6
0-69-65-64-28-63-51-19-23-21-18-22-57-52-59-9-15-16-47-14-11-12-10-53-55-70-6-8-45-46-60-4-3-1-43-35-37-54-68-0,466.30233275864674,seed601_lns_start4_random_best_rm8_tw6
0-42-44-39-38-61-69-9-11-15-16-47-14-12-53-2-6-7-8-46-4-45-5-3-1-43-40-36-35-37-41-54-60-10-25-66-68-70-55-0,466.31346511663645,seed702_explore_lns_start63_random_best_rm20_tw15
0-69-65-64-31-29-28-30-63-51-18-21-23-19-22-57-52-59-9-13-15-16-17-47-14-11-10-12-53-6-4-5-8-46-3-1-43-35-37-54-68-70-60-55-0,466.5232927239087,seed601_lns_start14_mixed_random_best_rm8_tw10
0-30-29-41-39-38-36-40-44-42-5-45-2-6-7-8-46-4-3-1-70-61-68-55-60-53-10-9-13-17-66-24-20-48-25-58-0,466.6522503960981,seed702_explore_lns_start84_late_random_best_rm20_tw12
0-69-65-64-31-29-27-28-30-51-18-21-23-19-22-57-52-59-9-13-15-16-17-47-14-11-10-12-53-6-4-5-46-3-1-43-35-37-54-68-70-60-55-0,466.68518369805304,seed605_lns_start14_mixed_best_rm8_tw10
0-61-42-44-39-38-40-5-8-7-9-53-2-6-46-45-4-3-1-43-36-35-37-41-54-68-70-55-60-17-10-13-58-25-48-0,466.7568024147292,seed701_explore_lns_start86_late_regret_rm10_tw12
0-2-5-42-44-7-61-36-38-39-40-41-34-29-27-26-28-32-50-67-56-66-24-20-49-48-25-58-59-13-17-0,466.7788981857001,seed601_lns_start0_late_random_best_rm5_tw6
0-2-42-44-38-61-69-59-9-11-15-16-47-14-12-53-7-6-8-46-4-45-5-3-1-41-40-39-37-35-36-43-54-68-70-55-60-13-0,466.8774150503596,seed604_lns_start23_mixed_regret_rm5_tw10
0-65-52-59-23-21-51-18-19-22-64-57-9-11-16-14-12-60-6-4-3-46-8-47-17-13-10-53-55-70-1-43-35-37-54-68-0,466.9699712498681,seed702_explore_lns_start14_late_random_best_rm20_tw8
0-65-69-12-47-15-16-11-59-52-64-57-22-23-21-18-19-49-51-63-27-29-31-34-67-62-50-28-32-33-26-54-37-35-43-55-0,466.99783581341774,seed702_explore_lns_start72_late_random_best_rm25_tw10
0-69-65-64-31-29-27-28-30-51-18-21-23-19-22-57-52-59-9-13-15-16-17-47-14-11-10-12-53-8-6-46-3-1-43-35-37-54-68-70-60-55-0,467.0797462221515,seed606_lns_start14_mixed_random_best_rm8_tw15
0-2-61-7-42-44-40-36-38-39-41-62-33-30-28-26-27-29-31-32-34-50-66-24-20-49-48-25-58-59-13-17-56-0,467.2241471109023,seed604_lns_start2_random_regret_rm6_tw12
0-2-45-5-44-36-38-39-61-69-52-59-9-11-15-16-47-14-12-53-60-7-6-8-46-4-42-43-40-35-37-41-1-3-70-55-68-54-66-0,467.2789235474531,seed701_explore_lns_start23_mixed_random_best_rm25_tw10
0-69-65-64-62-67-31-29-28-33-63-51-18-21-23-19-22-57-52-9-15-16-47-14-11-10-12-53-68-6-8-4-5-3-1-43-35-37-54-70-60-55-0,467.3455123503701,seed702_explore_lns_start13_mixed_random_best_rm25_tw6
0-61-42-44-36-40-38-39-41-45-6-7-46-8-5-3-1-2-4-43-35-37-54-70-55-53-9-10-17-13-58-25-48-24-60-68-0,467.4304331365817,seed601_lns_start86_late_random_best_rm5_tw6
0-2-5-61-67-33-30-28-27-29-31-36-40-38-41-44-1-3-45-4-46-8-7-6-60-17-13-10-55-70-43-35-37-54-68-0,467.454090707203,seed608_lns_start16_mixed_random_best_rm8_tw6
0-29-31-67-61-41-38-36-40-39-42-70-2-45-5-3-43-44-8-7-6-60-53-17-10-9-13-58-25-48-24-20-56-66-0,467.5265768047561,seed701_explore_lns_start85_late_regret_rm25_tw8
0-59-2-7-45-61-42-44-39-38-36-40-41-31-34-27-28-26-29-30-32-50-62-56-66-24-20-49-48-25-58-13-17-0,467.55165031644015,seed702_explore_lns_start3_random_random_best_rm15_tw12
0-65-52-59-23-21-18-19-64-67-62-33-32-31-29-28-30-26-27-34-63-51-22-49-20-24-57-66-56-50-48-25-13-17-0,467.5632027052892,seed608_lns_start63_mixed_random_best_rm6_tw12
0-65-64-62-31-29-28-63-51-18-21-23-19-22-57-52-9-15-16-47-12-11-10-53-60-6-7-8-46-4-5-3-45-1-43-35-37-54-68-70-55-17-0,467.619879633098,seed701_explore_lns_start7_mixed_random_best_rm25_tw6
0-61-42-39-38-36-40-44-41-2-6-7-46-45-8-5-3-1-43-35-37-54-68-55-53-10-9-13-17-14-58-25-48-24-60-4-70-0,467.6556959028699,seed608_lns_start81_mixed_best_rm6_tw10
0-2-5-16-15-12-7-61-39-38-36-40-44-42-41-34-29-26-28-32-50-62-56-66-24-20-49-48-25-58-59-13-17-0,467.85730351153666,seed702_explore_lns_start5_late_regret_rm20_tw12
0-61-42-44-36-40-38-39-41-2-6-7-50-34-27-26-28-32-33-59-58-25-48-49-20-24-17-66-56-0,467.98306325922727,seed701_explore_lns_start1_mixed_regret_rm15_tw6
0-69-65-64-31-29-27-28-30-51-18-21-23-19-22-57-52-59-9-13-15-16-17-47-14-11-10-12-53-8-6-46-4-3-1-43-35-37-54-68-70-60-55-0,468.0617867918532,seed604_lns_start14_mixed_regret_rm6_tw15
0-2-5-45-61-67-33-30-28-27-29-41-38-36-40-39-44-42-1-3-4-46-8-7-6-60-17-13-10-55-70-43-35-37-54-68-0,468.1185228206758,seed607_lns_start16_mixed_random_best_rm8_tw6
0-69-65-64-62-31-63-51-18-21-23-19-22-57-52-9-11-15-16-17-47-14-12-10-53-60-6-8-46-4-45-1-3-43-37-35-54-68-70-55-13-0,468.3532746627091,seed701_explore_lns_start8_mixed_regret_rm15_tw15
0-2-5-45-61-33-30-28-27-29-31-41-38-36-40-39-44-42-1-3-4-46-8-7-6-60-17-13-10-55-70-43-35-37-54-68-0,468.6106914635716,seed603_lns_start16_mixed_random_best_rm6_tw6
0-65-69-12-14-47-16-15-11-59-52-57-64-22-23-21-18-19-49-51-63-62-67-33-32-30-31-29-27-26-28-34-50-48-17-60-4-55-0,468.760163177416,seed702_explore_lns_start89_mixed_best_rm15_tw6
0-59-14-2-61-42-44-36-40-39-38-41-50-34-31-29-27-26-28-30-32-33-20-24-25-48-49-56-66-58-13-0,468.76578987012925,seed702_explore_lns_start2_mixed_best_rm25_tw8
0-2-5-45-61-67-33-30-28-27-31-41-38-36-40-39-44-42-1-3-4-46-8-7-6-60-17-13-10-55-70-43-35-37-54-68-0,468.89352892121303,seed702_explore_lns_start16_mixed_random_best_rm10_tw8
0-65-59-11-16-12-7-45-2-61-42-44-40-36-38-39-41-67-62-50-34-31-29-32-28-26-33-63-49-20-56-24-48-25-58-66-0,468.93522728612874,seed702_explore_lns_start14_late_regret_rm25_tw8
0-59-2-45-7-61-42-41-39-38-36-40-44-33-32-30-28-26-27-29-34-50-62-56-66-20-49-48-25-24-58-13-0,469.153624414847,seed702_explore_lns_start6_random_best_rm20_tw6
0-61-42-44-36-40-38-39-41-5-7-2-67-34-32-30-26-29-50-62-56-66-24-49-59-58-25-48-20-13-17-0,469.2845148897045,seed702_explore_lns_start1_random_random_best_rm25_tw12
0-2-44-7-61-39-36-38-40-42-41-34-33-30-31-29-27-26-28-32-50-56-66-20-24-49-48-25-58-13-17-0,469.3504594940274,seed701_explore_lns_start4_mixed_best_rm25_tw15
0-59-47-16-2-61-39-38-36-40-44-42-41-67-62-33-32-27-26-29-31-34-50-56-66-24-20-49-48-25-58-13-17-0,469.5054754820675,seed701_explore_lns_start2_random_random_best_rm25_tw15
0-65-69-12-14-47-16-15-11-9-23-21-18-19-52-53-60-7-6-2-8-46-4-45-5-3-43-41-39-37-35-34-32-54-68-70-1-55-0,469.7170705705697,seed701_explore_lns_start17_late_best_rm25_tw15
0-65-69-12-14-47-15-16-11-59-52-57-64-22-23-21-18-19-49-51-63-62-67-34-31-30-28-26-27-32-33-50-54-37-35-43-70-55-17-0,469.73186295053495,seed702_explore_lns_start76_late_random_best_rm25_tw6
0-62-33-28-27-36-39-42-44-38-40-41-45-7-2-61-67-50-32-30-26-29-31-34-56-20-49-48-25-58-24-66-0,469.79504251864665,seed701_explore_lns_start14_random_random_best_rm15_tw6
0-69-65-64-31-28-30-63-51-18-21-23-19-22-57-52-59-9-11-10-13-15-16-17-47-14-12-53-6-8-46-4-5-3-1-70-68-54-37-35-43-60-55-0,469.8591188345747,seed702_explore_lns_start14_mixed_random_best_rm10_tw15
0-2-45-61-39-38-36-40-44-42-41-46-7-34-27-26-33-32-50-56-24-20-49-48-25-58-59-13-17-66-0,470.0891623834979,seed701_explore_lns_start12_mixed_best_rm20_tw15
0-62-2-7-45-42-44-36-38-39-40-41-61-67-31-29-27-26-32-34-50-20-24-49-48-25-58-59-13-17-66-56-0,470.4945248941664,seed701_explore_lns_start0_late_best_rm10_tw6
0-69-65-52-19-21-23-59-15-16-47-14-12-11-9-53-70-2-5-3-1-45-46-8-7-6-4-40-42-43-36-35-37-34-32-26-54-55-68-0,470.9675551777629,seed701_explore_lns_start19_mixed_random_best_rm20_tw12
0-69-65-11-12-14-47-16-15-59-52-57-64-22-23-21-18-19-49-51-63-32-29-31-34-67-62-33-28-26-50-54-37-35-43-4-60-55-0,471.18496513976237,seed702_explore_lns_start78_late_random_best_rm25_tw8
0-69-65-64-23-21-19-51-52-9-11-15-16-47-14-12-53-7-6-2-8-46-4-45-5-3-1-43-42-39-36-35-37-26-32-34-68-55-60-70-0,471.2124559014475,seed701_explore_lns_start18_mixed_best_rm25_tw8
0-42-44-69-12-14-47-16-15-11-9-59-52-53-6-7-8-46-45-5-3-2-70-61-43-40-36-38-41-39-37-35-26-32-34-50-54-68-55-0,471.85892661774864,seed701_explore_lns_start67_mixed_random_best_rm15_tw12
0-2-61-38-36-40-39-41-42-44-5-8-7-12-11-59-66-56-50-34-27-26-32-20-49-24-48-25-58-13-0,472.108947226404,seed702_explore_lns_start2_mixed_random_best_rm25_tw8
0-42-36-44-5-45-2-7-61-40-39-38-41-31-29-27-26-28-30-32-33-67-56-62-50-34-20-24-49-48-25-58-66-0,472.2130511216435,seed701_explore_lns_start14_mixed_best_rm20_tw10
0-69-65-64-30-29-67-51-18-21-23-19-22-57-52-9-15-16-17-47-14-13-11-10-12-53-6-8-46-4-5-3-1-70-68-54-37-35-43-60-55-0,472.31366327987575,seed702_explore_lns_start14_mixed_best_rm15_tw15
0-69-65-64-33-63-51-57-22-23-21-18-19-49-52-9-13-11-15-16-17-47-14-12-10-53-6-8-46-3-1-4-70-68-54-37-35-43-60-55-0,472.45192828763084,seed702_explore_lns_start6_mixed_random_best_rm25_tw8
0-65-69-12-14-47-15-16-11-59-52-64-22-23-21-18-19-49-51-63-34-29-26-28-30-32-67-62-50-33-56-57-54-37-35-43-0,472.7664813070322,seed702_explore_lns_start82_late_random_best_rm20_tw6
0-62-31-29-27-28-30-42-44-40-36-38-39-41-61-2-7-17-13-59-58-25-48-49-20-32-26-34-50-56-24-66-0,472.93107140113386,seed701_explore_lns_start13_late_random_best_rm20_tw6
0-42-69-65-52-11-9-15-16-47-14-12-53-70-2-3-1-5-45-4-46-8-7-6-60-41-43-36-35-37-34-32-26-54-68-55-0,473.15287342226094,seed702_explore_lns_start18_mixed_random_best_rm10_tw6
0-64-69-2-5-45-61-44-42-39-36-38-40-41-67-31-34-62-33-32-30-28-26-27-29-50-63-51-49-22-24-20-48-25-58-66-56-0,473.51910697523226,seed702_explore_lns_start36_late_best_rm20_tw12
0-45-2-69-65-52-9-11-15-16-47-14-12-53-1-3-5-4-46-8-7-6-41-42-39-40-43-35-37-26-32-34-54-68-70-60-55-0,473.7182341271774,seed702_explore_lns_start18_mixed_best_rm20_tw15
0-65-69-12-14-47-15-16-11-59-52-64-22-23-21-18-19-49-51-63-34-29-26-28-30-32-67-62-50-33-56-57-54-37-35-43-68-0,473.8423752519392,seed702_explore_lns_start79_late_best_rm20_tw12
0-69-65-64-67-29-30-51-18-21-23-19-22-57-52-59-9-13-15-16-17-47-14-12-11-10-58-53-60-6-46-4-3-1-43-35-37-70-68-55-0,474.0636870250705,seed702_explore_lns_start14_random_best_rm25_tw8
0-62-28-67-42-44-36-40-38-39-41-61-2-45-8-7-56-50-34-27-26-32-33-63-49-48-25-58-24-20-66-0,474.20202980571406,seed701_explore_lns_start14_mixed_regret_rm15_tw15
0-61-42-44-36-40-38-39-41-5-7-2-34-31-29-27-26-32-50-62-56-20-49-24-58-59-13-17-66-48-25-0,474.2766831482014,seed701_explore_lns_start9_random_best_rm25_tw8
0-65-69-12-47-16-15-11-59-52-57-22-23-21-18-19-49-64-51-63-62-50-34-32-30-31-29-27-26-28-33-20-56-66-43-1-4-60-55-0,474.2944894327344,seed702_explore_lns_start86_mixed_regret_rm25_tw8
0-69-65-52-11-15-16-47-14-12-7-5-44-39-38-41-61-70-53-2-6-8-46-4-45-3-1-42-43-40-36-35-37-34-26-32-50-54-68-55-0,474.3673683361887,seed702_explore_lns_start53_random_regret_rm20_tw10
0-69-65-11-15-16-47-12-52-23-21-18-19-64-51-63-33-30-28-26-27-31-34-32-50-62-56-49-22-58-59-57-43-35-37-54-0,474.54498337051325,seed702_explore_lns_start81_random_random_best_rm25_tw10
0-36-38-39-42-69-65-52-9-11-15-16-47-14-12-53-7-6-2-8-46-4-45-5-3-1-43-40-35-37-41-34-26-32-50-54-68-70-60-55-0,474.5495424020643,seed702_explore_lns_start18_mixed_random_best_rm10_tw15
0-2-45-5-61-7-42-39-38-36-40-44-41-67-62-50-34-30-32-29-31-27-26-33-56-20-24-49-48-25-58-59-17-13-66-0,474.704806246971,seed701_explore_lns_start4_random_random_best_rm15_tw15
0-65-69-12-47-16-15-11-59-52-57-64-22-23-21-18-19-49-51-62-67-50-34-27-26-28-32-33-63-56-54-37-35-43-17-0,475.4533877340807,seed702_explore_lns_start73_late_best_rm20_tw6
0-69-65-64-62-27-51-23-21-18-19-22-57-52-59-9-16-13-15-17-47-14-12-11-10-53-7-6-8-46-4-3-1-43-35-37-54-68-70-60-55-0,475.49119058291933,seed702_explore_lns_start14_random_random_best_rm20_tw10
0-61-42-44-36-40-38-39-41-2-6-7-50-34-31-30-32-29-27-26-28-33-49-24-48-25-58-59-20-56-66-13-17-0,476.3017864685986,seed702_explore_lns_start0_mixed_best_rm25_tw8
0-42-44-5-45-2-7-61-40-36-38-39-41-67-50-34-27-26-28-32-62-56-24-49-63-20-48-25-58-66-54-0,476.7855944806262,seed701_explore_lns_start14_mixed_random_best_rm25_tw10
0-67-31-41-39-38-36-40-44-42-45-3-5-8-46-4-7-6-2-70-61-68-55-60-53-9-10-14-17-13-58-24-20-66-56-48-25-0,476.7993592304749,seed702_explore_lns_start88_mixed_best_rm25_tw15
0-2-42-44-61-7-38-36-40-39-41-67-62-33-30-28-26-27-29-31-32-34-50-56-20-24-49-48-25-58-59-13-17-66-0,477.4374284136366,seed701_explore_lns_start11_random_best_rm10_tw8
0-62-67-38-39-42-44-61-53-2-6-7-8-46-45-5-3-1-43-40-36-35-37-41-54-70-14-9-13-66-24-20-48-25-58-0,477.44201651582756,seed701_explore_lns_start72_random_best_rm25_tw6
0-65-69-12-11-47-16-15-59-52-64-57-22-23-21-18-19-49-51-63-34-29-26-28-30-32-67-62-50-33-54-37-35-43-1-60-0,477.64258867197685,seed702_explore_lns_start89_late_random_best_rm25_tw12
0-69-30-28-27-29-31-41-39-38-36-40-44-42-61-1-3-5-45-46-8-4-2-6-7-60-53-10-58-13-17-55-70-43-35-37-68-0,477.9202677124515,seed702_explore_lns_start22_mixed_random_best_rm20_tw10
0-31-29-61-45-5-8-7-6-2-41-42-44-39-38-40-36-35-37-1-3-4-46-60-53-17-10-9-13-58-25-48-20-24-55-0,477.9692971690244,seed702_explore_lns_start87_late_best_rm20_tw10
0-69-65-52-19-21-23-59-15-16-47-14-12-11-9-53-2-6-7-8-46-4-5-3-45-1-43-40-36-35-39-41-37-26-32-34-54-68-70-60-55-0,477.99084641343796,seed702_explore_lns_start18_mixed_best_rm20_tw8
0-61-42-44-39-38-36-40-41-45-7-2-67-50-34-32-28-26-33-56-24-20-49-58-59-17-66-48-25-0,478.07435351533513,seed701_explore_lns_start7_mixed_best_rm25_tw15
0-2-5-16-7-61-39-38-36-40-44-42-41-34-30-28-26-27-29-32-50-67-56-66-24-20-49-48-25-58-13-17-0,478.12762924384083,seed702_explore_lns_start6_mixed_regret_rm15_tw6
0-2-45-5-61-7-42-44-36-38-39-40-41-30-26-32-29-31-34-50-67-66-24-20-49-48-25-58-59-13-17-56-0,478.5956599118314,seed701_explore_lns_start13_late_best_rm10_tw15
0-65-69-12-47-15-16-11-59-52-57-64-22-23-21-18-19-49-51-63-62-67-31-29-28-30-32-33-26-27-34-50-56-66-17-60-4-55-54-0,478.7716211137597,seed702_explore_lns_start83_mixed_best_rm25_tw10
0-64-2-44-39-38-36-40-42-61-69-53-12-14-47-16-15-9-11-10-60-7-6-8-46-4-45-5-3-1-43-35-37-41-54-68-55-70-17-13-0,478.9330741698991,seed702_explore_lns_start60_late_random_best_rm15_tw6
0-65-69-12-47-16-15-11-59-52-57-64-22-19-23-21-18-49-63-33-32-30-28-26-31-34-50-62-51-54-37-35-43-1-4-60-13-0,479.5912914935647,seed701_explore_lns_start73_late_regret_rm25_tw15
0-65-64-69-12-14-15-16-47-11-9-52-57-53-2-6-7-8-46-5-3-45-4-1-42-43-36-41-39-40-35-37-26-32-34-68-70-60-55-0,479.6795852335034,seed702_explore_lns_start17_random_regret_rm25_tw12
0-45-2-7-61-42-44-40-36-38-39-41-29-27-26-28-30-31-34-67-50-32-48-49-20-56-66-24-25-58-54-0,480.07289871814146,seed702_explore_lns_start14_random_best_rm20_tw6
0-62-29-27-36-38-39-40-44-42-41-45-8-7-2-61-34-31-50-32-26-28-33-49-48-25-58-24-20-56-66-0,480.3487391695632,seed701_explore_lns_start14_random_regret_rm25_tw6
0-62-31-29-30-27-36-40-38-39-44-42-41-61-2-6-7-17-16-13-59-58-25-23-48-49-32-26-34-50-56-66-20-24-0,480.69966511205195,seed701_explore_lns_start10_mixed_regret_rm20_tw12
0-65-69-12-47-16-15-11-59-52-57-64-22-23-21-18-19-49-51-63-62-67-50-33-32-30-27-26-28-34-37-35-43-54-56-58-0,480.9779397136435,seed701_explore_lns_start88_late_random_best_rm20_tw6
0-69-23-19-52-12-14-47-16-15-11-9-53-6-2-45-5-3-46-8-7-70-61-42-44-40-38-39-43-36-35-37-41-26-32-54-68-55-66-0,481.74855946452743,seed702_explore_lns_start67_random_random_best_rm25_tw15
0-2-5-42-44-7-61-36-38-40-39-41-67-62-50-34-31-29-27-26-28-32-56-66-24-20-49-48-25-58-59-17-13-0,481.82787417086263,seed701_explore_lns_start4_mixed_random_best_rm20_tw15
0-29-27-28-65-52-11-15-16-47-12-53-69-2-6-7-8-46-45-4-5-3-1-43-42-41-38-40-36-35-37-34-26-32-50-54-68-70-55-0,482.1210784422757,seed702_explore_lns_start40_mixed_random_best_rm15_tw12
0-69-65-64-31-29-27-28-30-51-18-21-23-19-22-57-52-59-9-15-16-17-47-14-11-10-12-8-60-53-55-46-4-3-1-43-35-37-54-70-68-0,482.61733554475774,seed701_explore_lns_start14_mixed_random_best_rm20_tw12
0-69-65-64-19-21-23-52-15-16-47-14-12-11-9-53-7-6-46-45-5-3-8-2-70-41-40-38-37-35-36-43-1-4-60-55-68-54-32-0,482.7140907704513,seed702_explore_lns_start19_mixed_regret_rm20_tw8
0-65-52-69-61-44-39-38-36-40-42-53-9-11-15-16-47-14-12-60-7-6-2-8-46-4-45-5-3-1-43-41-37-35-26-32-50-54-68-70-55-0,482.7319698672925,seed701_explore_lns_start18_late_regret_rm10_tw12
0-65-69-12-47-16-15-11-59-52-57-64-22-23-21-18-19-49-51-63-62-67-34-29-30-28-26-33-32-50-56-54-37-35-43-60-17-0,482.85534714919766,seed701_explore_lns_start83_mixed_regret_rm20_tw12
0-11-14-61-39-38-36-40-44-42-7-2-41-34-31-27-26-28-32-50-56-66-24-20-49-48-25-58-59-10-17-13-0,482.99448007737,seed701_explore_lns_start3_mixed_best_rm20_tw15
0-65-21-23-52-11-15-16-47-12-53-69-2-6-7-8-45-5-3-1-46-4-42-41-38-35-36-40-37-34-26-32-50-54-68-55-70-43-0,483.11356103613883,seed702_explore_lns_start55_late_best_rm10_tw15
0-69-65-52-15-16-47-14-12-11-9-53-2-42-41-38-40-1-3-5-45-4-46-8-7-6-43-36-35-37-34-26-32-50-54-68-70-60-55-0,483.5695982988022,seed702_explore_lns_start17_late_random_best_rm10_tw12
0-69-12-47-16-15-11-59-52-65-57-23-21-18-19-22-64-67-50-34-29-31-27-26-28-30-32-33-63-51-48-25-49-20-56-54-35-43-1-4-0,483.59490710337747,seed702_explore_lns_start75_random_best_rm25_tw15
0-61-39-38-36-40-44-42-41-45-46-7-2-34-27-28-26-33-32-50-56-20-49-48-25-58-59-66-24-13-17-0,483.6307644766837,seed701_explore_lns_start10_mixed_best_rm25_tw10
0-69-2-42-44-39-38-61-65-52-59-9-11-15-16-47-14-12-53-60-7-6-8-46-4-45-5-3-1-43-40-36-35-37-41-26-32-34-54-68-55-70-0,483.74103871465,seed702_explore_lns_start17_late_best_rm25_tw12
0-30-31-41-39-38-36-40-44-42-61-70-1-3-5-45-4-6-7-8-46-2-55-53-14-47-17-60-10-13-58-24-20-56-66-48-25-0,483.8705083884521,seed702_explore_lns_start70_late_random_best_rm25_tw15
0-2-42-44-36-40-38-39-41-5-45-7-61-34-27-26-31-28-32-33-50-56-66-17-13-59-58-24-20-48-25-0,484.68275928131607,seed701_explore_lns_start13_mixed_best_rm25_tw8
0-2-45-5-61-7-39-36-38-40-44-42-41-67-62-33-32-30-28-26-31-34-50-66-24-20-49-48-25-58-59-17-56-0,484.9183186070878,seed702_explore_lns_start8_mixed_regret_rm10_tw10
0-67-30-29-31-61-2-6-7-8-45-5-42-41-39-38-37-35-36-40-43-44-68-55-53-46-3-1-60-17-10-13-58-25-48-24-0,485.19282402536874,seed701_explore_lns_start82_late_regret_rm25_tw6
0-65-69-12-14-47-15-16-11-59-52-57-64-22-23-21-18-19-49-51-63-31-29-27-28-30-67-62-50-33-26-32-34-35-54-68-70-1-55-0,485.37359037897517,seed702_explore_lns_start81_late_best_rm25_tw15
0-2-42-44-36-40-38-39-41-61-45-7-12-59-66-32-30-26-27-34-50-56-20-49-24-48-25-58-13-0,486.23641035815115,seed701_explore_lns_start2_mixed_best_rm25_tw8
0-69-62-52-59-11-12-14-47-16-15-9-53-61-41-39-38-36-40-44-42-2-60-7-6-8-46-4-45-5-3-1-43-35-37-54-66-68-70-55-0,486.3345741093859,seed702_explore_lns_start23_random_best_rm15_tw10
0-64-65-14-12-47-16-15-11-9-59-52-57-22-19-18-21-25-23-48-49-20-51-63-62-67-33-26-32-34-50-56-66-24-58-1-55-0,486.7978837048101,seed701_explore_lns_start22_mixed_best_rm25_tw8
0-2-47-16-7-61-42-44-40-36-38-39-41-67-62-32-30-26-27-34-50-66-24-20-49-48-25-58-59-13-17-56-0,487.26970425050945,seed702_explore_lns_start1_late_best_rm20_tw15
0-69-65-64-19-23-52-59-9-11-15-16-47-14-12-53-6-1-3-5-45-4-46-8-7-2-42-38-43-35-37-41-26-32-34-54-68-70-60-55-0,487.4481308188298,seed701_explore_lns_start17_mixed_regret_rm20_tw15
0-33-28-27-29-30-31-67-41-39-38-36-40-44-42-61-2-8-7-17-16-13-59-58-25-48-18-49-24-22-20-32-26-34-50-56-66-0,487.8504153818192,seed701_explore_lns_start11_late_random_best_rm20_tw12
0-2-42-44-61-7-38-36-40-39-41-67-62-50-33-32-30-28-27-29-26-31-34-20-24-49-48-25-58-13-17-66-56-0,488.0782971193295,seed701_explore_lns_start3_random_regret_rm10_tw10
0-69-12-15-16-47-14-11-59-9-52-65-53-2-46-6-7-8-4-45-5-3-1-70-43-40-35-37-41-34-26-32-50-54-68-55-60-13-0,488.3256397280281,seed702_explore_lns_start19_mixed_best_rm20_tw12
0-2-45-5-61-42-39-38-36-40-44-41-8-7-67-62-50-33-28-30-26-27-29-32-34-63-49-24-56-20-48-25-58-66-0,488.4170014915244,seed702_explore_lns_start14_random_best_rm10_tw15
0-65-69-12-14-47-15-16-11-59-52-57-64-22-23-21-18-19-49-51-63-31-29-30-67-62-33-28-26-27-32-34-50-56-20-66-55-4-1-0,488.639319702371,seed701_explore_lns_start75_late_random_best_rm25_tw6
0-62-2-5-7-42-44-36-38-39-40-41-61-67-33-32-31-29-26-34-50-20-24-49-48-25-58-59-13-17-66-56-0,488.8937103825547,seed701_explore_lns_start1_late_random_best_rm10_tw8
0-29-30-33-42-44-40-36-38-39-41-2-6-7-61-34-31-27-26-28-32-50-56-66-24-20-49-48-25-58-13-17-0,489.0048317378116,seed702_explore_lns_start9_mixed_best_rm15_tw15
0-42-44-36-39-38-61-67-62-31-29-27-28-30-33-51-64-24-21-23-19-49-20-22-48-18-63-57-25-58-13-10-17-60-56-0,489.021086386762,seed701_explore_lns_start38_mixed_regret_rm15_tw6
0-62-42-44-36-38-39-40-41-61-45-7-2-67-34-31-27-26-33-32-50-56-66-24-20-49-48-25-59-58-13-17-0,489.0597746969994,seed701_explore_lns_start1_late_best_rm10_tw6
0-2-5-42-44-61-7-36-38-39-40-41-34-30-28-33-26-27-32-50-67-56-66-24-20-49-48-25-58-59-13-17-0,489.64762217043165,seed701_explore_lns_start9_late_regret_rm15_tw10
0-69-2-61-42-44-39-38-36-40-41-45-7-15-16-17-13-59-58-23-49-33-32-27-26-34-50-56-20-24-48-25-66-0,489.6946933395599,seed701_explore_lns_start5_mixed_regret_rm25_tw6
0-62-33-27-38-39-42-44-36-40-41-2-7-61-34-31-29-26-28-32-50-56-66-24-20-49-48-25-58-59-13-17-0,490.12641155054575,seed701_explore_lns_start11_late_best_rm15_tw8
0-64-65-45-12-14-47-16-15-11-9-59-52-57-23-21-18-19-49-20-22-24-66-56-51-63-62-50-33-26-32-34-48-25-58-13-0,490.3005333500084,seed702_explore_lns_start22_random_best_rm25_tw6
0-28-31-42-44-39-38-36-40-41-61-2-7-67-34-29-27-26-32-50-56-66-24-20-49-48-25-58-59-13-17-0,490.36073725025176,seed702_explore_lns_start1_late_best_rm15_tw8
0-42-44-67-62-31-29-27-28-30-33-63-51-18-23-21-19-57-64-56-66-22-49-48-25-58-59-13-14-10-9-24-20-17-60-0,490.656003810312,seed702_explore_lns_start52_late_regret_rm15_tw10
0-65-69-12-47-15-16-11-59-52-57-64-22-23-21-18-19-49-51-63-62-34-31-29-27-28-30-32-50-33-26-56-66-54-37-35-43-1-0,490.844296084026,seed701_explore_lns_start88_random_best_rm15_tw6
0-2-45-5-61-7-42-44-36-38-39-40-41-34-30-27-26-33-28-32-50-62-66-24-20-49-48-25-58-59-13-17-56-0,490.8843223033225,seed701_explore_lns_start3_late_best_rm15_tw8
0-69-2-45-5-7-61-42-44-36-40-38-39-41-67-62-29-34-30-33-26-32-50-56-49-24-59-13-66-20-48-25-58-0,490.9746278789323,seed701_explore_lns_start4_random_regret_rm25_tw6
0-65-69-12-47-16-15-11-59-52-57-64-22-23-21-18-19-49-51-63-56-62-50-31-30-32-33-28-26-27-34-54-37-35-43-1-4-13-0,491.5328226412251,seed702_explore_lns_start73_late_best_rm25_tw8
0-44-42-61-67-64-9-53-2-6-7-8-46-45-5-1-43-39-38-35-36-40-41-56-20-24-48-25-58-13-10-17-60-55-70-68-0,492.0059614585853,seed701_explore_lns_start86_random_random_best_rm15_tw15
0-2-45-5-7-61-42-44-39-38-36-40-41-34-29-26-30-32-33-50-67-53-13-59-49-24-56-66-20-48-25-58-0,492.16059169505934,seed701_explore_lns_start7_mixed_random_best_rm25_tw6
0-2-45-5-42-44-36-38-39-40-41-62-30-28-33-50-34-27-26-32-61-8-7-17-13-59-58-25-48-24-20-56-66-0,492.16954168609465,seed701_explore_lns_start3_mixed_random_best_rm15_tw15
0-39-36-44-42-61-69-59-9-11-15-16-47-14-12-53-2-7-6-8-46-45-5-3-43-40-35-37-38-41-1-70-55-68-54-32-26-0,493.13113853223246,seed702_explore_lns_start15_mixed_best_rm25_tw6
0-39-36-44-61-67-62-31-29-27-28-30-33-63-51-19-23-22-25-48-18-21-49-64-58-9-13-17-14-10-57-24-20-56-66-60-0,493.1898617416351,seed702_explore_lns_start47_mixed_random_best_rm25_tw6
0-2-42-44-40-36-38-39-41-5-8-7-61-34-27-28-26-32-50-56-66-20-49-24-59-58-25-48-13-17-0,493.4662041622257,seed701_explore_lns_start2_late_best_rm10_tw12
0-42-44-36-38-61-67-62-31-29-30-28-33-63-51-18-21-23-20-64-57-22-49-19-25-58-59-9-10-13-17-14-60-66-56-48-24-0,493.70412557580005,seed701_explore_lns_start40_mixed_best_rm20_tw15
0-2-5-16-7-61-42-44-40-36-38-39-41-67-62-50-34-32-28-29-27-26-30-56-20-24-49-48-25-58-59-13-17-66-0,493.8744490162006,seed701_explore_lns_start7_random_random_best_rm10_tw6
0-69-12-47-16-15-14-11-59-9-53-61-44-40-36-38-39-42-1-5-45-4-46-6-7-8-2-3-43-35-37-41-54-70-68-56-24-60-55-0,493.94996474584923,seed702_explore_lns_start23_late_regret_rm15_tw8
0-65-69-12-14-47-15-16-11-59-52-64-57-22-23-21-18-19-49-51-63-31-29-30-67-62-33-28-26-27-32-34-50-54-37-35-43-4-60-0,494.23068111656784,seed702_explore_lns_start80_late_regret_rm25_tw8
0-69-65-59-52-15-16-47-14-12-11-9-53-42-44-41-39-38-36-35-37-40-61-2-6-7-8-46-4-45-5-3-1-43-54-56-17-60-55-70-68-0,494.525735156057,seed701_explore_lns_start23_late_random_best_rm25_tw15
0-39-36-44-42-61-69-59-15-16-47-14-12-11-9-53-7-6-45-5-3-46-8-2-40-41-38-43-37-35-26-32-54-68-70-55-0,494.95136575341286,seed702_explore_lns_start68_late_random_best_rm25_tw6
0-2-42-44-36-38-61-69-59-9-11-15-16-47-14-12-53-60-7-6-8-46-4-45-5-3-1-40-43-39-35-37-41-54-68-70-55-66-58-0,495.50231259845214,seed701_explore_lns_start23_late_regret_rm10_tw10
0-2-45-42-44-36-38-39-40-41-61-7-16-56-62-50-34-26-32-67-20-24-49-48-25-58-59-13-17-66-0,496.51451803802644,seed701_explore_lns_start3_mixed_random_best_rm15_tw12
0-69-64-52-59-15-16-47-14-12-11-9-53-2-6-7-8-46-45-5-3-1-70-61-42-44-43-35-36-40-38-37-39-41-54-68-17-13-10-66-55-4-60-0,496.8086866390832,seed702_explore_lns_start23_late_random_best_rm25_tw10
0-69-65-64-31-29-27-28-33-51-18-21-23-19-22-57-52-59-9-13-15-16-17-47-14-11-10-12-8-5-53-60-46-4-3-1-43-35-37-54-68-70-55-0,496.88349151711344,seed702_explore_lns_start14_mixed_best_rm10_tw6
0-65-69-12-47-16-15-11-59-52-57-64-22-23-21-18-19-49-51-63-62-50-33-32-30-29-27-26-28-34-54-37-35-43-55-17-58-0,497.667035147336,seed701_explore_lns_start73_late_best_rm25_tw8
0-69-65-52-64-42-39-38-36-40-41-53-9-11-15-16-47-14-12-60-7-6-2-8-46-4-45-5-3-1-43-37-35-26-32-34-54-68-55-70-0,498.6114753709668,seed701_explore_lns_start17_late_regret_rm10_tw6
0-69-2-42-44-61-7-5-36-38-39-40-41-67-31-29-27-26-30-32-34-50-66-24-20-49-48-25-58-59-13-17-56-0,498.84933603083675,seed702_explore_lns_start3_late_regret_rm10_tw12
0-2-45-5-39-38-36-44-42-41-61-69-53-12-14-47-16-15-11-9-10-60-7-6-8-46-3-1-43-40-35-37-54-68-70-4-55-66-56-48-24-0,501.42536462874546,seed702_explore_lns_start63_late_best_rm25_tw10
0-2-69-65-23-21-19-51-64-57-52-9-11-15-16-47-14-12-53-60-7-6-8-46-4-45-5-3-1-40-43-39-35-37-41-26-32-54-68-55-70-0,501.92787735081436,seed702_explore_lns_start18_late_best_rm25_tw12
0-42-44-39-36-38-61-2-45-5-7-6-12-67-29-30-33-32-28-26-27-31-34-50-62-56-66-48-49-20-24-25-58-13-17-60-0,502.4588998520153,seed701_explore_lns_start30_random_best_rm25_tw12
0-69-15-47-2-7-61-42-44-36-38-40-39-41-62-31-29-27-26-33-32-34-50-56-66-20-49-48-25-58-59-13-17-24-0,503.14506176679197,seed701_explore_lns_start9_late_random_best_rm15_tw10
0-31-29-61-2-6-7-8-45-5-44-42-41-39-38-36-40-43-1-3-4-46-70-55-53-10-9-66-24-20-48-25-58-13-17-60-0,503.355169821731,seed701_explore_lns_start77_late_regret_rm20_tw6
0-30-29-27-41-39-38-36-40-44-42-5-45-3-1-61-68-70-2-4-46-8-7-6-55-53-14-10-66-24-20-48-25-58-13-17-60-0,503.67872000001233,seed701_explore_lns_start79_late_best_rm25_tw6
0-65-69-12-47-16-15-11-59-52-57-64-22-23-21-18-19-49-51-63-62-67-34-31-29-30-27-26-28-33-32-50-48-20-56-66-68-43-70-60-0,503.7516512503528,seed701_explore_lns_start86_mixed_best_rm15_tw15
0-31-33-30-38-39-42-44-40-36-41-2-7-61-34-29-27-26-28-32-50-56-66-24-20-49-48-25-58-59-13-17-0,504.190335057375,seed702_explore_lns_start7_mixed_best_rm10_tw6
0-65-69-12-14-47-16-15-11-59-52-57-64-22-23-21-18-19-49-51-63-31-29-27-28-30-67-62-50-33-26-32-34-35-37-54-68-55-60-13-0,505.00341312923575,seed702_explore_lns_start89_mixed_random_best_rm20_tw8
0-69-65-64-31-29-28-30-51-18-21-23-19-22-57-52-59-9-13-15-16-17-47-14-11-10-12-8-6-53-46-4-3-1-43-35-37-54-68-70-60-55-0,505.04178881251545,seed702_explore_lns_start14_late_best_rm15_tw10
0-64-31-38-41-42-44-61-2-7-6-8-45-5-3-1-43-40-36-35-37-39-70-68-53-10-9-66-24-20-48-25-58-13-17-0,507.5327392059579,seed701_explore_lns_start85_mixed_best_rm20_tw6
0-62-31-29-27-38-39-44-40-42-5-45-8-7-6-2-67-50-34-26-28-30-32-33-18-48-25-49-20-24-58-59-13-17-60-66-56-0,508.9951662211994,seed701_explore_lns_start25_mixed_regret_rm25_tw10
0-2-45-5-42-61-69-65-52-57-9-11-15-16-47-14-12-53-7-6-8-46-4-3-1-41-38-43-40-35-37-26-32-34-54-68-70-60-55-0,509.2106551465843,seed702_explore_lns_start19_late_best_rm20_tw8
0-2-5-42-44-39-38-36-40-41-61-69-53-12-11-15-14-47-17-16-13-9-10-60-7-6-8-46-45-4-3-1-43-37-35-54-68-70-55-24-48-58-0,509.494844159823,seed702_explore_lns_start60_late_best_rm10_tw8
0-42-44-36-38-61-69-65-57-52-9-11-15-16-47-14-12-53-60-7-6-2-8-46-4-45-5-3-40-39-43-35-37-41-26-32-54-68-55-1-70-0,511.1922967751855,seed701_explore_lns_start18_late_best_rm25_tw8
0-31-29-61-38-44-42-5-45-8-7-2-67-30-32-27-28-26-34-50-62-56-20-24-49-48-25-58-59-13-17-60-66-0,512.0491585105126,seed702_explore_lns_start24_late_best_rm25_tw8
0-69-65-64-67-62-63-51-19-23-21-18-22-57-52-9-15-16-47-14-11-10-12-8-6-46-5-3-4-53-68-54-41-37-35-43-1-70-55-60-17-13-0,512.2817951736058,seed702_explore_lns_start0_random_random_best_rm25_tw6
0-69-65-64-31-29-30-51-18-21-23-19-22-57-52-59-9-13-15-16-17-47-14-11-10-12-53-60-6-8-46-4-3-1-43-35-37-54-68-70-55-25-0,512.4050985753468,seed701_explore_lns_start14_mixed_best_rm10_tw6
0-69-11-2-45-7-61-44-39-38-36-40-42-41-33-34-29-28-27-26-30-32-50-62-56-66-49-20-24-59-58-48-25-13-17-0,514.2960659164347,seed702_explore_lns_start1_random_regret_rm15_tw8
0-63-33-62-67-38-39-36-40-44-42-61-69-53-12-14-47-16-15-11-10-9-13-17-7-6-2-8-45-5-3-1-41-37-35-43-4-46-60-55-68-54-70-0,514.7622457799218,seed701_explore_lns_start60_mixed_best_rm25_tw15
0-69-12-14-47-16-15-11-52-59-9-53-61-2-6-7-8-46-45-5-3-1-70-43-44-42-39-38-35-36-40-37-41-54-34-26-32-58-13-17-0,516.442234608387,seed701_explore_lns_start67_random_regret_rm25_tw10
0-31-29-27-28-30-33-39-38-36-40-44-42-41-61-2-6-7-17-11-13-59-58-23-25-18-48-49-20-24-57-66-56-50-34-26-32-54-0,518.102047897554,seed701_explore_lns_start6_mixed_random_best_rm25_tw15
0-69-2-5-45-61-42-44-39-38-36-40-41-67-31-29-30-50-62-63-51-22-24-49-18-33-28-27-26-32-34-56-66-20-48-25-58-55-0,519.2087210311374,seed701_explore_lns_start36_mixed_best_rm15_tw6
0-65-69-12-15-16-47-14-61-41-44-40-36-38-39-42-8-7-11-9-53-55-2-6-46-4-45-5-3-1-43-35-37-34-26-32-54-68-70-0,519.3851444510478,seed702_explore_lns_start15_mixed_regret_rm20_tw8
0-69-65-64-21-23-52-15-16-47-14-11-9-12-53-7-6-70-2-45-5-3-1-46-8-4-43-40-36-35-37-41-68-54-34-32-26-55-60-0,519.5286738438692,seed702_explore_lns_start18_late_regret_rm10_tw10
0-44-39-38-67-62-31-29-27-28-30-33-63-51-18-21-23-19-49-64-56-57-22-20-9-10-60-14-17-59-58-25-48-24-66-13-0,520.1630363827619,seed701_explore_lns_start39_late_random_best_rm10_tw8
0-69-12-11-47-16-15-59-52-65-64-57-22-23-21-18-19-49-51-63-34-29-32-30-28-26-27-31-33-50-54-68-55-10-58-13-17-60-4-1-0,521.7981651486319,seed702_explore_lns_start83_mixed_best_rm25_tw12
0-69-65-64-19-21-23-52-15-16-47-14-12-11-9-53-7-6-2-3-5-1-43-40-35-37-38-39-41-42-45-46-8-4-70-54-34-26-32-68-55-60-0,522.9321153609983,seed702_explore_lns_start20_mixed_random_best_rm10_tw8
0-69-42-44-39-61-52-59-9-11-15-16-47-14-12-53-46-8-7-6-2-4-45-5-3-1-40-36-38-41-37-35-43-70-68-60-55-54-32-0,526.3753161426571,seed702_explore_lns_start15_random_random_best_rm25_tw8
0-33-28-27-29-30-31-42-44-40-36-38-39-41-61-2-7-17-11-10-13-59-58-25-48-49-20-24-57-66-56-50-34-32-26-37-35-0,526.8140296823432,seed702_explore_lns_start4_mixed_best_rm20_tw8
0-2-45-5-39-38-69-65-52-57-9-11-15-16-47-14-12-53-60-7-6-8-46-4-3-43-40-37-35-36-41-34-26-32-50-54-68-55-1-70-0,528.6970959102645,seed701_explore_lns_start20_late_best_rm20_tw10
0-69-2-12-14-47-16-15-59-9-11-53-61-42-39-41-38-40-36-35-37-44-45-46-8-7-6-4-5-3-1-43-54-26-32-56-68-70-55-60-0,531.9094321059649,seed702_explore_lns_start23_late_regret_rm25_tw15
0-21-64-61-39-38-36-40-44-42-41-69-57-9-12-14-47-16-15-11-10-53-7-6-2-8-46-45-4-5-3-1-43-35-37-54-68-55-70-60-17-0,532.8377996747862,seed701_explore_lns_start63_mixed_best_rm10_tw12
0-62-67-42-44-61-6-7-8-45-5-41-39-38-40-36-35-37-43-2-46-3-1-4-53-10-9-13-17-14-60-55-70-54-24-25-58-0,534.5542002966397,seed701_explore_lns_start83_mixed_best_rm10_tw12
0-62-33-31-29-67-42-44-40-36-38-39-41-2-8-7-61-34-27-28-26-30-32-50-20-49-48-25-58-59-17-24-56-66-0,535.6211642351993,seed701_explore_lns_start8_mixed_regret_rm20_tw8
0-62-31-29-27-28-30-33-67-41-39-38-36-40-44-42-61-2-7-17-10-9-59-58-25-48-49-22-20-32-26-34-50-56-66-24-13-0,537.3577521727487,seed701_explore_lns_start12_mixed_random_best_rm25_tw15
0-69-12-14-47-2-44-42-39-38-36-40-41-61-53-11-15-16-59-58-9-10-60-7-6-8-46-4-45-5-3-1-37-35-43-54-68-55-70-17-13-0,539.4499292488417,seed701_explore_lns_start23_late_regret_rm10_tw10
0-39-36-44-42-61-69-11-15-16-47-14-12-9-53-70-2-3-5-45-46-8-7-6-55-41-38-37-35-40-43-54-56-20-10-13-17-60-4-1-68-0,542.0112875236873,seed701_explore_lns_start63_late_random_best_rm25_tw15
0-2-45-5-42-36-38-39-44-61-69-53-12-14-47-16-15-59-9-11-10-7-6-8-46-4-3-43-40-35-37-41-54-68-1-70-55-60-17-13-24-0,543.8872487333994,seed701_explore_lns_start23_late_best_rm10_tw12
0-2-5-44-36-38-61-69-65-57-52-11-15-16-47-14-12-53-7-6-3-45-46-8-1-42-43-40-39-41-37-35-26-32-34-50-54-68-55-4-70-0,550.5821142468667,seed701_explore_lns_start41_late_best_rm20_tw10
0-2-42-44-36-38-61-69-65-52-9-11-15-16-47-14-12-53-7-6-8-46-4-45-5-3-70-68-40-43-41-39-37-35-26-32-54-55-1-60-0,561.5995288461411,seed701_explore_lns_start20_late_random_best_rm20_tw12
