route,score,source
0-65-50-33-28-26-27-29-31-62-23-64-67-30-32-34-63-51-49-22-20-56-66-12-14-47-17-16-13-59-58-25-21-48-18-19-24-57-0,482.3173935905471,seed602_lns_start62_random_regret_rm8_tw15_guarded
0-65-50-34-31-29-28-26-27-33-62-23-64-67-30-32-63-51-49-20-22-56-66-12-47-17-13-59-58-25-21-48-18-19-24-57-52-0,485.45174132538807,seed606_lns_start62_late_best_rm6_tw10_guarded
0-65-50-34-31-29-28-26-27-33-62-23-64-67-30-32-63-51-49-22-20-56-66-52-47-17-16-13-59-58-25-21-48-18-19-24-57-0,485.9502121419314,seed703_explore_guarded
0-65-50-34-31-29-28-26-27-33-62-23-64-67-30-32-63-51-49-22-24-56-66-57-52-17-13-59-58-25-21-48-18-19-20-0,486.34587035647996,seed705_explore_lns_start25_random_random_best_rm25_tw15
0-65-50-33-28-26-27-29-31-62-23-64-67-30-32-34-63-51-49-22-20-56-66-12-14-47-17-13-59-58-25-21-48-18-19-24-57-52-0,486.57190944237357,seed701_explore_guarded
0-65-50-34-31-29-28-26-27-33-62-23-64-67-30-32-63-51-20-22-49-19-21-48-18-56-66-14-47-17-13-59-58-25-24-57-0,488.76904329387827,seed602_lns_start62_late_regret_rm6_tw8_guarded
0-65-50-33-31-28-26-27-29-34-62-23-64-67-30-32-63-51-49-22-20-56-66-14-47-17-16-13-59-58-25-21-48-18-19-24-57-52-0,489.4069941225677,seed702_explore_guarded
0-65-50-33-28-26-27-29-31-62-23-64-67-30-32-34-63-51-49-22-24-56-66-57-52-12-14-47-17-16-13-59-58-25-21-48-18-19-20-0,490.0880442921106,seed704_explore_guarded
0-54-36-39-42-1-45-60-14-15-11-69-44-43-40-38-41-46-8-6-53-12-55-10-13-16-47-17-7-4-5-3-2-70-61-0,492.0107924867994,seed701_explore_lns_start7_random_best_rm25_tw12
0-65-50-34-31-29-28-26-27-33-62-23-64-67-30-32-63-51-20-22-49-19-21-48-18-56-66-14-17-13-59-58-25-24-57-52-0,493.9142870700712,seed605_lns_start62_late_regret_rm6_tw12_guarded
0-42-36-31-29-27-26-28-33-34-50-62-67-54-44-40-38-41-46-8-6-53-10-60-7-5-3-1-4-2-55-68-61-37-35-43-70-0,493.97611452997063,seed705_explore_guarded
0-65-33-26-27-31-34-50-62-64-23-32-30-28-29-63-20-22-24-21-48-18-19-49-51-56-66-52-14-47-17-16-13-59-58-25-57-0,494.7878690538313,seed704_explore_lns_start20_random_regret_rm20_tw15
0-65-50-33-28-26-27-29-34-62-64-23-67-30-32-31-63-51-20-22-49-19-21-48-18-56-66-17-13-59-58-25-24-57-0,495.1757422940522,seed704_explore_lns_start62_random_best_rm20_tw8
0-65-33-34-31-29-27-50-62-23-64-67-32-30-28-26-63-51-49-22-20-56-66-14-47-17-13-59-58-25-21-48-18-19-24-57-52-0,495.7029515910077,seed603_lns_start62_random_regret_rm4_tw6_guarded
0-65-33-34-31-29-27-50-62-23-64-67-32-30-28-26-63-51-49-22-20-56-66-12-14-17-13-59-58-25-21-48-18-19-24-57-52-0,495.7806274545355,seed601_lns_start23_late_best_rm6_tw6_guarded
0-65-50-33-28-26-29-27-31-34-62-23-64-67-30-32-63-51-20-22-24-21-48-18-19-49-56-66-12-47-17-16-13-59-58-25-57-52-0,496.7882583361158,seed607_lns_start13_random_regret_rm5_tw8_guarded
0-65-50-33-31-28-26-27-29-34-62-23-64-67-30-32-63-51-20-22-49-19-21-48-18-56-66-52-17-16-13-59-58-25-24-57-0,497.75727206720956,seed705_explore_guarded
0-54-42-39-36-43-45-60-12-15-11-69-44-40-38-41-6-8-7-53-14-10-52-59-13-16-47-17-4-46-5-3-1-2-70-61-0,499.69955190027537,seed602_lns_start42_mixed_random_best_rm8_tw10
0-65-33-32-31-29-27-34-50-62-23-64-67-30-28-26-63-51-20-22-21-48-18-19-49-56-66-52-47-17-13-59-58-25-24-57-0,501.88420997224523,seed704_explore_guarded
0-65-33-32-26-27-29-50-62-23-64-67-30-28-31-34-63-51-22-21-48-18-19-49-20-56-66-12-17-16-13-59-58-25-24-57-52-0,503.7061217840192,seed608_lns_start61_random_regret_rm8_tw15
0-65-7-45-5-3-2-15-11-69-64-20-23-21-48-18-9-52-57-22-49-24-51-63-56-66-12-14-47-17-16-13-59-58-25-19-0,504.9042280790484,seed701_explore_lns_start52_late_best_rm25_tw12
0-65-7-5-45-2-12-15-11-69-64-20-23-21-48-18-19-24-9-52-57-22-49-51-63-56-66-13-16-14-47-17-59-58-25-0,505.67574477449614,seed703_explore_lns_start51_late_best_rm25_tw8
0-65-50-33-32-34-31-29-27-26-28-62-64-23-48-30-63-18-19-49-20-22-24-51-56-66-55-14-47-17-13-59-58-25-21-57-52-0,509.9710491137393,seed703_explore_lns_start20_random_random_best_rm25_tw6
0-65-7-46-5-45-2-60-15-11-69-64-24-23-9-52-57-22-20-49-51-63-56-66-12-14-47-16-13-17-59-58-25-21-48-18-19-0,513.474018037217,seed703_explore_lns_start57_late_random_best_rm20_tw8
0-65-34-33-32-28-26-27-29-31-62-23-64-67-30-50-63-20-22-21-48-18-19-49-51-56-66-57-17-16-13-59-58-25-24-0,513.4859856221659,seed705_explore_lns_start13_mixed_best_rm25_tw6
0-42-36-34-29-27-26-28-33-32-31-50-62-44-40-38-41-6-8-7-53-10-60-55-68-54-37-35-43-4-46-5-3-1-2-70-61-0,514.2665190465007,seed602_lns_start56_late_best_rm6_tw12
0-65-50-33-28-26-31-27-62-23-20-64-67-30-32-29-34-63-22-49-19-51-56-66-52-12-14-47-17-13-58-25-21-48-18-24-57-0,514.4710389829756,seed703_explore_lns_start20_late_best_rm25_tw8
0-65-50-33-32-34-31-29-27-62-21-23-64-67-30-28-26-63-51-20-22-19-48-18-49-24-66-56-57-52-17-13-58-25-0,515.23068965587,seed607_lns_start32_random_random_best_rm8_tw6
0-65-50-33-31-28-26-27-29-34-62-23-64-67-30-32-63-51-20-22-49-19-21-48-18-56-66-60-12-17-16-13-59-58-25-24-57-52-0,515.5495624452694,seed703_explore_guarded
0-54-36-39-42-45-7-47-16-15-11-69-44-38-40-8-6-53-9-10-12-60-55-68-37-35-43-1-4-3-5-46-2-70-61-0,515.9959437599675,seed602_lns_start13_random_best_rm8_tw15_guarded
0-65-54-33-28-26-27-62-23-64-67-32-30-29-31-34-50-63-49-22-20-19-21-48-18-51-56-66-52-13-59-58-25-24-57-0,516.453780591881,seed601_lns_start62_random_regret_rm6_tw15
0-54-36-39-42-45-7-16-15-11-69-44-38-40-8-6-60-53-9-10-14-12-55-68-37-35-43-1-4-3-5-46-2-70-61-0,517.1516166127901,seed603_lns_start13_random_best_rm5_tw6_guarded
0-65-34-31-29-33-26-27-50-62-23-64-67-30-28-32-63-51-22-21-48-18-19-49-24-20-56-66-57-52-12-17-13-59-58-25-0,517.6266278061446,seed605_lns_start26_random_best_rm8_tw8
0-61-42-39-36-43-45-14-47-15-11-69-44-40-37-38-41-8-6-53-60-12-10-52-59-13-16-17-7-4-46-5-3-1-2-70-54-0,519.966859751546,seed703_explore_lns_start1_random_regret_rm20_tw8
0-65-54-33-28-26-27-62-23-64-67-32-30-29-31-34-50-63-20-22-49-19-21-48-18-51-56-66-52-16-13-59-58-25-24-57-0,521.2403046122948,seed601_lns_start62_random_regret_rm6_tw15_guarded
0-65-33-34-29-31-27-50-62-19-23-64-67-30-26-28-32-63-51-22-21-48-18-49-24-66-56-57-52-47-17-16-13-58-25-20-0,521.4697207335572,seed702_explore_lns_start85_random_best_rm25_tw15
0-65-50-33-34-31-29-27-26-62-23-64-67-30-28-32-63-51-20-22-24-21-48-18-19-49-56-66-55-17-13-59-58-25-57-52-0,522.7182135220937,seed601_lns_start29_random_regret_rm5_tw6_guarded
0-65-33-32-31-29-28-26-27-62-64-23-30-34-67-50-63-51-22-49-19-21-48-18-20-66-56-57-52-12-17-13-58-25-24-0,523.4447597269198,seed705_explore_lns_start36_mixed_random_best_rm20_tw10
0-65-34-31-29-33-28-26-27-62-64-23-32-30-67-50-63-51-22-21-48-18-19-49-20-66-56-57-52-17-16-13-58-25-24-0,525.9495612474644,seed703_explore_lns_start23_mixed_regret_rm15_tw12
0-54-42-39-36-45-47-16-15-11-69-44-40-37-38-41-1-8-6-53-10-12-14-60-55-68-35-3-5-46-4-2-7-70-61-0,528.919027454432,seed705_explore_lns_start35_random_best_rm15_tw15
0-65-50-33-32-28-26-27-29-62-18-23-64-67-30-31-34-63-20-22-49-51-56-66-57-52-47-17-13-59-58-25-21-48-19-24-54-0,529.7587368629293,seed702_explore_lns_start61_late_best_rm25_tw6
0-65-54-33-28-27-23-64-62-67-50-32-30-26-29-31-34-63-22-20-49-19-21-48-18-51-56-66-14-47-17-13-59-58-25-24-57-52-0,531.0647172806679,seed702_explore_guarded
0-65-33-28-26-27-31-50-62-23-64-67-30-32-29-34-63-51-20-22-49-19-21-48-18-56-66-12-14-47-17-16-13-59-58-25-24-57-52-61-0,531.2497960484994,seed701_explore_guarded
0-54-42-39-36-43-45-47-16-15-11-69-44-40-38-41-46-8-6-53-12-14-10-60-55-68-37-35-1-3-4-5-2-7-70-61-0,531.6000829035282,seed603_lns_start61_random_random_best_rm4_tw12
0-65-34-31-29-33-28-26-27-62-64-23-32-30-67-50-63-51-22-21-48-18-19-49-20-66-56-57-52-16-17-47-14-13-58-25-24-0,531.6495579970449,seed704_explore_lns_start30_random_best_rm10_tw12
0-65-50-33-32-28-26-27-29-34-62-64-23-30-31-67-63-51-20-22-21-48-18-19-49-24-66-56-52-13-59-58-25-57-70-0,532.6770852204795,seed701_explore_lns_start40_random_random_best_rm20_tw12
0-65-3-5-45-46-7-60-15-11-69-64-21-23-9-52-57-22-20-49-19-48-18-51-63-56-66-12-14-47-17-16-13-59-58-25-24-70-0,532.9473643269705,seed703_explore_guarded
0-65-63-50-33-26-27-29-34-62-64-23-67-30-32-28-31-22-49-19-51-56-24-57-52-17-16-13-59-58-25-21-48-18-20-0,533.5125134640324,seed704_explore_lns_start21_random_best_rm25_tw6
0-65-54-33-26-27-34-62-23-64-67-32-30-28-29-31-50-63-22-20-49-19-21-48-18-51-56-66-12-14-47-17-16-13-59-58-25-24-57-52-0,533.8816851700182,seed701_explore_guarded
0-65-50-33-32-28-26-27-29-31-34-62-64-23-30-67-63-51-20-22-21-48-18-19-49-56-66-57-52-17-16-13-59-58-25-24-54-0,534.2770800246224,seed702_explore_guarded
0-65-33-28-26-31-29-27-34-62-64-23-67-30-32-50-63-51-22-49-19-21-48-18-56-68-66-57-52-13-59-58-25-24-20-0,534.9962366866076,seed701_explore_lns_start4_random_random_best_rm25_tw12
0-65-50-34-31-29-28-26-27-33-62-23-64-67-30-32-63-51-22-49-19-21-48-18-56-68-66-17-13-59-58-25-20-24-57-0,535.0413201884207,seed705_explore_lns_start62_random_regret_rm25_tw12
0-42-36-39-45-14-47-16-15-11-69-44-38-40-43-8-6-53-9-10-12-60-55-68-37-35-1-3-4-5-46-7-2-70-61-54-0,536.1714651001539,seed604_lns_start13_random_random_best_rm5_tw8_guarded
0-65-54-31-29-26-27-28-33-62-23-64-67-30-32-34-50-63-51-22-49-19-21-48-18-20-56-66-52-47-17-16-13-59-58-25-24-57-0,536.3581509133431,seed601_lns_start61_random_best_rm5_tw10_guarded
0-65-54-33-26-27-34-62-23-64-67-32-30-28-29-31-50-63-22-20-49-19-21-48-18-51-56-66-57-52-12-17-47-13-59-58-25-24-0,536.4963066790235,seed701_explore_lns_start30_mixed_random_best_rm20_tw15
0-65-50-33-28-26-27-29-31-34-62-64-23-63-30-32-51-22-9-52-49-20-56-66-12-14-47-17-16-13-59-58-25-21-48-18-19-24-57-0,536.9419734101142,seed703_explore_guarded
0-65-34-31-33-28-26-27-29-62-23-64-67-30-32-50-63-51-20-22-49-19-21-48-18-56-66-57-52-17-13-59-58-25-24-54-0,539.0612130783079,seed705_explore_lns_start61_random_best_rm20_tw12
0-65-63-33-32-28-26-27-29-34-62-64-23-30-31-67-18-48-19-22-20-49-51-50-56-66-12-14-47-13-59-58-25-21-24-57-52-0,539.6858502070658,seed704_explore_lns_start13_late_regret_rm25_tw12
0-65-54-34-33-29-27-31-62-23-64-67-30-26-28-32-50-63-22-20-49-19-21-48-18-51-56-66-52-12-14-47-17-13-58-25-24-57-0,540.2300946928015,seed704_explore_lns_start22_late_best_rm25_tw8
0-65-63-33-32-26-29-27-34-50-62-23-64-67-30-28-31-51-20-22-21-48-18-19-49-24-66-56-57-52-12-14-17-13-58-25-0,541.0360104406126,seed704_explore_lns_start27_mixed_regret_rm15_tw15
0-65-34-31-33-28-26-27-29-50-62-23-64-67-30-32-63-48-19-49-22-51-56-66-24-57-52-13-16-17-14-12-58-25-21-18-20-0,541.1026089534173,seed703_explore_lns_start26_mixed_random_best_rm25_tw8
0-65-3-45-46-2-69-11-15-23-64-67-9-52-57-24-22-49-19-21-48-18-51-63-56-66-12-47-17-16-13-59-58-25-20-0,541.2041808042284,seed705_explore_lns_start51_random_regret_rm20_tw8
0-65-63-33-32-28-31-27-34-62-23-64-67-30-26-29-50-20-22-49-51-56-66-68-17-13-58-25-21-48-18-19-24-57-52-0,541.4235198099183,seed701_explore_lns_start31_random_best_rm25_tw10
0-65-50-33-32-31-29-27-34-62-48-23-64-67-30-28-26-63-20-22-49-19-21-18-51-56-66-52-13-17-59-58-25-24-57-61-0,542.0131767255405,seed702_explore_lns_start61_random_random_best_rm25_tw6
0-65-33-34-31-29-27-50-62-64-23-67-32-30-26-28-63-49-24-22-20-19-51-56-66-57-52-14-13-17-58-21-48-18-25-0,542.0800510221341,seed601_lns_start23_late_best_rm6_tw6
0-65-33-34-31-29-27-23-64-62-67-50-32-30-28-26-63-51-49-22-20-56-66-52-47-13-17-57-24-21-18-48-19-25-58-0,542.12862854386,seed705_explore_lns_start24_random_random_best_rm10_tw8
0-65-39-45-2-15-11-69-64-19-23-9-52-57-24-22-20-49-51-63-56-66-60-12-14-47-17-16-13-59-58-25-21-48-18-0,543.1817052376723,seed704_explore_lns_start58_late_best_rm15_tw8
0-65-52-60-45-69-12-15-11-64-20-23-21-48-18-19-24-9-57-22-49-51-63-50-56-66-55-14-47-17-16-13-59-58-25-0,543.6540662454981,seed704_explore_lns_start48_mixed_random_best_rm25_tw15
0-65-50-33-28-26-31-29-27-62-23-64-67-34-30-32-51-22-19-21-48-18-49-20-63-56-66-52-12-17-47-13-58-25-24-57-0,543.8357583401381,seed701_explore_lns_start35_random_regret_rm20_tw12
0-65-51-63-33-29-27-31-62-23-64-67-32-30-28-26-34-50-22-19-21-48-18-49-20-56-66-52-12-14-13-59-58-25-24-57-70-0,544.6439084144047,seed705_explore_lns_start62_mixed_regret_rm20_tw15
0-65-50-33-28-26-27-29-31-62-23-64-67-34-30-32-63-51-20-22-48-18-19-49-56-24-57-52-17-13-59-58-25-21-0,545.0233277342056,seed702_explore_lns_start61_mixed_regret_rm15_tw8
0-65-52-45-60-15-11-69-64-23-21-48-18-19-9-53-57-22-20-49-51-63-56-66-55-12-14-47-17-16-13-59-58-25-24-0,545.0413450914155,seed701_explore_lns_start44_mixed_best_rm25_tw10
0-42-43-39-36-45-46-14-47-15-11-69-44-40-38-41-8-6-60-53-7-12-10-59-13-16-17-2-4-5-3-1-70-61-54-0,545.3923869957335,seed702_explore_lns_start3_late_random_best_rm25_tw10
0-65-63-33-32-34-31-29-27-50-62-23-64-67-30-28-26-51-20-22-19-49-66-56-57-52-12-47-17-13-58-25-21-48-18-24-61-0,545.8191811572574,seed702_explore_lns_start36_late_random_best_rm25_tw15
0-42-36-34-32-27-26-28-33-29-31-50-62-44-40-38-41-6-8-7-53-10-12-60-55-68-37-35-43-2-4-46-5-3-1-70-61-54-0,548.2911953004921,seed607_lns_start59_late_best_rm6_tw8
0-54-39-36-42-45-15-11-69-61-44-43-40-38-41-46-8-6-53-10-60-7-2-1-3-5-4-12-14-47-17-16-13-59-58-57-70-0,548.8311609066415,seed702_explore_lns_start17_random_regret_rm25_tw8
0-65-33-28-26-29-27-23-64-62-67-34-31-30-32-50-63-51-20-24-22-49-19-21-48-18-56-66-52-13-58-25-57-14-60-0,551.4920242496344,seed704_explore_lns_start88_late_best_rm20_tw8
0-65-50-33-31-29-28-26-27-34-62-23-64-67-30-32-63-51-20-22-49-19-18-48-21-24-66-56-52-13-16-17-12-58-25-57-70-0,553.3375326250546,seed703_explore_lns_start37_mixed_regret_rm20_tw10
0-65-33-32-34-31-27-23-64-62-67-50-30-28-26-29-63-51-20-22-49-19-21-48-18-56-66-52-14-47-17-13-59-58-25-24-57-70-61-0,553.928131180577,seed703_explore_guarded
0-65-63-33-32-28-26-27-29-34-62-23-64-67-30-31-50-51-22-24-21-48-18-19-49-20-57-56-66-52-17-13-59-58-25-70-0,554.1843198702103,seed702_explore_lns_start10_mixed_best_rm25_tw15
0-65-50-33-34-31-29-27-62-64-23-48-67-30-26-28-32-63-51-20-22-21-18-19-49-24-56-66-57-52-17-13-58-25-70-0,554.2704287952084,seed702_explore_lns_start83_mixed_random_best_rm25_tw12
0-36-39-42-45-15-11-69-67-44-40-38-41-8-6-60-53-10-55-68-37-35-43-1-4-3-5-46-7-2-70-61-54-0,554.7780708365137,seed703_explore_guarded
0-65-50-33-28-26-27-29-31-62-23-64-67-30-32-34-63-51-49-22-24-57-66-56-54-37-35-68-52-59-58-25-21-48-18-19-20-0,555.5776489818951,seed703_explore_guarded
0-65-50-33-32-28-26-27-29-31-62-23-64-67-30-34-63-51-20-22-24-21-48-18-19-49-56-66-57-52-12-14-47-17-13-59-58-25-54-61-70-0,555.7742207202077,seed705_explore_guarded
0-65-50-33-32-26-27-29-34-62-23-64-67-30-28-31-63-51-22-24-19-49-20-66-56-35-18-48-21-25-58-57-52-0,556.2007918458949,seed704_explore_lns_start23_mixed_best_rm25_tw8
0-65-61-34-31-28-27-33-62-23-64-67-30-26-29-32-51-20-22-19-48-18-49-63-50-56-66-52-13-59-58-25-21-24-57-0,557.233476577052,seed703_explore_lns_start61_random_random_best_rm20_tw6
0-65-50-34-31-29-28-26-27-33-62-23-64-67-30-32-63-18-48-21-19-22-20-49-51-56-66-52-17-13-58-25-24-57-70-61-0,559.1754318591856,seed702_explore_lns_start21_late_best_rm20_tw10
0-65-3-5-45-60-16-15-11-69-64-21-23-59-9-52-57-24-22-20-49-19-48-18-51-63-56-66-12-14-47-13-17-58-25-70-0,559.5007371959407,seed703_explore_lns_start53_late_best_rm25_tw6
0-65-33-34-31-29-27-23-64-62-67-50-32-30-28-26-63-51-49-22-24-56-66-4-47-17-13-57-20-19-18-48-21-25-58-52-0,561.2195793036597,seed607_lns_start10_random_random_best_rm5_tw10
0-65-51-63-33-32-34-27-62-23-20-64-67-30-28-26-29-31-50-22-49-24-57-10-52-66-56-17-13-59-58-25-21-48-18-19-0,561.7270170154278,seed701_explore_lns_start30_random_random_best_rm25_tw15
0-65-34-31-32-33-28-26-27-29-62-64-23-30-67-50-63-51-20-22-49-19-18-48-24-56-66-57-52-12-14-47-17-13-58-25-21-70-0,561.8287046725944,seed704_explore_lns_start61_late_best_rm25_tw12
0-65-33-34-31-29-27-23-64-62-67-50-32-30-28-26-63-51-49-22-24-56-66-4-14-17-13-57-20-19-18-48-21-25-58-52-0,562.9411075246703,seed608_lns_start11_random_best_rm3_tw15
0-65-54-34-33-27-23-64-62-67-50-32-30-28-26-29-31-49-22-24-57-66-56-63-51-52-17-13-58-25-21-48-18-19-20-0,564.7258555779016,seed606_lns_start21_random_random_best_rm8_tw12
0-65-50-33-34-31-29-27-26-62-23-64-67-30-28-32-63-51-20-22-49-19-21-48-18-56-66-68-55-17-13-59-58-25-24-57-52-70-0,565.4344366651071,seed705_explore_guarded
0-65-63-33-34-31-29-27-62-19-23-64-67-32-30-28-26-50-51-49-22-24-57-52-60-66-56-16-13-59-58-25-21-48-18-20-0,566.3734887687075,seed703_explore_lns_start77_mixed_random_best_rm20_tw15
0-65-54-34-33-27-23-64-62-67-32-30-31-29-26-28-63-51-22-20-49-19-48-18-50-56-66-12-17-13-59-58-25-21-24-57-52-0,566.4108111882572,seed705_explore_lns_start62_late_random_best_rm10_tw10
0-65-39-3-45-46-15-11-69-64-23-21-48-18-9-52-57-24-22-20-49-19-51-63-56-66-60-12-14-16-13-47-17-59-58-25-0,567.886564622585,seed703_explore_lns_start57_late_best_rm20_tw8
0-65-51-33-32-26-27-29-62-64-23-19-63-30-67-20-22-49-18-28-31-34-50-56-66-14-17-16-13-59-58-25-21-48-24-57-52-0,567.8971752399491,seed705_explore_lns_start61_mixed_best_rm20_tw12
0-54-42-39-36-43-45-3-5-15-11-69-44-40-38-41-46-8-6-53-10-16-12-55-68-61-37-35-1-4-2-7-60-70-0,567.9470567991098,seed702_explore_lns_start39_mixed_best_rm25_tw12
0-65-50-33-32-31-28-26-27-29-62-64-23-30-34-67-48-19-49-24-22-20-21-18-51-63-56-57-52-12-17-47-14-13-58-25-0,568.5198515602525,seed702_explore_lns_start27_late_best_rm20_tw10
0-65-33-32-34-31-26-27-29-62-23-64-67-30-28-18-48-19-49-22-20-66-56-50-63-51-57-52-13-16-17-12-58-25-21-24-0,568.7194847129316,seed702_explore_lns_start35_random_best_rm25_tw12
0-65-50-33-32-28-26-27-29-31-34-62-64-23-30-67-9-22-20-49-19-21-48-18-51-63-56-66-52-17-13-59-58-25-24-57-0,569.0331624723564,seed702_explore_guarded
0-65-50-34-31-29-28-26-27-33-62-23-64-67-30-32-63-51-49-22-24-57-52-66-56-35-13-59-58-25-21-48-18-19-20-0,569.1388552037154,seed604_lns_start30_random_best_rm4_tw8_guarded
0-65-50-33-32-31-29-27-34-62-23-24-64-67-30-28-26-63-51-22-21-48-18-19-49-20-66-56-54-37-35-61-52-59-58-25-57-0,569.3576246588948,seed703_explore_guarded
0-65-33-32-31-28-27-34-50-62-23-64-67-30-26-29-63-49-20-22-24-57-66-56-54-37-35-51-19-18-48-21-25-58-59-52-0,569.5847288562949,seed701_explore_guarded
0-65-63-33-32-29-27-34-62-19-23-64-67-30-28-26-31-50-51-22-24-49-21-48-18-56-66-57-52-17-13-58-25-20-54-70-0,569.7384252293824,seed704_explore_lns_start24_mixed_random_best_rm20_tw10
0-61-42-36-39-27-33-62-50-30-67-44-43-40-38-41-54-22-48-18-19-49-20-56-66-37-35-34-31-29-26-28-32-63-51-0,569.7740373555316,seed703_explore_lns_start81_random_regret_rm15_tw12
0-65-50-33-28-26-27-34-62-23-64-67-32-30-29-31-63-51-20-22-49-19-18-48-21-24-66-56-54-37-35-43-61-52-59-58-25-57-0,569.9452269975304,seed701_explore_guarded
0-65-50-33-32-34-31-29-27-62-23-20-64-67-30-28-26-63-51-22-49-19-18-48-21-57-66-56-35-37-61-24-25-58-52-0,570.2748864036136,seed605_lns_start9_random_random_best_rm5_tw8
0-65-54-50-33-27-23-64-62-67-34-30-31-29-26-28-32-63-22-49-24-20-51-56-66-57-52-59-13-16-14-17-58-19-18-48-21-25-0,570.6373866042348,seed702_explore_lns_start62_mixed_best_rm20_tw15
0-65-50-33-32-34-31-29-27-62-23-20-64-67-30-28-26-63-51-22-49-19-21-48-18-56-66-68-60-52-13-16-17-58-25-24-57-0,571.8578960632344,seed702_explore_lns_start23_random_random_best_rm25_tw12
0-61-42-39-36-3-45-7-47-15-11-69-44-40-38-41-1-8-6-53-2-60-10-12-14-59-13-16-17-4-46-5-70-37-54-0,571.8955717789307,seed703_explore_lns_start3_late_random_best_rm25_tw12
0-54-36-39-42-3-5-45-16-15-11-69-61-44-40-38-41-46-8-6-53-10-12-55-68-37-35-43-1-4-7-17-47-14-60-2-70-0,572.0123945020116,seed702_explore_lns_start40_late_best_rm25_tw6
0-65-33-32-28-26-29-27-50-62-64-23-30-31-67-34-22-21-48-18-19-49-20-51-63-56-66-60-47-17-13-58-25-24-57-52-0,572.0452341990965,seed703_explore_lns_start12_random_random_best_rm25_tw8
0-65-60-7-45-1-2-69-15-11-23-64-67-9-52-57-24-22-21-19-49-20-56-66-12-14-47-17-16-13-59-58-25-48-18-51-63-0,572.4067966431746,seed705_explore_lns_start58_late_best_rm20_tw15
0-42-36-37-39-43-45-12-14-15-11-69-44-40-38-41-46-8-6-53-10-47-60-7-2-1-3-5-4-17-16-13-59-58-70-61-54-0,572.7525634678119,seed701_explore_lns_start3_late_random_best_rm15_tw15
0-65-61-34-33-27-29-62-64-23-67-30-32-28-26-31-49-22-20-56-50-63-51-66-52-13-58-25-21-48-18-19-24-57-0,573.775080794722,seed604_lns_start33_late_best_rm8_tw6
0-65-50-31-29-28-26-27-33-62-23-64-67-34-30-32-51-19-49-20-22-24-21-48-18-63-56-66-52-12-17-13-58-25-57-70-0,574.520091917138,seed705_explore_lns_start24_mixed_regret_rm15_tw8
0-65-33-32-31-29-28-26-27-34-62-64-23-30-67-20-19-49-22-24-57-52-66-56-61-35-50-63-51-18-48-21-25-58-0,574.8923682126743,seed701_explore_lns_start84_late_random_best_rm25_tw10
0-65-54-34-33-27-23-64-62-67-31-29-30-26-28-32-50-51-22-20-49-63-56-66-60-13-52-58-25-21-48-18-19-24-57-0,575.0518097179563,seed601_lns_start21_late_regret_rm6_tw8
0-65-50-31-29-28-26-27-33-62-23-64-67-34-30-32-63-19-49-24-22-20-66-56-35-51-18-48-21-25-58-59-52-57-0,575.5711116926763,seed703_explore_lns_start10_mixed_best_rm20_tw15
0-65-54-50-33-29-27-31-34-62-64-23-67-30-26-28-32-63-49-22-20-51-56-66-52-13-17-16-58-25-21-48-18-19-24-57-0,575.5907243063479,seed704_explore_lns_start11_mixed_random_best_rm25_tw8
0-65-39-5-45-2-15-11-69-64-23-9-52-57-22-20-49-19-51-63-56-66-60-12-16-14-47-17-13-59-58-25-21-48-18-24-0,575.8073010311648,seed702_explore_lns_start55_late_best_rm15_tw10
0-65-51-63-33-28-26-27-62-64-23-67-34-30-32-29-31-50-20-22-19-18-48-21-49-66-56-37-35-52-57-24-25-58-0,575.8713094816367,seed703_explore_lns_start31_mixed_random_best_rm25_tw8
0-65-50-34-31-29-27-33-62-23-64-67-30-28-26-32-63-51-22-19-49-20-66-56-35-68-13-58-25-21-48-18-24-57-52-0,575.9516939137652,seed602_lns_start32_random_random_best_rm8_tw15_guarded
0-65-50-33-32-28-26-27-29-31-62-23-64-67-30-34-63-51-22-24-21-48-18-19-49-20-66-56-35-68-13-59-58-25-57-52-0,576.3114417800693,seed607_lns_start33_random_random_best_rm8_tw12_guarded
0-65-63-33-28-26-27-29-62-23-64-67-32-30-31-34-50-51-49-22-24-57-52-66-56-54-35-68-13-59-58-25-21-48-18-19-20-0,576.3769331287484,seed607_lns_start29_random_regret_rm6_tw15_guarded
0-37-36-39-42-1-45-7-60-15-11-69-44-43-40-38-41-53-6-8-12-10-5-3-46-4-2-59-13-16-17-47-14-70-61-54-0,576.4639354236509,seed702_explore_lns_start2_random_random_best_rm25_tw6
0-65-32-33-34-31-29-27-26-28-62-23-64-67-30-50-63-51-49-24-22-20-56-66-57-52-13-14-47-17-59-58-25-21-48-18-19-61-0,576.6500889400359,seed705_explore_lns_start62_late_best_rm25_tw15
0-61-42-39-36-45-7-47-16-15-11-69-44-40-38-41-8-6-53-9-10-12-14-60-2-4-46-5-3-1-43-35-37-54-0,576.8070990776926,seed705_explore_guarded
0-65-54-50-33-29-27-34-62-23-64-67-30-28-26-31-32-63-22-20-49-19-21-48-18-51-56-66-17-13-52-57-58-25-24-61-0,577.4938949954899,seed701_explore_lns_start80_late_best_rm20_tw8
0-42-36-37-39-43-45-47-16-15-11-69-44-40-38-41-8-6-53-9-10-12-14-60-55-68-2-7-46-4-5-3-1-70-61-0,577.5398227996391,seed606_lns_start29_random_regret_rm8_tw12_guarded
0-65-50-34-33-28-26-27-29-31-62-64-23-32-30-67-63-51-20-22-24-49-57-56-66-4-17-13-19-18-48-21-25-58-52-0,578.1222255339515,seed702_explore_lns_start11_random_best_rm10_tw15
0-65-50-33-34-31-28-27-29-62-21-23-64-67-30-26-32-63-51-22-49-19-24-56-66-20-18-48-57-52-47-17-16-13-58-25-54-0,579.0559422932604,seed703_explore_lns_start19_random_best_rm25_tw8
0-61-36-39-42-45-14-16-15-11-69-54-44-43-40-38-41-1-3-5-46-8-6-7-60-12-10-2-4-17-13-59-58-47-52-70-0,579.15081342059,seed703_explore_lns_start42_mixed_best_rm20_tw6
0-65-54-31-29-26-27-33-62-23-64-67-34-30-28-32-50-51-24-22-49-19-48-18-63-56-66-14-13-52-57-58-25-21-20-0,579.2869635285948,seed602_lns_start34_late_best_rm8_tw6
0-65-50-33-32-28-26-29-27-31-34-62-64-23-30-67-63-51-22-24-19-21-48-18-49-20-56-66-57-52-12-17-13-59-58-25-54-61-70-0,579.3923934545599,seed702_explore_lns_start62_mixed_best_rm25_tw10
0-65-33-31-29-28-26-27-50-62-23-64-67-34-30-32-63-51-20-22-49-19-21-48-18-56-66-57-52-12-16-47-17-13-58-25-24-61-0,579.6910198222093,seed701_explore_lns_start30_random_best_rm20_tw6
0-65-33-34-31-29-27-23-64-62-67-50-32-30-28-26-63-51-49-22-24-57-52-66-56-35-37-68-13-59-58-25-21-48-18-19-20-0,579.7173497949406,seed606_lns_start30_random_regret_rm6_tw12_guarded
0-61-42-39-36-27-26-33-62-30-67-44-43-40-38-41-54-20-49-19-48-18-51-56-66-37-35-34-31-29-28-32-50-63-0,579.9856603293151,seed608_lns_start81_random_regret_rm5_tw6
0-65-50-33-32-28-26-27-29-31-62-23-64-67-30-34-63-20-22-24-49-19-51-57-66-56-37-35-18-48-21-25-58-59-52-0,581.6986513277487,seed703_explore_lns_start22_mixed_regret_rm20_tw10
0-65-54-34-33-27-23-64-62-67-31-29-30-26-28-32-50-22-20-49-19-21-48-18-51-63-56-66-60-17-13-52-57-58-25-24-0,581.8656960973761,seed604_lns_start36_late_regret_rm8_tw10
0-65-33-32-31-28-26-27-34-62-23-64-67-29-30-18-48-19-49-22-20-51-63-56-66-57-52-12-14-47-17-13-59-58-25-21-24-0,581.9692635911016,seed705_explore_lns_start26_mixed_regret_rm25_tw6
0-65-50-33-28-26-27-29-31-62-23-64-67-30-32-34-63-18-49-22-24-21-48-20-56-66-55-68-37-35-51-19-25-58-57-0,582.4424536755887,seed703_explore_lns_start42_random_best_rm25_tw6
0-65-51-33-28-26-27-29-31-62-23-64-67-34-30-32-50-63-20-22-21-48-18-19-49-56-66-52-12-14-13-58-25-24-57-70-61-0,582.4575886802477,seed702_explore_lns_start25_mixed_regret_rm20_tw8
0-54-42-39-37-36-45-2-15-11-69-44-43-40-38-41-8-6-53-9-10-14-12-60-55-68-1-3-5-46-4-7-70-61-0,582.5489394246542,seed701_explore_lns_start22_random_best_rm20_tw10
0-65-51-33-34-31-29-27-26-62-23-64-67-30-28-32-63-20-22-19-21-48-18-49-50-56-66-52-47-17-13-59-58-25-24-57-70-0,583.5825593528101,seed705_explore_lns_start26_random_random_best_rm20_tw8
0-65-51-33-32-28-26-27-34-62-21-23-64-67-30-29-31-50-63-20-22-49-24-57-56-66-10-52-47-17-13-59-58-25-48-18-19-70-0,583.913793110847,seed705_explore_lns_start61_random_best_rm25_tw10
0-65-50-33-32-28-26-27-29-34-62-23-64-67-31-30-18-21-48-19-22-49-20-51-63-56-66-60-14-17-13-59-58-25-24-57-52-0,584.6694049958986,seed701_explore_lns_start33_random_regret_rm20_tw6
0-42-43-39-37-36-45-16-15-11-69-44-40-38-1-8-6-53-9-10-47-14-12-55-68-35-3-5-46-4-2-7-60-70-61-0,584.6795669545212,seed702_explore_lns_start13_mixed_regret_rm25_tw6
0-65-54-34-33-27-23-64-62-67-50-32-30-31-29-26-28-51-22-21-48-18-49-20-56-63-66-60-13-59-58-25-19-24-57-52-0,584.9441696820306,seed701_explore_lns_start62_late_random_best_rm10_tw10
0-50-31-29-32-28-26-27-33-62-64-24-23-30-67-63-51-20-22-49-19-21-48-18-56-66-10-68-43-35-37-34-54-61-70-0,585.0212497360271,seed603_lns_start14_random_random_best_rm4_tw10
0-65-50-33-32-28-26-27-34-62-48-23-64-67-30-29-31-63-19-49-22-20-24-21-18-51-66-56-57-52-17-13-59-58-25-2-0,585.3195607709351,seed704_explore_lns_start36_random_random_best_rm15_tw8
0-65-39-5-45-46-15-11-69-64-23-21-48-18-19-24-22-9-52-57-49-20-56-66-2-12-14-47-17-16-13-59-58-25-63-51-0,585.3927143898109,seed703_explore_lns_start52_late_best_rm15_tw6
0-65-1-3-5-45-69-64-23-15-11-14-12-60-6-9-24-22-21-48-18-49-19-20-56-66-52-47-17-16-13-59-58-25-63-51-57-0,586.1740778590064,seed705_explore_lns_start57_late_random_best_rm20_tw10
0-65-50-33-32-34-31-27-29-62-64-23-30-28-67-20-22-24-21-48-18-19-49-51-63-26-66-52-13-16-17-14-12-59-58-25-57-0,586.9482471114518,seed701_explore_lns_start21_mixed_regret_rm25_tw8
0-65-34-31-32-33-28-26-27-29-62-23-64-67-30-50-63-51-20-22-24-18-48-21-19-49-56-66-57-52-12-47-17-13-58-25-70-61-54-0,587.2001043471578,seed705_explore_lns_start89_late_random_best_rm25_tw8
0-65-54-34-33-27-29-31-62-64-23-67-30-26-28-32-63-49-22-24-20-56-66-57-52-13-50-51-19-18-48-21-25-58-0,587.3817661143665,seed702_explore_lns_start34_late_best_rm15_tw12
0-65-51-33-32-34-28-26-27-62-23-64-67-30-29-31-50-63-20-22-49-18-48-24-57-66-56-35-68-19-21-25-58-52-0,588.3234800432533,seed701_explore_lns_start26_random_random_best_rm20_tw8
0-65-50-34-32-33-28-26-27-29-31-62-64-23-63-30-67-51-22-21-48-18-19-49-20-24-56-66-68-17-16-13-59-58-25-57-52-0,588.4777472955061,seed703_explore_lns_start61_random_best_rm25_tw10
0-65-34-32-33-28-26-27-29-31-62-64-23-30-67-41-22-20-49-51-63-50-56-66-52-47-17-13-59-58-25-21-48-18-19-24-57-0,588.5648795855623,seed606_lns_start13_random_regret_rm6_tw8_guarded
0-65-34-32-33-28-26-27-29-31-62-64-23-30-67-41-22-20-49-51-63-50-56-66-14-17-13-59-58-25-21-48-18-19-24-57-52-0,588.6649915588619,seed608_lns_start13_random_best_rm4_tw15_guarded
0-65-34-33-28-29-27-23-64-62-67-50-31-30-26-32-63-51-20-22-49-19-18-48-21-24-56-66-68-35-54-57-25-58-59-52-0,588.9348747793699,seed702_explore_guarded
0-65-32-33-28-26-29-27-34-62-23-64-67-31-30-50-63-51-20-22-49-19-18-48-21-56-66-57-14-17-13-59-58-25-24-70-0,589.2339805626706,seed704_explore_lns_start31_mixed_regret_rm25_tw15
0-65-50-33-32-28-26-27-29-31-34-62-64-23-30-67-63-51-19-49-22-24-57-52-66-56-54-35-17-13-59-58-25-21-48-18-20-0,589.5059060945326,seed606_lns_start29_random_regret_rm8_tw12_guarded
0-65-54-34-33-32-31-29-27-26-28-62-64-23-30-18-48-19-49-22-20-51-63-50-56-66-52-17-16-13-59-58-25-21-24-57-0,589.7050900740617,seed704_explore_lns_start40_random_regret_rm25_tw15
0-65-2-3-45-12-14-15-11-69-64-23-63-67-9-22-21-48-18-19-49-20-51-56-66-57-13-47-17-16-59-52-58-25-24-0,590.0994323917624,seed702_explore_lns_start57_random_random_best_rm25_tw10
0-65-33-32-29-28-26-27-31-34-62-23-64-67-30-50-63-18-49-22-20-51-56-66-57-52-13-24-19-48-21-25-58-59-16-70-0,590.1634279882943,seed704_explore_lns_start40_random_best_rm20_tw10
0-65-24-33-32-29-27-31-34-62-64-23-30-67-9-22-49-51-63-28-26-50-56-66-20-19-18-48-21-25-58-59-52-57-0,591.0941424404168,seed705_explore_lns_start40_random_best_rm15_tw12
0-45-5-3-1-39-69-14-15-11-64-23-21-9-52-57-22-20-49-19-51-63-56-66-7-60-12-47-17-16-13-59-58-25-48-18-24-0,591.4173114331372,seed704_explore_lns_start57_late_random_best_rm20_tw10
0-42-36-39-43-45-15-11-69-67-44-40-38-41-8-6-53-12-10-60-2-5-3-1-4-46-7-14-47-17-16-13-59-58-70-61-0,591.4801231728917,seed701_explore_lns_start41_mixed_best_rm15_tw6
0-50-32-33-28-26-31-29-27-62-64-23-63-30-34-67-51-20-22-21-48-18-19-49-24-57-66-56-35-68-17-58-25-52-0,591.5889485549887,seed704_explore_lns_start34_random_best_rm25_tw15
0-65-51-33-34-31-29-27-26-28-62-23-64-67-32-30-50-63-20-22-21-48-18-19-49-56-66-52-13-59-58-24-25-57-0,591.9200784464646,seed606_lns_start62_random_random_best_rm5_tw6
0-65-50-33-32-34-31-29-27-26-28-62-64-23-30-67-22-9-57-24-49-19-21-48-18-20-56-66-52-13-59-58-25-63-51-0,592.6713897617792,seed601_lns_start40_mixed_best_rm8_tw8
0-65-50-34-33-28-26-27-29-62-23-20-64-67-30-32-31-63-51-22-49-19-21-48-18-24-66-56-35-47-17-58-25-57-52-0,593.8111524466976,seed705_explore_lns_start31_random_best_rm25_tw6
0-54-43-39-36-42-45-12-15-11-69-44-40-37-38-41-46-8-6-53-10-60-55-68-35-1-3-5-4-7-17-47-14-2-70-61-0,594.1278273805943,seed703_explore_lns_start40_mixed_random_best_rm25_tw12
0-65-60-7-45-14-16-15-11-69-64-24-23-21-48-18-9-53-57-22-20-49-19-51-56-66-10-52-12-47-17-13-59-58-25-63-0,594.2569043621305,seed702_explore_lns_start53_random_best_rm25_tw12
0-65-63-33-32-34-31-29-27-26-28-62-23-18-30-67-50-20-22-49-19-48-21-51-56-66-68-57-52-47-17-13-59-58-25-24-70-0,594.3265895526862,seed703_explore_lns_start23_mixed_regret_rm20_tw10
0-54-36-39-42-45-12-47-16-15-11-69-44-40-38-41-8-6-53-9-10-7-2-46-5-3-1-43-35-37-61-70-0,594.357757364174,seed701_explore_lns_start12_mixed_random_best_rm25_tw8
0-65-57-20-33-32-26-27-62-23-64-67-30-28-29-31-34-63-22-24-49-21-48-18-66-56-54-35-50-51-19-25-58-52-0,594.4191550909695,seed604_lns_start9_random_regret_rm6_tw12
0-43-36-39-42-45-60-12-14-15-11-69-44-40-38-41-8-6-53-9-10-16-47-55-68-2-7-46-4-5-3-1-70-61-54-0,595.9883156198706,seed705_explore_lns_start29_mixed_random_best_rm25_tw15
0-61-42-39-36-43-45-14-47-15-11-69-44-40-38-41-1-8-6-53-7-46-5-3-2-55-68-37-35-4-17-16-12-60-70-54-0,596.58977393701,seed702_explore_lns_start40_mixed_regret_rm10_tw15
0-36-42-45-60-16-15-11-69-67-44-43-40-38-41-2-6-8-7-12-10-14-46-5-3-1-4-47-17-13-59-58-70-54-0,596.6946193489847,seed705_explore_lns_start15_mixed_random_best_rm15_tw10
0-65-39-45-69-11-15-23-64-67-9-22-49-21-48-51-63-56-66-10-12-14-47-17-16-13-59-58-25-18-19-20-24-57-52-0,597.084786012432,seed703_explore_lns_start51_mixed_random_best_rm20_tw12
0-65-2-1-3-45-46-69-15-11-23-64-67-30-63-51-20-22-24-21-48-18-19-49-56-66-57-52-12-14-47-17-16-13-59-58-25-0,597.2134714697751,seed703_explore_lns_start55_late_random_best_rm25_tw6
0-42-36-39-45-69-15-11-67-44-40-38-41-3-5-8-7-6-60-12-14-10-52-59-13-16-47-17-46-4-1-2-70-61-43-54-0,597.2982151084831,seed705_explore_lns_start42_random_random_best_rm10_tw6
0-65-50-33-31-29-28-26-27-34-62-23-64-67-30-32-63-51-20-22-49-19-18-48-21-57-52-66-56-54-37-35-12-17-58-25-24-0,597.535609147168,seed703_explore_lns_start20_random_random_best_rm15_tw12
0-65-50-33-32-28-26-27-29-62-21-23-64-67-30-31-34-63-51-20-22-24-49-19-48-18-57-66-56-37-35-3-46-52-58-25-0,597.5456941502961,seed704_explore_lns_start24_mixed_best_rm20_tw12
0-65-51-33-34-28-26-27-62-23-64-67-32-30-29-31-50-63-20-22-19-18-49-24-57-66-56-68-43-37-35-48-21-25-58-52-0,597.9658698192297,seed703_explore_lns_start39_mixed_regret_rm20_tw15
0-42-43-39-37-36-45-60-47-15-11-69-44-40-38-41-8-6-53-9-10-14-55-68-1-3-5-4-46-7-2-70-61-54-0,598.2928140470465,seed704_explore_lns_start34_mixed_regret_rm20_tw15
0-65-60-46-5-45-2-69-15-11-64-23-48-18-67-9-24-22-20-49-51-63-56-66-12-14-47-17-16-13-59-58-25-21-19-57-52-0,598.5200169453235,seed703_explore_lns_start57_late_best_rm25_tw8
0-65-57-33-28-26-27-29-31-34-62-23-64-67-30-32-50-63-51-22-19-18-48-21-49-20-56-66-68-52-17-13-59-58-25-24-0,598.5390666166169,seed702_explore_lns_start28_random_best_rm15_tw8
0-43-36-39-42-45-46-47-16-15-11-69-44-40-38-41-8-6-53-9-10-12-14-60-7-2-4-5-3-1-35-37-61-70-0,598.5523896251757,seed701_explore_lns_start32_mixed_random_best_rm25_tw6
0-65-50-33-32-28-26-27-29-31-62-23-64-67-30-34-63-20-22-49-19-18-48-21-51-56-66-35-13-57-24-25-58-52-0,598.9206394120101,seed701_explore_lns_start24_random_best_rm20_tw8
0-65-50-34-31-32-33-27-23-64-62-67-30-29-26-28-63-51-20-22-49-19-18-48-21-57-56-66-52-12-17-13-58-25-24-54-70-0,598.9221222493989,seed703_explore_lns_start26_mixed_random_best_rm20_tw15
0-65-57-33-28-26-27-29-31-62-23-64-67-34-30-32-63-51-20-22-24-21-48-18-19-49-50-56-66-12-14-17-16-13-59-58-25-52-0,598.9474208664582,seed701_explore_lns_start62_mixed_best_rm20_tw10
0-65-39-45-2-15-11-69-64-24-23-21-9-14-12-52-57-22-20-49-19-63-56-66-7-60-47-17-16-13-59-58-25-48-18-51-0,599.2810600831101,seed705_explore_lns_start54_late_random_best_rm15_tw8
0-65-54-34-33-28-27-31-62-23-64-67-30-26-29-32-63-51-22-24-49-20-50-56-66-13-52-57-19-18-48-21-25-58-59-70-0,599.5195838319166,seed701_explore_lns_start40_mixed_random_best_rm25_tw12
0-65-50-33-28-26-29-27-62-20-19-23-64-67-30-32-63-51-48-49-22-24-57-56-66-68-37-35-31-34-18-21-25-58-59-52-0,599.5350540918213,seed701_explore_lns_start6_mixed_random_best_rm25_tw8
0-37-36-39-42-1-45-16-15-11-69-44-43-40-38-41-8-6-53-9-10-55-60-12-14-47-17-7-4-3-5-46-2-70-61-0,599.7122179533451,seed607_lns_start29_random_regret_rm6_tw15_guarded
0-65-50-33-29-28-26-27-31-34-62-23-64-67-30-32-51-22-9-57-49-19-21-48-18-24-56-66-52-13-59-58-25-20-63-54-0,600.8590193493341,seed702_explore_lns_start40_mixed_random_best_rm20_tw6
0-65-34-31-29-33-28-26-27-62-64-23-32-30-67-51-48-19-49-22-20-24-57-52-66-56-4-46-17-13-58-25-21-18-63-50-0,601.2805639845228,seed608_lns_start11_random_best_rm5_tw8
0-65-61-54-33-27-31-62-48-23-64-67-30-32-26-28-29-34-22-49-24-20-51-63-50-56-66-52-17-13-59-58-25-21-18-19-57-0,601.3746871629816,seed701_explore_lns_start61_mixed_random_best_rm20_tw8
0-65-34-31-33-28-26-27-62-51-23-64-67-32-30-29-63-48-49-22-20-19-21-18-50-56-66-52-17-16-13-58-25-24-57-70-0,601.4872899820609,seed703_explore_lns_start20_mixed_best_rm25_tw12
0-65-33-32-34-31-29-27-50-62-23-64-67-30-28-26-63-51-22-49-18-48-21-24-66-56-35-17-13-59-58-25-19-20-57-52-0,601.6451348464918,seed701_explore_guarded
0-65-7-5-45-2-69-15-11-23-19-64-67-9-52-57-22-20-49-63-56-66-10-12-14-16-17-47-13-59-58-25-21-48-18-24-51-0,601.7199252428421,seed704_explore_lns_start54_mixed_random_best_rm25_tw6
0-65-50-33-28-26-29-27-31-62-23-64-67-32-30-34-63-51-49-20-22-21-66-56-35-17-58-25-48-18-19-24-57-52-0,601.8615750036818,seed702_explore_lns_start24_mixed_random_best_rm10_tw15
0-54-42-39-36-43-45-46-16-15-11-69-44-40-38-41-8-6-53-9-10-55-60-12-14-47-17-7-4-5-3-1-2-70-61-0,602.2865075936061,seed606_lns_start30_random_regret_rm6_tw12_guarded
0-65-39-45-14-15-11-69-64-21-23-48-18-19-9-53-22-24-20-49-51-63-56-66-68-12-47-13-17-16-59-58-25-57-52-0,602.526135955243,seed606_lns_start59_random_best_rm8_tw8
0-65-63-33-28-26-29-27-50-62-23-64-67-32-30-31-34-51-20-22-21-48-18-19-49-66-56-35-17-13-58-25-24-57-52-0,602.8076843707294,seed606_lns_start22_random_regret_rm6_tw10
0-65-54-34-33-27-23-64-62-67-31-29-30-26-28-32-63-51-22-24-49-19-21-48-18-50-56-66-13-14-60-52-57-58-25-20-0,603.268267374234,seed607_lns_start19_late_random_best_rm8_tw8
0-61-42-43-36-39-50-62-33-27-30-67-44-40-38-41-2-8-6-53-10-55-68-4-1-35-37-31-29-26-28-32-34-54-0,603.6532554319215,seed703_explore_guarded
0-65-63-33-32-28-26-27-31-62-18-23-64-67-30-29-34-50-51-20-22-49-19-24-57-52-66-56-37-35-61-17-58-48-21-25-0,604.4100647843769,seed703_explore_lns_start25_random_regret_rm15_tw10
0-54-42-39-36-45-47-16-15-11-69-44-40-38-41-8-6-53-9-10-12-60-68-61-37-35-43-1-3-5-70-0,604.7504391805768,seed702_explore_lns_start33_random_best_rm25_tw12
0-34-32-33-28-26-27-62-64-23-21-48-18-30-67-51-20-22-24-19-49-52-66-56-50-31-29-63-57-13-17-59-58-25-0,604.9145513094977,seed703_explore_lns_start61_mixed_regret_rm15_tw6
0-65-34-29-33-28-26-27-50-62-23-64-67-31-30-32-63-51-49-24-22-57-52-66-56-35-37-54-20-19-18-48-21-25-58-0,604.9695980000821,seed703_explore_lns_start36_late_best_rm25_tw10
0-37-36-39-42-45-2-60-11-15-47-69-44-43-40-38-41-46-8-6-53-10-12-14-7-5-3-1-4-55-13-17-16-59-52-70-61-54-0,605.0714999928473,seed705_explore_lns_start42_random_best_rm20_tw6
0-65-51-63-33-28-26-27-23-64-62-67-31-32-30-29-34-50-22-21-18-49-20-56-66-68-35-55-13-58-25-48-19-24-57-52-0,606.6869569920887,seed703_explore_lns_start25_random_random_best_rm25_tw6
0-45-5-39-61-69-11-15-23-64-30-63-51-22-9-52-57-49-20-56-66-16-12-14-47-17-13-59-58-25-21-48-18-19-24-0,606.9365157596314,seed705_explore_lns_start55_mixed_best_rm20_tw10
0-65-60-45-5-3-1-69-64-23-15-11-14-47-53-6-8-9-16-10-2-55-68-7-46-4-12-17-13-59-58-25-21-24-57-0,607.285779622405,seed702_explore_lns_start81_mixed_regret_rm20_tw12
0-54-39-36-42-45-7-60-15-11-69-44-40-38-41-8-6-53-9-10-55-68-61-37-35-43-4-46-5-3-1-2-70-0,607.341394790009,seed705_explore_guarded
0-65-20-33-28-26-27-34-62-48-23-64-67-30-32-29-31-63-51-22-24-21-18-19-49-56-66-54-43-35-37-50-25-58-52-57-0,607.7423973761679,seed701_explore_lns_start83_late_best_rm25_tw12
0-54-36-39-42-45-7-14-47-15-11-69-44-40-38-41-8-6-53-9-10-55-68-61-37-35-43-4-46-5-3-1-2-70-0,608.2404065280248,seed703_explore_guarded
0-65-50-34-31-28-33-27-23-64-62-67-32-30-26-29-63-51-20-22-49-19-48-18-56-66-61-60-12-14-47-17-13-59-58-25-21-24-57-52-0,608.2787497742461,seed704_explore_lns_start13_late_random_best_rm25_tw6
0-65-63-33-32-28-26-27-29-31-62-23-64-67-30-34-50-51-20-22-19-18-48-21-49-24-57-52-56-66-35-60-17-58-25-0,608.4086405459177,seed703_explore_lns_start33_random_random_best_rm15_tw15
0-42-39-36-43-45-7-16-15-11-69-44-40-38-41-8-6-53-9-10-60-55-68-37-35-1-3-4-5-46-2-0,608.5019890525538,seed705_explore_guarded
0-65-39-1-45-15-11-69-64-23-67-9-57-22-49-19-21-48-18-51-56-66-52-12-14-47-17-16-13-59-58-25-24-20-63-0,608.8536684301175,seed702_explore_lns_start54_late_best_rm15_tw10
0-54-42-39-36-43-45-46-7-15-11-69-44-40-38-41-8-6-53-9-10-14-12-60-68-37-35-1-3-5-4-2-70-0,609.6822795584178,seed703_explore_lns_start61_random_random_best_rm20_tw10
0-65-51-50-33-32-29-27-31-34-62-64-23-67-30-28-26-63-20-22-49-19-21-48-18-56-66-4-60-16-13-58-25-24-57-52-0,610.0591923152574,seed704_explore_lns_start10_mixed_best_rm20_tw6
0-42-36-39-45-69-11-15-23-64-67-9-52-57-24-22-21-48-18-19-49-20-56-66-68-12-14-47-17-16-13-59-58-25-63-51-0,610.2429859795423,seed704_explore_lns_start57_random_best_rm20_tw12
0-54-42-39-36-43-1-45-47-15-11-69-44-40-38-41-8-6-53-9-10-55-68-2-3-5-46-4-7-60-14-12-70-0,610.624879193062,seed704_explore_lns_start23_random_best_rm20_tw6
0-65-61-54-34-26-27-33-62-23-64-67-30-32-28-29-31-50-22-20-49-24-57-52-66-56-35-63-51-19-18-48-21-25-58-0,610.6339356096411,seed704_explore_lns_start9_random_random_best_rm25_tw6
0-54-36-39-42-45-60-12-15-11-69-61-44-40-38-41-8-6-53-9-10-55-68-37-35-43-1-4-3-5-46-7-2-70-0,611.8221519586925,seed701_explore_guarded
0-36-39-42-3-5-45-2-14-15-11-69-44-40-38-41-8-6-53-9-10-12-55-68-61-37-35-43-1-4-46-7-70-0,611.9767610484134,seed703_explore_lns_start19_random_random_best_rm25_tw6
0-54-42-39-36-43-1-45-7-15-11-69-44-40-38-41-8-6-53-9-16-2-5-3-4-46-55-68-61-37-35-0,612.0036622432771,seed701_explore_lns_start62_late_best_rm25_tw10
0-61-42-39-36-43-45-60-14-15-11-69-44-40-38-41-8-6-53-9-10-12-55-68-37-35-1-3-4-5-46-7-2-70-0,612.5220383033923,seed601_lns_start61_random_best_rm5_tw10_guarded
0-54-42-39-36-45-46-7-47-15-11-69-44-40-38-41-8-6-53-9-16-10-12-60-55-2-4-5-3-1-70-43-37-61-0,612.6165823457468,seed701_explore_lns_start31_random_regret_rm10_tw8
0-65-50-33-34-31-29-27-26-62-64-23-67-30-28-32-63-51-22-19-21-48-18-49-20-66-56-35-52-57-24-25-58-59-70-0,613.0164397001597,seed704_explore_lns_start23_late_best_rm25_tw8
0-37-36-39-42-1-45-16-15-11-69-44-43-40-38-41-8-6-53-9-10-55-60-12-14-47-17-7-4-3-5-46-2-70-61-54-0,613.108925917322,seed607_lns_start33_random_random_best_rm8_tw12_guarded
0-65-39-45-69-11-15-23-64-30-32-63-22-9-57-20-49-51-56-66-52-12-14-47-17-16-13-59-58-25-21-48-18-19-24-0,613.1192977403704,seed602_lns_start55_late_regret_rm6_tw12_guarded
0-54-36-39-42-1-45-7-16-15-11-69-44-40-38-41-8-6-53-9-10-60-55-68-61-37-35-43-4-3-5-46-2-70-0,613.563403132364,seed704_explore_guarded
0-54-42-39-36-45-46-7-16-15-11-69-44-40-38-41-8-6-53-9-10-5-3-1-4-2-68-37-35-43-70-0,613.6665905205591,seed705_explore_lns_start27_random_random_best_rm25_tw10
0-54-42-39-36-43-45-60-12-15-11-69-44-40-38-41-8-6-53-9-59-10-47-55-68-1-3-5-4-46-2-7-70-61-0,613.9486860072639,seed703_explore_lns_start37_mixed_best_rm20_tw10
0-54-36-39-42-1-45-60-14-15-11-69-44-40-38-41-8-6-53-9-10-12-55-68-61-37-35-43-4-3-5-46-7-2-70-0,614.1264672013715,seed601_lns_start61_random_random_best_rm6_tw12_guarded
0-61-42-39-36-43-45-47-16-15-11-69-44-40-38-41-8-6-53-9-59-10-14-12-55-68-2-1-3-5-46-4-7-60-70-0,614.7521456171611,seed701_explore_lns_start35_random_best_rm15_tw6
0-65-63-33-32-28-26-27-29-31-34-62-64-23-30-67-48-19-49-20-22-24-52-51-56-66-68-4-17-13-58-25-21-18-50-0,614.8144720037641,seed705_explore_lns_start12_random_random_best_rm25_tw15
0-61-42-39-36-43-45-46-7-15-11-69-44-40-38-41-8-6-53-9-10-55-1-3-5-4-2-12-13-16-17-47-14-60-70-0,615.0007331681903,seed703_explore_guarded
0-65-50-33-34-31-28-26-27-62-23-64-67-30-29-32-63-51-20-22-19-18-48-21-49-24-66-56-35-17-16-57-25-58-52-0,615.7083641916172,seed705_explore_lns_start22_random_best_rm10_tw6
0-42-36-39-45-69-15-11-67-44-40-38-41-1-8-6-53-60-10-12-14-16-59-13-47-17-7-4-3-5-46-2-70-61-54-0,616.0989457231238,seed703_explore_lns_start41_mixed_random_best_rm15_tw10
0-54-36-39-42-45-60-14-15-11-69-44-43-38-40-41-8-6-53-9-59-16-47-10-55-68-2-7-46-4-5-3-1-70-61-0,616.1095887059801,seed702_explore_lns_start26_random_regret_rm25_tw8
0-61-42-39-36-45-60-14-47-15-11-69-44-40-38-41-8-6-53-9-10-12-37-35-43-2-7-4-46-5-3-1-70-0,616.5767735230667,seed705_explore_lns_start29_random_random_best_rm20_tw8
0-42-39-36-27-26-28-33-32-50-62-44-43-40-38-41-3-46-8-6-53-10-55-68-2-4-37-35-29-31-34-54-61-70-0,616.8774991315287,seed701_explore_lns_start59_late_random_best_rm20_tw15
0-54-37-36-39-42-45-60-14-15-11-69-44-40-38-41-8-6-53-9-10-55-68-35-43-1-3-4-5-46-7-2-70-61-0,616.901925934607,seed603_lns_start61_random_best_rm5_tw15_guarded
0-54-36-39-42-45-7-47-16-15-11-69-44-40-38-41-8-6-53-9-10-12-60-55-68-61-37-35-43-4-46-5-3-1-2-70-0,617.3521990989386,seed605_lns_start62_late_regret_rm6_tw12_guarded
0-42-43-39-37-36-45-47-16-15-11-69-44-40-38-41-8-6-53-9-10-14-12-60-55-68-2-1-3-5-46-4-7-70-61-54-0,617.4408597748326,seed601_lns_start23_random_regret_rm8_tw6
0-65-54-31-29-26-27-33-62-23-64-67-34-30-51-24-48-19-22-20-49-63-28-32-50-56-66-14-17-13-59-58-25-21-18-57-52-0,617.4685047311042,seed606_lns_start62_late_best_rm6_tw10
0-54-42-39-36-43-1-45-46-15-11-69-44-40-38-41-8-6-53-9-10-60-55-68-37-35-3-5-4-2-7-70-0,617.853259383325,seed701_explore_guarded
0-61-42-36-39-43-45-12-14-15-11-69-44-40-37-38-41-6-8-7-53-10-60-2-1-3-5-46-4-13-16-17-47-59-58-52-70-54-0,618.2830415950029,seed701_explore_lns_start2_mixed_best_rm25_tw10
0-42-39-36-45-60-47-16-15-11-69-44-40-38-41-8-6-53-9-10-55-68-37-35-43-1-4-3-5-46-7-2-70-0,618.3674376968015,seed705_explore_lns_start62_late_random_best_rm25_tw10
0-61-36-39-42-45-15-11-23-64-67-30-50-22-9-52-19-49-20-56-66-16-13-12-14-47-17-59-58-25-21-48-18-24-57-0,618.3942609585156,seed703_explore_lns_start54_late_regret_rm25_tw15
0-65-50-33-28-26-29-27-31-34-62-23-64-67-32-30-63-18-48-19-49-22-66-56-51-20-24-57-52-17-13-58-25-21-61-0,618.4671650980665,seed704_explore_lns_start36_late_best_rm20_tw6
0-61-39-36-42-45-14-16-15-11-69-44-40-38-41-8-6-53-9-10-55-68-37-35-43-1-4-3-5-46-7-2-70-0,619.2164358529612,seed701_explore_lns_start13_late_random_best_rm25_tw6
0-45-5-3-42-39-69-15-11-64-23-63-67-9-22-20-49-51-56-66-10-13-16-12-14-47-17-59-58-25-21-48-18-19-24-57-52-0,619.3593619357526,seed701_explore_lns_start57_random_best_rm25_tw12
0-54-36-39-42-1-3-45-16-15-11-69-44-40-38-41-8-6-53-9-10-12-55-68-37-35-43-5-4-46-2-7-60-0,619.3895416019334,seed703_explore_guarded
0-65-51-50-33-32-29-34-31-27-26-28-30-62-64-23-21-48-18-19-49-20-22-57-63-56-66-52-14-17-16-13-59-58-25-24-54-0,619.5832917189459,seed701_explore_lns_start29_mixed_regret_rm20_tw6
0-43-39-36-42-45-47-15-11-12-69-61-44-40-37-38-41-53-8-6-7-46-5-3-1-55-2-4-60-14-17-16-13-59-58-25-57-52-0,619.6281373391045,seed704_explore_lns_start14_late_best_rm20_tw10
0-65-63-33-32-31-28-26-27-29-62-23-64-67-30-34-50-51-22-49-21-48-18-19-20-57-52-66-56-37-35-17-58-25-24-0,619.6877186215037,seed705_explore_lns_start39_random_regret_rm10_tw6
0-37-36-39-42-45-7-14-16-15-11-69-44-43-40-38-41-8-6-60-53-10-46-55-68-35-1-3-5-4-17-47-2-61-54-0,620.1665618226125,seed704_explore_lns_start40_mixed_regret_rm25_tw15
0-65-51-63-33-28-26-27-34-62-18-23-64-67-30-32-29-31-50-20-22-49-19-48-21-57-52-66-56-54-37-35-17-16-58-25-24-0,620.5601099048408,seed703_explore_lns_start39_mixed_random_best_rm25_tw6
0-54-36-39-42-45-60-14-16-15-11-69-44-40-38-41-8-6-53-9-10-55-68-37-35-43-1-4-3-5-46-7-2-70-61-0,621.0833056521852,seed604_lns_start61_random_best_rm5_tw8_guarded
0-54-42-39-36-43-45-47-16-15-11-69-44-40-38-41-8-6-53-9-59-10-12-55-68-2-1-3-5-46-4-7-60-70-61-0,621.1896895223107,seed607_lns_start24_random_best_rm8_tw15
0-54-42-39-36-43-45-46-47-15-11-69-44-40-38-41-8-6-53-9-10-14-12-60-55-37-35-1-3-5-4-2-7-70-0,621.5999746292114,seed704_explore_lns_start19_random_regret_rm15_tw8
0-42-36-39-43-45-60-14-16-15-11-69-44-40-38-41-8-6-53-9-10-55-68-37-35-1-3-4-5-46-7-2-70-61-0,621.9223246437729,seed605_lns_start61_late_best_rm6_tw6_guarded
0-65-33-32-31-29-28-26-27-34-62-23-64-67-30-63-51-20-22-21-48-18-49-24-57-52-66-56-68-35-37-50-19-25-58-0,621.9941563349139,seed704_explore_lns_start9_random_regret_rm15_tw12
0-65-63-33-32-28-26-29-27-31-34-62-23-64-67-30-50-51-22-24-21-48-18-19-49-20-66-56-52-47-17-13-58-25-57-61-0,622.4393740632736,seed701_explore_lns_start84_late_random_best_rm25_tw12
0-54-39-36-42-45-46-7-15-11-69-44-40-38-41-8-6-53-9-10-14-12-60-55-68-37-35-43-1-4-3-5-2-61-0,622.6025714996177,seed702_explore_lns_start61_mixed_random_best_rm20_tw12
0-42-39-36-43-45-47-16-15-11-69-44-40-38-41-8-6-53-9-10-12-55-68-37-35-1-3-4-5-46-2-7-60-0,622.8687153108167,seed702_explore_lns_start36_mixed_best_rm15_tw6
0-54-39-36-42-45-7-15-11-69-44-40-38-41-8-6-53-9-16-10-55-68-37-35-43-4-1-3-5-46-2-70-0,623.0199830413461,seed704_explore_lns_start13_late_random_best_rm25_tw6
0-54-42-39-36-45-60-14-47-15-11-69-44-40-38-41-8-6-53-9-10-55-68-37-35-43-1-4-3-5-46-7-2-70-61-0,623.1292066538498,seed608_lns_start61_random_random_best_rm4_tw8_guarded
0-37-36-39-42-45-2-60-16-15-11-69-44-40-38-41-8-6-53-9-10-55-68-61-54-35-43-4-7-46-5-3-1-0,623.1353638237279,seed705_explore_lns_start62_mixed_best_rm20_tw12
0-54-42-39-36-43-45-47-16-15-11-69-44-40-38-41-8-6-53-9-10-14-12-60-55-68-61-37-35-1-4-46-5-3-2-70-0,623.3071306735047,seed603_lns_start61_random_regret_rm8_tw10
0-50-29-33-28-26-31-27-34-62-23-64-67-32-30-63-18-21-49-24-22-20-51-56-66-61-35-17-13-59-58-25-48-19-57-52-0,624.263715816594,seed703_explore_lns_start10_random_regret_rm20_tw12
0-37-36-39-42-1-45-7-15-11-69-44-43-40-38-41-8-6-53-9-10-12-46-5-3-4-2-55-13-16-17-47-14-60-70-61-0,624.5185443559899,seed702_explore_guarded
0-54-42-39-36-43-1-45-15-11-69-44-40-37-38-41-8-6-53-9-59-16-47-14-12-10-60-55-68-61-4-3-5-46-7-2-70-0,624.7924493364976,seed705_explore_lns_start11_late_regret_rm20_tw8
0-61-36-39-42-45-2-7-60-15-11-69-44-40-38-41-8-6-53-9-10-47-14-12-55-68-54-37-43-1-4-5-3-46-70-0,624.9729655775499,seed702_explore_lns_start30_mixed_best_rm20_tw8
0-61-42-39-36-43-45-47-16-15-11-69-44-40-38-41-8-6-53-9-10-60-55-68-37-35-1-3-4-5-46-2-7-70-0,625.3718214225838,seed704_explore_lns_start62_mixed_regret_rm20_tw10
0-65-50-34-31-29-26-33-28-27-62-64-23-32-30-67-63-51-20-22-21-48-18-19-49-24-56-66-57-52-12-14-17-13-58-25-70-0,625.6115989176054,seed703_explore_lns_start20_mixed_best_rm25_tw15
0-61-42-39-36-43-45-14-16-15-11-69-44-40-38-41-8-6-53-9-10-47-60-55-68-2-7-46-4-5-3-1-70-37-54-0,625.741252675086,seed702_explore_lns_start27_mixed_best_rm10_tw12
0-65-63-33-32-28-26-29-27-31-62-23-64-67-34-30-50-51-49-22-20-56-66-12-13-52-57-24-19-18-48-21-25-58-59-61-0,625.8417089333766,seed703_explore_lns_start31_mixed_best_rm15_tw6
0-42-39-36-5-45-7-14-15-11-69-44-40-38-41-8-6-53-9-10-16-12-55-68-2-4-46-3-1-37-35-43-70-0,625.9200244028933,seed703_explore_lns_start62_late_random_best_rm25_tw6
0-65-50-33-34-31-29-27-26-28-62-23-64-67-32-30-51-22-21-19-49-20-63-56-66-52-16-13-59-25-48-18-24-57-58-0,626.2160418432202,seed608_lns_start40_random_best_rm6_tw8
0-42-39-36-45-60-16-15-11-69-44-40-38-41-8-6-53-9-10-47-14-12-55-68-37-35-43-1-4-3-5-46-7-2-70-0,626.4566421469677,seed603_lns_start61_late_best_rm6_tw6
0-42-36-37-39-43-45-60-16-15-11-69-44-40-38-41-8-6-53-9-10-47-12-66-55-68-1-3-5-4-46-7-2-70-61-54-0,626.6121935328915,seed701_explore_lns_start28_random_regret_rm20_tw8
0-54-42-39-36-43-45-7-47-15-11-69-44-40-38-41-8-6-53-9-10-14-12-60-55-68-37-35-1-3-4-5-46-2-70-61-0,626.7076061045135,seed705_explore_guarded
0-61-42-39-36-45-60-16-15-11-69-44-40-38-41-8-6-53-9-10-47-14-12-55-68-37-35-43-1-4-3-5-46-7-2-70-0,626.7547671626327,seed603_lns_start62_late_random_best_rm3_tw6
0-65-2-45-69-15-11-23-64-30-32-63-49-22-9-52-57-24-20-51-56-66-13-16-47-17-14-59-58-25-21-48-18-19-0,627.2247933681259,seed701_explore_lns_start59_mixed_random_best_rm25_tw6
0-36-42-3-5-45-46-47-16-15-11-69-44-40-38-41-8-6-53-9-10-14-12-60-55-68-37-35-43-1-4-2-7-70-61-0,627.2940852820218,seed703_explore_lns_start61_mixed_regret_rm10_tw12
0-65-33-32-29-28-26-27-31-34-62-64-23-30-67-41-22-49-19-48-18-51-63-50-56-66-52-17-13-59-58-25-21-20-24-57-0,627.3675596172906,seed604_lns_start13_random_random_best_rm5_tw8_guarded
0-65-32-33-31-29-28-26-27-62-64-23-34-30-67-22-9-49-56-50-63-51-66-13-59-58-25-21-48-18-19-20-24-57-0,627.6966645636088,seed705_explore_lns_start40_mixed_best_rm25_tw15
0-65-39-1-5-45-15-11-69-64-23-21-48-18-9-52-57-24-22-20-49-19-51-50-56-66-60-12-14-47-17-16-13-59-58-25-63-0,627.7788184775992,seed705_explore_lns_start53_late_random_best_rm15_tw8
0-61-42-39-36-43-45-14-16-15-11-69-44-40-38-41-8-6-53-9-10-12-60-55-68-37-35-1-3-4-5-46-2-7-70-0,627.9850239664693,seed701_explore_lns_start61_mixed_best_rm25_tw6
0-54-37-36-39-42-45-14-16-15-11-69-44-40-38-41-8-6-53-9-10-12-60-55-68-35-43-1-3-4-5-46-7-2-70-61-0,628.132025601224,seed602_lns_start62_random_random_best_rm6_tw8_guarded
0-65-54-50-33-28-26-27-29-31-34-32-30-62-67-23-22-21-48-18-19-49-20-51-63-56-66-57-52-12-17-47-13-59-58-25-24-0,628.4061560765672,seed705_explore_lns_start13_late_regret_rm20_tw8
0-65-63-33-32-28-26-27-29-31-34-62-23-64-67-30-50-51-22-49-19-21-48-18-56-66-20-24-57-52-14-17-13-58-25-46-70-0,628.5176269924343,seed702_explore_lns_start26_late_random_best_rm25_tw15
0-65-63-33-32-31-29-26-27-50-62-23-64-67-34-30-28-51-20-22-49-19-21-48-18-56-66-57-52-12-14-17-16-13-58-25-24-70-0,629.0414456190907,seed703_explore_lns_start29_random_random_best_rm20_tw12
0-37-36-39-42-1-45-16-15-11-69-44-43-40-38-41-8-6-53-9-10-12-60-55-68-35-3-5-46-4-2-7-70-61-0,629.1574307417154,seed702_explore_guarded
0-54-42-39-36-43-45-47-16-15-11-69-44-40-38-41-8-6-53-9-14-12-55-68-37-35-1-3-4-5-46-7-2-70-61-0,629.5521697061314,seed704_explore_lns_start61_mixed_best_rm15_tw10
0-65-32-33-28-26-29-27-62-64-24-23-51-30-67-22-49-9-57-66-55-68-61-35-31-34-50-63-18-48-21-25-19-20-0,629.582430380023,seed701_explore_lns_start15_random_best_rm25_tw12
0-42-36-39-45-15-11-69-64-44-40-38-41-8-6-53-9-10-16-47-14-12-60-55-2-7-46-4-5-3-1-70-61-54-0,629.8883242292479,seed701_explore_lns_start29_random_regret_rm15_tw10
0-42-36-37-39-43-1-45-2-15-11-69-44-40-38-41-8-6-53-9-10-55-68-61-3-5-4-46-7-14-16-17-47-60-70-0,629.9659536896038,seed705_explore_lns_start38_mixed_regret_rm20_tw12
0-54-42-39-36-43-45-47-16-15-11-69-44-40-38-41-8-6-53-9-10-14-12-55-68-61-37-35-2-4-46-7-5-3-1-70-0,629.9693266854266,seed607_lns_start61_late_random_best_rm6_tw6
0-54-42-39-36-43-45-47-16-15-11-69-44-40-38-41-8-6-53-9-10-60-55-68-61-37-35-2-4-1-3-5-46-7-70-0,630.1752765754696,seed601_lns_start23_late_best_rm6_tw6_guarded
0-54-42-39-36-43-45-2-60-15-11-69-44-40-38-41-8-6-53-9-10-16-12-68-37-35-1-3-5-4-46-7-70-61-0,630.4679435739847,seed705_explore_lns_start25_random_random_best_rm25_tw10
0-36-39-42-1-3-45-46-15-11-69-44-43-40-38-41-8-6-53-9-10-55-68-2-5-4-7-12-13-16-17-47-14-60-70-0,630.6668942525703,seed703_explore_guarded
0-65-50-33-34-31-29-27-26-28-62-23-64-67-30-32-63-20-22-49-19-18-48-21-51-56-66-68-55-4-17-13-58-25-24-57-52-54-0,630.7526238736872,seed705_explore_lns_start11_random_best_rm20_tw10
0-54-42-39-36-45-60-16-15-11-69-44-40-38-41-8-6-53-9-10-47-14-12-55-68-37-35-43-1-4-3-5-46-7-2-70-0,630.9433788617908,seed601_lns_start61_late_best_rm3_tw8
0-54-42-39-36-43-1-45-46-15-11-69-44-40-38-41-8-6-53-9-10-55-68-2-3-5-4-7-47-17-16-14-12-60-70-61-0,631.0369646590108,seed705_explore_lns_start62_random_regret_rm15_tw8
0-65-63-33-32-31-34-29-27-50-62-23-64-67-30-28-26-48-21-22-20-18-19-49-24-51-56-66-57-52-12-17-13-58-25-54-61-70-0,631.2283510773534,seed704_explore_lns_start34_mixed_regret_rm25_tw12
0-54-39-36-42-45-2-15-11-69-44-40-38-41-8-6-53-9-10-16-47-55-68-61-37-35-43-4-7-46-5-3-1-70-0,631.3542555768333,seed701_explore_lns_start61_mixed_random_best_rm10_tw10
0-54-42-39-36-45-46-47-16-15-11-69-44-40-38-41-8-6-53-9-10-59-14-12-55-68-2-1-3-5-4-7-60-70-61-0,632.0521191822756,seed704_explore_lns_start25_mixed_best_rm10_tw8
0-65-61-31-29-26-27-33-62-23-64-67-34-30-28-32-50-51-22-21-48-18-49-20-63-56-66-14-17-47-13-58-25-19-24-57-52-0,632.3940664932519,seed703_explore_lns_start26_late_best_rm10_tw15
0-65-1-3-45-46-7-69-14-15-11-23-64-67-9-52-57-22-49-19-48-18-51-63-56-66-60-12-47-17-16-13-59-58-25-21-24-20-0,632.4254642392602,seed704_explore_lns_start56_late_random_best_rm25_tw8
0-54-42-39-36-43-45-46-47-15-11-69-44-40-38-41-8-6-53-9-10-60-55-68-37-35-1-3-4-5-2-7-70-61-0,632.6859622196,seed703_explore_lns_start21_random_best_rm10_tw8
0-36-42-3-5-45-60-47-16-15-11-69-44-40-38-41-8-6-53-9-10-14-12-55-68-37-35-43-1-4-46-7-2-70-54-0,632.7272112831022,seed603_lns_start62_random_regret_rm8_tw10
0-61-42-39-36-43-45-46-15-11-69-44-40-37-38-41-8-6-53-9-10-55-68-2-1-3-4-5-7-60-47-17-16-12-70-0,633.3538910422343,seed704_explore_lns_start34_random_best_rm15_tw15
0-65-61-54-33-27-50-62-23-64-67-32-30-28-26-29-31-34-63-22-49-56-66-20-48-19-24-57-52-47-17-13-58-25-21-18-51-0,633.6081951818293,seed604_lns_start29_random_best_rm8_tw6
0-65-51-63-33-28-26-27-29-31-62-23-64-67-34-30-32-22-9-24-49-20-50-56-66-52-16-13-59-58-25-21-48-18-19-57-0,633.771845976093,seed702_explore_lns_start40_mixed_random_best_rm15_tw8
0-39-36-42-45-7-14-15-11-69-44-40-38-41-8-6-53-9-16-10-12-55-68-61-37-35-43-4-1-3-5-46-2-60-0,633.8098691762191,seed703_explore_lns_start13_late_regret_rm20_tw10
0-65-34-31-33-32-28-26-27-29-50-62-23-64-67-30-63-51-20-22-49-19-21-48-18-56-66-2-17-14-12-13-52-58-25-24-57-0,633.882647356847,seed702_explore_lns_start20_mixed_random_best_rm20_tw15
0-36-39-45-47-15-11-69-67-44-40-38-41-8-6-53-9-10-16-14-12-60-68-55-2-7-46-4-5-3-1-70-61-54-0,634.2215774145395,seed703_explore_lns_start19_random_regret_rm15_tw15
0-54-42-39-36-43-1-45-15-11-69-44-40-37-38-41-8-6-53-9-10-55-68-2-4-3-5-46-7-60-47-17-16-14-12-70-61-0,634.5825685523345,seed604_lns_start30_random_best_rm4_tw8_guarded
0-65-61-54-26-27-33-23-64-62-67-34-30-28-29-31-32-63-22-20-49-19-21-48-18-51-50-56-66-52-13-17-47-12-58-25-24-57-0,634.671168687577,seed704_explore_lns_start89_late_best_rm20_tw15
0-45-42-36-39-61-69-11-15-60-44-40-38-41-8-6-53-9-10-55-68-37-35-43-1-4-3-5-46-7-2-70-0,634.8553028210018,seed701_explore_guarded
0-36-39-42-5-45-46-7-16-15-11-69-44-40-38-41-8-6-53-9-59-10-12-14-60-2-4-3-1-43-35-37-54-61-70-0,635.0749784162841,seed702_explore_lns_start32_random_best_rm25_tw8
0-61-36-39-42-45-7-47-16-15-11-69-44-40-38-41-8-6-53-9-10-55-12-14-60-2-4-46-5-3-1-70-43-37-54-0,635.8621958976393,seed701_explore_lns_start32_random_random_best_rm20_tw12
0-42-39-36-45-60-16-15-11-69-44-43-40-38-41-8-6-53-9-10-47-12-55-68-61-37-35-1-4-46-5-3-2-7-70-0,635.9905912026727,seed601_lns_start62_random_best_rm8_tw8
0-36-39-42-45-14-47-16-15-11-69-44-43-40-38-41-8-6-53-9-10-12-60-68-37-35-1-3-5-4-46-7-2-70-61-54-0,636.1697909622691,seed601_lns_start29_random_regret_rm5_tw6_guarded
0-37-36-39-42-1-45-2-60-15-11-69-44-43-40-38-41-3-5-46-8-7-6-14-10-55-68-35-4-13-16-17-47-12-70-61-54-0,636.2059892011797,seed704_explore_lns_start40_late_best_rm20_tw15
0-54-39-36-42-45-2-60-15-11-69-44-40-38-41-8-6-53-9-10-16-47-55-68-37-35-1-3-4-5-46-7-70-61-0,636.3376512787271,seed704_explore_lns_start62_late_regret_rm20_tw10
0-54-42-39-36-43-45-46-15-11-69-44-40-37-38-41-8-6-53-9-10-55-68-2-1-3-5-4-7-60-17-16-47-70-61-0,636.9774827285713,seed703_explore_lns_start30_random_random_best_rm15_tw8
0-54-42-39-36-45-46-7-15-11-69-61-44-40-38-41-8-6-53-9-60-55-68-4-5-3-1-43-35-37-2-70-0,637.0977242763672,seed702_explore_lns_start31_mixed_random_best_rm20_tw8
0-54-42-39-36-43-45-47-16-15-11-69-44-40-38-41-8-6-53-9-12-60-55-68-37-35-1-3-4-5-46-2-7-70-61-0,637.6307245888084,seed704_explore_lns_start62_random_regret_rm10_tw10
0-54-42-39-36-45-60-16-15-11-69-44-40-38-41-8-6-53-9-10-47-14-12-55-68-37-35-43-1-4-3-5-46-7-2-70-61-0,637.8782140725133,seed604_lns_start61_random_best_rm5_tw8
0-42-36-37-39-43-45-46-47-15-11-69-44-40-38-41-6-8-53-9-59-10-14-12-60-55-68-2-1-3-5-4-7-70-61-54-0,637.9311700302981,seed705_explore_lns_start27_random_best_rm10_tw8
0-61-42-36-39-45-69-11-15-60-44-38-40-41-8-6-53-9-10-47-14-12-55-68-1-3-5-4-46-7-2-70-43-54-0,638.0066758459932,seed704_explore_lns_start31_random_best_rm20_tw15
0-65-50-33-32-34-31-27-62-64-23-19-30-67-53-9-22-49-51-63-28-26-29-56-66-18-48-21-25-20-24-58-59-52-57-0,639.8887531622097,seed704_explore_lns_start40_mixed_best_rm25_tw15
0-65-34-29-32-28-26-27-33-62-23-64-67-31-30-50-63-51-20-22-19-18-48-21-49-24-57-52-66-56-37-35-17-59-58-25-0,640.170224791771,seed704_explore_lns_start38_random_best_rm10_tw6
0-54-39-36-42-45-16-15-11-69-44-40-38-41-8-6-53-9-10-14-12-60-55-68-37-35-43-1-4-3-5-46-2-7-61-0,640.258850684386,seed701_explore_lns_start62_random_random_best_rm15_tw15
0-65-33-32-31-29-28-26-27-50-62-23-64-67-34-30-63-51-20-22-21-48-18-19-49-24-56-66-57-52-47-17-13-58-25-70-0,640.9119962360369,seed608_lns_start33_random_random_best_rm8_tw10
0-54-42-39-36-43-45-47-16-15-11-69-44-40-38-41-8-6-53-9-10-14-60-55-68-37-35-1-3-4-5-46-2-7-70-61-0,640.9785643935613,seed604_lns_start61_random_best_rm8_tw15
0-65-34-33-31-29-27-23-64-62-67-50-32-30-26-28-63-51-49-20-22-24-57-52-56-66-37-35-13-58-19-18-48-21-25-0,641.2181647721019,seed606_lns_start30_random_regret_rm6_tw12
0-42-36-37-39-43-1-45-46-15-11-69-44-40-38-41-8-6-53-9-10-55-68-2-3-5-4-7-47-17-16-12-70-61-54-0,641.5154801026579,seed703_explore_lns_start29_mixed_best_rm15_tw12
0-54-42-39-36-43-45-47-16-15-11-69-44-40-38-41-8-6-53-9-14-12-60-55-68-37-35-1-3-4-5-46-2-7-70-61-0,641.6130254491218,seed602_lns_start61_random_best_rm6_tw12
0-61-42-39-36-43-45-47-16-15-11-69-44-40-38-41-8-6-53-9-59-10-12-14-60-37-35-1-3-5-46-7-2-70-0,641.9734348989805,seed705_explore_lns_start11_random_best_rm20_tw10
0-37-39-42-45-46-14-47-16-15-11-69-44-40-38-41-8-6-53-9-10-12-60-55-68-35-43-1-3-4-5-2-7-70-61-54-0,642.3554814940552,seed607_lns_start36_random_regret_rm5_tw15
0-42-36-39-29-27-33-62-50-30-37-44-40-38-41-46-8-6-53-10-12-60-7-2-3-4-43-35-31-26-28-32-34-54-61-70-0,642.5910569837107,seed703_explore_lns_start57_mixed_random_best_rm25_tw12
0-61-42-39-36-43-45-46-7-15-11-69-44-40-38-41-8-6-53-9-59-10-47-68-37-35-2-4-5-3-1-70-0,642.8048957411363,seed703_explore_lns_start23_mixed_random_best_rm25_tw6
0-42-36-37-39-5-45-2-60-15-11-69-44-40-38-41-8-6-53-9-16-10-55-68-35-43-1-3-4-46-7-70-54-0,643.000483820277,seed701_explore_lns_start62_late_best_rm25_tw6
0-37-36-39-42-1-45-16-15-11-69-44-43-40-38-41-8-6-53-9-59-10-55-60-12-14-47-17-7-4-3-5-46-2-70-61-54-0,643.108925917322,seed602_lns_start32_random_random_best_rm8_tw15_guarded
0-54-39-36-42-1-45-15-11-69-44-43-40-38-41-8-6-53-9-16-14-10-55-68-37-35-3-5-4-46-2-7-60-0,643.401421057489,seed705_explore_lns_start61_late_random_best_rm25_tw10
0-61-42-39-36-43-1-45-2-15-11-69-44-40-38-41-8-6-53-9-10-55-68-3-5-4-46-12-13-16-17-47-14-60-7-70-0,643.4681999051969,seed701_explore_guarded
0-36-39-42-1-45-60-12-14-15-11-69-44-40-38-41-8-6-53-9-10-4-2-68-55-13-16-17-47-7-46-5-3-70-0,643.4982004099705,seed701_explore_guarded
0-54-42-39-36-43-1-45-2-15-11-69-44-40-38-41-8-6-53-9-16-10-12-68-37-35-3-5-46-4-7-60-70-0,643.9482500864715,seed701_explore_lns_start61_mixed_regret_rm20_tw15
0-65-1-5-45-2-69-15-11-23-64-30-67-51-19-49-22-18-48-21-24-57-52-66-56-55-14-47-17-16-13-59-58-25-20-63-0,644.1433449692619,seed705_explore_lns_start53_mixed_best_rm25_tw12
0-54-42-39-36-43-45-7-12-15-11-69-44-40-38-41-8-6-53-9-59-10-55-68-37-35-1-3-4-5-46-2-70-61-0,644.2883920117248,seed705_explore_lns_start22_mixed_best_rm25_tw6
0-42-39-36-45-12-47-15-11-69-44-40-38-41-8-6-53-9-16-14-60-55-68-43-35-37-1-4-46-5-3-2-7-70-0,644.3231688687645,seed701_explore_lns_start62_mixed_best_rm10_tw10
0-54-42-39-36-45-11-15-47-12-69-61-44-43-40-37-38-41-3-5-8-7-6-1-60-10-59-13-16-14-17-46-4-2-70-58-52-0,644.5171423112425,seed704_explore_lns_start2_random_random_best_rm20_tw10
0-42-36-39-45-69-11-15-23-64-30-67-51-20-22-24-21-48-18-19-49-56-66-57-52-14-47-17-16-13-59-58-25-0,644.8017194944032,seed702_explore_lns_start52_mixed_random_best_rm25_tw10
0-65-51-63-33-34-31-27-21-23-64-62-67-32-30-28-26-29-50-22-19-48-18-49-20-56-66-57-52-12-17-14-13-59-58-25-24-70-0,645.1939377968926,seed702_explore_lns_start35_mixed_best_rm15_tw10
0-65-50-33-28-26-29-27-62-64-23-19-67-32-30-31-34-63-51-49-20-22-24-57-52-66-56-54-35-12-17-58-18-48-21-25-0,645.208586263138,seed603_lns_start35_random_regret_rm8_tw15
0-54-42-39-36-43-45-7-16-15-11-69-44-40-38-41-8-6-53-9-59-10-55-68-1-3-5-46-4-2-60-47-14-12-70-0,645.8701026751793,seed702_explore_lns_start31_random_best_rm15_tw12
0-65-34-33-32-28-26-27-29-31-50-62-64-23-30-67-9-22-20-49-51-56-66-55-68-61-37-35-63-19-21-48-18-25-24-0,645.9039514734828,seed601_lns_start17_random_regret_rm8_tw10
0-65-19-50-33-27-34-62-64-23-67-30-31-29-26-28-32-51-22-20-49-63-56-66-2-17-13-52-58-25-21-48-18-24-57-0,645.9840099214023,seed601_lns_start32_random_regret_rm6_tw8
0-65-34-33-32-28-26-27-29-31-62-64-23-30-67-41-22-24-49-63-50-56-52-59-13-17-58-25-21-48-18-19-51-20-0,646.032248867635,seed702_explore_lns_start13_random_random_best_rm20_tw6
0-65-33-32-31-29-28-26-27-50-62-23-64-67-34-30-63-51-20-22-24-21-48-18-19-49-56-66-57-52-47-17-13-58-25-70-61-0,646.0726542183356,seed704_explore_lns_start24_random_best_rm20_tw15
0-54-42-39-36-45-7-47-16-15-11-69-44-40-38-41-8-6-53-9-59-10-12-14-60-37-35-43-1-3-5-46-2-70-61-0,646.792416638771,seed602_lns_start12_random_best_rm5_tw12
0-37-36-39-42-45-2-16-15-11-69-44-43-40-38-41-8-6-53-9-10-12-55-68-35-1-3-5-4-46-7-60-70-61-54-0,647.6536501696477,seed703_explore_guarded
0-54-42-39-36-43-3-45-46-15-11-69-44-40-38-41-8-6-53-9-16-47-60-7-5-4-2-55-68-61-37-35-1-70-0,647.6728979275214,seed704_explore_lns_start62_mixed_best_rm15_tw6
0-65-63-33-34-31-29-27-26-28-32-62-23-64-67-30-50-49-22-24-51-56-66-68-35-37-54-20-19-18-48-21-25-58-57-52-0,647.9156131974192,seed703_explore_lns_start31_random_random_best_rm25_tw15
0-42-37-39-36-43-45-47-15-11-69-61-44-40-38-41-6-8-53-9-59-10-16-14-12-55-68-1-3-5-46-4-2-7-60-70-0,647.9687014326767,seed604_lns_start89_random_random_best_rm4_tw12
0-61-42-39-36-43-45-7-16-15-11-69-44-40-38-41-8-6-53-9-10-12-46-5-3-4-2-55-68-37-35-1-60-0,647.9981452332154,seed705_explore_lns_start61_late_random_best_rm25_tw8
0-65-39-29-27-33-62-23-64-67-30-32-28-26-31-34-50-22-21-19-49-20-66-51-63-56-52-17-13-59-58-25-48-18-24-57-0,648.4974339662045,seed705_explore_lns_start61_mixed_regret_rm10_tw8
0-61-42-39-36-43-1-45-15-11-69-44-40-37-38-41-8-6-53-9-10-55-68-3-5-4-46-17-13-16-47-14-12-7-2-70-0,648.9200595900452,seed701_explore_lns_start9_random_best_rm15_tw8
0-42-36-39-5-45-2-15-11-69-64-23-67-9-22-21-48-18-19-49-20-51-56-66-57-52-13-16-17-47-14-12-59-58-25-24-0,648.9519322759504,seed701_explore_lns_start57_late_best_rm25_tw6
0-65-63-33-28-34-31-29-27-50-62-23-64-67-30-26-32-51-24-22-49-48-18-20-66-56-35-17-13-58-25-21-19-57-0,649.153969151814,seed704_explore_lns_start30_random_best_rm25_tw10
0-54-39-36-42-45-47-15-11-69-44-43-40-38-41-8-6-53-9-59-10-55-68-2-1-3-5-46-4-7-60-14-12-70-61-0,649.1910814245081,seed705_explore_lns_start35_random_regret_rm15_tw6
0-65-51-33-32-31-29-27-26-28-50-62-23-64-67-30-34-63-22-21-48-18-19-49-24-20-66-56-37-35-43-61-52-58-25-57-0,650.3229135913327,seed702_explore_lns_start28_random_regret_rm25_tw8
0-37-36-39-42-45-15-11-69-67-44-40-38-41-1-8-6-53-2-3-5-60-12-10-13-16-47-17-14-4-46-7-70-61-43-54-0,650.6782634449803,seed704_explore_lns_start43_random_best_rm25_tw8
0-65-33-34-31-28-26-27-29-50-62-23-64-67-32-30-63-51-20-22-24-21-48-18-49-56-66-68-57-52-47-17-13-59-58-25-19-0,650.8113992606786,seed705_explore_lns_start82_mixed_best_rm25_tw15
0-65-51-50-33-32-26-27-29-62-23-64-67-30-28-31-34-63-20-22-19-21-48-18-49-24-57-52-66-56-54-37-35-70-58-25-0,650.815003255627,seed705_explore_lns_start0_mixed_best_rm15_tw15
0-54-42-39-36-5-45-2-15-11-69-44-43-40-38-41-8-6-53-9-16-10-12-55-68-37-35-1-3-4-46-7-60-70-0,651.2025569206983,seed705_explore_lns_start62_late_best_rm25_tw15
0-65-20-63-33-32-29-27-34-62-64-23-18-30-67-9-22-49-51-56-66-61-37-35-31-26-28-50-19-48-21-25-24-0,651.2763675836302,seed701_explore_lns_start16_random_random_best_rm25_tw6
0-65-51-33-28-26-27-29-31-50-62-23-64-67-34-30-32-63-22-21-48-18-19-49-20-66-56-57-59-13-17-60-52-58-25-24-0,651.3772689861266,seed607_lns_start62_random_random_best_rm8_tw10
0-42-36-39-45-15-11-69-67-44-40-38-41-8-6-53-9-10-47-12-55-2-7-46-4-5-3-1-70-61-43-37-54-0,651.7036282595552,seed705_explore_lns_start82_random_regret_rm25_tw12
0-54-42-39-36-43-45-46-16-15-11-69-44-40-38-41-8-6-53-9-59-10-55-68-61-37-35-4-2-7-5-3-1-70-0,652.0526167143629,seed705_explore_lns_start25_mixed_random_best_rm15_tw12
0-61-42-39-37-36-45-16-15-11-69-44-43-40-38-41-8-6-53-9-59-10-55-68-2-1-3-5-4-46-7-17-47-14-12-60-70-0,652.1681170125275,seed603_lns_start36_random_random_best_rm5_tw12
0-54-42-39-36-50-62-33-26-27-30-38-44-43-40-41-3-8-6-53-10-55-68-4-37-35-32-28-29-31-34-61-70-0,652.6053714264704,seed702_explore_lns_start57_late_random_best_rm25_tw10
0-54-42-39-36-43-45-47-16-15-11-69-44-40-38-41-8-6-53-9-59-10-55-68-2-1-3-5-46-4-7-60-14-12-70-61-0,652.682569965485,seed601_lns_start33_random_random_best_rm6_tw12
0-61-42-39-36-43-1-45-60-15-11-69-44-40-38-41-8-6-53-9-10-55-68-54-37-35-4-5-3-46-2-7-47-14-0,652.9125364331026,seed703_explore_lns_start61_mixed_regret_rm25_tw8
0-65-34-33-31-29-27-23-64-67-62-50-32-30-28-26-63-51-49-22-56-66-20-21-48-18-19-24-57-52-13-14-17-16-58-25-0,653.1122654366482,seed703_explore_lns_start29_mixed_random_best_rm20_tw8
0-61-42-37-36-39-27-29-33-26-28-50-62-44-40-38-41-2-8-6-53-10-7-55-68-5-4-43-35-31-32-34-54-70-0,653.2421021544627,seed702_explore_lns_start51_late_best_rm20_tw8
0-61-39-36-42-45-60-15-11-69-44-43-40-38-41-8-6-53-9-59-16-10-55-68-37-35-4-1-3-5-46-7-2-0,653.4056304462132,seed702_explore_lns_start19_late_best_rm25_tw8
0-65-34-33-32-31-28-26-27-29-62-23-64-67-30-50-63-22-49-21-48-18-51-56-66-43-35-37-13-58-25-19-20-24-57-52-0,653.482337022494,seed702_explore_lns_start35_late_random_best_rm25_tw10
0-54-37-39-36-43-42-12-47-15-11-69-44-40-38-41-8-6-53-9-16-14-10-55-68-35-1-3-5-4-46-2-7-60-70-61-0,654.1488085099709,seed703_explore_lns_start25_late_best_rm25_tw8
0-54-36-39-42-45-14-15-11-52-69-44-43-38-37-40-41-1-6-8-7-60-12-10-55-68-35-3-5-4-46-17-16-47-2-70-61-0,654.1582120253344,seed701_explore_lns_start40_late_random_best_rm20_tw10
0-65-54-31-29-26-27-28-33-62-23-64-67-34-30-32-63-51-49-20-22-24-57-52-50-56-66-12-13-17-58-25-21-48-18-19-0,654.3227661236077,seed606_lns_start23_late_best_rm8_tw8
0-65-63-33-28-26-29-27-31-34-50-62-64-23-30-32-51-22-49-9-57-56-66-55-68-37-35-20-19-18-48-21-25-58-24-0,654.7513102813465,seed605_lns_start43_mixed_random_best_rm5_tw6
0-65-51-63-33-28-26-27-50-62-48-23-64-67-32-30-29-31-34-20-22-21-18-19-49-24-66-56-35-13-47-17-58-25-57-52-0,654.9223870934627,seed703_explore_lns_start38_random_best_rm15_tw10
0-65-63-33-32-31-29-27-34-50-62-23-64-67-30-28-26-51-22-20-49-19-21-48-18-24-57-66-56-37-35-43-52-58-25-70-0,655.1033108527998,seed705_explore_lns_start9_random_best_rm25_tw12
0-43-39-36-42-45-7-60-15-11-69-44-40-38-41-8-6-53-9-59-10-55-68-2-4-46-5-3-1-35-37-54-61-70-0,655.3473749694042,seed703_explore_lns_start35_random_best_rm20_tw15
0-65-54-31-29-26-27-28-33-62-23-64-67-34-30-32-63-51-22-21-18-49-24-57-66-56-50-52-14-17-13-58-25-48-19-20-0,655.4304405700138,seed607_lns_start19_late_best_rm8_tw8
0-54-42-39-37-36-45-16-15-11-69-44-43-40-38-41-8-6-53-9-10-47-14-12-55-68-35-1-3-5-4-46-2-7-60-61-0,655.6193195605326,seed704_explore_lns_start61_mixed_random_best_rm20_tw6
0-65-63-33-28-31-29-27-26-62-23-64-67-34-30-32-50-18-48-19-22-24-49-20-66-56-57-52-16-17-14-13-58-25-21-51-70-0,655.9752324954223,seed705_explore_lns_start32_mixed_best_rm20_tw15
0-65-54-31-29-26-27-28-33-62-23-64-67-34-30-32-63-51-20-22-21-48-18-19-49-24-57-66-56-50-52-13-17-14-12-58-25-0,656.2551655565462,seed605_lns_start39_late_best_rm8_tw8
0-65-33-28-26-31-29-27-34-62-23-64-67-32-30-63-18-19-49-22-24-57-51-50-56-66-2-4-46-17-58-25-21-48-20-52-0,656.2675769188156,seed702_explore_lns_start11_mixed_regret_rm25_tw15
0-61-42-39-36-45-7-14-16-15-11-69-44-40-38-41-8-6-53-9-10-47-55-68-2-4-5-3-1-43-35-37-70-46-0,657.1072177441998,seed702_explore_lns_start62_late_best_rm20_tw10
0-61-42-39-36-45-12-16-15-11-69-44-40-38-41-8-6-53-9-10-47-14-55-68-4-46-5-3-1-43-35-37-70-2-7-0,657.1521831161292,seed701_explore_lns_start61_mixed_regret_rm10_tw8
0-61-42-39-36-27-29-33-26-28-50-62-44-43-40-38-41-5-8-6-53-10-7-55-68-2-4-1-37-35-31-32-34-54-70-0,657.8092873837518,seed703_explore_lns_start58_late_best_rm20_tw6
0-65-51-33-34-28-26-27-62-18-23-64-67-30-32-29-31-50-63-20-22-49-19-48-24-56-35-17-13-57-21-25-58-52-0,658.0021079788361,seed704_explore_lns_start35_random_random_best_rm20_tw12
0-54-42-39-36-43-45-46-16-15-11-69-44-40-38-41-8-6-53-9-59-10-55-68-1-3-5-4-2-7-17-47-14-12-60-70-61-0,658.928948690376,seed606_lns_start30_random_regret_rm6_tw12
0-65-50-33-34-31-29-28-26-27-62-23-64-67-32-30-48-19-49-20-22-24-57-52-56-66-60-14-13-17-58-21-25-18-63-51-0,659.0687334344602,seed608_lns_start39_late_best_rm6_tw6
0-65-46-45-5-3-1-12-15-11-69-64-20-23-21-67-9-22-24-19-49-56-66-57-52-60-14-47-17-16-13-59-58-25-48-18-63-51-0,659.4834072607191,seed705_explore_lns_start55_late_best_rm25_tw15
0-54-42-39-36-43-45-16-15-11-69-44-40-37-38-41-8-6-53-9-59-10-55-68-1-3-5-4-46-7-60-47-14-12-70-61-0,659.7002894953861,seed608_lns_start29_random_best_rm5_tw8
0-54-42-39-36-45-60-16-15-11-69-44-40-38-41-8-6-53-9-59-10-55-68-37-35-43-2-4-46-7-5-3-1-70-61-0,659.857578044999,seed705_explore_lns_start21_mixed_regret_rm10_tw8
0-65-54-31-29-26-27-28-33-62-23-64-67-34-30-32-50-63-20-22-24-49-19-21-48-18-51-56-66-52-13-17-14-57-25-58-70-0,660.1943002964379,seed604_lns_start37_late_random_best_rm8_tw12
0-54-42-39-36-43-45-2-60-15-11-69-44-40-38-41-8-6-53-9-16-10-55-68-37-35-1-3-4-5-46-7-47-14-12-0,660.5492130940283,seed703_explore_lns_start85_random_random_best_rm15_tw10
0-42-36-39-45-69-15-11-67-44-43-40-38-41-53-8-6-2-12-14-10-59-13-16-47-17-46-4-5-3-1-7-60-70-61-54-0,660.8656884148097,seed705_explore_lns_start41_late_best_rm25_tw10
0-65-33-32-28-26-29-27-31-62-64-23-48-63-30-67-50-51-49-22-21-18-20-56-66-68-37-35-34-57-58-25-19-24-0,661.2100824640535,seed704_explore_lns_start2_late_best_rm25_tw12
0-60-65-33-27-29-62-23-64-67-34-30-26-28-31-32-51-22-24-49-63-50-56-66-13-12-17-57-20-19-18-48-21-25-58-52-0,661.5060097279079,seed602_lns_start27_late_random_best_rm8_tw6
0-65-33-50-34-31-29-27-26-28-62-23-32-30-67-63-51-20-22-21-48-18-19-49-56-66-52-13-14-17-4-12-58-25-24-57-0,661.602792172094,seed704_explore_lns_start29_random_best_rm25_tw8
0-54-36-39-42-3-45-7-16-15-11-69-44-40-38-41-8-6-53-9-10-47-60-55-68-61-4-5-1-43-35-37-46-2-0,661.6326697263033,seed703_explore_lns_start62_mixed_regret_rm25_tw12
0-36-42-5-45-46-12-16-15-11-69-44-43-40-38-41-8-6-53-9-10-47-14-55-68-37-35-1-3-4-2-7-60-70-61-54-0,662.1340684495407,seed606_lns_start61_random_random_best_rm6_tw8
0-54-42-39-37-36-45-16-15-11-69-44-40-38-41-6-8-53-9-59-10-55-68-1-3-5-4-46-2-7-60-14-12-70-0,662.5610778669823,seed702_explore_lns_start83_late_best_rm20_tw10
0-61-42-39-36-37-54-62-33-27-29-30-38-44-43-40-41-6-8-7-53-10-2-55-68-4-35-34-31-26-28-32-50-70-0,662.6269763910045,seed705_explore_lns_start55_late_best_rm25_tw15
0-54-42-36-37-39-45-7-60-15-11-69-44-40-38-41-8-6-53-9-59-16-10-55-68-35-43-4-1-3-5-46-2-61-0,663.4743861419904,seed704_explore_lns_start61_late_best_rm25_tw12
0-65-63-33-32-28-26-27-29-31-34-62-23-64-67-50-30-51-19-21-22-20-49-48-18-56-66-57-52-12-14-47-17-13-58-25-24-54-70-0,663.9183611637654,seed702_explore_lns_start19_late_best_rm25_tw8
0-65-32-33-28-31-29-27-62-64-23-34-26-30-67-50-63-49-22-20-19-18-48-21-24-57-56-66-52-14-17-13-58-25-51-70-0,663.973760486911,seed604_lns_start29_late_random_best_rm6_tw8
0-54-42-39-36-43-45-7-16-15-11-69-44-40-38-41-8-6-53-9-10-12-60-55-68-61-37-35-1-4-3-5-46-2-70-52-0,664.1742230536931,seed602_lns_start62_late_regret_rm6_tw8_guarded
0-65-54-33-26-27-18-23-64-62-67-32-30-28-29-31-34-49-22-20-24-57-66-56-50-63-51-48-21-13-17-12-59-58-25-19-0,664.2485389735436,seed702_explore_lns_start20_mixed_random_best_rm25_tw15
0-42-37-39-36-43-45-16-15-11-69-44-40-38-41-8-6-53-9-59-10-55-1-3-5-4-46-2-7-60-47-14-12-70-61-54-0,664.5559229311199,seed607_lns_start82_random_regret_rm8_tw12
0-54-39-36-42-45-14-47-15-11-69-44-40-38-41-8-6-53-9-59-16-12-10-60-55-68-61-37-35-43-1-3-46-2-7-70-0,664.5636533401042,seed704_explore_lns_start89_mixed_best_rm25_tw8
0-65-42-31-27-33-62-23-64-67-30-34-29-26-28-32-63-22-49-19-21-48-18-51-50-56-66-52-17-13-59-58-25-24-20-57-0,664.6646073240793,seed602_lns_start62_random_random_best_rm8_tw15
0-54-42-39-36-43-45-16-15-11-69-44-40-37-38-41-8-6-53-9-59-10-55-68-2-1-3-4-46-7-17-47-14-12-60-70-61-0,665.8532106064736,seed603_lns_start33_random_best_rm8_tw6
0-42-39-36-43-45-7-16-15-11-69-44-40-38-41-8-6-53-9-59-10-55-68-37-35-1-3-4-5-46-2-60-12-0,665.8590487663255,seed701_explore_lns_start36_late_best_rm20_tw12
0-37-36-39-42-45-2-60-12-15-11-69-44-40-38-41-6-8-53-9-16-47-10-55-68-61-35-43-1-4-3-5-46-7-54-0,666.3272585632488,seed702_explore_lns_start62_mixed_best_rm25_tw8
0-65-50-33-32-28-26-27-29-34-62-31-30-64-23-21-48-18-49-20-24-22-57-52-66-56-35-61-13-59-58-25-19-51-63-0,666.4158809764249,seed701_explore_lns_start37_random_regret_rm20_tw12
0-65-50-33-32-28-31-27-29-62-23-64-67-34-26-30-63-51-20-22-49-19-21-48-18-56-66-60-17-13-52-57-58-25-24-0,666.6512212018268,seed701_explore_lns_start23_late_random_best_rm15_tw8
0-42-36-39-43-3-45-69-11-15-44-38-40-41-8-6-53-9-16-10-12-55-68-37-35-1-5-4-46-7-2-61-54-0,666.6684529106043,seed702_explore_lns_start61_late_random_best_rm20_tw12
0-54-39-36-42-45-1-15-11-69-44-40-38-41-8-6-53-9-59-10-55-68-2-4-3-5-46-7-60-47-17-16-14-12-70-61-0,667.2266709294528,seed702_explore_lns_start35_late_random_best_rm25_tw10
0-54-42-39-36-43-45-16-15-11-69-44-40-37-38-41-8-6-53-9-59-10-55-68-1-3-5-4-46-2-7-60-47-12-70-61-0,667.2724618379737,seed607_lns_start20_random_best_rm5_tw6
0-65-39-45-46-2-12-15-11-69-64-23-21-48-18-19-24-9-22-49-51-63-56-66-20-57-52-14-47-17-16-13-59-58-25-70-0,667.2945136668068,seed704_explore_lns_start54_late_best_rm25_tw12
0-61-36-39-42-1-3-45-5-15-11-69-44-40-38-41-8-6-53-9-59-10-55-68-2-4-46-7-60-12-13-16-17-14-54-0,667.4556663022745,seed701_explore_lns_start31_mixed_best_rm25_tw12
0-14-65-27-33-23-64-62-67-34-30-31-29-26-28-32-22-21-48-18-49-20-66-56-50-63-51-52-13-59-58-25-19-24-57-0,667.6629537479065,seed703_explore_lns_start61_late_regret_rm10_tw10
0-65-39-34-27-33-62-23-64-67-30-31-29-26-28-32-63-22-20-49-24-66-56-35-50-51-19-18-48-21-25-58-57-52-0,667.6773644551171,seed705_explore_lns_start33_late_best_rm20_tw12
0-54-42-39-36-43-45-16-15-11-69-44-40-37-38-41-8-6-53-9-59-10-55-68-2-4-1-3-5-46-7-17-47-14-12-60-70-61-0,667.869136716563,seed607_lns_start29_random_best_rm4_tw8
0-65-33-34-29-28-26-27-62-64-23-63-31-30-32-67-50-51-20-22-19-48-18-49-56-66-2-4-60-17-13-58-25-21-24-57-0,667.9521577804693,seed701_explore_lns_start12_mixed_best_rm20_tw6
0-42-36-34-31-29-27-26-28-33-32-50-62-67-38-44-40-41-8-6-60-53-10-54-43-37-35-68-55-4-5-3-1-46-7-2-70-61-0,668.2279542061874,seed701_explore_lns_start52_random_best_rm15_tw15
0-39-36-42-45-46-7-15-11-69-44-40-38-41-8-6-53-9-10-60-5-3-1-4-2-55-68-61-37-35-43-70-47-14-12-0,668.2355161951192,seed702_explore_guarded
0-65-50-34-31-33-27-23-64-62-67-32-30-28-26-29-63-49-20-22-24-51-56-66-61-35-17-13-58-25-21-48-18-19-57-52-0,668.3823723715334,seed705_explore_lns_start38_random_regret_rm10_tw10
0-61-42-39-36-43-45-47-16-15-11-69-44-40-38-41-8-6-53-9-59-10-12-55-68-37-35-2-4-1-3-5-46-7-60-70-0,668.4162289504014,seed604_lns_start28_late_best_rm6_tw15
0-36-50-34-31-27-33-62-23-64-67-30-29-26-28-32-63-22-20-49-24-57-52-56-66-68-55-60-16-13-59-58-25-21-48-18-19-51-0,668.5761471222768,seed605_lns_start77_mixed_random_best_rm8_tw15
0-54-39-36-42-45-7-15-11-69-44-43-40-38-41-8-6-53-9-10-60-55-68-37-35-1-3-4-5-46-2-70-61-52-0,668.7334417269432,seed602_lns_start62_random_regret_rm8_tw15_guarded
0-54-39-42-45-12-15-11-69-44-43-38-37-40-41-8-6-53-9-10-47-14-55-60-7-46-4-2-68-35-1-5-3-70-61-0,668.833495208922,seed701_explore_lns_start32_random_regret_rm25_tw8
0-65-33-34-31-29-28-26-27-62-23-64-67-32-30-50-63-20-22-24-19-21-48-18-49-51-56-66-4-35-52-57-58-25-0,668.951194645383,seed703_explore_lns_start11_late_best_rm20_tw8
0-42-37-39-36-43-45-16-15-11-69-44-40-38-41-8-6-53-9-59-10-55-68-2-4-46-5-3-1-7-60-17-47-12-70-61-0,668.9679776217833,seed603_lns_start27_late_random_best_rm5_tw12
0-61-39-36-42-45-3-15-11-69-44-40-38-41-8-6-53-9-16-47-10-55-68-37-35-43-1-4-5-46-2-7-60-14-12-0,669.2276248555113,seed704_explore_lns_start61_late_random_best_rm25_tw8
0-54-36-39-42-3-45-12-16-15-11-69-61-44-43-40-38-41-46-8-6-53-10-52-55-68-37-35-1-5-4-7-17-47-14-60-2-70-0,669.4801515428708,seed705_explore_lns_start40_mixed_best_rm25_tw15
0-65-63-33-32-34-28-26-27-29-31-62-64-23-18-30-67-50-51-20-22-19-48-21-49-24-56-66-52-13-17-47-14-60-58-25-57-0,670.0093599781671,seed705_explore_lns_start37_random_random_best_rm15_tw8
0-42-36-39-45-47-15-11-69-67-44-43-40-38-41-8-6-53-12-10-16-14-60-2-1-3-5-4-46-7-17-13-52-54-61-70-0,670.0650110376838,seed704_explore_lns_start42_random_random_best_rm20_tw8
0-65-50-33-34-31-29-27-26-28-62-23-64-67-32-30-63-51-22-24-21-48-18-19-49-20-66-56-54-35-43-52-57-25-58-70-0,670.1282778452124,seed702_explore_lns_start37_late_random_best_rm10_tw6
0-42-39-36-43-45-7-16-15-11-69-44-40-38-41-8-6-53-9-59-10-55-68-37-35-1-3-4-5-46-2-60-14-0,670.3009293643227,seed705_explore_lns_start89_late_random_best_rm25_tw8
0-14-65-27-33-23-64-62-67-32-30-34-31-29-26-28-22-48-18-49-20-51-63-50-56-66-12-13-59-58-25-21-19-24-57-52-0,670.4422299013644,seed606_lns_start62_late_regret_rm8_tw12
0-42-36-37-39-43-45-2-60-15-11-69-44-38-40-41-8-6-53-9-59-16-10-55-68-35-1-4-3-5-46-7-70-61-0,670.6935364408882,seed704_explore_lns_start22_late_best_rm25_tw8
0-37-36-39-42-3-45-7-15-11-69-44-43-40-38-41-8-6-53-9-10-12-14-47-16-59-52-68-2-1-5-4-46-60-70-61-54-0,670.8467547821209,seed705_explore_lns_start26_random_best_rm25_tw6
0-65-50-29-26-33-28-27-23-64-62-67-32-30-31-34-63-51-22-49-21-48-18-57-56-66-1-3-4-46-13-58-25-19-20-24-52-0,670.8562954397107,seed703_explore_lns_start10_mixed_random_best_rm25_tw8
0-61-42-39-36-43-1-45-2-15-11-69-44-40-38-41-8-6-53-9-10-55-68-37-35-3-5-4-46-7-60-47-14-12-54-0,671.1461103707679,seed704_explore_lns_start37_random_regret_rm25_tw10
0-54-42-39-36-43-1-45-16-15-11-69-44-40-38-41-8-6-53-9-59-10-55-68-37-35-3-5-4-46-2-7-60-12-0,671.7412087499183,seed703_explore_lns_start83_late_random_best_rm20_tw8
0-65-1-5-45-2-69-15-11-23-64-30-63-51-22-49-9-47-14-66-56-57-52-12-13-17-16-59-58-25-21-48-18-19-24-20-0,672.3283402965026,seed704_explore_lns_start57_mixed_best_rm20_tw6
0-37-36-39-42-45-2-12-14-15-11-69-44-40-38-41-8-6-53-9-59-10-60-55-68-61-35-43-4-1-3-5-46-7-54-0,672.3403758904485,seed701_explore_lns_start26_mixed_best_rm25_tw6
0-36-39-42-1-3-45-12-15-11-69-44-43-40-38-41-8-6-53-9-59-10-55-68-2-4-46-7-60-14-13-16-17-47-70-61-54-0,672.3698012781722,seed701_explore_lns_start11_mixed_best_rm25_tw12
0-65-54-50-33-32-31-29-27-34-62-64-23-67-30-26-28-63-20-22-49-19-21-48-18-51-56-57-52-13-17-47-14-60-58-25-24-0,672.8601478716251,seed703_explore_lns_start12_random_best_rm20_tw6
0-42-37-39-36-43-45-16-15-11-69-44-40-38-41-8-6-53-9-59-10-55-68-1-3-5-4-46-2-7-60-14-12-70-61-54-0,673.3939079734232,seed702_explore_lns_start26_random_best_rm10_tw12
0-65-1-45-46-2-69-15-11-64-20-23-21-67-9-52-22-49-51-63-56-66-7-12-14-47-17-16-13-59-58-25-48-18-19-24-57-0,673.5946747749379,seed704_explore_lns_start54_late_random_best_rm20_tw12
0-54-39-36-42-45-47-16-15-11-69-44-40-38-41-8-6-53-9-59-10-55-68-61-37-35-43-4-1-3-5-46-2-7-60-70-0,673.7563326904594,seed607_lns_start36_late_random_best_rm6_tw6
0-65-39-36-42-45-12-15-11-69-44-43-40-38-41-8-6-53-9-10-16-47-14-60-55-68-2-1-3-5-46-4-7-70-37-54-0,674.7173976835154,seed703_explore_lns_start10_random_regret_rm20_tw12
0-42-39-36-43-45-7-16-15-11-69-44-40-38-41-8-6-53-9-59-10-55-68-37-35-1-3-4-5-46-2-60-47-12-0,675.1555366503579,seed701_explore_lns_start24_mixed_random_best_rm20_tw10
0-65-50-33-32-34-29-27-31-26-28-30-62-67-23-21-48-18-19-49-22-24-57-51-63-56-66-52-12-17-16-13-59-58-25-20-54-70-0,675.2644196705314,seed703_explore_lns_start32_mixed_regret_rm25_tw15
0-61-42-39-36-43-45-7-16-15-11-69-44-40-38-41-8-6-53-9-59-10-55-68-37-35-2-4-1-3-5-46-60-14-12-0,676.0684537218705,seed701_explore_lns_start89_late_best_rm25_tw15
0-65-54-31-29-26-27-28-33-62-23-64-67-34-30-32-50-63-22-24-21-48-18-49-20-66-56-4-60-13-52-57-58-25-19-51-0,676.0885927159943,seed605_lns_start11_late_random_best_rm4_tw12
0-65-54-31-29-26-27-28-33-62-23-64-67-34-30-32-50-63-22-24-21-48-18-49-20-66-56-2-4-13-52-57-58-25-19-51-0,676.1095235928688,seed605_lns_start11_late_best_rm5_tw6
0-45-42-36-39-61-69-11-15-47-44-40-38-41-8-6-53-9-10-14-12-55-68-37-35-43-1-4-46-2-7-60-70-54-0,676.1303537526531,seed704_explore_lns_start20_mixed_best_rm25_tw15
0-61-42-39-36-43-1-45-16-15-11-69-44-40-38-41-8-6-53-9-59-10-55-68-37-35-3-5-4-46-2-7-60-47-0,676.7883512468629,seed701_explore_lns_start87_late_regret_rm20_tw12
0-61-42-39-36-43-1-45-16-15-11-69-44-40-38-41-8-6-53-9-59-10-55-68-37-35-3-5-4-46-2-7-60-47-14-12-0,676.8490849347926,seed601_lns_start34_random_best_rm8_tw10
0-61-42-39-36-43-1-45-16-15-11-69-44-40-38-41-8-6-53-9-59-10-55-68-37-35-3-5-4-46-2-7-60-47-12-0,676.8490849347926,seed604_lns_start37_late_random_best_rm8_tw12
0-65-54-31-29-26-27-28-33-62-23-64-67-34-30-32-50-63-22-24-21-48-18-49-20-56-66-57-52-4-17-58-25-19-51-0,677.0715365120981,seed701_explore_lns_start11_late_best_rm10_tw10
0-54-36-39-42-45-7-11-15-47-14-69-44-40-38-41-8-6-53-9-59-10-55-68-61-37-35-43-4-1-3-5-46-2-60-12-0,677.67587143547,seed703_explore_lns_start20_mixed_best_rm25_tw12
0-60-65-33-27-34-50-62-23-64-67-30-28-26-29-31-32-63-22-24-20-49-19-21-48-18-51-56-66-52-14-17-13-58-25-57-70-0,677.9228049474447,seed703_explore_lns_start37_mixed_best_rm25_tw8
0-65-50-34-31-29-28-26-27-33-23-64-62-67-30-32-63-51-20-22-24-21-48-18-49-56-66-61-35-37-68-13-52-57-58-25-19-0,678.046020844291,seed704_explore_lns_start84_random_best_rm25_tw15
0-42-37-39-36-43-45-16-15-11-69-44-40-38-41-8-6-53-9-59-10-55-68-1-3-5-4-46-2-7-60-47-14-12-70-54-0,678.1966275350759,seed705_explore_lns_start38_random_regret_rm10_tw10
0-54-42-39-36-43-45-46-7-15-11-69-44-40-38-41-6-8-53-9-10-2-55-68-1-3-5-4-12-13-16-17-47-14-60-70-61-0,678.3180454131117,seed703_explore_lns_start22_mixed_regret_rm20_tw10
0-39-36-42-45-46-60-15-11-69-44-40-38-41-8-6-53-9-10-7-5-3-1-4-2-55-68-37-35-43-14-47-16-0,678.3948372280822,seed702_explore_lns_start62_mixed_best_rm25_tw10
0-65-52-33-32-28-26-27-34-62-23-64-67-30-29-31-50-63-20-22-19-18-48-21-49-24-51-56-35-43-17-59-58-25-57-0,678.4622883448717,seed703_explore_lns_start36_random_random_best_rm25_tw8
0-65-57-33-32-28-27-34-62-23-24-64-67-30-26-29-31-50-51-20-22-49-63-56-66-10-13-60-17-59-58-25-21-48-18-19-52-0,678.5789517914419,seed704_explore_lns_start61_mixed_best_rm15_tw10
0-54-42-39-36-5-45-46-60-15-11-69-44-40-38-41-8-6-53-9-59-10-55-68-1-3-4-7-12-13-16-17-47-14-2-70-0,678.7573777894884,seed702_explore_lns_start28_random_regret_rm25_tw8
0-65-52-57-33-29-27-31-34-62-23-64-67-32-30-26-28-63-20-22-24-49-21-48-18-19-51-56-66-68-17-13-58-25-50-54-0,678.9596394414907,seed701_explore_lns_start35_random_best_rm10_tw6
0-54-42-36-37-27-29-32-33-62-69-44-43-40-38-41-53-7-8-6-2-46-1-3-5-68-55-4-35-26-28-31-34-50-61-70-0,679.4352644630046,seed702_explore_lns_start51_mixed_random_best_rm20_tw12
0-65-63-50-33-28-26-27-62-19-23-48-64-67-30-32-29-31-34-51-22-20-18-49-24-56-66-57-52-13-17-4-5-58-25-21-0,679.5655488797277,seed704_explore_lns_start89_mixed_best_rm25_tw8
0-54-37-36-39-42-1-45-7-15-11-69-44-43-40-38-41-8-6-53-9-10-12-60-55-68-3-5-4-46-17-13-16-47-14-2-70-61-0,679.9005516897042,seed702_explore_lns_start9_random_random_best_rm25_tw6
0-65-63-33-32-31-29-27-26-28-50-62-23-64-67-34-30-51-20-22-24-21-48-18-19-49-56-66-4-17-16-13-59-58-25-57-52-0,680.0694012259236,seed703_explore_lns_start12_random_best_rm15_tw15
0-61-42-39-36-45-60-16-15-11-69-44-40-38-41-8-6-53-9-59-10-55-68-37-35-43-1-4-3-5-46-2-7-47-14-0,680.6363764494429,seed703_explore_lns_start26_mixed_random_best_rm20_tw15
0-42-36-39-45-15-11-69-67-44-40-38-41-8-6-53-9-59-10-16-47-14-12-68-1-3-5-46-4-2-7-60-70-61-54-0,680.7401009027886,seed701_explore_lns_start29_random_regret_rm25_tw10
0-54-42-39-36-43-1-45-16-15-11-69-44-40-38-41-8-6-53-9-59-10-55-68-37-35-3-5-4-46-2-7-60-47-12-0,681.0376966339508,seed605_lns_start20_late_random_best_rm6_tw6
0-54-42-39-36-45-46-47-16-15-11-69-44-40-38-41-8-6-53-9-59-10-55-68-3-4-2-60-12-13-17-14-7-61-0,681.1183373181973,seed705_explore_lns_start31_mixed_best_rm25_tw8
0-61-42-39-36-43-45-5-15-11-69-44-40-38-41-8-6-53-9-10-66-55-68-37-35-1-3-4-46-2-7-60-16-0,681.6498468282809,seed703_explore_lns_start62_late_regret_rm25_tw12
0-61-42-39-36-37-27-29-33-26-28-62-54-44-43-40-38-41-46-8-6-53-10-60-55-68-2-4-35-34-31-32-50-70-0,681.7240121969284,seed701_explore_lns_start56_late_best_rm20_tw12
0-42-36-39-45-15-11-69-67-44-40-38-41-8-6-53-9-10-68-1-3-5-4-7-14-13-16-17-47-70-61-54-0,681.9365366940401,seed702_explore_lns_start36_random_regret_rm25_tw6
0-65-50-33-34-31-29-28-26-27-62-23-64-67-32-30-63-51-20-22-49-19-21-48-18-24-66-56-35-68-17-52-57-58-25-0,682.0223042154447,seed608_lns_start25_random_regret_rm5_tw10
0-61-42-39-36-5-45-60-15-11-69-44-43-40-38-41-8-6-53-9-59-10-47-46-2-4-55-68-37-35-1-3-7-0,682.6081663208024,seed703_explore_lns_start22_mixed_random_best_rm15_tw15
0-36-42-1-3-5-45-12-15-11-69-44-43-40-38-41-8-6-53-9-59-10-14-55-68-4-47-17-16-13-60-7-46-2-70-61-0,683.0586663067664,seed705_explore_lns_start9_random_regret_rm10_tw6
0-54-39-36-42-45-16-15-11-69-61-44-40-38-41-8-6-53-9-59-10-55-68-37-35-43-1-4-3-5-46-2-7-60-47-14-12-0,683.131957256154,seed702_explore_lns_start39_mixed_best_rm20_tw6
0-61-42-39-36-37-27-29-33-26-28-32-62-44-40-38-41-1-46-8-6-53-10-60-55-68-7-4-43-35-31-34-50-54-70-0,683.1425480442684,seed704_explore_lns_start52_late_regret_rm20_tw8
0-42-36-34-31-27-26-32-33-28-29-50-62-67-44-40-38-41-46-8-6-53-10-66-55-43-37-35-1-4-5-3-2-7-60-70-61-54-0,683.2714309053772,seed704_explore_lns_start52_mixed_regret_rm15_tw12
0-42-36-37-39-45-60-12-16-15-11-69-44-40-38-41-8-6-53-9-59-10-14-55-68-35-43-4-46-5-3-1-2-7-70-54-0,683.3262523966896,seed704_explore_lns_start27_late_best_rm15_tw10
0-37-36-39-42-45-7-12-15-11-69-44-43-38-40-41-8-6-53-9-10-59-66-68-55-2-4-46-5-3-1-60-47-16-14-70-61-0,683.4784487622547,seed702_explore_lns_start32_late_regret_rm15_tw6
0-54-42-39-36-43-45-46-15-11-69-44-40-37-38-41-8-6-53-9-59-10-55-68-1-3-5-4-7-13-16-17-47-14-12-60-2-61-0,683.5759644734657,seed703_explore_lns_start34_mixed_random_best_rm15_tw6
0-42-36-37-39-43-45-60-47-15-11-69-44-40-38-41-8-6-53-9-59-10-55-68-2-4-17-16-13-7-46-5-3-1-70-61-0,683.67413084307,seed701_explore_lns_start9_late_random_best_rm25_tw6
0-65-19-51-33-27-23-64-62-67-34-30-31-29-26-28-32-63-22-49-20-24-57-56-66-10-16-13-17-52-59-58-25-21-48-18-50-0,683.8079559268216,seed705_explore_lns_start22_random_best_rm20_tw6
0-36-39-42-5-45-60-16-15-11-69-44-43-40-38-41-8-6-53-9-59-10-55-68-37-35-1-3-4-46-2-7-14-47-0,684.0704039001107,seed704_explore_lns_start34_mixed_regret_rm25_tw12
0-36-39-42-5-45-2-14-15-11-69-44-43-40-38-41-8-6-53-9-59-10-55-68-1-3-4-46-7-13-16-17-47-12-60-70-61-54-0,685.1987234962085,seed704_explore_lns_start19_random_random_best_rm20_tw10
0-42-36-39-45-15-11-69-64-44-40-38-41-8-6-53-9-59-10-16-47-12-60-55-68-2-4-46-5-3-1-7-70-61-54-0,685.4132373538305,seed703_explore_lns_start87_random_regret_rm20_tw10
0-42-36-39-45-69-15-11-67-44-40-38-41-2-8-6-53-60-14-12-10-52-59-13-16-47-17-7-4-46-5-3-1-70-61-43-54-0,685.4998832884568,seed604_lns_start43_mixed_random_best_rm8_tw6
0-54-37-36-39-42-45-12-14-15-11-69-61-44-40-38-41-8-6-53-9-59-10-55-68-35-43-1-3-4-5-46-7-2-70-60-0,685.5344043274083,seed704_explore_lns_start28_mixed_best_rm25_tw8
0-65-34-33-28-26-29-27-31-62-23-64-67-32-30-50-63-22-49-19-21-48-18-51-56-66-37-35-60-12-14-58-25-20-24-57-52-0,686.6475258766901,seed705_explore_lns_start35_late_regret_rm20_tw12
0-42-39-36-43-1-45-16-15-11-69-44-40-38-41-8-6-53-9-59-10-55-68-37-35-3-5-4-46-2-7-12-14-47-60-0,686.8943580748955,seed702_explore_lns_start36_mixed_best_rm20_tw6
0-54-42-39-36-43-1-45-5-15-11-69-44-40-38-41-8-6-53-9-59-10-55-68-2-4-7-12-13-16-17-47-14-60-70-61-0,686.9611391713356,seed704_explore_lns_start24_mixed_best_rm20_tw12
0-42-36-39-45-69-11-15-14-12-38-44-40-41-8-6-53-9-59-10-55-68-37-35-43-1-4-3-5-46-7-2-70-61-54-0,686.9865718539809,seed704_explore_lns_start25_random_best_rm25_tw8
0-65-63-33-34-31-29-28-26-27-50-62-23-64-67-30-32-51-20-49-22-21-24-57-52-66-56-55-12-17-13-59-58-25-48-18-19-70-0,687.0965251336622,seed702_explore_lns_start26_mixed_random_best_rm25_tw10
0-42-36-39-1-3-5-45-12-15-11-69-44-40-38-41-8-6-53-9-59-10-47-68-37-35-43-4-46-2-7-60-70-61-54-0,687.2968447736854,seed703_explore_lns_start29_random_random_best_rm25_tw10
0-65-63-33-34-31-28-26-27-29-62-64-23-32-30-67-50-20-49-22-24-19-51-56-66-68-37-35-13-58-18-48-21-25-57-52-0,687.9694657938372,seed703_explore_lns_start31_random_best_rm15_tw6
0-65-1-5-45-69-15-11-23-64-67-63-51-18-48-49-22-9-52-57-56-66-68-55-14-16-13-47-17-59-58-25-21-19-20-24-0,688.0237292037096,seed703_explore_lns_start57_mixed_random_best_rm25_tw12
0-65-34-29-33-28-27-23-64-62-67-50-32-30-26-31-63-51-49-22-57-52-56-66-37-35-17-13-58-25-21-18-48-19-20-24-0,688.2224541003443,seed607_lns_start32_random_random_best_rm4_tw10
0-65-31-29-32-33-28-26-27-34-50-62-23-64-67-30-63-51-20-22-21-19-49-24-57-52-66-56-37-35-7-60-58-25-48-18-0,688.6720171345364,seed703_explore_lns_start27_random_random_best_rm20_tw10
0-65-51-63-33-28-26-27-29-31-50-62-23-64-67-34-30-32-22-21-48-18-19-49-24-66-56-54-35-12-13-59-58-25-20-57-52-0,688.7042945705333,seed705_explore_lns_start38_mixed_regret_rm20_tw12
0-61-42-39-36-43-45-47-16-15-11-69-44-40-38-41-8-6-53-9-59-10-12-55-68-37-35-2-4-1-3-5-46-7-60-70-54-0,688.7288148227942,seed601_lns_start23_late_best_rm6_tw6
0-42-36-37-39-43-45-60-12-15-11-69-44-38-40-41-8-6-53-9-59-10-55-68-2-4-13-16-17-47-7-46-5-3-1-70-61-0,689.0193507725322,seed705_explore_lns_start9_late_random_best_rm25_tw10
0-65-63-33-28-26-31-29-27-34-62-23-64-67-32-30-50-51-20-22-49-19-18-48-21-24-57-52-66-56-35-2-60-59-58-25-0,689.5086439307617,seed704_explore_lns_start36_random_random_best_rm25_tw6
0-61-42-39-36-45-2-60-12-15-11-69-44-40-38-41-8-6-53-9-10-16-14-55-68-4-59-13-17-47-7-46-5-3-1-70-0,689.5406772226112,seed701_explore_lns_start83_late_best_rm25_tw12
0-65-63-33-32-31-29-27-26-28-50-62-23-64-67-34-30-18-48-21-22-49-19-24-51-56-66-57-52-17-16-13-59-58-25-20-70-0,689.8288417925359,seed704_explore_lns_start37_random_regret_rm25_tw10
0-61-42-36-39-43-3-45-46-15-11-69-44-40-38-41-8-6-53-9-10-2-55-68-37-35-1-5-4-7-17-47-14-12-60-70-0,689.9060938421766,seed601_lns_start62_random_regret_rm6_tw15_guarded
0-42-36-39-45-15-11-69-67-44-40-38-41-8-6-53-9-10-16-12-60-68-37-35-43-1-4-3-5-46-7-2-70-61-54-0,690.0412404732697,seed703_explore_lns_start20_random_random_best_rm25_tw6
0-54-36-39-42-45-7-47-16-15-11-69-61-44-40-38-41-8-6-53-9-10-66-55-68-37-35-43-1-4-3-5-46-2-60-14-12-0,690.4391168965656,seed701_explore_lns_start13_random_random_best_rm25_tw6
0-65-45-1-3-5-46-12-14-47-15-11-69-64-23-21-24-22-52-53-6-8-60-16-10-55-68-2-4-7-17-13-59-58-25-57-70-0,690.4937038595825,seed703_explore_lns_start81_random_best_rm15_tw8
0-54-42-39-36-43-1-45-46-15-11-69-44-40-38-41-8-6-53-9-59-10-55-68-37-35-3-5-4-2-7-60-14-70-0,691.0878912867946,seed701_explore_lns_start30_random_best_rm20_tw6
0-61-42-39-36-43-45-2-12-15-11-69-44-40-38-41-46-8-6-53-9-10-47-60-55-68-37-35-1-3-4-5-7-70-0,691.2016413736176,seed702_explore_lns_start62_mixed_best_rm20_tw15
0-36-39-42-45-7-14-47-16-15-11-69-44-40-38-41-8-6-53-9-10-12-60-2-1-3-5-46-4-52-13-17-70-61-43-54-0,691.287132356036,seed705_explore_lns_start41_random_best_rm15_tw6
0-36-39-42-3-45-46-60-15-11-69-44-43-40-38-41-8-6-53-9-59-10-55-68-1-5-4-7-12-13-16-17-47-14-2-70-54-0,691.3046600578125,seed703_explore_lns_start22_random_regret_rm25_tw15
0-65-48-18-33-28-26-27-29-31-34-32-30-62-67-23-21-19-49-22-57-24-20-51-63-50-56-66-12-14-17-13-59-58-25-52-70-0,691.5063650115319,seed702_explore_lns_start13_mixed_regret_rm15_tw15
0-36-39-42-45-2-47-16-15-11-69-44-43-40-38-41-8-6-53-9-59-10-55-14-13-60-7-46-4-5-3-1-70-37-54-61-0,691.5251266634797,seed702_explore_lns_start32_random_best_rm20_tw10
0-65-42-34-27-33-23-64-62-67-32-30-31-29-26-28-63-22-24-49-18-48-19-20-56-66-57-52-47-17-13-59-58-25-21-51-50-0,691.6383569114001,seed704_explore_lns_start61_random_random_best_rm20_tw10
0-37-36-39-42-1-45-46-7-15-11-69-44-43-40-38-41-8-6-53-9-59-10-55-68-3-5-4-2-14-13-17-47-60-70-61-54-0,691.9759450497874,seed704_explore_lns_start85_mixed_random_best_rm20_tw12
0-54-42-39-36-43-1-45-7-15-11-69-44-40-38-41-8-6-53-9-10-2-55-68-37-35-3-5-4-46-47-12-70-61-0,692.5442242775774,seed702_explore_lns_start61_random_random_best_rm25_tw6
0-54-42-39-36-43-1-45-2-15-11-69-44-40-38-41-8-6-53-9-60-7-55-68-37-35-3-5-4-46-14-12-70-61-0,692.7578358350808,seed703_explore_lns_start28_random_best_rm20_tw12
0-65-52-33-32-29-27-31-34-50-62-64-23-67-30-28-26-63-51-22-49-19-21-20-56-66-43-37-35-24-18-48-25-58-59-57-0,692.8441584955322,seed705_explore_lns_start35_mixed_best_rm20_tw12
0-65-39-1-5-45-46-15-11-69-64-23-21-9-12-52-57-24-22-20-49-19-51-56-66-7-14-47-17-16-13-59-58-25-48-18-63-0,693.594860050818,seed704_explore_lns_start56_random_best_rm25_tw6
0-65-57-50-33-26-27-31-34-62-23-64-67-30-28-29-32-63-20-22-24-49-19-21-48-18-51-56-66-52-35-70-58-25-0,693.6731512424419,seed702_explore_lns_start87_random_best_rm25_tw10
0-42-36-37-39-45-12-14-16-15-11-69-44-38-40-41-8-6-53-9-59-10-47-55-43-68-4-1-3-5-46-7-2-70-61-54-0,694.6188092668052,seed701_explore_lns_start20_random_random_best_rm10_tw15
0-42-36-39-45-7-60-47-16-15-11-69-44-40-38-41-8-6-53-9-59-10-55-68-61-37-35-43-4-46-5-3-1-2-70-14-12-0,694.7730118164553,seed701_explore_lns_start34_random_best_rm20_tw8
0-65-63-33-32-31-29-27-23-64-62-67-50-30-28-26-34-51-49-20-22-57-52-14-12-66-56-37-35-19-18-48-21-25-58-24-0,694.9428488641653,seed705_explore_lns_start38_late_random_best_rm25_tw8
0-2-45-1-36-39-42-69-11-15-44-43-40-38-41-5-46-8-6-53-10-16-12-55-68-37-35-3-4-7-17-47-14-60-70-61-0,695.3216010069334,seed702_explore_lns_start40_mixed_random_best_rm20_tw6
0-61-42-39-36-43-45-47-16-15-11-69-44-40-38-41-8-6-53-9-59-10-55-68-2-4-17-13-14-12-46-5-3-1-70-54-0,695.3530996401664,seed703_explore_lns_start27_random_random_best_rm20_tw10
0-61-42-39-36-1-45-46-7-15-11-69-44-40-38-41-8-6-53-9-10-60-2-55-68-4-5-3-43-35-37-70-47-16-14-0,695.6850436448738,seed705_explore_lns_start61_late_best_rm25_tw10
0-42-36-39-1-3-5-45-15-11-69-61-44-40-38-41-8-6-53-9-10-12-14-60-55-68-4-46-59-13-16-17-47-7-2-54-0,695.9131539964733,seed705_explore_lns_start9_random_best_rm25_tw12
0-42-36-39-1-3-45-69-11-15-44-38-40-41-8-6-53-9-59-10-55-68-61-37-35-43-4-5-46-2-7-47-14-0,696.138274541624,seed704_explore_lns_start33_mixed_best_rm20_tw8
0-65-34-33-28-26-29-27-31-50-62-23-64-67-32-30-63-51-19-49-22-57-52-66-56-61-35-24-20-18-48-21-25-58-70-0,696.5366921801095,seed702_explore_lns_start27_late_best_rm25_tw10
0-61-42-39-36-43-45-47-16-15-11-69-44-40-38-41-8-6-53-9-59-10-55-68-37-35-1-3-4-5-46-7-2-70-60-14-0,696.5735251765452,seed701_explore_lns_start20_late_regret_rm10_tw6
0-65-54-39-42-1-45-14-15-11-69-61-44-40-38-41-8-6-53-9-10-43-37-35-3-4-2-12-47-17-7-46-5-70-0,696.9658617949822,seed604_lns_start78_random_random_best_rm4_tw15
0-42-39-36-43-1-45-16-15-11-69-44-40-38-41-8-6-53-9-59-10-55-68-61-37-35-4-3-5-46-7-47-14-60-70-0,697.0967660882114,seed705_explore_lns_start26_late_random_best_rm10_tw6
0-42-36-37-39-45-2-7-15-11-69-38-44-40-41-8-6-53-9-10-16-47-14-55-68-13-60-46-4-5-3-1-70-61-43-54-0,697.1234213092996,seed705_explore_lns_start30_random_best_rm20_tw6
0-61-42-43-39-36-50-62-33-27-30-67-44-40-38-41-46-8-7-6-53-10-55-68-2-4-1-37-35-31-29-26-28-32-34-54-0,697.3116304174625,seed703_explore_lns_start53_late_best_rm25_tw6
0-37-36-39-42-1-3-45-46-15-11-69-44-43-40-38-41-8-6-53-9-59-10-55-68-2-4-5-7-12-13-16-17-47-14-60-70-54-0,697.4161506965074,seed703_explore_lns_start30_mixed_random_best_rm15_tw8
0-61-42-39-36-43-1-45-16-15-11-69-44-40-38-41-8-6-53-9-59-10-55-68-37-35-3-5-4-46-2-7-47-60-70-0,697.7349758057828,seed607_lns_start19_late_best_rm8_tw6
0-54-36-39-42-45-16-15-11-69-61-44-43-40-38-41-8-6-53-9-59-10-55-68-37-35-1-3-5-2-7-60-47-14-12-70-0,697.7678757043744,seed702_explore_lns_start12_random_best_rm20_tw6
0-61-42-39-36-43-1-45-16-15-11-69-44-40-38-41-8-6-53-9-59-10-55-68-37-35-3-5-4-46-2-7-47-14-12-70-0,698.0786141014191,seed605_lns_start33_late_random_best_rm8_tw15
0-54-42-39-36-43-1-45-3-15-11-69-44-40-38-41-8-6-53-9-10-60-55-68-4-5-46-7-12-13-16-47-14-2-70-61-0,698.1148402104881,seed704_explore_lns_start38_random_best_rm10_tw6
0-42-43-36-39-54-62-33-26-27-30-34-67-44-40-38-41-61-9-49-20-56-66-37-35-31-29-28-32-50-63-51-18-48-19-0,698.4487113453604,seed703_explore_lns_start81_random_best_rm15_tw8
0-42-36-33-26-27-62-23-64-67-32-30-28-29-31-34-50-63-22-24-49-19-51-20-56-66-60-16-13-59-58-25-21-48-18-57-52-0,698.4909621929164,seed702_explore_lns_start77_mixed_regret_rm10_tw10
0-45-5-42-36-39-54-69-11-15-44-40-38-41-8-6-53-9-10-47-12-55-68-37-35-43-1-3-4-46-2-7-60-70-61-0,698.715337517112,seed705_explore_lns_start61_random_random_best_rm25_tw6
0-42-43-36-37-29-27-26-28-32-33-50-62-67-44-40-38-41-6-8-2-53-10-12-60-7-46-1-3-5-4-55-68-61-35-31-34-54-70-0,698.8706274065789,seed705_explore_lns_start51_mixed_best_rm15_tw10
0-61-42-39-36-45-60-47-16-15-11-69-44-40-38-41-8-6-53-9-10-59-55-12-13-14-7-46-4-5-3-1-2-70-43-37-54-0,699.0842633123647,seed603_lns_start33_random_regret_rm5_tw12
0-39-36-42-45-16-15-11-69-44-43-40-38-41-8-6-53-9-59-10-55-68-37-35-1-3-4-5-46-2-7-60-14-70-0,699.0885369090363,seed704_explore_lns_start89_late_best_rm20_tw15
0-54-37-36-39-42-45-46-12-15-11-69-44-43-40-38-41-8-6-53-9-59-10-55-68-1-3-5-4-60-13-47-14-7-2-70-61-0,699.1147380067522,seed704_explore_lns_start25_mixed_best_rm25_tw12
0-61-43-39-36-42-45-2-60-15-11-69-44-40-38-41-8-6-53-9-59-10-47-14-55-68-4-12-13-16-17-7-46-5-3-1-0,699.1211075179384,seed705_explore_lns_start0_mixed_best_rm15_tw15
0-61-42-39-36-43-1-45-16-15-11-69-44-40-38-41-8-6-53-9-59-10-55-68-37-35-3-5-4-46-7-60-14-12-54-0,699.4303081583384,seed704_explore_lns_start29_late_best_rm20_tw6
0-43-36-39-42-45-2-15-11-69-67-44-40-38-41-61-6-8-7-14-10-12-60-46-5-3-1-4-47-17-16-13-59-58-70-54-0,699.8308254878739,seed704_explore_lns_start16_mixed_random_best_rm25_tw10
0-37-36-39-42-45-46-7-15-11-69-44-43-38-40-41-8-6-53-9-10-59-56-61-68-55-1-3-5-4-2-60-12-47-14-16-70-0,700.2386433721327,seed704_explore_lns_start88_mixed_regret_rm20_tw8
0-65-57-51-33-32-26-27-50-62-23-64-67-30-28-29-31-34-63-22-49-18-21-20-66-56-35-55-13-17-58-25-48-19-24-0,700.5690244962,seed705_explore_lns_start26_random_best_rm25_tw6
0-65-50-33-32-31-29-28-26-27-62-23-64-67-30-34-51-48-19-49-22-20-63-66-54-35-17-13-52-58-25-21-18-24-57-0,700.6152571457708,seed704_explore_lns_start88_mixed_regret_rm20_tw8
0-42-43-39-36-1-45-12-16-15-11-69-44-40-38-41-8-6-53-9-10-14-47-60-55-68-37-35-3-5-4-46-7-70-61-54-0,700.910689434237,seed603_lns_start61_random_regret_rm5_tw8
0-43-36-39-42-1-45-7-60-15-11-69-44-40-38-41-8-6-53-9-59-16-47-12-10-46-4-68-37-35-3-5-2-70-61-54-0,701.0380158133778,seed703_explore_lns_start34_random_random_best_rm25_tw12
0-42-36-39-45-15-11-69-64-44-40-38-41-8-6-53-9-16-47-60-14-12-55-2-7-46-4-5-3-1-70-61-43-37-54-0,701.8067006330866,seed703_explore_lns_start12_random_random_best_rm25_tw15
0-36-31-29-26-27-28-33-62-23-64-67-34-30-32-50-63-20-22-24-49-19-21-48-18-51-56-66-57-52-17-16-13-59-58-25-60-0,702.272404384246,seed602_lns_start76_late_regret_rm6_tw12
0-42-36-37-39-45-46-14-47-15-11-69-44-40-38-41-8-6-53-9-16-10-55-68-12-13-17-7-4-5-3-1-70-61-43-54-0,702.4084107700256,seed704_explore_lns_start36_random_random_best_rm25_tw6
0-61-42-39-36-1-45-47-15-11-12-69-44-40-38-41-8-6-53-9-10-60-46-5-3-68-55-4-14-13-16-17-7-2-70-54-0,702.4625751110618,seed705_explore_lns_start35_mixed_best_rm20_tw12
0-65-54-31-29-26-27-28-33-62-23-64-67-34-30-32-63-22-21-48-18-49-20-24-57-52-66-56-4-17-13-58-25-19-51-50-0,702.5544758963042,seed606_lns_start11_late_best_rm6_tw6
0-65-50-33-32-28-31-27-29-62-23-64-67-34-26-30-63-51-20-22-49-21-48-18-19-24-56-66-52-60-17-13-59-58-25-57-70-0,702.5781782106117,seed705_explore_lns_start21_random_best_rm15_tw10
0-61-43-36-37-39-42-45-14-15-11-69-44-40-38-41-8-6-53-9-59-10-55-35-1-3-5-46-4-2-60-12-70-54-0,702.8475278058875,seed701_explore_lns_start31_random_random_best_rm25_tw12
0-65-60-7-46-45-5-1-2-69-11-15-23-64-67-9-52-22-24-20-49-19-18-51-63-56-66-12-14-47-17-16-13-59-58-25-21-48-57-0,702.8819313553888,seed702_explore_lns_start57_late_random_best_rm25_tw10
0-54-42-39-36-43-1-45-16-15-11-69-44-40-38-41-8-6-53-9-59-10-55-68-37-35-3-5-4-46-2-7-47-14-60-70-0,703.1019106409817,seed602_lns_start19_late_best_rm6_tw8
0-65-50-34-33-28-26-27-29-31-62-23-64-67-32-30-63-18-21-48-49-22-24-57-52-66-56-5-37-35-51-20-19-25-58-0,703.5628929976665,seed701_explore_lns_start11_mixed_best_rm25_tw12
0-54-42-39-36-43-1-45-16-15-11-69-44-40-38-41-8-6-53-9-59-10-55-68-37-35-3-5-4-46-2-7-60-47-12-70-0,704.4210935933129,seed607_lns_start33_late_random_best_rm6_tw8
0-42-39-36-43-3-45-16-15-11-69-44-40-38-41-8-6-53-9-59-10-55-68-37-35-1-5-4-46-2-7-60-14-12-70-0,704.5945902028383,seed702_explore_lns_start20_random_best_rm15_tw6
0-37-36-42-1-3-5-45-12-15-11-69-44-43-40-38-41-8-6-53-9-10-55-68-61-35-2-4-46-7-47-14-60-70-54-0,705.0259677980212,seed702_explore_lns_start13_mixed_regret_rm20_tw10
0-42-43-39-36-5-45-2-47-15-11-69-44-40-38-41-8-6-53-9-10-55-54-37-35-1-3-4-46-7-60-14-12-70-61-0,705.3635891565187,seed703_explore_lns_start61_random_best_rm25_tw10
0-61-42-39-36-43-3-45-16-15-11-69-44-40-38-41-8-6-53-9-59-10-55-68-37-35-1-5-4-46-7-2-70-47-0,705.9708884407866,seed705_explore_lns_start37_late_random_best_rm20_tw15
0-65-61-54-50-27-33-23-64-62-67-32-30-34-31-29-26-28-63-22-49-20-66-56-51-18-21-48-19-24-57-52-13-17-16-58-25-0,706.0765980868991,seed606_lns_start22_mixed_best_rm8_tw15
0-54-42-39-37-36-1-45-15-11-69-44-43-40-38-41-8-6-53-9-59-10-55-68-3-5-4-46-7-13-16-17-47-14-12-60-2-70-61-0,706.084433877216,seed701_explore_lns_start20_random_regret_rm15_tw15
0-61-42-39-36-43-1-45-16-15-11-69-44-40-38-41-8-6-53-9-59-10-55-68-37-35-3-5-4-46-17-47-14-12-7-2-0,706.1772824859835,seed603_lns_start29_late_regret_rm8_tw8
0-61-42-39-36-45-2-60-14-15-11-69-44-40-38-41-8-6-53-9-10-7-68-55-16-12-17-4-46-5-3-1-70-43-54-0,706.2891686468987,seed704_explore_lns_start31_mixed_random_best_rm10_tw8
0-54-36-39-42-3-45-2-12-15-11-69-44-40-38-41-8-6-53-9-59-10-55-68-37-35-43-1-4-5-46-7-47-16-61-0,706.6303623993621,seed703_explore_lns_start37_mixed_best_rm25_tw8
0-65-51-33-28-26-29-27-31-50-62-23-64-67-34-30-32-63-48-19-22-24-49-20-66-56-54-35-17-13-52-58-25-21-18-57-0,706.7910154684747,seed601_lns_start25_random_regret_rm5_tw6
0-61-42-39-36-43-3-45-2-15-11-69-44-40-38-41-8-6-53-9-59-10-55-68-37-35-1-5-4-46-7-60-47-54-0,706.9881637183597,seed705_explore_lns_start28_random_best_rm20_tw15
0-65-51-33-28-26-29-27-31-50-62-23-64-67-34-30-32-63-48-19-22-20-49-24-66-56-35-12-14-13-59-58-25-21-18-57-52-0,707.0455278625749,seed703_explore_lns_start30_random_random_best_rm15_tw8
0-54-42-39-36-45-46-7-60-15-11-69-44-40-38-41-8-6-53-9-59-10-55-68-37-35-43-1-4-5-3-2-47-12-70-61-0,707.3147157531436,seed705_explore_lns_start38_random_regret_rm20_tw8
0-61-42-39-36-5-45-15-11-69-54-44-38-40-41-8-6-53-9-59-10-60-55-68-37-35-43-4-46-3-1-2-7-47-12-0,707.3289916547477,seed705_explore_lns_start32_mixed_best_rm20_tw15
0-42-37-39-36-43-45-16-15-11-69-44-40-38-41-8-6-53-9-10-60-2-55-35-1-3-5-4-46-7-14-12-70-61-54-0,707.8004257423786,seed705_explore_lns_start82_mixed_best_rm25_tw15
0-61-42-39-36-45-2-60-16-15-11-69-44-40-38-41-8-6-53-9-10-59-52-68-55-1-5-3-4-46-7-47-14-12-70-43-0,707.890739433231,seed704_explore_lns_start86_mixed_random_best_rm25_tw6
0-42-39-36-43-1-45-3-15-11-69-44-40-38-41-8-6-53-9-10-55-68-37-35-5-4-46-7-2-70-60-47-14-12-0,707.9380484250897,seed701_explore_lns_start61_mixed_random_best_rm20_tw12
0-65-33-34-31-29-28-26-27-50-62-23-64-67-32-30-63-51-20-22-19-21-48-18-49-24-57-66-56-35-4-52-59-58-25-0,708.0252758503204,seed704_explore_lns_start12_late_random_best_rm25_tw12
0-65-50-33-34-31-29-28-26-27-62-23-64-67-32-30-63-51-18-21-49-22-20-19-48-24-57-52-12-4-17-13-58-25-0,708.1136177403101,seed704_explore_lns_start10_late_regret_rm20_tw6
0-54-42-39-36-43-45-46-16-15-11-69-44-38-40-41-8-6-53-9-59-10-12-55-68-1-3-5-4-35-37-70-2-7-60-0,708.4117290177867,seed703_explore_lns_start26_late_best_rm10_tw15
0-61-36-39-42-3-45-2-15-11-69-54-44-40-38-41-8-6-53-9-10-66-55-68-37-35-43-1-4-5-46-7-60-14-12-70-0,708.4319980196578,seed704_explore_lns_start62_random_best_rm25_tw10
0-65-39-42-1-3-45-47-15-11-69-44-43-40-38-41-8-6-53-9-10-14-12-68-61-37-35-5-4-46-7-17-2-70-54-0,708.4419993932598,seed607_lns_start77_random_regret_rm8_tw10
0-65-54-31-29-26-27-28-33-62-23-64-67-34-30-32-50-63-51-22-21-48-18-19-49-20-24-57-52-66-56-35-17-58-25-0,708.5813305439251,seed601_lns_start28_random_random_best_rm3_tw12
0-65-61-39-42-45-2-15-11-69-44-40-37-38-41-8-6-53-9-10-47-14-12-68-43-35-4-60-17-7-46-5-3-1-70-0,708.8934036019912,seed703_explore_lns_start77_late_best_rm15_tw6
0-42-36-39-45-15-11-64-69-44-40-38-41-8-6-53-9-10-12-14-47-16-59-66-68-55-2-4-1-3-5-46-7-60-70-61-54-0,709.0941200323383,seed701_explore_lns_start27_random_regret_rm20_tw8
0-65-54-31-29-28-27-33-62-23-64-67-34-26-30-32-50-51-22-20-49-19-21-48-18-63-56-66-47-17-13-52-57-58-25-24-0,709.3013753075707,seed701_explore_lns_start24_late_random_best_rm10_tw10
0-65-63-33-32-34-31-29-27-26-28-62-64-23-30-67-51-48-19-49-22-20-24-57-52-66-56-50-35-43-17-58-25-21-18-0,710.1384965192939,seed603_lns_start39_random_regret_rm5_tw8
0-61-42-39-36-43-45-47-16-15-11-69-44-40-38-41-8-6-53-9-59-10-55-68-54-37-35-1-3-5-46-2-7-60-14-12-70-0,710.1420428812359,seed702_explore_lns_start11_random_best_rm10_tw15
0-43-36-37-39-42-1-45-16-15-11-69-44-40-38-41-8-6-53-9-59-10-55-68-61-35-3-5-4-46-2-7-60-14-12-70-0,710.367858301679,seed703_explore_lns_start12_random_best_rm20_tw10
0-42-43-39-36-45-12-14-16-15-11-69-44-40-38-41-8-6-53-9-59-10-47-55-68-61-37-35-1-3-5-46-7-2-70-60-0,710.397198768767,seed606_lns_start11_late_best_rm6_tw6
0-65-34-31-29-33-28-26-27-50-62-23-64-67-32-30-63-51-22-24-49-48-19-20-66-56-35-17-16-13-58-25-21-18-57-52-0,711.1081825136206,seed601_lns_start27_random_best_rm5_tw6
0-54-42-39-36-43-45-7-16-15-11-69-44-40-38-41-8-6-53-9-59-10-55-68-37-35-1-3-5-4-46-2-60-47-14-12-0,711.3906024963935,seed704_explore_lns_start27_late_random_best_rm20_tw8
0-61-36-39-42-45-16-15-11-52-69-44-40-38-41-8-6-53-9-10-60-2-3-5-46-4-55-68-54-37-35-43-1-7-47-12-0,711.4326337643895,seed704_explore_lns_start31_mixed_regret_rm25_tw15
0-42-43-39-45-69-15-11-64-44-40-38-41-8-6-53-9-10-12-2-55-37-35-1-3-5-4-46-7-60-70-61-54-0,711.665082730891,seed703_explore_lns_start29_random_regret_rm25_tw8
0-65-54-33-31-29-27-26-62-64-23-67-34-30-28-32-50-51-22-20-49-19-21-48-18-63-56-66-13-24-58-25-57-52-60-70-0,711.7065773643714,seed603_lns_start29_late_regret_rm8_tw8
0-42-37-39-36-45-7-16-15-11-69-44-43-40-38-41-8-6-53-9-10-55-68-35-1-3-5-4-46-60-47-14-12-61-54-0,711.8994308733319,seed705_explore_lns_start62_random_random_best_rm20_tw10
0-61-39-36-42-45-47-16-15-11-69-44-40-38-41-8-6-53-9-10-14-7-55-68-37-35-43-1-4-3-5-46-2-60-54-0,712.4558486304893,seed704_explore_lns_start13_random_best_rm20_tw6
0-43-36-37-39-42-45-12-16-15-11-69-44-40-38-41-8-6-53-9-14-66-55-68-35-1-3-4-5-46-2-7-60-70-61-54-0,712.6326126514523,seed701_explore_lns_start13_mixed_random_best_rm20_tw12
0-36-39-42-45-14-47-16-15-11-69-44-43-40-38-41-8-6-53-9-59-10-55-68-61-37-35-54-12-17-60-7-5-2-70-0,713.0296998059712,seed703_explore_lns_start10_mixed_random_best_rm25_tw8
0-61-43-39-36-42-45-14-16-15-11-69-44-40-38-41-8-6-53-9-59-10-12-60-46-7-47-17-4-5-3-1-2-70-37-54-0,713.7124741188554,seed703_explore_lns_start25_random_random_best_rm25_tw6
0-61-42-39-36-45-12-14-16-15-11-69-44-40-38-41-8-6-53-9-59-10-55-68-13-60-7-46-4-2-5-3-1-70-43-54-0,713.8761781213401,seed704_explore_lns_start82_random_best_rm15_tw15
0-61-42-39-37-36-45-60-12-15-11-69-44-40-38-41-8-6-53-9-59-10-55-68-43-1-3-5-4-46-7-14-17-2-70-54-0,713.9253367596298,seed602_lns_start31_random_random_best_rm5_tw6
0-65-63-33-32-31-28-26-27-29-50-62-23-64-67-34-30-51-19-49-22-24-57-10-52-56-66-12-14-17-13-58-25-21-48-18-20-54-0,714.2819958614791,seed704_explore_lns_start22_late_best_rm25_tw6
0-65-39-36-42-45-47-15-11-69-44-43-40-38-41-8-6-53-9-14-12-55-37-35-1-3-5-4-60-17-7-46-2-70-0,714.5984070561751,seed702_explore_lns_start78_mixed_best_rm20_tw6
0-65-50-33-32-28-26-27-29-31-34-62-30-67-64-23-21-48-18-19-22-20-49-51-63-56-57-10-47-17-13-52-59-58-25-24-0,716.1419599394321,seed701_explore_lns_start13_mixed_random_best_rm20_tw12
0-65-32-33-34-31-29-28-26-27-62-64-23-30-67-51-20-22-24-48-18-49-57-52-66-56-68-55-4-17-13-58-25-21-19-63-50-0,716.5752553149199,seed602_lns_start12_random_best_rm5_tw12
0-45-42-39-36-62-50-33-27-30-44-40-38-41-46-8-6-53-10-7-2-5-3-1-43-35-37-31-29-26-28-32-34-54-61-70-0,716.7623078834005,seed704_explore_lns_start46_mixed_random_best_rm25_tw10
0-65-39-36-37-27-33-62-64-23-30-67-20-22-19-49-51-63-32-26-28-29-31-34-50-56-66-17-13-52-57-24-25-21-48-18-0,716.8644389949018,seed701_explore_lns_start32_late_random_best_rm20_tw12
0-65-33-32-29-28-26-27-31-34-50-62-30-63-23-67-51-22-18-21-48-49-24-20-56-43-37-35-17-13-52-57-58-25-19-0,717.2290984183668,seed701_explore_lns_start27_random_regret_rm20_tw8
0-61-42-39-36-43-1-45-15-11-69-44-40-37-38-41-8-6-53-9-59-10-55-68-54-35-3-5-4-46-2-7-47-14-60-70-0,717.2461859343274,seed702_explore_lns_start35_random_best_rm25_tw12
0-65-52-45-46-60-14-15-11-23-64-67-30-63-22-57-9-24-49-19-21-48-18-51-56-66-12-47-17-16-13-59-58-25-20-70-0,717.2983817746709,seed701_explore_lns_start52_late_best_rm25_tw10
0-65-51-63-50-34-29-27-26-28-33-32-31-30-62-67-23-21-48-18-19-49-22-20-24-57-56-66-43-37-35-13-17-14-58-25-52-0,718.108225513605,seed703_explore_lns_start87_random_regret_rm20_tw10
0-61-39-36-42-45-7-16-15-11-69-44-40-38-41-8-6-53-9-59-10-55-68-47-13-17-4-46-5-3-1-2-70-43-54-0,718.147008823853,seed705_explore_lns_start35_late_regret_rm20_tw12
0-65-50-32-31-29-28-26-27-33-62-23-64-67-34-30-63-51-22-24-21-48-18-19-49-20-66-56-54-35-13-58-25-57-52-70-0,718.2121059070749,seed705_explore_lns_start21_random_best_rm15_tw15
0-65-34-32-33-28-26-27-29-31-62-30-67-64-23-21-48-18-19-49-20-22-24-51-63-50-56-66-57-52-14-17-13-58-25-54-61-0,718.4999254314051,seed703_explore_lns_start13_late_random_best_rm25_tw8
0-61-42-39-36-27-26-28-33-32-29-31-62-44-43-40-38-41-3-5-8-6-53-10-60-55-68-7-4-37-35-34-50-54-70-0,719.115397012054,seed703_explore_lns_start51_late_random_best_rm20_tw15
0-61-42-39-36-43-45-47-16-15-11-69-44-40-38-41-8-6-53-9-10-2-55-68-37-35-1-3-5-4-46-7-12-70-54-0,719.2196088470306,seed701_explore_lns_start33_random_regret_rm20_tw6
0-54-43-39-36-42-45-16-15-11-69-61-44-40-38-41-8-6-53-9-59-10-55-68-37-35-1-3-4-5-46-2-7-60-47-14-0,719.3775916200016,seed702_explore_lns_start30_mixed_regret_rm10_tw8
0-65-61-31-29-26-27-28-33-62-23-64-67-34-30-32-63-51-22-21-48-18-19-49-24-57-66-56-50-52-13-17-12-58-25-20-0,719.4457003103431,seed603_lns_start36_late_best_rm8_tw12
0-42-36-39-45-15-11-69-67-44-40-38-41-8-6-53-9-59-10-55-68-4-5-46-14-16-13-12-2-70-61-54-0,719.4531113312115,seed702_explore_lns_start31_random_regret_rm25_tw15
0-65-21-48-18-19-57-52-15-11-69-67-64-23-9-24-22-20-49-51-63-56-66-68-55-4-60-12-13-16-17-47-14-59-58-25-0,720.0591250179071,seed704_explore_lns_start46_mixed_random_best_rm25_tw10
0-65-42-1-3-45-15-11-52-69-44-43-40-38-41-8-6-53-9-10-12-60-2-5-46-35-4-7-17-47-14-70-61-54-0,720.5506129123039,seed705_explore_lns_start77_random_regret_rm10_tw12
0-65-54-39-27-33-23-64-62-67-34-30-32-28-26-29-31-50-22-49-20-66-56-63-51-52-17-13-59-58-25-21-48-18-19-24-57-0,720.5851183962185,seed703_explore_lns_start62_random_regret_rm10_tw6
0-61-42-39-36-43-1-45-16-15-11-69-44-40-38-41-8-6-53-9-59-10-55-68-37-35-3-5-4-46-17-47-12-7-2-70-0,720.740813236135,seed607_lns_start19_late_random_best_rm8_tw8
0-65-54-33-26-27-34-50-62-23-64-67-30-32-28-29-31-63-49-22-20-24-57-52-66-56-35-51-19-18-48-21-25-58-59-60-0,720.7908400437337,seed701_explore_lns_start9_random_best_rm15_tw8
0-54-42-39-36-43-1-45-16-15-11-69-44-40-38-41-8-6-53-9-59-10-55-68-37-35-3-5-4-46-2-7-60-47-14-12-70-0,721.2037996293286,seed704_explore_lns_start36_late_best_rm20_tw6
0-37-36-39-42-1-45-7-15-11-69-61-44-43-40-38-41-8-46-6-53-9-10-12-14-47-16-59-13-55-68-4-5-3-2-60-70-0,722.4415583262987,seed704_explore_lns_start28_late_best_rm20_tw12
0-37-36-39-42-45-7-16-15-11-69-61-44-43-40-38-41-8-6-53-9-10-59-56-68-55-1-3-5-46-4-2-60-12-14-47-70-54-0,722.95439691512,seed701_explore_lns_start30_random_random_best_rm20_tw10
0-65-63-33-34-28-26-27-29-31-62-21-23-64-67-30-32-50-22-19-49-24-57-56-66-54-37-35-17-13-58-25-48-18-20-51-0,723.6469090015974,seed704_explore_lns_start86_mixed_random_best_rm25_tw6
0-65-39-42-45-14-47-15-11-69-44-43-40-37-38-41-8-6-53-9-10-61-68-35-1-3-5-4-46-7-17-12-2-70-0,723.650329785016,seed701_explore_lns_start78_mixed_random_best_rm25_tw10
0-46-45-42-36-39-69-11-15-60-44-40-38-41-8-6-53-9-10-16-7-2-5-3-1-4-68-54-35-37-43-61-47-14-0,723.8631330898618,seed702_explore_lns_start26_mixed_random_best_rm25_tw10
0-65-32-33-31-29-28-26-27-50-62-23-64-67-34-30-63-51-22-21-48-18-49-20-66-56-35-68-17-13-58-25-19-24-57-52-0,724.2652905742842,seed602_lns_start32_random_best_rm8_tw15
0-65-61-54-31-29-27-26-28-33-62-23-64-67-34-30-32-50-63-22-24-18-48-49-20-51-56-66-19-57-52-13-59-58-25-21-0,724.716959890973,seed705_explore_lns_start62_late_regret_rm10_tw10
0-54-36-31-29-27-26-28-33-62-23-64-67-34-30-32-50-63-22-20-49-18-51-56-66-55-16-13-59-58-25-21-48-19-24-57-52-0,724.9337775613612,seed703_explore_lns_start77_late_best_rm15_tw6
0-65-24-19-51-33-32-34-31-29-27-26-28-30-62-64-23-21-48-18-49-22-20-63-50-56-66-37-35-43-55-13-17-58-25-57-52-0,725.352830127921,seed701_explore_lns_start29_random_regret_rm25_tw10
0-65-3-5-45-2-69-15-11-23-64-67-30-63-51-22-9-52-49-20-56-66-12-14-47-17-16-13-59-58-25-21-48-18-19-24-57-0,725.4434466062684,seed704_explore_lns_start52_late_regret_rm20_tw8
0-65-54-34-33-27-23-64-62-67-31-29-30-26-28-32-22-24-18-48-21-19-49-20-51-56-66-60-17-13-59-58-52-57-25-63-50-0,725.5502476237532,seed701_explore_lns_start61_mixed_regret_rm10_tw8
0-61-42-39-37-36-5-45-2-15-11-69-44-40-38-41-8-6-53-9-10-12-14-60-55-68-4-59-13-16-17-47-7-46-3-1-0,725.6336659708271,seed702_explore_lns_start37_late_random_best_rm10_tw6
0-65-32-33-31-29-28-26-27-34-62-64-23-18-30-67-9-22-49-56-66-55-68-35-50-63-51-19-48-21-25-20-24-57-0,725.8414944291912,seed701_explore_lns_start2_mixed_best_rm25_tw10
0-65-32-33-28-26-29-27-31-62-64-23-51-30-67-9-52-22-19-49-20-56-66-55-68-35-34-50-63-18-48-21-25-24-57-0,726.2292147025835,seed701_explore_lns_start3_late_random_best_rm15_tw15
0-42-36-37-39-43-3-45-12-15-11-69-44-40-38-41-46-8-6-53-9-10-55-68-1-5-4-60-14-13-16-17-47-7-2-61-54-0,726.3569268157576,seed705_explore_lns_start39_random_best_rm20_tw12
0-65-51-50-33-28-26-29-27-31-34-62-64-23-30-32-67-63-20-22-49-19-21-48-18-24-56-66-57-52-17-13-59-58-25-2-70-0,726.6321599476896,seed705_explore_lns_start62_random_random_best_rm20_tw10
0-42-36-39-45-15-11-64-69-44-40-38-41-8-6-53-9-59-10-16-14-7-4-43-35-37-1-3-5-46-2-70-61-54-0,726.9262361051732,seed705_explore_lns_start34_random_best_rm25_tw12
0-65-24-33-34-31-29-27-26-28-62-23-64-67-30-32-50-51-20-22-49-19-21-48-18-63-56-66-57-52-13-17-14-60-12-59-58-25-0,727.1675783809233,seed701_explore_lns_start32_mixed_best_rm20_tw12
0-65-50-33-34-31-29-28-26-27-62-23-64-67-32-30-63-51-22-24-21-48-18-19-49-20-66-56-35-13-16-47-57-25-58-52-0,727.9576984264186,seed602_lns_start31_random_random_best_rm5_tw6
0-65-54-50-33-32-29-28-26-27-31-34-30-62-67-23-21-18-19-24-22-48-49-20-51-63-56-66-61-1-3-14-47-17-13-12-52-57-58-25-0,728.1877111974228,seed705_explore_lns_start80_late_random_best_rm25_tw10
0-61-43-39-36-42-45-14-15-11-69-38-44-40-41-8-6-53-9-59-10-60-47-16-13-68-55-4-2-7-46-5-3-1-70-0,728.306541554224,seed703_explore_lns_start20_random_random_best_rm15_tw12
0-65-51-33-28-26-31-27-29-62-23-64-67-34-30-32-63-18-48-19-22-20-49-24-66-56-50-35-12-17-59-58-25-21-57-52-0,728.4532997146409,seed705_explore_lns_start30_random_best_rm20_tw6
0-42-36-37-39-45-15-11-69-67-44-40-38-41-8-6-53-60-12-14-16-10-52-59-13-47-17-7-4-46-5-3-1-2-70-61-43-54-0,728.7574186653324,seed704_explore_lns_start41_mixed_random_best_rm25_tw15
0-65-54-33-31-29-27-26-28-62-64-23-67-34-30-32-50-63-51-22-24-49-19-21-48-18-20-56-66-12-17-13-58-25-57-52-2-0,728.7983682507836,seed705_explore_lns_start26_late_random_best_rm10_tw6
0-54-42-1-5-45-46-7-60-47-15-11-69-44-43-40-38-41-8-6-53-9-10-16-14-12-55-68-35-3-4-2-61-70-59-58-0,729.3712519105261,seed701_explore_lns_start32_late_random_best_rm20_tw12
0-65-31-32-33-28-26-29-27-62-30-67-64-23-19-22-49-20-51-63-34-50-56-66-55-14-17-13-58-25-21-48-18-24-57-52-0,730.2588307158219,seed703_explore_lns_start34_random_random_best_rm25_tw12
0-65-51-63-50-33-26-27-29-31-34-28-32-30-62-67-23-21-48-18-19-49-20-22-24-57-52-10-66-56-35-68-13-17-59-58-25-0,730.4639930584061,seed703_explore_lns_start12_random_random_best_rm25_tw15
0-61-42-39-36-43-1-45-60-15-11-69-44-40-37-38-41-8-6-53-9-59-10-12-2-46-4-68-55-14-16-17-47-7-5-3-0,730.5131423189126,seed705_explore_lns_start21_random_best_rm15_tw15
0-36-42-1-3-5-45-46-60-15-11-69-44-43-40-38-41-8-6-53-9-59-10-55-68-61-37-35-2-4-7-47-14-12-70-54-0,730.7682619376833,seed704_explore_lns_start33_random_regret_rm10_tw15
0-54-65-51-62-33-27-30-67-64-23-24-22-21-48-18-19-49-20-63-50-34-31-29-26-28-32-56-52-13-17-16-59-58-25-57-0,731.2965934221507,seed702_explore_lns_start61_random_regret_rm25_tw10
0-42-36-37-39-2-45-5-7-15-11-69-44-40-38-41-8-6-53-9-10-66-55-68-1-3-4-46-12-13-16-47-14-60-70-61-54-0,731.5286660714318,seed703_explore_lns_start36_random_random_best_rm25_tw8
0-65-51-63-33-28-26-27-50-62-64-23-30-67-9-52-57-22-24-19-49-20-56-66-68-35-34-29-31-32-18-48-21-25-58-0,732.3243001906252,seed702_explore_lns_start3_random_regret_rm25_tw6
0-65-32-33-34-28-26-27-29-31-62-64-23-18-63-30-67-51-20-22-24-21-48-19-49-56-66-55-68-37-35-50-25-58-59-57-0,732.5187528858135,seed705_explore_lns_start41_random_best_rm15_tw6
0-61-42-39-36-54-62-33-26-27-30-38-44-43-40-41-3-5-8-6-53-10-60-55-68-4-37-35-32-28-29-31-34-50-70-0,732.7465796869344,seed704_explore_lns_start54_late_random_best_rm20_tw12
0-65-50-33-32-31-29-28-26-27-34-62-64-23-30-67-9-24-22-49-20-56-66-68-35-63-51-18-48-21-25-19-58-57-0,732.8692401484781,seed705_explore_lns_start42_random_best_rm20_tw6
0-65-51-63-50-33-32-34-31-29-27-26-28-30-62-64-23-21-48-18-59-9-22-19-49-20-56-66-55-68-37-35-57-58-25-24-0,733.560445809598,seed704_explore_lns_start42_random_random_best_rm20_tw8
0-65-61-31-29-26-27-28-33-62-23-64-67-34-30-32-50-63-22-24-21-48-18-49-20-56-66-2-4-13-52-57-58-25-19-51-0,733.6142953831902,seed601_lns_start12_late_random_best_rm5_tw10
0-65-61-31-29-26-27-28-33-62-23-64-67-34-30-32-50-63-51-22-48-18-19-49-21-20-24-56-66-57-52-13-58-25-2-70-0,734.6296585303012,seed601_lns_start21_late_regret_rm8_tw6
0-65-33-32-34-31-29-27-26-28-62-30-67-64-23-21-48-18-22-19-49-20-56-50-63-51-57-52-47-17-16-13-59-58-25-24-0,735.4934945146136,seed704_explore_lns_start62_random_best_rm25_tw10
0-54-36-39-42-1-45-2-60-15-11-69-44-43-40-38-41-8-6-53-9-59-10-55-68-37-35-3-5-4-46-7-47-14-12-70-61-0,737.9123380079095,seed705_explore_lns_start27_random_best_rm20_tw6
0-54-42-39-36-43-1-45-16-15-11-69-44-40-38-41-8-6-53-9-59-10-55-68-37-35-3-5-4-46-7-17-47-14-12-60-0,737.9980987136312,seed601_lns_start21_late_regret_rm8_tw6
0-65-63-33-32-31-29-28-26-27-50-62-23-64-67-34-30-51-20-22-49-19-21-48-18-24-66-56-35-17-59-58-25-57-52-0,738.1128396814366,seed704_explore_lns_start33_random_random_best_rm25_tw12
0-36-39-42-5-45-60-16-15-11-69-61-44-43-40-38-41-8-6-53-9-10-12-46-1-3-2-4-55-13-17-47-14-7-70-54-0,738.1379242854237,seed701_explore_lns_start6_mixed_random_best_rm25_tw8
0-37-36-39-45-12-16-15-11-69-61-38-44-43-40-41-8-6-53-9-10-2-55-68-35-1-3-5-4-46-7-60-14-70-54-0,738.431709574663,seed704_explore_lns_start61_random_random_best_rm20_tw10
0-65-50-33-28-26-29-27-31-34-62-32-30-64-23-48-19-9-57-24-22-20-49-51-56-66-55-68-35-18-21-25-58-63-0,739.0561039101827,seed704_explore_lns_start41_mixed_random_best_rm25_tw15
0-65-24-63-33-32-26-27-34-62-23-64-67-30-28-29-31-50-51-22-49-19-18-48-21-57-52-66-56-37-35-17-47-58-25-20-0,739.6853568281039,seed704_explore_lns_start82_random_best_rm15_tw15
0-42-36-39-45-46-12-14-47-15-11-69-44-43-40-38-41-8-6-53-9-10-16-59-66-68-55-60-2-4-1-3-5-7-70-61-37-54-0,739.8159136062404,seed702_explore_lns_start12_late_random_best_rm20_tw10
0-61-42-39-36-43-45-60-47-15-11-69-44-40-38-41-1-8-6-53-9-59-16-14-12-10-13-55-68-37-35-3-5-46-7-2-70-0,739.9661818116776,seed702_explore_lns_start10_late_best_rm10_tw15
0-42-39-36-45-60-16-15-11-69-44-43-40-38-41-8-6-53-9-59-10-55-68-37-35-1-3-5-4-46-2-7-47-14-12-70-0,740.4603875193201,seed606_lns_start21_late_best_rm8_tw12
0-54-36-33-32-27-50-62-23-64-67-30-28-26-29-31-34-63-51-22-49-20-56-66-55-60-16-13-52-57-24-19-18-48-21-25-58-59-0,741.0063933588515,seed701_explore_lns_start78_mixed_random_best_rm25_tw10
0-65-52-57-24-33-32-34-29-31-27-26-28-30-62-64-23-21-48-18-19-22-20-49-51-63-50-56-66-37-35-43-1-3-7-60-47-17-58-25-0,741.4444063410557,seed702_explore_lns_start31_random_regret_rm25_tw15
0-61-42-39-36-43-1-45-16-15-11-69-44-40-38-41-8-6-53-9-59-10-55-68-37-35-3-5-4-46-2-7-60-47-12-54-0,741.8716741876959,seed603_lns_start23_late_best_rm8_tw6
0-37-39-36-42-1-45-15-11-69-61-44-43-40-38-41-8-6-53-9-10-14-55-68-3-5-4-60-12-13-16-47-7-46-2-70-54-0,742.1176072374694,seed704_explore_lns_start33_random_random_best_rm25_tw12
0-36-42-45-12-47-15-11-69-67-44-43-40-38-41-8-6-60-53-10-7-46-2-5-3-1-4-14-17-16-13-59-58-57-70-54-0,742.4596691736095,seed602_lns_start15_random_best_rm6_tw6
0-65-7-5-45-2-69-15-11-23-64-30-63-51-20-22-9-24-19-49-21-48-18-56-66-12-14-47-17-16-13-59-58-25-57-52-0,742.9970798976605,seed705_explore_lns_start53_mixed_random_best_rm25_tw12
0-43-39-36-42-45-60-15-11-69-61-44-40-38-41-8-6-53-9-59-10-55-68-37-35-1-3-5-4-46-2-7-47-14-12-70-0,743.3008316881647,seed703_explore_lns_start19_mixed_random_best_rm25_tw8
0-61-42-39-36-43-1-45-3-15-11-69-44-40-38-41-8-6-53-9-59-10-55-68-37-35-5-46-7-47-17-16-14-12-60-70-0,743.4135668164618,seed605_lns_start11_late_best_rm5_tw6
0-37-36-42-3-5-45-46-47-15-11-69-44-43-40-38-41-8-6-53-9-59-10-55-68-2-4-60-12-13-16-17-14-7-1-70-61-54-0,743.6829806660008,seed701_explore_lns_start20_random_regret_rm15_tw15
0-65-50-33-32-34-31-62-27-28-30-67-64-23-21-48-18-19-49-22-20-51-63-26-29-56-66-52-12-17-13-59-58-25-24-57-61-0,743.7488590041029,seed701_explore_lns_start10_random_best_rm25_tw6
0-65-61-54-34-31-29-27-26-33-62-23-64-67-32-30-28-50-22-21-48-18-19-49-20-56-63-51-66-17-16-13-59-58-25-24-57-52-0,743.7984814706134,seed602_lns_start62_mixed_regret_rm8_tw8
0-61-42-39-36-45-12-47-15-11-69-44-40-38-41-8-6-53-9-10-14-60-55-16-59-13-17-4-1-3-5-46-7-2-70-54-0,744.1835130359703,seed703_explore_lns_start39_mixed_regret_rm20_tw15
0-65-63-33-28-26-27-29-31-50-62-23-64-67-34-30-32-51-22-21-48-18-19-49-66-56-37-35-17-16-13-58-25-20-24-57-52-0,744.3822710537446,seed702_explore_lns_start82_random_best_rm15_tw8
0-42-43-39-36-29-27-28-33-32-34-50-62-67-44-40-38-41-61-8-6-53-10-60-55-68-1-3-46-4-35-37-26-31-54-70-0,744.502803938863,seed705_explore_lns_start53_mixed_random_best_rm25_tw12
0-65-50-33-28-26-27-29-31-34-32-30-62-64-23-67-63-20-49-22-57-51-56-66-55-14-47-17-13-59-58-25-21-48-18-19-24-52-0,744.8510602460758,seed705_explore_lns_start25_random_random_best_rm25_tw10
0-61-42-39-36-43-45-47-16-15-11-69-44-40-37-38-41-1-8-6-2-53-10-14-12-55-59-13-17-7-4-46-5-3-60-70-54-0,745.5934307858932,seed702_explore_lns_start3_random_regret_rm25_tw6
0-65-54-31-29-26-27-28-33-62-23-64-67-34-30-32-50-63-51-22-24-21-48-18-49-20-66-56-35-13-52-57-58-25-19-0,746.0747807640456,seed602_lns_start38_late_best_rm5_tw8
0-54-39-36-42-45-12-14-15-11-69-44-43-40-38-41-8-6-53-57-52-10-2-46-4-7-47-17-16-13-59-58-60-5-3-1-70-0,746.1713405431004,seed601_lns_start17_random_regret_rm8_tw10
0-65-36-27-33-23-64-62-67-34-30-31-29-26-28-32-50-22-19-49-63-51-20-56-66-52-17-13-59-58-25-18-48-21-24-57-0,746.2976836934749,seed704_explore_lns_start61_random_regret_rm10_tw6
0-65-36-27-26-32-33-28-29-30-62-67-23-21-48-18-19-22-20-49-51-63-31-34-50-56-66-68-14-47-17-16-13-57-24-25-58-59-52-0,747.0215256607453,seed703_explore_lns_start29_random_regret_rm25_tw8
0-65-63-33-28-26-29-27-31-34-62-32-30-64-23-18-9-53-22-24-19-49-20-56-66-55-68-37-35-50-51-48-21-25-58-57-0,747.1039298968726,seed705_explore_lns_start42_random_random_best_rm10_tw6
0-54-42-39-36-43-1-45-3-15-11-69-44-40-38-41-8-6-53-9-59-10-55-68-37-35-5-46-7-47-17-16-14-12-60-70-0,747.6021785156197,seed601_lns_start12_late_random_best_rm5_tw10
0-54-37-36-39-42-45-7-60-12-15-11-69-44-40-38-41-8-6-53-9-59-10-14-47-16-13-68-55-4-2-46-5-3-1-43-70-61-0,748.1881455249185,seed704_explore_lns_start30_random_best_rm15_tw8
0-36-39-42-1-3-45-2-12-15-11-69-44-43-40-38-41-8-6-53-9-10-47-14-55-68-37-35-5-4-46-7-17-60-70-61-54-0,748.9929700544936,seed608_lns_start40_random_best_rm6_tw8
0-42-36-39-45-15-11-64-69-44-40-38-41-8-6-53-9-59-16-10-55-68-2-4-37-35-43-70-5-46-7-60-0,749.8005438556163,seed705_explore_lns_start80_late_random_best_rm25_tw10
0-65-31-29-32-33-28-62-27-26-30-67-64-23-21-48-18-20-22-19-49-51-63-34-50-56-66-52-60-16-17-14-13-59-58-25-24-57-0,750.3227558526623,seed702_explore_lns_start61_random_random_best_rm25_tw6
0-42-43-39-36-5-45-2-16-15-11-69-44-40-38-41-8-6-53-9-10-55-68-37-35-1-3-4-46-7-47-14-60-70-54-0,750.3388142839979,seed701_explore_lns_start10_random_best_rm25_tw6
0-65-39-34-27-33-62-23-64-67-50-30-32-31-29-26-28-63-22-49-20-66-56-51-18-48-19-24-57-52-13-17-16-58-25-21-0,750.442936275551,seed704_explore_lns_start33_random_regret_rm10_tw15
0-42-36-39-5-45-46-2-7-15-11-69-44-40-38-41-6-8-53-9-10-12-14-60-55-68-1-3-4-47-13-59-70-43-61-0,750.5087491482919,seed703_explore_lns_start39_mixed_random_best_rm25_tw6
0-61-42-39-36-45-60-16-15-11-69-44-43-40-38-41-8-6-53-9-59-10-55-68-37-35-1-3-5-4-46-7-2-47-54-0,751.0246355711276,seed705_explore_lns_start22_mixed_best_rm20_tw8
0-54-42-39-36-45-2-60-47-15-11-69-44-40-38-41-1-8-6-53-9-59-10-14-12-55-16-17-7-4-46-5-3-70-43-61-0,751.2180106986821,seed703_explore_lns_start31_random_best_rm15_tw6
0-65-63-33-32-31-28-26-27-29-62-23-64-67-34-30-51-48-49-19-22-24-57-66-50-35-17-13-58-25-21-18-20-52-0,751.320115418154,seed701_explore_lns_start30_random_random_best_rm20_tw10
0-65-60-46-45-3-69-15-11-23-64-67-30-63-49-22-9-52-57-24-20-51-56-66-13-12-14-47-17-16-59-58-25-21-48-18-19-0,751.6096239942873,seed703_explore_lns_start58_late_best_rm20_tw6
0-37-36-39-42-45-46-11-15-14-12-69-44-40-38-41-8-6-60-53-9-10-47-16-59-57-55-54-35-43-1-3-5-7-2-70-61-0,751.6929776721695,seed705_explore_lns_start12_random_random_best_rm25_tw15
0-65-50-33-32-29-28-26-27-31-34-62-64-23-30-67-53-9-22-49-20-51-56-66-57-24-19-18-48-21-13-59-58-25-63-0,752.1947333922853,seed701_explore_lns_start40_late_random_best_rm20_tw10
0-65-39-45-69-15-11-64-23-30-63-51-22-9-52-57-24-49-20-56-68-12-14-47-17-16-13-59-58-25-21-48-18-19-0,752.6965586018707,seed704_explore_lns_start52_mixed_regret_rm15_tw12
0-54-42-39-36-1-45-3-5-15-11-69-44-40-38-41-8-6-53-9-10-61-55-68-37-35-43-2-46-7-60-47-14-12-70-0,752.8709210796874,seed703_explore_lns_start12_random_best_rm15_tw15
0-36-39-42-3-45-46-16-15-11-69-44-43-40-38-41-8-6-60-53-9-10-12-55-68-37-35-1-5-4-7-17-47-14-2-61-0,753.1914609909518,seed703_explore_lns_start62_mixed_best_rm25_tw15
0-61-42-36-37-39-45-16-15-11-69-44-38-40-43-41-8-6-53-9-59-10-55-68-35-1-3-5-4-46-7-2-12-70-54-0,753.2761192879859,seed705_explore_lns_start37_random_random_best_rm15_tw8
0-42-43-39-36-1-45-7-14-15-11-69-44-40-38-41-5-8-6-53-9-59-10-55-12-47-16-17-46-4-3-2-60-70-54-0,753.3014302210083,seed704_explore_lns_start84_random_best_rm25_tw15
0-61-42-36-39-45-15-11-69-67-44-40-38-41-8-6-53-9-10-47-60-55-68-37-35-43-1-4-3-5-46-7-2-70-12-0,753.4416222060772,seed701_explore_lns_start29_mixed_regret_rm20_tw6
0-65-39-29-28-27-26-33-32-31-30-62-64-23-21-9-52-24-22-49-63-56-66-55-68-61-37-35-34-50-51-18-48-25-19-20-0,754.084885398282,seed602_lns_start15_random_best_rm6_tw6
0-61-42-36-37-39-43-1-45-15-11-69-44-40-38-41-8-6-53-9-10-66-55-68-35-3-5-4-46-2-7-47-14-12-60-70-0,754.0865578713883,seed702_explore_lns_start61_random_regret_rm25_tw10
0-45-42-36-37-39-69-11-15-44-43-40-38-41-6-8-7-53-9-10-12-2-46-5-3-1-68-55-13-16-17-47-14-60-70-61-54-0,754.2993533361573,seed704_explore_lns_start12_late_random_best_rm25_tw12
0-37-36-39-42-3-5-45-16-15-11-69-61-44-40-38-41-8-6-53-9-59-10-55-68-54-35-43-1-4-46-2-7-60-14-12-70-0,754.3050327685875,seed703_explore_lns_start88_random_random_best_rm25_tw6
0-61-42-39-36-43-1-45-3-15-11-69-44-40-38-41-8-6-53-9-59-10-55-68-37-35-5-46-4-2-7-60-12-70-54-0,754.5476998173165,seed704_explore_lns_start30_random_best_rm10_tw12
0-65-33-32-34-31-29-27-26-28-62-30-67-64-23-21-48-18-19-49-20-22-51-63-50-56-66-47-17-16-13-58-25-24-57-52-70-0,754.6631139203388,seed701_explore_lns_start26_mixed_best_rm25_tw6
0-65-39-45-60-15-11-23-64-67-30-63-51-22-49-57-9-10-52-24-20-56-66-12-14-47-17-16-13-59-58-25-21-48-18-19-0,754.8063053838071,seed702_explore_lns_start51_mixed_random_best_rm20_tw12
0-54-42-39-36-43-45-46-7-15-11-69-44-40-38-41-1-8-6-53-9-16-10-55-68-37-35-3-5-4-2-47-14-12-61-0,755.0920393013481,seed705_explore_lns_start21_random_best_rm15_tw10
0-65-50-33-28-26-31-29-27-62-51-23-64-67-34-30-32-63-20-22-24-49-19-18-48-21-66-56-54-35-14-13-59-58-25-52-57-0,755.7531637564679,seed704_explore_lns_start34_random_best_rm15_tw15
0-2-45-36-39-42-15-11-69-61-44-40-38-41-1-8-6-53-9-16-14-12-55-68-37-35-43-4-3-5-46-7-60-54-0,756.0223927313543,seed705_explore_lns_start61_random_best_rm25_tw10
0-36-39-42-1-3-45-47-16-15-11-69-44-43-40-38-41-8-6-53-9-10-2-55-37-35-5-46-4-7-60-14-12-70-61-54-0,756.1128292972148,seed702_explore_lns_start28_random_best_rm15_tw8
0-61-42-39-36-3-45-60-16-15-11-69-44-40-38-41-8-6-53-9-59-47-7-1-5-46-4-55-68-37-35-43-70-2-0,757.0173659536403,seed704_explore_lns_start22_late_best_rm25_tw6
0-45-65-62-33-27-30-67-64-23-21-48-18-19-22-20-49-51-63-50-34-31-29-26-28-32-56-66-17-13-52-59-58-25-24-57-0,757.3285268277386,seed703_explore_lns_start25_late_best_rm25_tw8
0-42-39-36-1-45-3-5-15-11-69-44-40-38-41-8-6-53-9-59-10-55-68-43-35-37-4-46-2-7-60-47-14-12-70-0,757.4301401640464,seed606_lns_start22_mixed_best_rm8_tw15
0-37-36-39-29-27-33-23-64-62-67-34-30-32-28-26-31-50-20-22-19-49-24-57-56-66-68-55-16-13-59-58-25-21-48-18-63-51-0,757.6090819519397,seed705_explore_lns_start77_random_regret_rm10_tw12
0-42-39-36-43-1-45-2-15-11-69-44-40-38-41-46-8-6-53-9-16-10-55-68-37-35-4-3-5-7-17-47-14-12-60-70-0,758.3124603032977,seed705_explore_lns_start62_late_regret_rm10_tw10
0-54-37-36-39-42-45-7-11-15-14-69-44-40-38-41-8-6-53-9-59-10-55-12-13-16-47-17-60-46-4-5-3-1-2-70-43-61-0,758.636572357861,seed701_explore_lns_start26_random_random_best_rm20_tw8
0-65-50-33-32-28-26-27-29-31-34-62-64-23-63-30-9-52-57-22-24-49-51-56-66-55-68-37-35-20-19-18-48-21-25-58-0,759.1434932859352,seed606_lns_start43_mixed_random_best_rm6_tw12
0-65-54-31-29-26-27-28-33-62-23-64-67-34-30-32-50-63-20-22-24-21-48-18-49-56-35-17-13-52-57-58-25-19-51-0,759.2232906206086,seed702_explore_lns_start32_late_regret_rm15_tw6
0-42-36-37-39-43-45-7-60-15-11-69-44-40-38-41-6-8-53-9-10-16-14-12-55-68-59-13-4-46-5-3-1-2-70-61-54-0,760.0124191187433,seed705_explore_lns_start31_random_best_rm25_tw6
0-65-37-50-33-32-29-27-26-28-30-62-64-23-21-19-22-57-52-9-53-24-49-20-56-66-55-68-35-31-34-63-51-18-48-25-0,760.1409515798528,seed704_explore_lns_start16_mixed_random_best_rm25_tw10
0-61-42-39-37-36-45-2-15-11-69-44-43-40-38-41-3-8-6-53-9-16-10-55-68-35-1-5-4-46-7-17-47-14-12-60-70-0,760.1576625238556,seed601_lns_start62_late_best_rm8_tw6
0-65-39-45-69-15-11-23-64-67-30-63-22-9-52-57-49-51-56-66-12-14-47-17-16-13-59-58-25-21-48-18-19-20-24-0,761.5309049079609,seed602_lns_start55_late_regret_rm6_tw12
0-42-43-39-36-3-5-45-16-15-11-69-44-40-38-41-8-6-53-9-59-10-55-68-61-54-37-35-1-46-2-7-60-14-12-70-0,761.9499059739337,seed607_lns_start10_random_random_best_rm5_tw10
0-61-54-39-36-42-45-16-15-11-69-44-43-40-38-41-8-6-53-9-59-10-55-68-37-35-1-3-5-4-46-2-7-60-14-12-0,762.7174714921197,seed608_lns_start33_random_random_best_rm8_tw10
0-54-42-39-37-36-45-2-15-11-69-44-43-40-38-41-3-8-6-53-9-16-10-55-68-35-1-5-4-46-7-17-47-14-12-60-70-0,764.3462742230138,seed605_lns_start62_late_random_best_rm8_tw12
0-42-36-39-45-46-15-11-52-69-44-43-40-38-41-8-6-53-9-10-16-47-14-12-55-37-35-1-3-5-4-2-7-60-70-61-54-0,764.4537632025566,seed705_explore_lns_start62_random_regret_rm25_tw12
0-54-36-39-42-45-7-60-47-16-15-11-69-44-40-38-41-8-6-53-9-10-14-59-66-56-55-68-61-37-35-43-3-5-1-46-2-70-0,765.1081205445829,seed704_explore_lns_start10_late_regret_rm20_tw6
0-65-51-33-31-28-26-27-29-34-62-32-30-64-23-59-9-52-57-24-22-49-20-63-56-66-55-68-35-50-19-18-48-21-25-58-0,765.2000775473398,seed704_explore_lns_start43_random_best_rm25_tw8
0-65-39-45-69-15-11-23-64-30-63-20-22-49-9-52-57-24-21-18-51-56-66-47-17-16-13-14-59-58-25-48-19-0,765.4430670241994,seed705_explore_lns_start51_mixed_best_rm15_tw10
0-65-61-31-29-28-27-33-62-23-64-67-34-26-30-32-50-51-22-20-49-19-21-48-18-63-56-66-14-17-13-52-57-58-25-24-0,765.5585965218158,seed603_lns_start35_late_best_rm8_tw15
0-42-36-37-39-3-45-7-16-15-11-69-44-43-40-38-41-8-6-53-9-10-47-60-55-68-35-1-5-46-4-2-70-12-59-0,765.8702493009943,seed703_explore_lns_start13_late_random_best_rm25_tw8
0-61-42-39-37-36-45-2-60-15-11-69-44-43-40-38-41-8-6-53-9-10-47-55-68-54-35-4-16-17-7-46-5-3-1-0,766.1216205853674,seed705_explore_lns_start62_mixed_regret_rm20_tw15
0-42-37-39-36-43-45-47-16-15-11-69-44-40-38-41-8-6-53-9-10-59-55-68-3-5-4-7-60-13-14-2-46-1-70-61-0,766.2126503252385,seed603_lns_start35_random_regret_rm8_tw15
0-61-42-39-36-45-46-12-16-15-11-69-44-40-38-41-8-6-53-9-10-14-60-55-59-13-47-17-4-2-7-5-3-1-70-43-54-0,766.3470842907841,seed704_explore_lns_start9_random_regret_rm15_tw12
0-65-2-1-45-46-69-15-11-23-64-30-67-9-22-20-49-19-51-63-56-66-12-14-47-17-16-13-59-58-25-21-48-18-24-57-52-0,766.3922269729571,seed703_explore_lns_start51_late_random_best_rm20_tw15
0-65-50-34-32-33-28-26-27-29-31-62-23-64-67-30-63-51-20-22-49-19-18-48-21-24-57-52-66-56-37-35-43-1-5-70-58-25-0,766.803345283021,seed705_explore_lns_start31_mixed_best_rm25_tw8
0-65-54-34-31-33-27-29-23-64-62-67-30-26-28-32-50-63-51-22-49-21-24-66-56-20-18-48-19-57-52-13-17-14-12-59-58-25-0,767.2443891127976,seed705_explore_lns_start39_random_best_rm20_tw10
0-37-36-39-42-45-46-7-47-15-11-69-44-43-40-38-41-3-8-6-53-9-10-55-68-61-35-1-5-4-2-17-14-12-70-54-0,767.7688425717888,seed703_explore_lns_start77_mixed_random_best_rm20_tw15
0-61-42-39-36-43-45-2-60-15-11-69-44-40-38-41-1-8-6-53-9-59-10-55-68-4-13-16-17-47-7-46-5-3-70-54-0,768.4716077990371,seed705_explore_lns_start38_late_random_best_rm25_tw8
0-54-42-39-36-43-1-45-47-15-11-69-44-40-38-41-5-8-6-53-9-60-2-55-68-37-35-3-4-46-7-14-12-70-61-0,768.6806252850248,seed705_explore_lns_start22_random_best_rm20_tw6
0-65-45-1-3-5-46-14-47-16-15-11-69-64-23-21-24-22-9-53-8-6-60-12-10-55-68-2-4-7-17-13-59-58-25-57-52-70-0,768.8570009834847,seed608_lns_start81_random_regret_rm5_tw6
0-65-54-34-31-29-26-27-33-62-30-67-64-23-21-48-18-19-22-20-49-51-50-28-32-63-56-66-47-17-13-58-25-24-57-52-70-0,769.0032908194635,seed701_explore_lns_start89_late_best_rm25_tw15
0-54-39-36-42-45-16-15-11-69-44-43-40-38-41-8-6-53-9-52-59-10-55-68-61-37-35-1-3-5-46-7-47-14-12-70-0,769.8318655930016,seed701_explore_lns_start12_mixed_best_rm20_tw6
0-54-42-39-37-36-1-45-15-11-69-44-43-40-38-41-46-8-6-53-9-16-10-12-55-68-35-3-5-4-7-17-47-60-2-70-61-0,770.0875811164929,seed703_explore_lns_start61_late_regret_rm10_tw10
0-65-39-29-27-33-23-64-62-67-32-30-28-26-31-34-50-49-22-20-57-66-56-63-51-18-48-21-19-52-13-17-16-59-58-25-24-0,770.0911167693728,seed702_explore_lns_start13_mixed_regret_rm20_tw10
0-65-63-33-31-29-28-26-27-34-50-62-23-64-67-32-30-48-19-49-22-24-20-51-56-66-37-35-17-13-59-58-25-21-18-57-52-0,770.1795042274834,seed703_explore_lns_start26_mixed_best_rm25_tw12
0-61-42-39-36-5-45-7-15-11-69-44-43-40-38-41-8-6-53-9-10-66-55-68-54-37-35-1-3-4-46-2-60-47-14-12-70-0,770.3747259276006,seed702_explore_lns_start33_random_random_best_rm25_tw15
0-65-34-31-33-26-28-62-29-27-30-67-64-23-21-48-18-19-24-22-49-20-51-63-32-50-56-66-57-52-17-13-59-58-25-54-70-0,770.7211819337577,seed704_explore_lns_start61_late_random_best_rm25_tw8
0-42-37-39-36-43-45-46-11-15-14-69-44-40-38-41-8-6-53-9-59-10-55-68-1-3-5-4-7-13-16-47-12-2-70-61-54-0,771.1660551994393,seed703_explore_lns_start33_random_random_best_rm15_tw15
0-36-39-42-1-5-45-12-15-11-69-44-43-40-38-41-46-8-6-53-9-59-10-55-37-35-3-4-2-7-47-14-70-61-54-0,771.1953632213409,seed702_explore_lns_start23_random_random_best_rm25_tw12
0-45-1-43-36-37-39-42-69-11-15-44-40-38-41-8-6-53-9-59-10-55-68-61-35-2-4-3-5-46-7-60-14-12-70-0,772.391078165788,seed703_explore_lns_start19_random_best_rm25_tw8
0-42-43-39-36-5-45-14-47-15-11-69-44-40-38-41-8-6-53-9-59-16-10-55-37-35-1-3-4-46-2-7-60-12-70-61-0,772.4106057363443,seed701_explore_lns_start35_random_best_rm10_tw6
0-65-51-34-29-28-26-27-33-50-62-23-64-67-31-30-32-63-20-22-21-48-18-19-49-24-66-56-35-13-17-14-58-25-57-52-0,772.4574528151365,seed703_explore_lns_start30_random_regret_rm10_tw15
0-42-39-36-43-45-2-15-11-69-44-40-37-38-41-5-8-6-53-9-10-12-60-55-68-4-59-13-16-17-47-14-7-46-3-1-70-0,772.5555987087071,seed605_lns_start9_late_best_rm6_tw10
0-65-33-28-26-29-27-31-34-62-32-30-67-64-23-21-48-18-19-49-22-20-51-63-50-56-66-60-12-14-17-13-52-57-58-25-24-54-0,773.2699076037825,seed705_explore_lns_start37_late_random_best_rm20_tw15
0-65-63-33-32-28-26-27-29-31-34-50-62-54-61-44-40-38-41-2-46-8-6-53-9-10-12-55-68-37-35-43-1-4-5-3-7-60-70-0,774.7362989638436,seed702_explore_lns_start52_mixed_random_best_rm25_tw10
0-65-33-32-34-31-29-27-26-28-62-30-67-64-23-21-48-18-19-49-22-20-51-63-50-56-66-57-52-12-14-17-16-13-58-25-24-54-70-0,775.4918687203888,seed703_explore_lns_start22_mixed_random_best_rm15_tw15
0-65-61-54-50-29-27-33-62-30-67-64-23-21-48-18-19-22-20-49-51-63-32-28-26-31-34-56-66-57-52-17-13-58-25-24-70-0,775.6742237995215,seed702_explore_lns_start36_mixed_best_rm20_tw6
0-36-50-34-31-27-33-62-23-64-67-30-28-26-29-32-63-51-22-49-20-57-56-66-55-60-16-13-59-52-58-24-19-18-48-21-25-0,775.9546040561365,seed607_lns_start77_random_regret_rm8_tw10
0-54-42-39-36-43-1-45-14-15-11-69-44-40-38-41-3-5-46-8-7-6-53-10-12-55-68-2-4-60-47-17-16-13-59-58-57-52-70-0,776.1600631627118,seed701_explore_lns_start16_random_random_best_rm25_tw6
0-54-42-39-36-37-50-62-33-27-29-30-38-44-43-40-41-3-5-8-6-53-10-55-68-46-4-35-34-31-26-28-32-61-70-0,776.3612561509692,seed705_explore_lns_start58_late_best_rm20_tw15
0-61-42-39-36-43-1-45-16-15-11-69-44-40-38-41-8-6-53-9-59-10-55-68-54-37-35-3-5-4-46-2-7-47-14-70-0,776.9423168905909,seed602_lns_start27_late_random_best_rm8_tw6
0-61-42-39-36-43-1-45-16-15-11-69-44-40-38-41-8-6-53-9-59-10-55-68-54-37-35-3-5-4-46-2-7-47-12-70-0,777.6483552023707,seed608_lns_start39_late_best_rm6_tw6
0-65-52-63-33-26-27-29-62-23-64-67-32-30-28-31-34-48-22-49-24-57-56-66-35-50-51-20-19-18-21-25-58-16-12-0,777.8330482478397,seed704_explore_lns_start85_mixed_random_best_rm20_tw12
0-65-63-33-28-26-29-31-50-62-27-32-30-34-67-23-22-20-51-49-19-18-48-21-24-57-66-56-68-55-60-12-47-17-13-58-25-52-0,778.4361546784448,seed705_explore_lns_start34_random_best_rm25_tw12
0-65-20-51-50-33-26-28-27-29-31-34-32-30-62-64-23-21-48-18-63-19-49-22-24-57-52-56-66-55-37-35-43-46-2-60-12-59-58-25-0,778.4982229148445,seed702_explore_lns_start36_random_regret_rm25_tw6
0-61-54-34-31-33-28-27-29-50-62-23-64-67-30-26-32-63-49-22-24-59-10-66-56-68-16-13-52-57-58-25-21-48-18-19-20-51-0,778.5155604849286,seed702_explore_lns_start78_mixed_best_rm20_tw6
0-61-42-39-36-43-1-45-16-15-11-69-44-40-38-41-8-6-53-9-59-10-55-68-54-37-35-3-5-4-46-7-60-47-14-12-70-0,778.7663646519833,seed601_lns_start32_random_regret_rm6_tw8
0-65-50-34-29-28-26-27-33-62-23-64-67-31-30-32-63-21-49-22-19-48-18-51-56-66-37-35-47-13-59-58-25-20-24-57-52-0,779.0763605970076,seed704_explore_lns_start31_mixed_random_best_rm10_tw8
0-54-39-36-42-45-47-16-15-11-69-61-44-40-38-41-8-6-53-9-59-10-14-55-68-37-35-43-4-1-3-5-46-2-7-60-70-0,779.140490174165,seed702_explore_lns_start39_late_regret_rm10_tw8
0-61-42-39-36-43-1-3-45-15-11-69-44-40-38-41-8-6-53-9-10-12-14-47-60-5-4-55-52-59-13-16-17-7-46-2-70-54-0,779.319240552467,seed704_explore_lns_start2_late_best_rm25_tw12
0-45-42-36-37-39-61-69-11-15-44-40-38-41-8-6-60-53-9-10-16-47-14-52-68-55-4-35-43-1-3-5-46-7-2-70-0,780.2468764470507,seed702_explore_lns_start20_mixed_random_best_rm25_tw15
0-65-51-63-50-33-28-26-29-27-31-34-32-30-62-64-23-67-18-19-49-22-20-57-52-56-66-68-7-47-17-16-13-58-25-21-48-24-0,780.2825289889621,seed701_explore_lns_start31_random_random_best_rm25_tw12
0-61-42-39-36-43-3-45-2-15-11-69-44-40-38-41-5-8-6-53-9-16-10-55-68-37-35-1-4-46-7-17-47-60-70-54-0,781.0880391011724,seed606_lns_start62_late_regret_rm8_tw12
0-65-52-57-33-28-26-27-63-23-64-62-67-30-32-29-31-34-50-51-22-24-49-19-21-48-18-20-56-66-60-13-16-17-47-14-58-25-0,781.3097753732725,seed705_explore_lns_start22_mixed_best_rm25_tw6
0-61-42-39-36-45-7-60-12-15-11-69-44-40-38-41-46-8-6-53-9-59-10-14-47-16-13-68-55-2-4-5-3-1-70-43-54-0,781.5877498126285,seed602_lns_start26_random_regret_rm6_tw15
0-65-33-32-34-31-29-27-26-28-62-30-67-64-23-21-48-18-19-22-49-24-20-51-63-50-56-57-52-12-14-47-17-13-59-58-25-54-70-0,781.8936636388952,seed703_explore_lns_start62_late_regret_rm25_tw12
0-65-33-32-34-31-29-27-26-28-62-30-67-64-23-21-48-18-19-49-20-22-24-57-51-63-50-56-66-12-47-17-13-59-58-25-52-70-61-0,782.0150795592921,seed705_explore_lns_start61_late_random_best_rm25_tw10
0-65-42-34-33-32-31-29-27-26-28-30-62-64-23-21-48-18-19-22-24-49-20-51-63-50-56-66-37-35-43-17-13-59-58-25-57-52-0,782.4995409884814,seed703_explore_lns_start19_random_regret_rm15_tw15
0-54-39-36-42-45-15-11-69-61-44-43-40-38-41-5-8-6-53-9-10-2-55-68-37-35-1-4-3-46-7-60-14-47-59-0,782.6293974986429,seed703_explore_lns_start37_mixed_regret_rm20_tw10
0-65-51-33-32-28-31-29-27-50-62-23-64-67-34-26-30-63-22-21-48-18-19-49-20-66-56-57-52-12-17-13-59-58-25-24-70-0,782.7068495660616,seed704_explore_lns_start13_random_best_rm20_tw6
0-54-36-39-42-45-46-47-16-15-11-69-44-43-40-38-41-8-6-53-9-59-10-55-68-61-37-35-1-4-5-3-2-7-60-14-12-70-0,782.7168716448356,seed705_explore_lns_start26_random_best_rm20_tw10
0-54-42-36-37-39-45-69-11-15-60-44-43-40-38-41-8-6-53-9-59-10-12-14-47-16-13-55-68-61-35-70-1-3-5-7-0,782.7905588710732,seed702_explore_lns_start11_mixed_regret_rm25_tw15
0-61-42-39-36-45-12-47-16-15-11-69-44-40-38-41-8-6-53-9-59-10-55-68-13-14-60-7-4-46-5-3-1-2-70-37-54-0,782.984066931938,seed603_lns_start39_random_regret_rm5_tw8
0-42-36-39-45-15-11-64-69-44-40-38-41-8-6-60-53-9-59-16-47-10-55-68-54-37-35-43-1-3-5-46-7-2-70-61-0,783.1376333246023,seed704_explore_lns_start29_random_best_rm25_tw8
0-42-36-39-1-3-45-11-15-47-12-69-44-40-38-41-46-8-6-53-9-59-10-16-14-4-55-68-54-35-37-43-5-7-2-70-61-0,783.3176052880325,seed701_explore_lns_start23_late_random_best_rm15_tw8
0-65-51-33-34-29-28-26-27-50-62-23-64-67-31-30-32-63-20-22-49-19-18-48-21-24-57-66-56-35-68-12-17-58-25-52-0,784.3484117580451,seed702_explore_lns_start32_random_best_rm20_tw10
0-37-36-39-42-1-45-46-7-15-11-69-44-43-40-38-41-3-5-8-6-53-10-56-2-4-60-12-14-47-17-16-13-59-58-52-70-54-0,784.4641463261934,seed701_explore_lns_start15_random_best_rm25_tw12
0-65-39-45-69-11-15-23-64-30-67-22-9-52-57-24-49-51-63-56-66-14-47-17-16-13-59-58-25-21-48-18-19-20-0,784.5146413329303,seed703_explore_lns_start56_random_random_best_rm25_tw15
0-65-34-33-32-31-29-27-26-28-62-30-67-64-23-21-48-18-19-24-22-20-49-51-63-50-56-66-57-52-12-14-17-13-59-58-25-43-0,784.7031625638888,seed704_explore_lns_start62_late_regret_rm20_tw10
0-54-42-39-36-43-45-7-12-15-11-69-44-40-38-41-2-6-8-53-9-16-10-55-68-37-35-1-3-5-4-46-60-14-59-0,784.7442881682841,seed704_explore_lns_start24_random_best_rm20_tw15
0-65-63-33-31-28-26-27-29-62-23-64-67-34-30-32-50-19-49-24-22-20-51-56-66-61-37-35-17-13-52-57-18-48-21-25-58-0,785.3903192458013,seed702_explore_lns_start31_random_best_rm15_tw12
0-61-42-39-36-43-1-45-3-15-11-69-44-40-38-41-8-6-53-9-59-10-55-68-37-35-5-46-7-47-17-16-14-12-2-70-0,785.7025896078244,seed605_lns_start11_late_random_best_rm4_tw12
0-65-54-39-43-1-3-45-15-11-69-44-40-37-38-41-8-6-53-9-10-7-2-55-68-35-5-4-46-17-47-14-12-70-61-0,785.7353401593169,seed702_explore_lns_start77_mixed_regret_rm10_tw10
0-65-54-50-34-31-29-27-26-28-33-32-30-62-64-23-67-18-49-24-22-51-63-56-66-57-52-12-14-17-13-59-58-25-21-48-19-20-61-0,786.06857350332,seed705_explore_lns_start62_late_random_best_rm25_tw10
0-65-63-33-28-26-27-29-34-62-32-30-67-64-23-21-48-18-19-22-20-49-24-51-31-50-56-66-12-16-17-13-59-58-25-57-52-70-0,786.174525612949,seed703_explore_lns_start61_mixed_regret_rm25_tw8
0-65-33-32-34-31-29-27-26-28-62-30-67-64-23-21-48-18-19-49-20-22-57-10-66-56-50-63-51-52-13-47-17-16-59-58-25-24-0,786.8206178432772,seed703_explore_lns_start28_random_best_rm20_tw12
0-42-43-36-39-29-27-26-33-32-31-62-67-44-40-38-41-46-8-6-60-53-10-7-55-68-3-4-37-35-28-34-50-54-61-70-0,786.8750589769877,seed704_explore_lns_start57_mixed_best_rm20_tw6
0-65-61-31-29-26-27-28-33-62-23-64-67-34-30-32-63-51-20-22-24-21-48-19-49-18-56-66-57-52-14-17-13-58-25-50-70-0,787.8988802531932,seed605_lns_start20_late_random_best_rm6_tw6
0-65-51-33-32-28-26-27-50-62-64-19-23-21-48-18-67-30-29-31-34-22-20-49-63-56-57-52-17-13-59-58-25-24-70-0,788.6932614159938,seed701_explore_lns_start13_random_random_best_rm25_tw6
0-65-36-27-33-23-64-62-67-32-30-28-26-29-31-34-50-63-22-49-24-66-56-51-20-18-48-19-57-52-13-17-16-59-58-25-21-0,788.843564724645,seed701_explore_lns_start32_random_regret_rm25_tw8
0-54-42-39-36-43-45-2-7-15-11-69-44-40-37-38-41-8-6-53-9-10-12-55-68-4-60-59-13-16-17-47-14-46-5-3-1-0,789.012116682011,seed702_explore_lns_start27_late_best_rm25_tw10
0-65-51-33-31-29-28-26-27-50-62-23-64-67-34-30-32-63-49-20-22-24-57-52-66-56-35-2-17-13-58-19-18-48-21-25-0,790.8440334490217,seed608_lns_start29_random_best_rm5_tw8
0-65-34-31-32-33-28-26-27-29-62-64-23-18-30-67-22-49-9-52-56-66-55-68-37-35-50-19-48-21-25-24-20-51-63-0,791.1504381633155,seed702_explore_lns_start17_random_regret_rm25_tw8
0-65-50-33-32-28-26-34-62-29-27-30-67-64-23-21-48-18-19-24-22-20-49-51-63-31-56-66-52-47-17-13-58-25-57-2-70-0,791.4023440150645,seed704_explore_lns_start29_late_best_rm20_tw6
0-42-36-39-45-7-12-14-47-16-15-11-69-44-38-40-43-8-6-53-9-10-57-66-68-55-2-4-5-3-1-35-37-54-61-70-46-60-0,792.4095070859843,seed702_explore_lns_start13_random_random_best_rm20_tw6
0-54-42-36-37-27-26-28-33-50-30-62-67-44-40-38-41-3-8-6-53-10-60-55-68-2-4-43-35-31-29-32-34-61-70-0,794.6994312837024,seed704_explore_lns_start56_random_best_rm25_tw6
0-65-2-46-45-3-1-69-64-23-15-11-16-14-12-9-59-53-7-8-6-60-10-55-68-5-4-47-17-13-58-25-21-24-57-52-70-0,794.7483318286511,seed705_explore_lns_start81_random_regret_rm15_tw6
0-61-42-39-36-34-29-27-33-62-69-44-43-40-38-41-1-3-5-8-6-53-10-55-68-2-7-4-37-35-31-26-28-32-50-54-0,794.894350780674,seed701_explore_lns_start52_late_best_rm25_tw10
0-42-36-39-45-15-11-69-64-54-44-40-38-41-8-6-53-9-10-16-14-12-55-2-4-43-35-37-61-1-3-5-46-7-60-0,795.5328229170902,seed703_explore_lns_start23_mixed_regret_rm20_tw10
0-54-42-39-36-43-3-45-5-15-11-69-44-40-38-41-46-8-6-53-9-10-2-55-68-37-35-1-4-7-17-16-47-14-60-70-0,795.7938322793581,seed703_explore_lns_start31_mixed_best_rm15_tw6
0-65-34-33-32-28-26-27-29-31-50-62-23-64-67-30-51-48-19-49-22-20-24-57-52-66-56-35-5-13-58-25-21-18-63-0,798.5293424723674,seed603_lns_start33_random_best_rm8_tw6
0-65-51-63-33-32-28-26-27-29-62-69-54-38-44-43-40-41-53-6-8-46-7-60-10-55-68-2-4-5-3-1-37-35-31-34-70-0,799.4247665786007,seed703_explore_lns_start54_late_regret_rm25_tw15
0-65-32-33-34-31-29-27-26-28-50-62-23-64-67-30-63-22-21-48-18-49-24-51-56-66-35-60-17-13-58-25-19-20-57-52-0,800.7717457825454,seed701_explore_lns_start20_random_random_best_rm10_tw15
0-2-45-42-36-39-69-11-15-47-60-44-40-38-41-8-6-53-9-59-55-10-13-16-14-17-12-4-7-46-5-3-1-70-43-61-0,801.8688889942438,seed703_explore_lns_start31_random_random_best_rm25_tw15
0-54-37-36-39-42-45-46-2-14-15-11-69-44-43-40-38-41-8-6-53-9-10-12-60-55-68-59-13-16-17-47-7-1-3-5-70-61-0,804.0286694019355,seed703_explore_lns_start11_late_best_rm20_tw8
0-42-43-39-36-37-27-28-33-32-29-30-62-38-44-40-41-53-60-8-6-46-3-1-61-54-68-55-4-35-26-31-34-50-70-0,804.5086955666434,seed704_explore_lns_start54_mixed_random_best_rm25_tw6
0-42-36-39-45-15-11-64-69-44-40-38-41-8-6-53-9-10-16-47-60-55-68-37-35-43-1-3-4-5-46-7-2-61-54-0,804.5662148282454,seed702_explore_lns_start13_mixed_regret_rm15_tw15
0-65-39-42-1-3-45-15-11-69-44-43-40-37-38-41-5-8-6-53-9-10-55-68-61-54-35-4-46-2-7-47-14-12-70-0,804.6231742571259,seed602_lns_start76_late_regret_rm6_tw12
0-61-42-43-36-34-62-33-27-30-67-44-40-38-41-1-3-5-8-6-53-10-60-55-68-7-4-37-35-31-29-26-28-32-50-54-0,805.4448801874017,seed704_explore_lns_start54_late_best_rm25_tw12
0-54-42-43-39-36-50-62-33-27-30-67-44-40-38-41-46-8-7-53-10-61-55-68-2-4-37-35-31-29-26-28-32-34-70-0,805.6850098053113,seed705_explore_lns_start57_late_random_best_rm20_tw10
0-61-42-39-36-43-3-45-15-11-69-44-40-37-38-41-5-8-6-53-9-10-12-60-55-68-2-4-14-47-17-16-13-59-7-46-1-70-0,805.8409071280537,seed604_lns_start9_random_regret_rm6_tw12
0-65-39-37-27-33-23-64-62-67-34-30-32-28-26-29-31-50-22-24-20-49-66-56-54-35-63-51-19-18-48-21-25-58-57-52-0,806.7732726274322,seed705_explore_lns_start9_random_regret_rm10_tw6
0-65-54-33-28-26-27-29-31-34-62-64-23-30-32-9-52-57-22-24-49-20-56-66-55-68-37-35-50-63-51-18-48-21-25-19-0,807.0195786886235,seed701_explore_lns_start41_mixed_best_rm15_tw6
0-65-63-33-32-26-28-27-19-23-64-62-67-34-30-29-31-50-51-20-22-24-49-18-48-21-56-66-57-52-13-16-17-12-58-25-60-70-54-0,807.7106767142046,seed704_explore_lns_start33_mixed_best_rm20_tw8
0-65-33-32-34-31-29-27-26-28-62-30-67-64-23-21-48-18-63-19-49-22-20-51-50-56-66-12-14-47-13-17-59-58-25-24-57-52-61-0,810.0938350638746,seed701_explore_lns_start62_late_best_rm25_tw6
0-61-42-43-36-27-29-33-62-50-30-67-44-40-38-41-46-8-5-3-6-60-10-55-2-7-4-1-37-35-31-26-28-32-34-54-70-0,810.9157302550298,seed606_lns_start59_random_best_rm8_tw8
0-65-50-33-28-26-29-27-62-64-23-21-30-32-67-9-57-22-24-49-20-56-66-55-68-35-31-34-63-51-19-18-48-25-58-0,811.3748026670771,seed701_explore_lns_start4_random_regret_rm10_tw8
0-65-60-7-45-5-1-69-11-15-23-64-67-30-63-49-22-9-52-57-51-56-66-12-14-47-17-16-13-59-58-25-21-48-18-19-20-24-0,811.802027873695,seed701_explore_lns_start59_late_random_best_rm20_tw15
0-65-51-63-50-33-32-34-31-29-27-26-28-30-62-67-64-23-21-19-49-22-24-57-52-66-56-68-55-47-17-13-58-25-48-18-20-0,812.1851200994221,seed702_explore_lns_start32_random_best_rm25_tw8
0-61-42-39-36-43-1-45-46-15-11-69-44-40-38-41-3-8-6-53-9-10-14-60-55-68-37-35-5-4-2-7-17-47-12-54-0,812.2718239114689,seed704_explore_lns_start40_random_best_rm20_tw10
0-61-42-39-36-37-54-62-33-26-27-30-34-44-40-38-41-1-5-46-8-6-53-10-60-55-68-7-4-43-35-31-29-28-32-50-70-0,812.4468294546574,seed702_explore_lns_start57_random_random_best_rm25_tw10
0-37-36-39-42-45-15-11-69-67-44-43-40-38-41-8-6-53-9-16-10-55-68-2-1-3-5-4-46-7-17-47-14-12-60-70-54-0,813.3133994649654,seed701_explore_lns_start37_random_regret_rm20_tw12
0-65-7-45-5-3-1-69-11-15-23-64-67-30-63-22-9-57-20-49-51-56-66-52-13-16-47-17-14-12-59-58-25-21-48-18-19-24-0,813.5914821357383,seed701_explore_lns_start56_late_best_rm20_tw12
0-42-36-39-45-15-11-64-69-44-43-40-38-41-8-6-53-9-10-14-60-55-68-37-35-3-5-4-46-1-2-7-47-61-0,813.8201181298178,seed703_explore_lns_start32_mixed_regret_rm25_tw15
0-65-50-33-32-34-29-27-31-26-28-30-62-67-64-23-19-49-20-22-51-63-56-66-55-14-17-16-13-58-25-21-48-18-24-57-52-0,814.5160579205807,seed703_explore_lns_start29_random_random_best_rm25_tw10
0-61-39-36-42-45-16-15-11-69-44-43-40-38-41-8-6-53-9-10-59-66-55-68-37-35-4-1-3-5-46-7-2-70-12-0,815.1327591384819,seed703_explore_lns_start12_random_best_rm20_tw6
0-43-39-36-1-45-60-11-15-47-69-44-40-38-41-46-8-6-53-9-16-10-55-68-37-35-3-5-4-2-7-14-12-70-61-54-0,815.3314583322632,seed602_lns_start62_random_random_best_rm8_tw15
0-65-61-54-33-34-31-28-26-27-29-32-30-62-64-23-67-20-19-24-22-49-48-18-51-63-50-56-66-52-14-17-13-58-25-21-57-70-0,815.3422642249825,seed701_explore_lns_start24_mixed_random_best_rm20_tw10
0-65-33-34-31-29-27-26-28-62-32-30-67-64-23-19-24-22-49-51-63-50-56-66-57-52-60-47-17-16-13-58-25-21-48-18-20-0,815.4771472056902,seed704_explore_lns_start25_random_best_rm25_tw8
0-65-54-33-28-26-29-27-31-50-62-23-64-67-34-30-32-63-51-22-20-49-19-21-48-18-24-66-56-35-12-14-52-58-25-57-0,816.3864898965141,seed701_explore_lns_start9_late_random_best_rm25_tw6
0-65-54-50-33-26-27-29-31-62-30-67-64-23-21-48-24-22-20-49-18-19-57-52-14-66-56-35-34-28-32-63-51-25-58-0,816.8315708447657,seed705_explore_lns_start9_late_random_best_rm25_tw10
0-50-36-39-42-45-15-11-69-44-40-38-41-8-6-53-9-10-16-60-55-68-61-37-35-43-4-1-3-5-46-7-2-70-54-0,817.1713592287354,seed705_explore_lns_start26_mixed_regret_rm25_tw6
0-65-39-45-69-11-15-23-64-30-63-22-57-9-21-48-18-49-19-56-66-52-13-12-14-47-17-16-59-58-25-24-20-51-0,817.3987610036211,seed701_explore_lns_start52_random_best_rm15_tw15
0-54-42-36-39-27-29-33-62-50-30-44-43-40-38-41-5-8-6-53-10-55-68-2-4-37-35-31-26-28-32-34-61-70-0,818.0352765308071,seed704_explore_lns_start56_late_random_best_rm25_tw8
0-65-33-32-31-34-29-27-26-28-62-30-67-64-23-21-48-18-19-49-20-22-24-51-63-50-56-66-57-52-14-17-13-59-58-25-70-61-54-0,818.317164212265,seed702_explore_lns_start36_mixed_best_rm15_tw6
0-65-42-36-27-29-31-33-34-62-67-38-44-43-40-41-8-6-60-53-10-7-2-46-3-1-4-55-68-37-35-26-28-32-50-54-70-0,818.3979287655179,seed705_explore_lns_start55_mixed_best_rm20_tw10
0-65-51-33-28-26-29-27-31-50-62-23-64-67-34-30-32-63-49-20-22-24-57-52-66-56-37-35-13-17-14-58-19-18-48-21-25-0,818.4168346774287,seed701_explore_lns_start36_random_best_rm10_tw12
0-65-34-33-32-31-29-27-26-28-62-30-67-64-23-21-48-18-19-49-24-22-20-51-63-50-56-66-57-52-17-16-13-59-58-25-5-3-0,818.9830332821434,seed704_explore_lns_start20_mixed_best_rm25_tw15
0-65-54-31-29-26-27-28-33-50-62-23-64-67-34-30-32-63-51-22-21-48-18-19-49-20-66-56-35-14-13-52-57-58-25-24-0,820.0921136145676,seed603_lns_start27_late_random_best_rm5_tw12
0-54-36-39-42-45-2-16-15-11-69-61-44-43-40-38-41-8-6-53-9-52-10-55-68-37-35-1-3-5-4-46-7-60-47-14-12-70-0,820.9682832548043,seed705_explore_lns_start37_random_best_rm15_tw12
0-54-42-39-36-1-45-3-15-11-69-44-43-40-38-41-5-8-6-53-9-16-10-55-68-37-35-2-4-46-7-17-47-14-12-60-61-0,821.1125592889966,seed701_explore_lns_start40_random_random_best_rm20_tw12
0-65-63-50-33-28-26-27-29-31-34-32-30-62-67-64-23-21-48-18-19-49-24-22-20-51-56-66-14-47-17-13-58-25-57-52-70-61-0,821.4285981510857,seed703_explore_lns_start83_late_random_best_rm20_tw8
0-65-51-33-32-29-28-26-27-34-50-62-23-64-67-31-30-63-20-22-48-18-19-49-24-66-56-35-17-16-13-59-58-25-21-57-52-0,822.3674796571293,seed702_explore_lns_start30_mixed_best_rm20_tw8
0-65-52-57-51-33-32-34-29-31-27-26-28-30-50-62-64-23-21-48-18-19-49-20-22-24-63-56-66-68-35-60-13-14-17-16-59-58-25-0,822.4554817448504,seed705_explore_lns_start82_random_regret_rm25_tw12
0-65-32-33-28-26-29-27-62-64-23-21-30-67-53-9-22-49-20-56-66-55-68-35-31-34-50-63-51-19-18-48-25-24-57-0,823.2584532877971,seed704_explore_lns_start2_random_random_best_rm20_tw10
0-42-37-39-36-43-1-45-16-15-11-69-44-40-38-41-8-6-53-9-10-59-66-55-68-35-4-3-5-46-2-7-60-70-61-54-0,823.6832137903846,seed702_explore_lns_start27_late_best_rm20_tw10
0-65-50-33-26-28-27-29-31-34-32-30-62-67-64-23-21-63-51-49-20-22-24-56-66-57-52-13-16-17-47-14-12-58-25-48-18-19-0,823.8338338040124,seed703_explore_lns_start35_random_best_rm20_tw15
0-65-34-33-28-26-29-27-31-62-32-30-67-64-23-21-48-18-19-24-22-20-49-51-63-50-56-66-61-35-43-13-17-47-58-25-57-52-0,825.7006290244574,seed702_explore_lns_start83_late_best_rm20_tw10
0-42-43-39-36-45-7-60-16-15-11-69-44-40-38-41-8-6-53-9-59-10-47-55-68-37-35-3-5-4-46-1-70-54-61-0,825.8217428099977,seed702_explore_lns_start20_mixed_random_best_rm20_tw15
0-42-36-39-34-29-27-26-33-28-32-62-54-44-43-40-38-41-8-6-53-9-10-12-60-7-46-3-4-68-61-37-35-31-50-70-0,825.9646915549399,seed705_explore_lns_start53_mixed_best_rm25_tw12
0-65-39-36-42-45-2-60-15-11-69-44-40-38-41-1-8-6-53-9-47-14-12-55-46-5-3-4-7-17-16-13-59-58-57-25-52-0,826.9922837550035,seed602_lns_start14_mixed_random_best_rm3_tw12
0-65-19-33-32-28-26-27-29-31-62-23-64-67-34-30-50-63-20-22-49-48-18-51-56-35-14-17-13-59-58-25-21-24-57-52-0,828.1176450267443,seed701_explore_lns_start28_random_regret_rm20_tw8
0-65-51-63-50-33-32-29-34-31-27-26-28-30-62-67-64-23-21-48-18-19-49-20-22-56-66-55-2-4-46-7-14-17-13-59-58-25-24-57-52-0,828.8162683259889,seed702_explore_lns_start33_random_best_rm25_tw12
0-65-50-33-32-34-31-29-27-26-28-62-30-67-64-23-21-48-18-63-51-20-22-49-19-24-56-66-17-13-59-58-25-57-52-70-61-0,828.9720073246922,seed703_explore_lns_start85_random_random_best_rm15_tw10
0-65-33-28-29-31-34-62-32-26-27-30-67-64-23-21-48-18-19-22-20-49-24-51-63-50-56-66-57-52-14-47-17-13-59-58-25-54-70-0,829.5411239979712,seed705_explore_lns_start61_late_random_best_rm25_tw8
0-65-51-63-33-28-26-27-29-31-34-50-62-23-64-67-32-30-18-48-22-20-19-49-24-66-56-37-35-17-16-13-59-58-25-21-57-52-0,829.8015945442274,seed704_explore_lns_start31_random_best_rm20_tw15
0-65-51-63-50-33-28-26-27-29-31-34-32-30-62-67-64-23-21-48-18-19-49-20-22-57-52-10-66-56-12-16-17-47-14-13-59-58-25-24-0,830.8862414028604,seed702_explore_lns_start31_mixed_random_best_rm20_tw8
0-65-63-50-33-32-34-29-27-31-26-28-30-62-67-64-23-21-48-18-19-22-20-49-51-56-66-52-12-14-47-17-13-59-58-25-24-57-70-0,831.5050798338975,seed705_explore_lns_start62_mixed_best_rm20_tw12
0-65-33-32-29-34-31-27-26-28-62-30-67-64-23-21-48-18-19-49-22-51-63-50-56-66-52-14-17-13-59-58-25-20-24-57-70-0,831.6079809536606,seed702_explore_lns_start62_mixed_best_rm25_tw8
0-65-50-33-28-26-27-29-31-34-32-30-62-67-64-23-21-48-18-19-49-24-22-20-51-63-56-66-52-14-47-17-13-59-58-25-57-60-70-0,832.9532705270103,seed702_explore_lns_start61_late_random_best_rm20_tw12
0-65-32-33-26-29-31-50-62-34-27-28-30-44-43-40-38-41-1-3-5-46-8-6-53-10-60-55-2-7-4-37-35-70-61-54-0,833.5734477338727,seed704_explore_lns_start57_random_best_rm20_tw12
0-61-39-36-42-45-7-47-15-11-69-44-43-40-38-41-3-8-6-53-9-10-12-55-68-1-5-4-46-17-13-59-16-14-60-2-70-0,833.926856821618,seed703_explore_lns_start36_late_best_rm25_tw10
0-61-42-39-37-36-45-46-7-15-11-69-44-43-40-38-41-5-8-6-53-9-10-12-55-68-35-1-3-4-2-47-17-16-14-70-0,834.5787480570406,seed701_explore_lns_start62_late_random_best_rm10_tw10
0-65-39-36-42-45-60-15-11-69-44-43-40-37-38-41-8-6-53-9-59-10-55-12-14-47-16-13-4-46-5-3-1-7-2-70-61-54-0,835.8149996236973,seed704_explore_lns_start34_random_best_rm25_tw15
0-65-51-33-32-31-29-27-26-28-62-64-23-34-30-67-49-22-57-9-10-66-56-20-19-18-48-21-52-13-59-58-24-25-63-50-0,835.8404532955818,seed702_explore_lns_start40_mixed_regret_rm10_tw15
0-65-60-46-45-3-1-69-11-15-23-64-67-30-63-49-22-9-52-57-24-20-51-56-66-12-14-16-17-47-13-59-58-25-21-48-18-19-0,836.2955602577489,seed702_explore_lns_start51_late_best_rm20_tw8
0-61-42-43-36-37-50-62-33-27-29-30-38-44-40-41-2-46-8-7-6-53-10-60-55-68-4-5-3-35-34-31-26-28-32-54-70-0,836.6021641698757,seed702_explore_lns_start54_late_best_rm15_tw10
0-65-50-33-28-26-27-29-31-34-32-30-62-67-64-23-21-48-18-19-49-20-22-51-63-56-66-57-52-12-14-17-13-58-25-24-54-70-0,837.1775404416267,seed701_explore_lns_start87_late_regret_rm20_tw12
0-65-54-50-34-32-33-26-28-27-29-31-30-62-67-64-23-21-48-18-19-24-22-20-49-51-63-56-66-52-60-12-17-13-59-58-25-57-0,837.7097361846809,seed702_explore_lns_start62_late_best_rm20_tw10
0-43-37-39-36-42-45-16-15-11-69-61-44-40-38-41-2-8-6-53-9-10-59-52-55-68-1-3-5-4-46-7-47-14-12-60-70-54-0,838.3281751513126,seed703_explore_lns_start27_random_best_rm15_tw15
0-65-50-34-31-32-33-28-26-27-29-62-30-67-64-23-21-48-18-19-22-49-20-57-52-10-66-56-63-51-14-17-13-59-58-25-24-0,838.380038900655,seed704_explore_lns_start62_random_regret_rm10_tw10
0-61-42-39-36-43-1-45-5-15-11-69-44-40-38-41-2-8-6-53-9-59-10-55-68-37-35-3-46-7-17-47-14-12-70-54-0,838.4581458988094,seed704_explore_lns_start10_mixed_best_rm20_tw6
0-65-61-50-34-31-29-32-33-28-26-27-30-62-67-64-23-21-19-49-20-22-51-63-56-66-55-47-17-16-13-59-58-25-48-18-24-57-52-0,839.7712831768628,seed703_explore_lns_start61_random_random_best_rm20_tw10
0-42-43-39-36-5-45-16-15-11-69-44-40-37-38-41-8-6-53-9-59-10-55-68-61-54-35-1-46-3-2-7-60-47-12-70-0,840.3741560547863,seed608_lns_start11_random_best_rm3_tw15
0-65-57-50-33-26-28-27-29-31-34-32-30-62-67-64-23-21-48-18-19-49-24-22-20-51-63-56-66-61-55-14-47-17-13-59-58-25-52-0,840.450387528183,seed701_explore_lns_start61_mixed_regret_rm20_tw15
0-54-43-39-36-42-45-2-15-11-69-61-44-40-38-41-8-6-53-9-59-16-10-55-68-37-35-1-3-4-5-7-60-47-12-0,840.9946798324709,seed702_explore_lns_start26_late_random_best_rm25_tw15
0-65-61-39-27-33-62-23-64-67-30-32-28-26-29-31-34-50-22-24-49-56-66-20-19-18-48-21-57-52-17-13-59-58-25-51-63-0,842.039898405421,seed603_lns_start62_random_regret_rm8_tw10
0-37-36-39-42-45-15-11-69-67-44-40-38-41-46-8-6-53-9-10-12-55-68-35-43-1-3-5-4-2-7-47-14-60-70-61-0,843.0992949689814,seed704_explore_lns_start40_random_regret_rm25_tw15
0-65-54-50-33-32-29-34-31-27-26-28-30-62-67-64-23-21-48-18-19-49-20-22-24-57-51-63-56-66-60-47-17-16-13-59-58-25-52-0,843.3771070373007,seed703_explore_lns_start19_random_random_best_rm25_tw6
0-65-24-51-63-33-32-34-31-29-27-26-28-30-62-50-67-23-21-48-18-19-49-20-22-57-52-56-66-43-35-37-68-13-17-59-58-25-0,843.5995828803187,seed701_explore_lns_start29_random_regret_rm15_tw10
0-61-42-36-37-31-29-27-26-28-33-32-30-62-44-40-38-41-54-53-6-8-46-1-2-7-60-55-68-4-3-5-43-35-50-34-70-0,843.9799021798592,seed703_explore_lns_start51_mixed_random_best_rm20_tw12
0-65-50-33-32-28-26-27-29-31-34-62-30-67-64-23-21-48-18-19-24-22-49-20-57-51-63-56-66-37-35-43-52-25-58-47-70-0,844.5090458951321,seed701_explore_lns_start31_mixed_best_rm25_tw12
0-65-54-50-33-32-34-31-29-27-26-28-30-62-67-64-23-21-48-18-19-49-24-22-20-51-63-56-66-52-14-47-17-13-58-25-57-70-61-0,845.0580378052794,seed701_explore_lns_start36_late_best_rm20_tw12
0-61-42-43-39-36-27-29-33-34-31-30-62-44-40-38-41-1-5-8-6-53-10-14-60-55-68-7-4-37-35-26-28-32-50-54-70-0,845.0588523501368,seed705_explore_lns_start51_random_regret_rm20_tw8
0-65-34-33-28-26-29-31-62-27-32-30-67-64-23-21-48-18-22-20-19-49-51-63-50-56-66-52-47-17-16-13-59-58-25-24-57-70-0,845.2634466992645,seed702_explore_lns_start61_mixed_random_best_rm20_tw12
0-61-42-43-36-37-50-62-33-27-29-30-67-44-40-38-41-1-3-8-7-6-53-10-60-55-68-4-35-31-26-28-32-34-54-70-0,845.4427765988667,seed703_explore_lns_start52_late_best_rm15_tw6
0-60-65-33-27-63-23-64-62-67-32-30-31-29-26-28-34-50-22-49-24-66-56-51-18-48-21-19-57-52-13-17-47-14-12-58-25-20-0,845.523925694925,seed705_explore_lns_start25_mixed_random_best_rm15_tw12
0-65-54-50-34-31-33-32-29-27-26-28-30-62-67-64-23-21-48-18-19-49-20-22-24-57-51-63-56-66-60-12-17-47-13-59-58-25-52-0,846.4889448923672,seed701_explore_lns_start13_late_random_best_rm25_tw6
0-61-42-39-36-54-62-33-27-29-30-38-44-43-40-41-1-3-8-6-53-10-55-68-7-4-37-35-34-31-26-28-32-50-70-0,846.7614388638142,seed703_explore_lns_start57_late_best_rm25_tw8
0-65-51-63-50-33-32-34-29-27-31-26-28-30-62-64-23-67-20-22-49-18-21-48-24-66-56-35-68-17-13-59-58-25-19-57-52-0,846.9162964539864,seed701_explore_lns_start32_random_random_best_rm20_tw12
0-65-50-34-31-29-28-26-27-33-62-32-30-67-64-23-18-19-9-57-22-49-20-51-63-56-66-68-37-35-24-48-21-25-58-59-52-0,848.0042133441385,seed701_explore_lns_start7_random_best_rm25_tw12
0-54-42-39-36-43-1-45-16-15-11-69-44-40-38-41-8-6-53-9-59-10-55-68-37-35-3-5-4-46-2-7-17-47-60-0,848.2997929957767,seed702_explore_lns_start25_mixed_regret_rm20_tw8
0-65-50-33-28-26-29-27-31-34-62-64-23-32-30-67-54-41-22-20-49-51-63-56-66-52-59-13-17-57-58-24-19-18-48-21-25-0,848.8141268377143,seed702_explore_lns_start13_mixed_regret_rm25_tw6
0-65-50-33-32-34-31-29-27-26-28-62-30-67-64-23-21-48-18-63-19-49-22-20-24-56-66-57-52-47-17-13-59-58-25-51-54-70-0,850.8047556834807,seed703_explore_lns_start13_late_regret_rm20_tw10
0-42-36-39-45-15-11-64-69-44-40-38-41-8-6-53-9-10-16-60-55-68-61-37-35-43-1-3-4-5-46-7-2-70-14-0,851.8050186802086,seed705_explore_lns_start13_late_regret_rm20_tw8
0-65-52-51-63-33-28-26-27-29-31-34-32-30-62-67-64-23-21-48-18-19-20-22-24-49-50-56-66-7-17-13-59-58-25-57-0,852.6452984398712,seed603_lns_start61_random_regret_rm8_tw10
0-65-50-34-32-33-26-27-62-64-23-21-67-30-31-29-28-63-51-49-22-18-48-24-66-56-54-37-35-17-13-58-25-19-20-57-52-0,853.1129019491201,seed701_explore_lns_start35_random_best_rm15_tw6
0-61-42-39-37-36-45-46-7-15-11-69-44-43-40-38-41-8-6-53-9-16-10-55-68-35-1-3-5-4-2-17-47-14-12-60-70-54-0,853.9427392796774,seed703_explore_lns_start61_mixed_regret_rm25_tw10
0-65-51-63-33-32-50-34-31-29-27-26-28-30-62-67-64-23-19-20-22-21-48-18-49-24-57-52-10-66-56-12-17-14-13-59-58-25-0,858.3847001274684,seed704_explore_lns_start62_mixed_best_rm15_tw6
0-65-54-36-50-62-33-34-27-30-40-44-43-38-41-8-6-53-60-7-46-55-68-2-4-1-37-35-31-29-26-28-32-61-70-0,858.8608256256041,seed701_explore_lns_start57_random_best_rm25_tw12
0-65-34-31-29-28-26-27-33-62-32-30-67-64-20-24-23-21-48-18-22-19-49-51-63-50-56-66-61-55-60-12-14-47-17-13-59-58-25-57-52-0,859.0046502617943,seed705_explore_lns_start27_random_random_best_rm25_tw10
0-65-63-33-32-31-29-26-27-28-50-62-23-64-67-34-30-51-20-22-19-18-48-21-49-24-66-56-35-60-14-13-59-58-25-57-52-0,859.2771385517111,seed703_explore_lns_start29_mixed_best_rm15_tw12
0-7-45-42-36-39-61-69-11-15-47-44-40-38-41-8-6-53-9-10-56-55-68-37-35-43-4-46-5-3-1-2-60-70-54-0,859.5878129683827,seed701_explore_lns_start21_mixed_regret_rm25_tw8
0-65-50-33-32-31-29-34-62-27-26-28-30-67-64-23-21-48-18-19-24-52-22-20-49-51-63-56-66-55-60-12-14-16-17-13-58-25-57-54-0,859.9662548049014,seed703_explore_lns_start23_mixed_random_best_rm25_tw6
0-65-20-21-48-18-51-63-62-33-27-30-67-64-23-9-52-57-24-22-49-32-28-26-29-31-34-50-56-66-12-13-59-58-25-19-70-0,860.4324406089295,seed704_explore_lns_start40_mixed_regret_rm25_tw15
0-65-54-50-33-32-31-34-29-27-26-28-30-62-67-64-23-48-18-19-20-22-24-49-52-57-66-56-68-55-17-13-59-58-25-21-51-63-0,860.5915507884283,seed701_explore_lns_start32_mixed_random_best_rm25_tw6
0-65-32-33-28-26-29-27-31-34-62-64-23-21-30-67-53-9-22-49-20-56-66-55-68-37-35-50-63-51-19-18-48-25-24-57-0,861.3233724309023,seed703_explore_lns_start42_mixed_best_rm20_tw6
0-65-63-28-26-29-50-62-33-27-30-32-38-44-43-40-41-61-8-6-53-10-60-7-55-68-4-46-3-1-37-35-31-34-54-70-0,862.4210216611727,seed701_explore_lns_start57_late_best_rm25_tw6
0-61-42-39-36-43-1-45-16-15-11-69-44-40-38-41-8-6-53-9-59-10-55-68-37-35-3-5-4-46-60-17-47-12-7-2-70-0,864.4139163612391,seed602_lns_start34_late_best_rm8_tw6
0-61-42-39-36-1-45-12-14-15-11-69-44-43-40-38-41-8-6-53-9-10-47-60-7-46-5-3-4-2-59-13-16-17-70-54-52-0,864.6387146717069,seed703_explore_lns_start42_random_best_rm25_tw6
0-65-54-50-33-28-26-27-29-31-34-32-30-62-67-64-23-21-48-18-19-24-22-20-49-51-63-57-52-66-56-68-55-17-16-13-59-58-25-0,865.4474509552296,seed705_explore_lns_start29_random_random_best_rm20_tw8
0-65-50-33-34-31-29-27-26-28-62-32-30-67-64-23-21-48-18-19-49-20-22-24-57-52-56-66-37-35-13-59-58-25-51-63-0,865.7652730036921,seed705_explore_lns_start62_random_regret_rm15_tw8
0-65-54-50-34-32-33-28-26-27-29-31-30-62-67-64-23-21-18-48-19-20-49-22-57-51-63-56-66-10-17-13-59-58-25-24-52-61-0,866.047183935051,seed701_explore_lns_start62_mixed_best_rm10_tw10
0-61-42-36-37-54-62-33-26-27-30-67-44-40-38-41-2-8-6-53-10-7-55-68-3-46-4-43-35-31-29-28-32-34-70-0,866.2145878049382,seed705_explore_lns_start53_late_random_best_rm15_tw8
0-65-32-33-28-26-29-27-31-34-62-64-20-23-63-30-67-22-49-9-10-56-66-68-54-35-50-51-18-48-21-19-24-70-0,866.9955813917228,seed704_explore_lns_start14_late_best_rm20_tw10
0-65-51-33-28-26-29-27-31-50-62-23-64-67-34-30-32-63-18-48-22-20-19-49-24-66-56-35-12-17-16-13-59-58-25-21-57-52-0,867.072433680236,seed704_explore_lns_start34_mixed_regret_rm20_tw15
0-65-50-33-32-31-29-28-26-27-62-51-23-64-67-34-30-63-18-48-22-20-19-49-24-66-56-35-47-17-16-13-59-58-25-21-57-52-0,867.3819962543715,seed701_explore_lns_start22_random_best_rm20_tw10
0-65-61-54-34-31-29-33-28-26-27-32-30-62-67-64-23-21-48-18-19-49-24-22-20-51-63-50-56-66-60-47-17-13-57-25-58-59-52-0,867.5250777308479,seed703_explore_lns_start62_late_random_best_rm25_tw6
0-65-33-34-31-29-28-26-27-50-62-23-64-67-30-32-63-51-20-22-49-19-18-48-21-24-66-56-37-35-43-17-13-58-25-52-57-0,869.171951389293,seed704_explore_lns_start25_mixed_best_rm10_tw8
0-65-50-33-32-28-26-27-29-31-34-62-30-67-64-23-21-24-22-20-49-19-48-18-51-63-56-66-68-35-13-17-14-52-59-58-25-57-0,869.6201851264602,seed701_explore_lns_start31_random_regret_rm10_tw8
0-61-43-39-36-42-45-7-16-15-11-69-44-40-38-41-6-8-53-9-59-10-55-68-54-37-35-1-3-5-4-46-2-70-60-14-0,870.2334320796226,seed701_explore_lns_start35_random_regret_rm20_tw12
0-65-50-33-28-26-27-29-31-34-32-30-62-67-64-23-24-22-21-48-18-19-49-57-51-63-56-61-68-66-52-17-16-13-59-58-25-20-0,871.535001442236,seed704_explore_lns_start19_random_regret_rm15_tw8
0-61-42-36-37-54-50-62-33-26-27-30-67-44-40-38-41-3-5-46-8-6-53-10-55-68-4-1-43-35-34-31-29-28-32-70-0,872.6996548673841,seed705_explore_lns_start54_late_random_best_rm15_tw8
0-65-50-33-34-31-29-27-26-28-62-64-23-67-30-32-63-51-20-22-49-19-21-48-18-24-66-56-37-35-13-14-17-16-52-57-25-58-0,872.9671540476617,seed703_explore_lns_start37_mixed_best_rm20_tw10
0-65-51-33-31-29-28-26-27-32-50-62-23-64-67-34-30-63-20-22-48-18-19-49-24-66-56-35-12-17-13-59-58-25-21-57-52-0,873.05361904547,seed702_explore_lns_start27_mixed_best_rm10_tw12
0-65-63-50-33-28-26-27-29-31-34-32-30-62-67-64-23-57-24-22-21-48-18-19-49-20-51-56-66-68-55-4-60-14-17-13-59-58-25-52-0,874.384791227048,seed701_explore_lns_start12_mixed_random_best_rm25_tw8
0-42-37-36-39-50-34-33-29-27-26-28-30-62-67-44-40-38-41-1-3-5-8-6-46-2-61-55-68-4-43-35-31-32-54-70-0,874.6162946085973,seed702_explore_lns_start53_random_best_rm25_tw12
0-65-33-34-31-28-26-27-29-50-62-32-30-64-23-9-52-57-24-22-49-18-51-56-66-55-68-43-35-37-63-20-48-19-21-25-58-0,874.6240473469649,seed703_explore_lns_start41_mixed_random_best_rm15_tw10
0-54-36-39-42-45-2-14-16-15-11-69-44-38-40-41-8-6-53-9-10-66-55-68-37-35-43-1-3-5-4-46-7-60-47-12-70-61-0,874.7864522941127,seed702_explore_lns_start61_mixed_regret_rm15_tw8
0-61-36-39-42-1-5-45-2-7-15-11-69-44-40-38-41-8-6-53-9-59-16-47-10-55-46-4-3-43-35-37-54-70-60-14-12-0,876.3461299716948,seed701_explore_lns_start31_random_best_rm25_tw10
0-54-37-36-39-42-45-60-12-15-11-69-44-43-40-38-41-1-3-5-46-8-6-53-10-55-68-35-4-13-16-17-47-14-7-2-70-61-0,876.3749064092289,seed705_explore_lns_start40_random_best_rm15_tw12
0-54-42-39-36-43-45-60-12-15-11-69-44-40-38-41-8-6-53-9-59-16-10-55-68-1-3-5-4-46-2-13-47-14-7-70-0,879.3483591668928,seed703_explore_lns_start25_random_regret_rm15_tw10
0-42-36-39-29-27-26-28-33-31-34-50-62-67-54-44-40-38-41-3-46-8-7-6-53-10-12-55-68-4-5-1-43-35-37-61-60-70-0,880.0247431315992,seed701_explore_lns_start59_mixed_random_best_rm25_tw6
0-61-42-39-36-43-1-45-16-15-11-69-44-40-38-41-8-6-53-9-59-10-55-68-37-35-3-5-4-46-2-7-17-47-14-12-70-0,880.0398150237536,seed601_lns_start21_late_regret_rm6_tw8
0-65-39-34-31-29-27-26-33-32-28-30-62-64-23-9-53-52-57-22-49-19-51-56-66-55-68-61-37-35-50-63-18-48-21-25-24-20-0,882.2086332255517,seed705_explore_lns_start15_mixed_random_best_rm15_tw10
0-65-51-63-50-33-28-26-27-29-31-34-32-30-62-67-64-23-21-48-18-19-49-20-22-24-57-52-66-56-37-35-12-13-17-58-25-0,883.9435536382265,seed702_explore_lns_start26_random_regret_rm25_tw8
0-61-43-39-36-42-45-7-16-15-11-69-44-40-38-41-5-8-6-53-9-59-10-55-68-37-35-1-3-4-46-2-14-12-70-54-0,884.1429288731742,seed703_explore_lns_start12_random_random_best_rm25_tw8
0-45-3-1-42-36-39-69-11-15-60-44-40-38-41-8-6-53-9-59-10-47-55-68-37-35-43-5-4-46-7-2-70-61-54-0,884.829247960205,seed703_explore_lns_start26_mixed_random_best_rm25_tw8
0-61-42-39-36-37-27-26-28-32-33-50-62-54-44-43-40-38-41-8-6-53-9-10-60-55-68-7-4-5-35-29-31-34-70-0,885.0243650871589,seed703_explore_lns_start55_late_random_best_rm25_tw6
0-54-42-39-36-43-1-45-16-15-11-69-44-40-38-41-8-6-53-9-59-10-55-68-37-35-3-5-4-46-7-17-47-14-12-60-2-70-0,888.268514935521,seed604_lns_start33_late_best_rm8_tw6
0-54-43-39-36-42-45-46-12-15-11-69-61-44-40-38-41-8-6-53-9-10-2-55-37-35-1-3-5-4-7-17-16-47-14-60-70-0,890.2267841925639,seed701_explore_lns_start4_random_random_best_rm25_tw12
0-61-42-43-39-36-50-62-33-32-27-30-67-44-40-38-41-54-22-49-19-48-18-20-66-56-28-26-29-31-34-37-35-70-52-51-63-0,890.2347455846568,seed702_explore_lns_start81_mixed_regret_rm20_tw12
0-65-51-63-50-33-28-26-27-29-31-34-32-30-62-67-64-23-21-48-18-19-49-20-22-24-57-56-66-61-37-35-13-17-16-59-58-25-52-0,892.0052550423098,seed704_explore_lns_start23_random_best_rm20_tw6
0-65-39-36-42-45-2-16-15-11-69-44-40-38-41-8-6-53-9-10-47-14-12-55-68-37-35-43-1-3-5-4-46-7-60-70-61-54-0,892.1824758761073,seed703_explore_lns_start61_mixed_regret_rm15_tw6
0-42-36-39-45-69-11-15-16-14-60-44-38-40-41-5-8-6-53-9-59-10-68-55-4-43-35-37-1-3-46-2-7-70-54-0,895.045698044627,seed702_explore_lns_start36_late_random_best_rm25_tw15
0-61-42-43-36-54-50-62-33-27-30-67-44-40-38-41-6-46-8-53-10-7-55-68-4-3-1-37-35-31-29-26-28-32-34-70-0,895.1353772794407,seed702_explore_lns_start55_late_best_rm15_tw10
0-65-63-50-33-28-29-32-34-31-27-26-30-62-67-64-23-21-48-18-19-49-24-22-20-57-51-56-66-52-10-13-17-47-14-12-59-58-25-60-70-0,896.2545551468594,seed701_explore_lns_start62_late_best_rm25_tw10
0-45-42-36-39-69-52-11-15-14-44-40-38-41-8-6-53-9-10-12-47-60-55-68-54-37-35-43-1-4-3-5-46-7-2-70-61-0,904.4364344660025,seed705_explore_lns_start13_mixed_best_rm25_tw6
0-61-42-43-36-54-50-62-33-27-30-67-44-40-38-41-8-7-6-53-10-2-55-68-5-4-1-37-35-31-29-26-28-32-34-70-0,908.10353678874,seed703_explore_lns_start57_late_best_rm20_tw8
0-65-50-33-32-34-31-29-27-26-28-62-30-67-64-23-24-22-57-52-9-21-48-18-49-20-56-66-55-68-37-35-63-51-19-25-58-0,908.3072173217016,seed702_explore_lns_start3_late_random_best_rm25_tw10
0-42-43-39-36-37-27-33-62-30-67-44-40-38-41-1-3-8-6-53-10-55-68-4-35-34-31-29-26-28-32-50-54-61-70-0,910.6710602293598,seed703_explore_lns_start57_late_random_best_rm20_tw8
0-61-43-39-36-42-45-46-7-15-11-69-44-40-38-41-8-6-53-9-59-10-55-68-37-35-1-3-5-4-2-17-16-47-14-12-60-70-0,913.2438627669434,seed702_explore_lns_start34_late_best_rm15_tw12
0-65-42-36-50-62-33-27-29-30-67-44-43-40-38-41-46-8-6-53-10-55-68-2-4-37-35-31-26-28-32-34-54-61-70-0,914.8900941852419,seed704_explore_lns_start57_late_random_best_rm20_tw10
0-61-42-43-36-39-54-62-33-26-27-29-30-67-44-40-38-41-1-46-8-6-53-10-60-55-68-4-37-35-32-28-31-34-50-70-0,915.5803334875712,seed701_explore_lns_start52_late_best_rm25_tw12
0-65-50-33-28-26-29-27-62-64-24-23-32-30-67-9-52-57-22-49-20-56-66-55-68-35-31-34-63-51-19-18-48-21-25-58-0,919.2179498528982,seed702_explore_lns_start2_random_random_best_rm25_tw6
0-65-51-63-33-32-29-27-26-28-50-62-30-67-64-23-21-48-18-19-22-49-9-52-57-56-66-55-68-43-35-31-34-20-24-25-58-0,919.3095827225845,seed703_explore_lns_start3_late_random_best_rm25_tw12
0-65-50-34-33-28-26-29-27-62-64-23-63-31-30-32-67-49-22-9-52-66-56-51-18-48-21-19-24-57-13-17-47-14-59-58-25-20-0,922.0701843684731,seed702_explore_lns_start39_mixed_best_rm25_tw12
0-61-42-43-36-37-50-62-33-26-27-30-67-44-40-38-41-5-8-6-53-10-7-55-68-4-46-3-1-35-31-29-28-32-34-54-70-0,925.8616361535879,seed704_explore_lns_start58_late_best_rm15_tw8
0-54-37-39-36-42-45-7-60-15-11-69-44-43-40-38-41-2-6-8-53-9-10-55-68-61-35-4-16-17-46-5-3-1-70-0,926.8294036104907,seed704_explore_lns_start13_late_regret_rm25_tw12
0-65-50-33-32-28-26-27-29-31-34-62-64-23-51-30-67-9-57-22-19-49-20-56-66-55-68-37-35-63-18-48-21-25-58-24-0,940.2400055556985,seed602_lns_start42_mixed_random_best_rm8_tw10
0-61-42-43-36-39-54-62-33-32-27-30-67-44-40-38-41-46-8-6-53-10-7-5-3-1-68-2-4-37-35-29-26-28-31-34-70-0,940.6375149003804,seed704_explore_lns_start48_mixed_random_best_rm25_tw15
0-42-36-39-29-27-28-33-50-32-30-62-67-44-43-40-38-41-3-5-8-6-10-7-46-1-2-4-68-61-37-35-54-31-26-34-70-0,946.4458052422848,seed701_explore_lns_start44_mixed_best_rm25_tw10
0-61-42-39-36-43-3-45-16-15-11-69-44-40-38-41-8-6-53-9-59-10-55-68-37-35-1-5-4-46-7-17-47-12-2-70-54-0,956.0788401173362,seed704_explore_lns_start88_late_best_rm20_tw8
0-42-43-39-36-45-15-11-69-67-38-44-40-41-8-6-53-9-10-12-2-55-68-37-35-1-4-3-5-46-7-60-70-61-54-0,958.3815107344066,seed704_explore_lns_start20_random_regret_rm20_tw15
0-65-50-33-32-34-31-29-27-26-28-62-30-67-64-23-21-18-19-22-20-49-9-52-57-48-51-63-56-66-17-13-59-58-25-24-43-0,979.0743272742752,seed705_explore_lns_start35_random_best_rm15_tw15
0-61-42-43-39-36-54-62-33-28-26-27-30-67-44-40-38-41-1-3-46-8-6-53-10-60-55-68-4-37-35-34-31-29-32-50-70-0,980.5151167606915,seed703_explore_lns_start51_late_best_rm25_tw8
