route,score,source
0-67-63-62-74-72-61-64-66-69-68-65-49-55-54-53-56-58-60-59-57-40-44-46-45-51-50-52-47-42-41-43-48-0,157.6649778310223,seed601_lns_start19_mixed_regret_rm5_tw6_guarded
0-67-63-62-74-72-61-64-66-69-68-65-49-55-54-53-56-58-60-59-57-44-46-45-51-50-52-47-42-41-43-48-20-0,168.28911445188697,seed601_lns_start22_late_random_best_rm5_tw15
0-67-63-62-74-72-61-64-66-69-68-65-49-55-54-53-56-58-60-57-40-44-46-45-51-50-52-47-43-42-41-48-20-0,168.5490205113791,seed701_explore_lns_start24_mixed_random_best_rm25_tw10
0-67-63-62-74-72-61-64-66-69-68-65-49-55-54-53-56-58-60-59-57-40-44-46-45-51-50-52-47-42-41-43-48-20-0,168.5565520064439,seed601_lns_start22_late_regret_rm8_tw15
0-67-63-62-74-72-61-64-66-69-68-65-49-55-54-53-56-58-60-59-40-44-46-45-51-50-52-47-43-42-41-48-20-0,168.58032587308517,seed703_explore_lns_start27_mixed_random_best_rm25_tw6
0-67-63-62-74-72-64-66-69-68-65-49-55-54-53-56-58-60-59-57-40-44-46-45-51-50-47-43-42-41-61-48-0,179.16095279793214,seed703_explore_lns_start9_late_best_rm20_tw12
0-67-63-62-74-72-61-64-66-69-68-65-49-55-54-53-56-58-60-59-57-40-44-45-51-50-52-47-41-46-43-48-20-0,180.0700053543105,seed601_lns_start26_late_regret_rm6_tw8
0-67-63-62-74-72-64-66-69-68-65-49-55-54-53-56-58-60-59-57-40-44-46-45-51-50-52-47-43-41-61-48-0,180.92878173356453,seed604_lns_start15_late_random_best_rm8_tw6
0-20-67-62-74-72-61-64-66-63-68-65-49-55-54-53-56-58-60-59-57-40-44-46-45-51-50-52-47-42-41-43-48-0,183.81870550831562,seed701_explore_lns_start14_late_random_best_rm25_tw8
0-67-62-74-72-64-66-69-68-65-49-55-54-53-56-58-60-59-57-40-44-46-45-51-50-52-47-42-41-43-48-61-0,184.29093042068172,seed601_lns_start20_late_best_rm5_tw12
0-67-63-62-74-72-61-64-66-69-68-65-49-55-54-53-56-58-60-59-46-40-44-57-45-51-52-47-42-41-43-48-0,184.48732613476994,seed703_explore_lns_start9_late_best_rm20_tw15
0-67-63-62-74-72-61-64-66-69-68-65-49-55-54-53-56-58-60-59-57-40-44-46-45-50-51-31-52-47-42-41-43-48-0,184.78622442669538,seed601_lns_start14_late_best_rm6_tw15_guarded
0-20-22-24-27-29-6-32-33-31-35-37-38-39-36-34-28-26-23-18-19-16-14-12-15-17-13-25-9-11-10-8-21-0,189.66296714750914,seed702_explore_lns_start19_mixed_random_best_rm20_tw15
0-21-22-24-27-30-29-6-32-33-31-35-37-38-39-36-34-28-26-23-18-19-16-14-12-15-17-13-25-9-11-10-8-0,192.94881492961605,seed703_explore_lns_start26_late_random_best_rm25_tw8
0-67-63-62-74-72-64-66-69-68-65-49-55-54-53-56-58-60-59-57-40-44-46-45-51-50-52-47-43-42-61-48-20-0,193.19930145172427,seed601_lns_start35_late_best_rm8_tw8
0-67-63-62-74-72-64-66-69-68-65-49-55-54-53-56-58-60-59-57-40-44-45-46-51-50-52-47-42-43-48-61-0,193.9629316114105,seed702_explore_lns_start12_random_best_rm25_tw6
0-20-22-24-27-30-29-6-32-33-31-35-37-38-39-36-34-28-26-23-18-19-16-14-12-15-17-13-25-9-11-10-8-21-0,195.30005655916443,seed602_lns_start40_mixed_regret_rm4_tw15
0-67-63-62-74-72-61-64-66-69-68-65-49-55-54-53-56-58-60-59-57-40-44-46-45-51-50-52-47-42-41-43-48-90-0,195.8121197410114,seed607_lns_start9_late_random_best_rm8_tw8_guarded
0-67-62-74-72-61-64-66-69-68-65-49-55-54-53-56-58-60-59-57-40-44-46-45-50-52-31-51-47-42-41-43-48-20-0,196.50602799149635,seed702_explore_lns_start24_mixed_random_best_rm20_tw8
0-67-63-62-74-64-66-69-68-65-49-55-54-53-56-58-60-59-57-40-61-72-46-45-51-50-52-47-42-41-43-48-20-0,196.85629067514955,seed703_explore_lns_start28_late_random_best_rm20_tw10
0-93-22-24-27-30-29-6-32-33-31-35-38-39-36-34-28-26-23-18-19-16-14-12-15-17-13-9-11-10-8-21-20-0,201.12674614968964,seed608_lns_start76_random_regret_rm4_tw12
0-20-22-24-27-30-29-6-32-33-35-37-38-39-36-34-28-26-23-18-19-16-14-12-15-17-13-25-9-11-10-5-8-21-0,201.1681300604991,seed601_lns_start14_late_best_rm6_tw15_guarded
0-67-62-74-72-61-64-66-69-68-65-49-55-54-53-56-58-60-59-57-40-44-46-45-51-50-52-47-42-41-43-48-63-96-87-0,201.3812055531282,seed701_explore_guarded
0-67-62-74-64-66-69-68-65-49-55-54-53-56-58-60-59-57-40-44-46-45-51-50-52-47-43-42-41-48-61-72-96-63-0,201.98019201922392,seed701_explore_lns_start87_late_best_rm25_tw6
0-67-62-74-72-61-64-66-69-68-65-49-55-54-53-56-58-60-59-57-40-44-51-50-45-52-46-42-41-43-20-47-48-0,202.8535298973902,seed701_explore_lns_start33_mixed_best_rm25_tw10
0-20-22-24-27-29-6-34-33-32-31-35-37-38-39-36-28-26-23-18-19-16-14-12-15-17-13-25-9-11-10-5-8-21-0,203.19908318583117,seed606_lns_start18_mixed_random_best_rm6_tw8
0-67-63-62-74-72-61-64-66-69-68-65-49-55-54-53-56-58-60-59-57-40-44-46-45-51-37-52-50-47-42-41-43-48-0,204.045986853371,seed702_explore_lns_start74_late_best_rm20_tw15
0-22-24-27-30-29-6-32-33-31-35-37-38-39-36-34-28-26-23-18-19-16-14-12-15-17-13-25-9-11-10-5-8-21-0,205.05944090863855,seed701_explore_lns_start32_late_random_best_rm25_tw6
0-67-63-62-74-72-61-64-66-69-68-65-49-55-54-53-56-58-60-59-57-40-44-45-50-51-31-52-47-46-41-43-48-20-0,205.6863053237504,seed701_explore_lns_start29_mixed_random_best_rm15_tw12
0-93-20-24-27-30-29-6-32-33-31-35-37-38-39-36-34-28-26-23-18-19-16-14-12-15-17-13-25-9-11-10-8-21-0,206.53449451204554,seed701_explore_lns_start87_late_best_rm25_tw6
0-93-5-21-20-24-29-6-32-33-31-35-37-38-39-36-34-28-26-23-18-19-16-14-12-15-17-13-25-9-11-10-8-0,207.38436734883174,seed603_lns_start87_mixed_regret_rm8_tw8
0-48-67-62-74-72-64-66-69-68-65-49-55-54-53-56-58-60-59-57-40-44-46-45-52-50-51-43-42-41-61-63-20-0,207.60870492204685,seed703_explore_lns_start31_random_random_best_rm25_tw6
0-67-62-74-64-66-69-68-65-49-55-54-60-53-56-58-59-57-40-44-46-45-51-50-52-47-42-41-43-48-61-72-96-0,208.00724301687495,seed701_explore_lns_start20_mixed_best_rm20_tw8
0-67-63-62-74-72-64-66-69-68-65-49-55-57-54-53-56-58-60-59-46-40-44-45-51-50-47-43-42-41-61-48-20-0,208.06413450348134,seed703_explore_lns_start31_mixed_regret_rm15_tw6
0-90-67-62-74-72-64-66-69-68-65-49-55-54-53-56-58-60-59-57-40-44-46-45-51-50-52-47-43-42-41-61-48-0,208.41258810657965,seed703_explore_lns_start20_mixed_best_rm15_tw8
0-22-24-27-30-29-6-32-33-31-35-37-38-39-36-34-28-26-23-18-19-16-14-12-15-17-13-25-9-11-10-5-8-21-20-0,209.39753711894795,seed701_explore_guarded
0-93-20-24-27-29-6-32-33-31-35-37-38-39-36-34-28-26-23-18-19-16-14-12-15-17-13-25-9-11-10-5-8-21-0,211.3196915140141,seed607_lns_start86_mixed_best_rm8_tw12
0-20-22-24-27-30-29-6-32-33-31-35-37-38-39-36-34-28-26-23-18-19-16-14-12-15-17-13-25-9-11-10-8-21-48-0,211.4964898743779,seed601_lns_start36_late_random_best_rm8_tw15
0-20-67-62-74-72-61-64-66-69-68-65-49-55-54-53-56-58-60-59-57-40-44-46-45-50-52-47-42-41-43-48-63-87-0,213.04079172960138,seed703_explore_lns_start27_random_regret_rm20_tw12
0-48-67-62-74-72-61-64-66-69-68-65-49-55-54-53-56-58-60-59-57-40-44-45-51-50-47-43-42-46-41-63-96-87-0,213.65544364041574,seed608_lns_start73_random_best_rm8_tw6
0-67-62-74-72-61-64-66-69-68-65-49-55-59-54-53-56-58-60-57-40-44-46-45-51-50-52-47-43-42-41-77-87-0,213.66958607741464,seed604_lns_start10_random_regret_rm6_tw6
0-90-67-62-74-72-61-64-66-69-68-65-49-55-54-53-56-58-60-59-57-40-44-46-45-43-47-50-51-52-48-41-63-0,214.26097558810483,seed701_explore_lns_start17_late_regret_rm15_tw6
0-48-67-62-74-72-61-64-66-69-68-65-49-55-54-53-56-58-60-59-57-40-44-45-51-50-52-47-42-46-41-63-96-87-0,215.0603619877034,seed701_explore_lns_start86_mixed_random_best_rm20_tw6
0-93-67-62-74-64-66-69-68-65-49-55-54-53-56-58-60-59-57-40-44-46-45-51-50-52-47-43-42-41-48-61-72-96-63-0,216.70138934699497,seed702_explore_lns_start73_late_best_rm25_tw10
0-93-22-21-20-24-29-6-32-33-31-35-37-38-39-36-34-28-26-23-18-19-16-14-12-15-17-13-25-9-11-10-8-5-0,217.9928728083467,seed701_explore_lns_start87_mixed_regret_rm15_tw6
0-93-5-20-24-30-29-6-32-33-31-35-37-38-39-36-34-28-26-23-18-19-16-14-12-15-17-13-25-9-11-10-8-21-0,218.32166212248814,seed606_lns_start87_mixed_regret_rm6_tw6
0-21-67-62-74-72-61-64-66-69-68-65-49-55-54-53-56-58-59-57-40-44-60-46-45-51-50-52-47-42-43-48-63-0,219.16869392697927,seed703_explore_lns_start19_random_regret_rm25_tw10
0-67-63-62-74-72-64-66-69-68-65-49-55-54-53-56-58-60-59-57-40-44-46-61-51-50-52-42-41-43-20-47-48-0,219.60262758786757,seed604_lns_start28_late_regret_rm6_tw8
0-67-62-74-72-61-64-66-69-68-65-49-55-54-53-56-58-60-59-57-40-44-46-45-51-50-52-47-11-42-43-48-0,220.06743294546126,seed603_lns_start20_late_best_rm8_tw15
0-21-67-62-74-72-61-64-66-69-68-65-49-55-54-53-56-58-60-59-57-40-44-46-45-51-50-52-47-43-41-48-63-87-0,220.07744484466764,seed701_explore_lns_start19_random_best_rm25_tw10
0-22-67-62-74-72-64-66-69-68-65-49-55-54-53-56-58-60-59-57-40-44-46-45-51-50-52-47-43-42-41-61-63-48-20-0,220.27228049338913,seed603_lns_start26_mixed_random_best_rm6_tw10
0-5-75-2-1-99-100-97-92-94-95-98-7-3-4-89-91-88-84-83-82-85-76-71-70-73-80-79-81-78-77-86-90-0,221.00864514515376,seed603_lns_start80_late_random_best_rm8_tw15
0-93-5-75-2-1-99-100-97-92-94-95-98-7-3-4-89-91-88-84-83-82-85-76-71-70-73-80-79-81-78-77-86-90-0,221.12211044596754,seed701_explore_guarded
0-90-67-62-74-61-64-66-69-68-65-49-55-54-53-56-58-60-59-57-40-44-45-46-51-50-52-47-42-43-48-72-63-0,222.62343590160924,seed603_lns_start13_late_regret_rm8_tw15
0-20-22-24-27-30-29-6-32-33-31-35-37-38-39-36-34-28-26-23-18-19-16-14-12-15-17-13-25-9-11-10-8-21-47-0,222.66590914679378,seed601_lns_start37_late_best_rm6_tw15
0-5-67-62-74-61-64-66-69-68-65-49-55-54-53-56-58-60-59-57-40-44-45-46-51-50-52-47-42-43-48-72-63-0,222.78631805062724,seed701_explore_lns_start9_mixed_regret_rm10_tw15
0-67-63-62-74-72-61-64-66-69-68-65-49-55-54-53-56-58-60-59-57-40-44-46-45-51-50-47-43-42-41-96-77-87-48-0,222.86205175643298,seed604_lns_start81_late_regret_rm6_tw12
0-93-21-27-24-30-29-6-32-33-31-35-38-39-37-36-34-28-26-23-18-19-16-14-12-15-17-13-25-9-11-10-8-5-0,222.87270100612594,seed703_explore_lns_start89_mixed_best_rm25_tw6
0-21-67-62-74-64-66-69-68-65-49-55-54-53-56-58-60-59-57-40-44-46-45-51-50-52-47-43-42-48-61-72-96-63-0,223.2625212500573,seed703_explore_lns_start88_late_random_best_rm25_tw6
0-20-22-27-30-29-52-6-32-33-31-35-37-38-39-36-34-28-26-23-18-19-16-14-12-15-17-13-25-9-11-10-8-21-24-0,223.28329468700443,seed701_explore_lns_start38_late_best_rm15_tw10
0-93-75-2-1-99-100-97-92-94-95-98-7-3-4-89-91-88-86-84-83-82-85-76-71-70-73-80-79-81-78-77-87-90-0,223.7009500186938,seed702_explore_lns_start35_mixed_best_rm15_tw6
0-93-75-2-1-99-100-97-92-94-95-98-7-3-4-89-91-88-86-84-83-82-85-76-71-70-73-80-79-81-78-77-87-96-0,223.72721135633532,seed604_lns_start13_late_best_rm8_tw6
0-48-67-62-74-64-66-69-68-65-49-55-57-54-53-56-58-60-59-46-40-44-45-51-50-52-47-43-42-41-61-72-96-87-0,223.9348810337233,seed605_lns_start73_random_random_best_rm8_tw12
0-67-62-74-72-61-64-66-69-68-65-49-55-54-53-56-58-60-59-57-40-44-46-45-51-50-52-47-42-41-43-48-86-87-91-0,224.40706378494724,seed701_explore_lns_start10_random_regret_rm25_tw12
0-20-67-62-74-96-61-64-66-69-68-65-49-55-54-53-56-58-60-59-57-44-46-45-51-50-52-47-43-42-41-48-72-63-0,224.57945830425172,seed702_explore_lns_start35_mixed_regret_rm15_tw10
0-67-62-74-72-61-64-66-69-68-65-49-55-54-60-53-56-58-59-57-40-44-46-45-51-50-47-48-43-42-41-96-77-87-0,224.6454921674642,seed701_explore_lns_start81_mixed_best_rm25_tw12
0-48-67-62-74-61-64-66-69-68-65-49-55-54-53-56-58-60-59-57-40-44-50-52-45-46-47-43-42-41-72-96-87-63-0,225.34038613319362,seed607_lns_start73_mixed_random_best_rm8_tw8
0-22-24-27-30-29-34-33-32-31-35-38-39-36-28-26-23-18-19-16-14-12-15-17-13-25-9-11-10-8-20-52-47-48-0,225.3463635475199,seed601_lns_start79_late_best_rm8_tw12
0-93-5-75-2-1-99-100-97-92-94-95-98-7-3-4-89-91-88-84-86-83-82-85-76-71-70-73-80-79-81-78-77-96-0,225.58555908741272,seed703_explore_lns_start32_mixed_best_rm25_tw6
0-90-67-62-74-63-64-66-69-68-65-49-55-54-53-56-58-60-59-57-40-44-46-72-61-51-50-52-47-42-41-43-48-0,226.0270848684879,seed605_lns_start9_late_random_best_rm8_tw6
0-93-5-75-2-1-99-100-92-94-95-98-7-3-4-89-91-88-86-84-83-82-85-76-71-70-73-80-79-81-78-77-87-96-0,226.1114382504714,seed601_lns_start40_late_random_best_rm5_tw10
0-90-67-62-74-72-61-64-66-69-68-65-49-55-54-53-56-58-60-59-57-40-44-46-45-51-50-52-47-43-42-41-48-87-0,226.33381200384795,seed702_explore_lns_start40_mixed_best_rm25_tw6
0-22-67-62-74-64-66-69-68-65-49-55-54-53-56-58-60-59-57-40-44-46-45-51-50-52-47-43-48-61-72-96-87-63-0,226.73616219694225,seed701_explore_lns_start86_late_best_rm25_tw6
0-67-63-62-74-72-64-66-69-68-65-49-55-54-53-56-58-60-57-40-44-59-46-45-50-52-20-47-43-42-41-61-48-0,226.78095502932354,seed703_explore_lns_start25_mixed_random_best_rm25_tw12
0-93-20-27-30-29-6-32-33-31-35-37-38-39-36-34-28-26-23-18-19-16-14-12-15-17-13-25-9-11-10-5-8-24-0,227.54332969809445,seed702_explore_lns_start89_mixed_best_rm15_tw12
0-67-63-62-74-64-66-69-68-65-49-55-54-53-56-58-60-59-57-40-44-43-45-51-50-52-47-46-42-48-61-72-96-87-0,228.06181259398164,seed701_explore_lns_start87_late_best_rm25_tw15
0-93-5-75-2-1-99-100-97-92-94-95-98-7-3-4-89-91-88-84-86-83-82-85-76-71-70-73-80-79-81-78-77-87-96-0,228.79203226854912,seed607_lns_start9_late_random_best_rm8_tw8_guarded
0-20-22-27-30-29-50-6-32-33-31-35-37-38-39-36-34-28-26-23-18-19-16-14-12-15-17-13-25-9-11-10-8-21-24-0,229.1859537199124,seed703_explore_lns_start39_late_best_rm15_tw6
0-67-63-62-74-72-61-64-66-69-68-65-49-55-54-53-56-58-60-59-57-40-44-46-45-51-50-31-52-47-42-41-43-96-87-0,229.26372263849328,seed702_explore_lns_start82_late_regret_rm20_tw12
0-48-67-62-74-64-66-69-68-65-49-55-54-53-56-58-60-59-57-40-44-45-43-51-50-52-47-46-41-61-72-96-87-63-0,229.4819856535162,seed605_lns_start73_mixed_random_best_rm8_tw6
0-67-63-62-74-72-61-64-66-69-68-65-49-55-54-53-56-58-60-59-57-40-44-46-45-51-50-52-47-42-41-43-8-87-96-0,229.6802263103212,seed601_lns_start80_late_regret_rm5_tw8
0-93-75-2-1-99-100-97-92-94-95-98-7-3-4-89-91-88-86-84-83-82-85-76-71-70-73-80-79-81-78-96-87-90-0,230.15299791482536,seed603_lns_start21_mixed_best_rm8_tw6
0-67-63-62-74-72-61-64-66-69-68-65-49-55-54-53-56-58-60-59-57-40-44-46-45-51-50-31-52-47-42-41-48-96-87-0,230.2925511722035,seed703_explore_lns_start82_late_regret_rm25_tw15
0-86-67-62-74-72-61-64-66-69-68-65-49-55-54-53-56-58-59-57-40-44-46-45-51-50-52-47-48-43-41-63-20-0,230.30022282837265,seed701_explore_lns_start21_mixed_random_best_rm20_tw10
0-67-62-74-72-61-64-66-69-68-65-49-55-54-53-56-58-60-59-57-40-44-45-46-51-50-52-47-11-41-43-48-0,230.72747395466553,seed607_lns_start20_late_best_rm8_tw10
0-93-5-75-2-1-99-100-97-94-95-98-7-3-4-89-91-88-86-84-83-82-85-76-71-70-73-80-79-81-78-77-96-87-90-0,230.75321499174834,seed702_explore_lns_start31_late_best_rm20_tw6
0-20-22-27-30-29-6-51-31-33-32-35-37-38-39-36-34-28-26-23-18-19-16-14-12-15-17-13-25-9-11-10-8-21-24-0,231.57232483754092,seed701_explore_lns_start36_late_random_best_rm25_tw10
0-21-22-24-27-30-29-6-32-33-31-35-37-38-39-36-34-28-26-23-18-19-16-14-12-15-17-13-25-9-11-10-8-5-90-0,231.92768068204435,seed703_explore_lns_start23_mixed_best_rm20_tw12
0-93-75-2-1-99-100-97-92-94-95-98-7-3-4-89-91-88-86-84-83-82-85-76-71-70-73-80-79-81-78-77-96-90-0,232.10292030651965,seed601_lns_start22_late_regret_rm8_tw15
0-93-5-75-2-1-99-100-97-92-94-95-98-7-3-4-89-91-88-84-83-82-85-76-71-70-73-80-79-81-96-86-90-0,232.1090110014673,seed703_explore_lns_start25_mixed_random_best_rm25_tw15
0-48-67-62-74-72-61-64-66-69-68-65-49-55-54-53-56-58-60-59-57-40-44-46-45-51-50-52-47-11-42-41-43-0,232.18842206759314,seed703_explore_lns_start20_mixed_random_best_rm20_tw10
0-21-5-75-2-1-99-100-97-92-94-95-98-7-3-4-89-91-88-84-83-82-85-76-71-70-73-80-79-81-78-86-90-0,232.27502223112413,seed607_lns_start81_mixed_best_rm5_tw15
0-20-22-24-27-30-29-6-32-33-35-37-38-39-36-34-28-26-23-18-19-16-14-12-15-17-13-25-9-11-10-5-8-21-52-0,232.30646285132784,seed702_explore_lns_start17_mixed_random_best_rm15_tw12
0-93-22-27-30-29-6-31-32-33-35-37-38-39-36-34-24-28-26-23-18-19-16-14-12-15-17-13-9-11-10-8-21-20-0,232.33017673444945,seed604_lns_start77_random_random_best_rm5_tw15
0-21-5-75-2-1-99-100-97-92-94-95-98-7-3-4-89-91-88-84-83-82-85-76-71-70-73-80-79-81-78-77-86-90-0,232.53780298442283,seed601_lns_start73_mixed_best_rm5_tw8
0-93-75-2-1-99-100-97-92-94-95-98-7-3-4-89-91-88-86-84-83-82-85-76-71-70-73-80-79-81-78-77-96-87-90-0,233.14358747823096,seed601_lns_start15_late_random_best_rm8_tw8
0-52-67-62-74-61-64-66-69-68-65-49-55-54-53-56-58-60-59-57-40-44-51-50-45-47-42-41-46-72-63-48-20-0,234.2360106822069,seed703_explore_lns_start30_mixed_best_rm15_tw6
0-20-22-24-27-30-29-6-32-33-31-35-37-38-39-36-34-28-26-23-18-19-16-14-12-15-17-13-25-9-11-10-8-21-90-0,234.2703429371694,seed701_explore_lns_start18_mixed_best_rm20_tw10
0-93-22-27-30-29-6-28-32-33-31-35-38-39-36-34-26-23-18-19-16-14-12-15-17-13-9-11-10-21-20-24-0,234.82364860864112,seed603_lns_start75_late_best_rm8_tw8
0-5-75-2-1-99-100-97-92-94-95-98-7-3-4-89-91-88-86-84-83-82-85-76-71-70-73-80-79-81-78-77-96-87-90-0,235.41434907155326,seed601_lns_start76_late_random_best_rm5_tw10
0-93-5-20-24-29-50-6-32-33-31-35-37-38-39-36-34-28-26-23-18-19-16-14-12-15-17-13-25-9-11-10-8-21-0,235.42212398536472,seed607_lns_start89_mixed_regret_rm8_tw10
0-93-5-75-2-1-99-100-92-94-95-98-7-3-4-89-91-88-86-84-83-82-85-76-71-70-73-80-79-81-78-77-96-87-90-0,235.52781437236703,seed601_lns_start40_late_best_rm4_tw10
0-21-22-24-27-30-29-6-32-33-35-37-38-39-36-34-28-26-23-18-19-16-14-12-15-17-13-25-9-11-10-5-91-90-87-0,235.5824531244619,seed702_explore_lns_start32_mixed_best_rm25_tw15
0-93-5-75-2-1-99-100-97-92-94-95-98-7-3-4-89-91-88-84-83-82-85-76-71-70-80-79-81-78-77-96-86-90-0,235.74273586049222,seed601_lns_start11_mixed_best_rm5_tw10
0-22-75-2-1-99-100-97-92-94-95-98-7-3-4-89-91-88-84-83-82-85-76-71-70-73-80-79-81-78-77-86-90-0,236.44235881436137,seed603_lns_start86_late_best_rm6_tw12
0-21-22-24-27-30-29-6-32-33-31-35-37-38-39-36-34-28-26-23-18-19-16-14-12-15-17-13-25-9-11-10-5-90-87-0,237.04638462645568,seed702_explore_lns_start32_mixed_random_best_rm15_tw6
0-20-22-75-2-1-99-100-97-92-94-95-98-7-3-4-89-91-88-84-83-82-85-76-71-70-73-80-79-81-78-77-86-90-0,237.1052608785111,seed702_explore_lns_start89_late_best_rm25_tw6
0-93-5-75-2-1-99-100-97-92-94-95-98-7-3-4-89-91-88-84-86-83-82-85-76-71-70-73-80-79-81-78-77-96-90-0,237.16774121873345,seed604_lns_start11_mixed_regret_rm6_tw12
0-67-62-74-72-61-64-66-69-68-65-49-55-54-53-56-58-60-59-40-44-51-50-45-52-43-57-46-42-41-48-63-87-0,237.56808854324635,seed703_explore_lns_start17_random_regret_rm20_tw6
0-20-22-24-27-29-6-32-33-31-35-37-38-39-36-34-28-26-23-18-19-16-14-12-15-17-13-25-9-11-10-8-21-87-0,237.7722037723501,seed601_lns_start11_mixed_best_rm5_tw10
0-93-5-75-2-1-99-100-97-92-94-95-98-7-3-4-89-91-88-84-86-83-82-85-76-71-70-73-80-79-81-78-77-96-87-90-0,238.20840839044476,seed703_explore_lns_start74_random_best_rm25_tw6
0-93-75-2-1-99-100-97-92-94-95-98-7-3-4-89-91-88-86-84-90-83-82-85-76-71-70-73-80-79-81-78-96-63-0,238.3409475217817,seed702_explore_lns_start24_mixed_random_best_rm20_tw8
0-21-22-24-27-29-6-32-33-31-35-37-38-39-36-34-28-26-23-18-19-16-14-12-15-17-13-25-9-11-10-8-5-87-0,238.4837366890169,seed601_lns_start34_mixed_random_best_rm6_tw12
0-21-22-24-27-30-29-6-32-33-31-35-37-38-39-36-34-28-26-23-18-19-16-14-12-15-17-13-25-9-11-10-8-87-0,238.723851975612,seed701_explore_lns_start29_late_best_rm20_tw10
0-93-22-20-27-30-24-6-32-33-31-35-38-39-37-36-34-28-26-23-18-16-14-12-15-17-13-25-9-11-10-8-29-0,239.24373318139226,seed702_explore_lns_start73_mixed_best_rm25_tw6
0-93-5-75-2-1-99-100-97-94-95-98-7-3-4-89-91-88-86-84-83-82-85-76-71-70-73-80-79-81-78-77-90-96-63-0,239.67931477999406,seed607_lns_start20_late_regret_rm4_tw8
0-21-5-75-2-1-99-100-97-92-94-95-98-7-3-4-89-91-88-84-86-83-82-85-76-71-70-73-80-79-81-78-77-87-90-0,240.18146346936288,seed702_explore_lns_start73_mixed_random_best_rm25_tw15
0-20-22-24-27-30-29-6-32-33-31-35-38-39-36-34-28-26-23-18-19-16-14-15-17-13-25-9-11-10-8-12-21-0,240.19595367225847,seed701_explore_lns_start77_late_random_best_rm20_tw10
0-52-67-62-74-61-64-66-69-68-65-49-55-54-53-56-58-60-59-57-40-44-51-50-45-47-42-46-41-43-72-63-20-0,240.58005117854347,seed604_lns_start35_mixed_regret_rm8_tw8
0-21-22-24-27-30-29-6-32-33-31-35-37-38-39-36-34-28-26-23-18-19-16-14-15-17-13-25-9-11-10-8-5-90-87-0,240.80615747221407,seed701_explore_lns_start31_mixed_regret_rm10_tw6
0-21-22-24-27-30-29-6-32-33-35-37-38-39-36-34-28-26-23-18-19-16-14-12-15-17-13-25-9-11-10-8-5-90-87-0,240.93784756465584,seed604_lns_start31_mixed_best_rm6_tw15
0-93-22-20-27-30-6-34-32-33-35-37-38-39-36-24-29-28-26-23-18-19-16-14-12-15-17-13-25-9-11-10-8-21-0,240.9397975578198,seed703_explore_lns_start82_late_regret_rm25_tw15
0-20-22-24-27-30-29-6-32-33-31-35-37-38-39-36-34-28-26-23-18-19-16-14-12-15-17-13-25-9-10-8-21-87-0,241.40048312043848,seed601_lns_start20_mixed_random_best_rm8_tw10
0-22-75-2-1-99-100-97-92-94-95-98-7-3-4-89-91-88-86-84-83-82-85-76-71-70-73-80-79-81-78-77-87-90-0,241.4054252812237,seed602_lns_start88_late_random_best_rm8_tw8
0-21-22-24-27-30-29-6-32-33-31-35-37-38-39-36-34-28-26-23-18-19-16-14-12-15-17-13-25-9-11-10-8-90-87-0,241.94322365266189,seed701_explore_lns_start33_random_best_rm25_tw6
0-48-67-62-74-63-64-66-69-68-65-49-46-55-54-53-56-58-60-59-57-40-44-51-45-47-52-50-43-42-41-61-72-87-0,242.1795443311062,seed702_explore_lns_start15_mixed_best_rm20_tw10
0-22-21-75-2-1-99-100-97-92-94-95-98-7-3-4-89-91-88-84-86-83-82-85-76-71-70-73-80-79-81-78-77-90-0,242.35946018152285,seed702_explore_lns_start89_mixed_best_rm15_tw12
0-20-22-24-27-30-29-6-32-33-35-37-38-39-36-34-28-26-23-18-19-16-14-12-15-17-13-25-9-11-10-8-5-87-96-0,242.42059771477204,seed701_explore_lns_start26_mixed_random_best_rm25_tw6
0-21-22-27-30-29-6-32-33-31-35-37-38-39-36-34-28-26-23-18-19-16-14-12-15-17-13-25-9-11-10-8-5-87-0,242.686847700462,seed702_explore_lns_start27_late_random_best_rm10_tw10
0-21-22-24-27-29-6-34-33-32-31-35-37-38-39-36-28-26-23-18-19-16-14-12-15-17-13-25-9-11-10-8-5-90-87-0,242.96880068998792,seed701_explore_lns_start34_mixed_random_best_rm20_tw6
0-93-5-20-24-29-51-6-32-33-31-35-38-39-37-36-34-28-26-23-18-19-16-14-12-15-17-13-25-9-11-10-8-21-0,243.37808314771178,seed701_explore_lns_start87_mixed_random_best_rm20_tw12
0-20-22-24-27-30-29-6-32-33-31-35-37-38-39-36-34-28-26-23-18-19-16-14-12-15-17-13-25-9-11-10-8-21-87-0,243.4092931840054,seed601_lns_start11_late_best_rm8_tw6
0-20-22-75-2-1-99-100-97-92-94-95-98-7-3-4-89-91-88-84-86-83-82-85-76-71-70-73-80-79-81-78-77-96-63-0,243.5447531964981,seed701_explore_lns_start87_mixed_best_rm25_tw12
0-21-24-27-30-29-6-32-33-31-35-37-38-39-36-34-28-26-23-18-19-16-14-12-15-17-13-25-9-11-10-8-5-87-0,243.8533885461153,seed603_lns_start26_mixed_random_best_rm6_tw10
0-21-22-24-27-30-29-6-32-33-31-35-37-38-39-36-34-28-26-23-18-19-16-14-12-15-17-13-25-9-11-10-8-5-87-0,244.1208261006722,seed601_lns_start22_late_regret_rm8_tw15
0-83-67-62-74-72-61-64-66-69-68-65-49-55-54-53-56-58-60-59-57-40-44-46-45-43-48-63-41-51-50-52-47-0,244.27062878826217,seed701_explore_lns_start13_mixed_regret_rm25_tw12
0-21-22-24-27-30-29-6-32-33-35-37-38-39-36-34-28-26-23-18-19-16-14-12-15-17-13-25-9-11-10-8-5-87-63-0,244.6092449026489,seed608_lns_start35_mixed_regret_rm8_tw15
0-22-5-75-2-1-99-100-97-92-94-95-98-7-3-4-89-91-88-84-86-83-82-85-76-71-70-73-80-79-81-78-77-87-90-0,244.7900579148115,seed703_explore_lns_start88_late_random_best_rm25_tw6
0-67-63-62-74-72-61-64-66-69-68-65-49-55-54-53-56-58-60-59-57-51-52-50-45-46-47-48-43-42-41-31-8-20-0,244.85481786615085,seed702_explore_lns_start32_mixed_best_rm25_tw15
0-20-22-24-27-30-29-6-32-33-31-35-37-39-36-34-28-26-23-18-19-16-14-12-15-17-13-25-9-11-10-8-5-86-87-0,245.35103903765835,seed703_explore_lns_start17_mixed_regret_rm20_tw15
0-21-22-24-27-30-29-6-32-33-31-35-37-38-39-36-34-28-26-23-18-19-16-12-15-17-13-25-9-11-10-8-5-90-87-0,245.49206047694503,seed703_explore_lns_start35_mixed_regret_rm20_tw12
0-21-5-75-2-1-99-100-97-92-94-95-98-7-3-4-89-91-88-84-86-83-82-85-76-71-70-73-80-79-81-78-96-90-0,245.59284419378315,seed703_explore_lns_start10_random_regret_rm20_tw6
0-21-22-24-27-30-29-6-32-33-35-37-38-39-36-34-28-26-23-18-19-16-14-12-15-17-13-25-9-11-10-8-5-87-96-0,245.72621033471603,seed601_lns_start34_mixed_best_rm8_tw8
0-20-22-24-27-30-29-6-32-33-31-35-37-38-39-36-34-28-26-23-18-19-16-14-12-15-17-13-25-9-10-8-21-90-87-0,245.82591266850315,seed703_explore_lns_start20_mixed_best_rm25_tw6
0-21-22-20-27-24-29-6-32-33-31-35-37-38-39-36-34-28-26-23-18-19-16-14-12-15-17-13-25-9-11-10-8-5-87-0,246.38117115211563,seed702_explore_lns_start32_mixed_random_best_rm15_tw15
0-21-22-24-27-30-29-6-32-31-35-37-38-39-36-34-28-26-23-18-19-16-14-12-15-17-13-25-9-11-10-8-5-89-87-0,246.40016203725085,seed703_explore_lns_start25_mixed_regret_rm20_tw10
0-93-5-75-2-1-99-100-97-92-94-95-98-7-3-4-89-91-88-84-86-82-85-81-76-71-70-73-80-79-78-77-83-87-90-0,246.55190284076554,seed702_explore_lns_start36_mixed_regret_rm25_tw15
0-67-63-62-74-73-61-64-66-69-68-65-49-55-54-53-56-58-60-59-57-40-44-51-45-46-42-41-50-52-47-43-48-0,246.79238301407884,seed701_explore_lns_start11_late_best_rm25_tw12
0-93-21-24-27-29-6-32-33-31-35-37-38-39-36-34-28-26-23-18-19-16-14-12-15-17-13-25-9-11-10-8-5-87-0,246.96613165660116,seed701_explore_lns_start87_mixed_best_rm25_tw12
0-48-67-62-74-86-72-64-66-69-68-65-49-55-54-53-56-58-60-59-57-40-44-46-45-51-50-52-47-43-42-41-61-20-0,247.05897394155264,seed608_lns_start35_mixed_regret_rm8_tw15
0-67-63-62-74-72-61-64-66-69-68-65-49-55-54-53-56-58-60-59-57-40-44-51-50-52-47-42-41-46-43-48-97-0,247.13959568693474,seed606_lns_start40_late_random_best_rm6_tw15
0-67-62-74-63-30-48-64-66-69-68-65-49-55-54-53-56-58-60-59-57-40-44-46-45-51-50-52-47-43-42-41-72-61-0,247.44208941405947,seed604_lns_start11_mixed_regret_rm6_tw12
0-21-22-24-27-29-6-34-33-32-31-35-37-38-39-36-28-26-23-18-19-16-14-12-15-17-13-25-9-11-10-8-5-87-96-0,247.7571634600481,seed602_lns_start21_mixed_random_best_rm8_tw10
0-93-20-24-27-30-29-6-34-33-32-35-31-38-39-36-28-26-23-18-19-16-14-12-15-17-13-25-9-11-10-8-52-47-48-0,247.90126170342836,seed608_lns_start79_mixed_random_best_rm8_tw12
0-93-22-24-27-30-29-6-32-33-31-35-37-38-39-36-34-28-26-23-20-18-12-16-15-19-17-13-25-9-11-10-8-0,248.4651110696584,seed604_lns_start73_mixed_random_best_rm8_tw8
0-93-75-2-1-99-100-97-92-94-95-98-7-3-4-89-91-88-84-83-82-85-81-76-71-70-80-73-79-78-86-90-87-63-0,248.68408446742797,seed703_explore_lns_start16_mixed_regret_rm20_tw15
0-67-62-74-72-61-64-66-69-68-65-49-55-59-54-53-56-58-60-57-40-44-46-45-51-50-52-47-43-42-41-10-63-96-87-0,248.73120258680498,seed603_lns_start80_late_best_rm4_tw8
0-93-75-2-1-99-100-97-92-94-95-98-7-3-4-89-91-88-86-84-83-82-85-76-71-70-73-80-79-78-77-81-96-0,248.7449563193329,seed604_lns_start31_mixed_best_rm6_tw15
0-20-22-24-27-30-29-6-32-33-35-37-38-39-36-34-28-26-23-18-19-16-14-12-15-17-13-25-21-47-42-41-50-31-0,248.93088213518212,seed602_lns_start84_late_regret_rm4_tw8
0-67-63-62-74-96-72-64-66-69-68-65-49-55-54-53-56-58-60-59-57-40-44-50-45-52-47-43-42-41-48-51-46-61-20-0,249.00901799531988,seed703_explore_lns_start31_mixed_regret_rm15_tw6
0-20-22-24-27-30-29-6-32-33-31-35-37-38-39-36-34-28-26-23-18-19-16-14-12-15-17-13-25-9-10-21-8-5-87-0,249.56083502385437,seed703_explore_lns_start20_mixed_random_best_rm20_tw10
0-21-22-24-27-30-29-6-32-33-31-35-37-38-39-36-34-28-26-23-18-19-14-12-15-17-13-25-9-11-10-8-5-87-96-0,249.8116807021824,seed702_explore_lns_start33_mixed_regret_rm20_tw10
0-93-75-2-1-99-100-97-92-94-95-98-7-3-4-89-91-88-86-84-83-82-85-76-71-70-73-80-79-81-78-77-96-90-48-0,250.55966518887016,seed604_lns_start35_mixed_regret_rm8_tw8
0-22-24-27-30-29-6-32-33-31-35-37-38-39-36-34-28-26-23-18-19-16-14-12-15-17-13-25-9-11-10-41-8-21-0,250.57224341696028,seed703_explore_lns_start34_late_best_rm25_tw10
0-93-22-20-27-30-24-6-32-33-31-35-37-38-39-36-34-28-26-23-18-19-16-14-12-15-17-13-25-11-10-8-29-52-0,250.76231392453002,seed604_lns_start81_random_random_best_rm3_tw12
0-22-75-2-1-99-100-97-92-94-95-98-7-3-4-89-91-88-86-84-83-82-85-76-71-70-73-80-79-81-78-77-96-87-90-0,250.84806274076087,seed701_explore_lns_start89_mixed_best_rm25_tw12
0-43-67-62-74-72-64-66-69-68-65-49-55-54-53-56-58-60-59-57-40-46-31-52-45-51-50-47-42-41-61-63-48-20-0,251.2246802116438,seed702_explore_lns_start35_late_regret_rm25_tw6
0-48-67-62-74-64-66-69-43-68-65-49-55-54-53-56-58-59-57-40-44-60-46-45-51-52-47-42-41-61-72-96-87-63-0,251.38080474675374,seed701_explore_lns_start89_mixed_random_best_rm20_tw10
0-93-5-75-2-1-99-100-97-92-94-95-98-7-3-4-89-91-88-84-86-83-82-85-76-71-70-73-80-79-81-96-90-87-63-0,251.71904248933143,seed702_explore_lns_start17_mixed_best_rm25_tw15
0-93-5-21-20-24-29-6-32-33-31-35-37-38-39-36-34-28-26-23-18-19-16-14-12-15-17-13-25-9-11-10-8-52-51-0,252.29312407031398,seed701_explore_lns_start88_mixed_best_rm20_tw12
0-21-93-5-2-1-99-100-97-92-94-95-98-7-3-4-89-91-88-84-86-83-82-85-76-71-70-73-80-79-81-78-90-75-0,253.11094077659683,seed701_explore_lns_start81_random_regret_rm15_tw10
0-48-67-62-74-61-64-66-69-68-65-49-55-54-53-56-58-60-59-57-40-44-46-45-51-50-52-43-25-47-42-41-72-63-0,253.28642483754751,seed703_explore_lns_start74_random_random_best_rm25_tw15
0-22-27-30-2-99-100-97-92-94-95-98-7-3-4-89-91-88-84-86-83-82-85-76-71-70-73-80-79-81-78-77-90-0,253.5007271651762,seed608_lns_start89_late_regret_rm8_tw15
0-22-27-30-29-6-34-32-33-35-37-38-39-31-36-28-26-23-18-19-16-14-12-15-17-13-25-9-11-10-8-21-24-51-0,254.0039438189284,seed703_explore_lns_start35_mixed_best_rm20_tw15
0-90-67-62-74-61-64-66-69-68-65-49-55-54-53-56-58-60-59-57-40-44-50-52-45-47-48-43-42-41-46-63-72-20-0,255.1627219566918,seed703_explore_lns_start35_mixed_best_rm20_tw15
0-22-67-62-74-48-64-66-69-68-65-49-55-54-53-56-58-60-59-57-40-44-46-51-45-52-47-43-42-41-61-72-96-87-63-0,255.66801048280186,seed607_lns_start89_mixed_regret_rm8_tw10
0-93-75-2-1-99-100-97-92-94-95-98-7-3-4-89-91-88-86-84-83-82-85-76-71-70-80-79-81-78-73-77-96-63-0,256.46919733037566,seed701_explore_lns_start33_mixed_best_rm25_tw10
0-67-62-74-20-30-64-61-66-69-68-65-49-55-54-53-56-58-60-59-57-40-44-46-45-51-50-52-47-42-41-48-72-63-0,256.5648612080357,seed701_explore_lns_start34_mixed_random_best_rm20_tw6
0-20-22-24-27-30-29-6-32-33-31-35-38-39-37-36-34-28-26-23-18-19-16-14-12-15-17-13-25-9-10-8-21-86-87-0,256.6500561141309,seed603_lns_start20_mixed_random_best_rm6_tw15
0-22-27-2-1-99-100-97-92-94-95-98-7-3-4-89-91-88-84-83-82-85-76-71-70-73-80-79-81-78-77-86-90-75-0,256.69038161250603,seed703_explore_lns_start88_late_best_rm20_tw15
0-5-67-62-74-72-64-66-63-69-68-65-49-55-54-53-56-58-60-59-57-40-44-46-61-51-50-52-42-41-43-20-47-48-0,256.7568870920755,seed701_explore_lns_start32_late_regret_rm25_tw6
0-48-67-62-74-72-61-64-66-69-68-65-49-55-54-53-56-58-60-59-57-40-44-46-45-51-50-52-42-41-47-43-63-97-0,257.1142420674947,seed701_explore_lns_start40_mixed_random_best_rm15_tw8
0-20-22-24-27-29-6-32-33-31-35-37-38-39-36-34-28-26-23-18-19-16-14-12-15-17-13-25-9-11-42-10-8-21-0,257.7757545066598,seed703_explore_lns_start11_mixed_best_rm25_tw10
0-93-5-75-2-1-99-100-97-92-94-95-98-7-3-4-89-91-88-84-86-83-82-85-76-71-70-80-79-81-78-77-90-96-72-0,257.87773210624266,seed701_explore_lns_start11_late_best_rm25_tw12
0-21-22-24-27-29-6-34-33-32-31-35-37-38-39-36-28-26-23-18-19-16-14-12-15-17-13-25-9-11-10-8-5-1-87-0,258.0555278828992,seed603_lns_start25_mixed_random_best_rm5_tw8
0-93-22-27-30-28-34-6-32-33-31-35-38-39-36-29-24-21-26-23-18-19-16-14-12-15-17-13-25-9-11-10-8-20-0,258.1697165550286,seed702_explore_lns_start74_late_best_rm20_tw15
0-21-67-62-74-72-64-66-69-52-68-65-49-55-54-53-56-58-60-59-57-40-44-51-45-50-47-43-42-41-46-63-61-48-0,258.20594978798727,seed703_explore_lns_start17_mixed_regret_rm20_tw15
0-67-62-74-27-30-48-64-66-69-68-65-49-55-54-53-56-58-60-59-57-40-44-46-45-51-50-52-47-43-61-72-96-63-0,258.6389926091713,seed603_lns_start86_late_random_best_rm8_tw10
0-20-93-75-2-1-99-100-97-92-94-95-98-7-3-4-89-91-88-84-86-83-82-85-76-71-70-80-73-79-81-78-77-96-90-0,258.75468325558245,seed701_explore_lns_start30_mixed_regret_rm15_tw10
0-67-62-74-64-66-69-68-65-49-55-59-60-53-56-58-54-57-40-44-51-50-45-47-52-43-63-46-42-48-61-72-96-0,258.7610522688588,seed702_explore_lns_start87_late_best_rm25_tw8
0-22-24-27-29-6-34-33-32-31-35-37-38-39-36-28-26-23-18-19-16-14-12-15-17-13-25-9-11-10-8-21-43-87-0,258.89001288195334,seed702_explore_lns_start24_mixed_random_best_rm25_tw12
0-93-22-24-27-30-29-6-32-33-31-35-37-38-39-36-34-26-23-18-19-16-12-15-17-13-25-9-11-10-8-87-48-0,259.3099039509463,seed701_explore_lns_start10_mixed_random_best_rm25_tw8
0-93-5-20-24-29-6-32-33-31-35-37-38-39-36-34-28-26-23-18-19-16-14-12-15-17-13-25-9-11-10-8-21-87-0,259.35983093546366,seed607_lns_start89_late_random_best_rm6_tw8
0-67-62-74-63-30-48-64-66-69-68-65-49-55-54-53-56-58-60-59-57-40-44-46-45-50-52-47-43-42-41-61-72-20-0,259.8189545989644,seed605_lns_start23_mixed_random_best_rm8_tw10
0-21-22-24-27-30-29-6-32-33-35-37-38-39-36-34-28-26-23-18-19-16-14-12-15-17-13-25-9-11-10-5-8-31-47-0,259.838187920907,seed703_explore_lns_start31_random_random_best_rm25_tw6
0-24-93-75-2-1-99-100-97-92-94-95-98-7-3-4-89-91-88-84-86-83-82-85-76-71-70-73-80-79-81-78-77-96-90-0,260.325597301418,seed702_explore_lns_start27_late_random_best_rm10_tw10
0-21-93-5-75-2-1-100-97-92-94-95-98-7-3-4-89-91-88-84-86-83-82-85-76-71-70-73-80-79-78-81-77-87-90-0,260.61577217491384,seed607_lns_start73_random_random_best_rm8_tw12
0-67-62-74-27-30-48-64-66-69-68-65-49-55-54-53-56-58-60-59-57-40-44-46-45-51-50-52-47-43-42-61-72-96-63-0,261.0361902311256,seed701_explore_lns_start89_late_best_rm10_tw15
0-48-67-62-74-72-64-66-69-68-65-49-55-54-53-56-58-60-59-57-40-44-46-45-51-50-52-47-43-42-61-73-63-0,261.04367493490577,seed701_explore_lns_start11_late_regret_rm10_tw6
0-67-63-62-74-61-64-66-69-68-65-49-55-72-96-90-91-88-86-84-83-82-85-76-71-70-73-80-79-81-78-77-87-89-0,261.1808987796739,seed702_explore_lns_start65_mixed_random_best_rm25_tw6
0-93-75-2-1-99-100-97-92-94-95-98-7-3-4-89-91-88-86-84-83-82-85-81-76-71-70-80-73-79-78-77-96-63-5-0,261.33817183497337,seed703_explore_lns_start20_mixed_best_rm25_tw6
0-93-22-24-27-30-29-6-32-33-37-35-38-39-36-34-31-52-28-23-26-18-19-16-14-15-17-13-25-9-11-10-8-20-0,261.34191680649997,seed703_explore_lns_start81_late_best_rm25_tw12
0-21-22-24-27-30-29-6-32-33-35-37-38-39-36-34-28-26-23-18-19-16-14-12-15-17-13-25-9-11-10-5-8-31-43-0,261.3633769008339,seed701_explore_lns_start31_random_random_best_rm20_tw8
0-20-22-75-2-1-99-100-97-92-94-95-98-7-3-4-89-91-88-84-86-83-82-85-76-71-70-73-80-79-78-81-77-87-90-0,261.40835039434046,seed702_explore_lns_start87_late_best_rm25_tw8
0-93-22-27-30-29-6-31-32-33-35-37-38-39-36-34-28-26-23-24-48-20-21-14-15-19-17-13-25-9-11-10-8-0,261.8604398942621,seed701_explore_lns_start80_late_regret_rm20_tw15
0-20-22-24-27-29-50-6-32-33-31-35-37-38-39-36-34-28-26-23-18-19-16-14-12-15-17-13-25-9-11-10-8-21-87-0,261.9437334470922,seed607_lns_start11_mixed_best_rm6_tw15
0-93-20-24-27-29-6-32-33-31-35-37-38-39-36-34-28-26-23-18-19-16-14-12-15-17-13-25-9-11-10-8-5-94-0,262.22120849390797,seed702_explore_lns_start89_mixed_random_best_rm25_tw8
0-22-67-62-74-63-64-66-69-68-65-49-46-55-54-53-56-58-59-57-40-44-48-43-45-51-50-52-47-42-41-61-72-96-87-0,262.29204625237867,seed605_lns_start86_mixed_random_best_rm6_tw8
0-67-62-74-63-30-48-64-66-69-68-65-49-55-54-53-56-58-60-59-57-40-44-46-45-51-50-52-47-43-42-41-61-72-20-0,262.5828866214647,seed703_explore_lns_start34_late_best_rm10_tw10
0-21-22-24-27-29-6-34-33-32-31-35-37-38-39-36-28-26-23-18-19-16-14-12-15-17-13-25-9-11-10-41-8-5-0,262.64375231123046,seed702_explore_lns_start33_late_random_best_rm25_tw8
0-22-24-27-30-29-6-32-33-31-35-37-38-39-36-34-28-26-23-18-19-16-14-12-15-17-13-25-9-11-42-10-8-21-0,262.74994185416534,seed701_explore_lns_start22_late_best_rm25_tw8
0-20-22-24-27-30-29-6-32-33-31-35-37-38-39-36-34-28-26-23-18-19-16-14-12-15-17-13-25-9-10-21-8-3-87-0,263.5556452852364,seed702_explore_lns_start20_mixed_regret_rm15_tw10
0-67-62-74-72-61-64-66-69-68-65-49-55-54-53-56-58-60-59-57-40-44-46-45-51-52-50-47-42-43-41-48-63-73-0,263.6084573861343,seed701_explore_lns_start11_mixed_best_rm20_tw15
0-22-67-62-74-72-61-64-66-69-68-65-49-55-54-53-56-58-60-59-57-40-44-45-43-51-50-52-47-46-41-48-96-63-87-0,263.6185652701508,seed602_lns_start89_late_regret_rm6_tw8
0-93-5-75-2-1-99-100-97-94-95-98-7-3-4-89-91-88-86-84-83-82-85-76-71-70-80-79-81-78-73-77-96-90-0,263.68496329867196,seed606_lns_start9_mixed_regret_rm8_tw6
0-93-5-75-2-1-99-100-97-92-94-95-98-7-3-4-89-91-88-84-86-83-82-85-76-71-70-73-80-79-78-81-77-96-43-0,264.05971946748406,seed703_explore_lns_start30_mixed_best_rm15_tw6
0-21-5-75-2-1-99-100-97-92-94-95-98-3-4-89-91-88-84-83-82-85-76-71-70-80-79-81-78-73-77-86-90-0,264.5982153883681,seed603_lns_start73_random_random_best_rm8_tw10
0-20-22-24-27-30-29-6-32-33-35-37-38-39-36-34-28-26-23-18-19-16-14-12-15-17-13-25-9-11-10-41-8-21-5-0,265.1517747295518,seed701_explore_lns_start16_mixed_random_best_rm25_tw6
0-21-22-24-27-29-51-6-32-33-31-35-37-38-39-36-34-28-26-23-18-19-16-14-12-15-17-13-25-9-11-10-8-5-87-0,265.1549929071061,seed605_lns_start23_mixed_random_best_rm8_tw10
0-48-67-62-74-72-64-66-69-68-65-49-55-47-46-53-56-58-60-54-57-40-44-45-52-50-51-43-42-41-61-96-87-63-0,265.22066140841974,seed606_lns_start73_random_random_best_rm6_tw15
0-67-63-62-74-72-64-66-69-68-65-49-46-55-54-53-56-58-60-59-40-44-51-50-45-43-48-31-52-47-41-57-61-0,265.24834601058296,seed702_explore_lns_start15_mixed_random_best_rm15_tw15
0-21-5-75-2-1-99-100-97-92-94-95-98-7-3-4-89-91-88-84-86-83-82-85-76-71-70-73-80-79-81-78-96-90-20-0,265.39112871718595,seed701_explore_lns_start10_mixed_random_best_rm25_tw8
0-93-5-21-20-24-29-6-32-33-31-35-37-38-39-36-34-28-26-23-18-19-16-14-12-15-17-13-25-9-11-10-8-2-87-0,265.53003815768045,seed604_lns_start86_late_random_best_rm8_tw15
0-93-75-2-1-99-100-97-92-94-95-98-7-3-4-89-91-88-86-84-83-82-85-76-71-70-73-80-79-81-78-77-96-90-47-0,265.5706613103912,seed703_explore_lns_start22_mixed_random_best_rm15_tw15
0-93-5-21-27-24-20-6-32-33-31-35-37-38-39-36-34-28-26-23-18-19-16-14-12-15-17-13-25-9-11-10-8-29-51-0,265.6135706809574,seed703_explore_lns_start87_mixed_regret_rm20_tw10
0-21-5-75-2-1-99-100-97-92-94-95-98-7-3-4-89-91-88-84-86-83-82-85-76-71-70-73-80-79-78-81-77-90-63-0,266.10464017493337,seed605_lns_start73_random_random_best_rm8_tw12
0-67-62-74-72-61-64-66-69-68-65-49-55-59-53-56-58-60-57-51-40-44-50-52-45-43-47-42-41-54-63-48-20-0,266.34047971655787,seed701_explore_lns_start27_mixed_best_rm25_tw6
0-67-63-62-74-31-50-64-66-69-68-65-49-55-54-53-56-58-60-59-57-40-44-46-45-52-47-43-42-41-61-72-48-20-0,266.7755018274244,seed703_explore_lns_start32_mixed_regret_rm15_tw10
0-22-24-27-30-29-6-32-33-31-35-37-38-39-36-34-28-26-23-18-19-16-14-12-15-17-13-25-9-11-42-10-8-21-20-0,267.08803806447474,seed702_explore_lns_start17_mixed_best_rm25_tw15
0-67-62-74-72-61-64-66-69-68-65-49-55-54-53-56-58-60-59-57-40-44-46-45-50-52-47-43-48-63-96-78-77-71-87-0,267.2284167383806,seed605_lns_start85_random_random_best_rm8_tw15
0-22-67-62-74-61-64-66-69-52-68-65-49-55-54-53-56-58-59-57-40-60-44-46-45-51-50-47-43-42-41-48-72-63-0,267.69999071421563,seed702_explore_lns_start9_late_regret_rm25_tw8
0-67-62-74-27-30-48-64-66-69-68-65-49-55-54-53-56-58-60-59-57-40-44-46-45-51-50-52-47-43-61-72-96-87-63-0,268.1950941412358,seed603_lns_start88_late_best_rm6_tw15
0-93-75-2-12-1-99-100-97-92-94-95-98-7-3-4-89-91-88-84-86-83-82-85-76-71-70-73-80-79-81-78-77-96-0,268.39136702401,seed701_explore_lns_start31_mixed_regret_rm10_tw6
0-21-22-24-27-29-6-32-33-31-35-37-38-39-36-34-28-26-23-18-19-16-14-12-15-17-13-25-9-11-10-8-77-87-5-0,268.7671055661185,seed701_explore_lns_start22_mixed_random_best_rm25_tw8
0-20-22-27-75-1-99-100-97-92-94-95-98-7-3-4-89-91-88-84-83-82-85-76-71-70-80-73-79-78-81-77-86-90-0,269.3170254577845,seed701_explore_lns_start89_mixed_random_best_rm20_tw10
0-93-21-20-24-30-29-6-32-33-31-35-37-38-39-36-34-28-26-23-18-19-16-14-12-15-17-13-25-9-11-10-8-5-97-0,269.6115743992998,seed701_explore_lns_start87_mixed_random_best_rm15_tw12
0-21-22-24-27-30-29-6-32-33-35-37-38-39-36-34-28-26-23-18-19-16-14-12-15-17-13-25-9-11-10-8-77-87-5-0,269.8499820654846,seed603_lns_start33_mixed_regret_rm6_tw6
0-5-75-2-1-99-100-97-92-94-95-98-7-3-4-89-91-88-86-84-83-82-85-76-71-70-80-79-81-73-78-77-90-43-0,270.00177303025777,seed703_explore_lns_start82_late_regret_rm25_tw15
0-93-22-24-27-30-29-6-32-33-31-35-38-39-28-36-37-34-26-23-18-19-15-17-13-25-9-11-10-8-16-14-12-0,270.0893916881703,seed702_explore_lns_start73_random_best_rm20_tw15
0-67-62-74-61-64-66-69-68-65-49-46-55-54-53-56-58-60-59-40-44-31-52-45-51-50-57-42-47-43-48-72-63-0,271.03550552085886,seed702_explore_lns_start16_random_regret_rm25_tw12
0-67-63-62-74-72-64-66-69-68-65-49-55-54-53-56-58-60-59-57-40-44-50-52-45-47-48-43-42-41-46-61-97-0,271.36693518996697,seed702_explore_lns_start40_mixed_random_best_rm20_tw15
0-5-75-2-12-1-99-100-97-92-94-95-98-7-3-4-89-91-88-84-86-83-82-85-76-71-70-73-80-79-81-78-77-90-0,271.55172426254586,seed702_explore_lns_start82_late_regret_rm20_tw12
0-67-63-62-74-61-64-66-69-68-65-49-55-54-53-56-58-60-59-57-46-51-52-45-43-48-72-80-79-81-78-85-77-87-96-0,272.6536468477566,seed602_lns_start84_late_regret_rm4_tw8
0-93-75-2-1-99-100-97-92-94-95-98-7-3-4-89-91-88-86-84-83-82-85-76-71-70-73-80-79-81-78-77-96-90-52-0,273.0118843555205,seed703_explore_lns_start31_mixed_regret_rm15_tw6
0-67-62-74-63-30-48-64-66-69-68-65-49-55-54-53-56-58-60-59-57-40-44-45-47-52-50-51-46-42-43-61-72-96-0,273.0868484391896,seed703_explore_lns_start88_late_best_rm25_tw12
0-67-63-62-74-72-61-64-66-69-68-65-49-55-54-53-56-58-60-59-57-40-44-46-45-43-48-25-47-42-41-51-50-52-37-0,273.69432517160783,seed601_lns_start76_late_random_best_rm5_tw10
0-67-63-62-74-61-64-66-69-68-65-49-55-60-53-56-58-59-43-48-57-40-44-46-45-51-50-52-42-41-72-54-0,273.9729842703226,seed702_explore_lns_start9_late_best_rm25_tw8
0-48-67-62-74-63-61-64-66-69-68-65-49-55-54-53-56-58-60-59-57-44-45-51-50-52-47-43-42-41-46-72-73-0,274.01499820060235,seed608_lns_start11_late_random_best_rm8_tw6
0-67-62-74-63-30-48-64-66-69-68-65-49-55-54-53-56-58-60-59-57-40-44-46-45-61-72-43-47-41-51-50-52-20-0,274.4265467137478,seed702_explore_lns_start32_late_random_best_rm25_tw15
0-67-62-74-85-72-61-64-66-69-68-65-49-55-54-53-56-58-60-59-57-40-44-46-51-50-52-47-63-42-41-48-43-20-0,274.9923486014273,seed601_lns_start29_random_regret_rm8_tw10
0-93-5-75-2-1-99-100-97-92-94-95-98-7-3-4-89-91-88-84-86-83-82-85-76-71-70-73-80-79-78-81-77-96-46-0,275.5535767840149,seed701_explore_lns_start27_mixed_best_rm25_tw6
0-67-62-74-63-30-64-66-69-68-65-49-55-54-53-56-58-60-59-57-40-44-46-45-51-52-48-43-42-41-61-72-96-87-0,275.7127042395557,seed702_explore_lns_start88_mixed_best_rm15_tw6
0-48-67-62-74-63-64-66-69-68-65-49-55-54-53-56-58-60-59-57-40-44-45-51-50-52-47-43-46-41-61-72-73-0,276.0162136494988,seed601_lns_start11_late_best_rm8_tw6
0-67-62-74-30-64-61-66-69-68-65-49-55-54-53-56-58-60-59-57-40-44-46-45-51-50-52-47-42-43-41-48-72-96-63-0,276.1318924618214,seed607_lns_start86_late_random_best_rm8_tw8
0-67-63-62-74-61-64-66-69-68-65-49-55-54-53-56-58-60-59-57-40-44-46-45-51-50-52-47-72-43-41-48-97-0,276.17828673939323,seed605_lns_start40_late_best_rm8_tw8
0-20-22-24-30-29-6-34-33-32-31-35-37-38-39-36-28-26-23-18-19-16-14-12-15-17-13-25-9-11-10-41-8-21-5-0,276.1981022203775,seed703_explore_lns_start14_mixed_random_best_rm25_tw15
0-93-75-2-1-99-100-97-92-94-95-98-7-3-4-89-91-88-86-84-83-82-85-76-71-70-80-79-81-78-73-77-96-43-0,276.3078850030159,seed701_explore_lns_start34_mixed_random_best_rm20_tw6
0-67-63-62-74-72-61-64-66-69-68-65-49-55-59-53-56-58-60-54-57-40-44-46-45-51-50-52-47-11-42-41-43-96-87-0,276.3269409134548,seed605_lns_start80_late_random_best_rm5_tw12
0-93-5-75-2-1-99-100-97-92-94-95-98-7-3-4-89-91-88-84-86-83-82-85-76-71-70-73-80-79-78-81-77-96-52-0,276.6284090118982,seed702_explore_lns_start34_random_best_rm25_tw12
0-67-63-62-74-72-61-64-66-69-68-65-49-55-54-53-56-58-60-59-57-40-44-46-45-47-50-52-25-43-42-41-37-48-0,276.74421110038514,seed605_lns_start77_mixed_best_rm5_tw15
0-93-5-75-2-1-99-100-97-92-94-95-98-7-3-4-89-91-88-84-86-83-71-73-76-85-82-81-79-78-77-96-87-90-0,277.1285148815328,seed601_lns_start37_late_best_rm6_tw15
0-48-67-62-74-72-64-66-69-68-65-49-55-59-60-53-56-58-54-57-40-44-51-50-45-47-43-52-46-41-78-77-61-0,277.22309370235735,seed702_explore_lns_start17_mixed_best_rm25_tw15
0-20-22-24-27-30-29-6-32-33-35-37-38-39-36-34-28-26-23-18-19-16-14-12-15-17-13-25-9-11-42-10-8-21-5-0,277.3294731667568,seed702_explore_lns_start15_mixed_random_best_rm15_tw15
0-67-62-74-30-48-64-61-66-69-68-65-49-55-54-53-56-58-59-40-44-57-46-45-50-52-47-42-41-43-72-63-20-0,277.4240598658936,seed701_explore_lns_start21_mixed_random_best_rm20_tw8
0-20-22-24-27-30-29-6-32-33-31-35-38-39-37-36-34-28-26-23-18-19-16-14-12-15-17-13-25-9-10-8-77-87-21-0,277.44636933837336,seed602_lns_start20_mixed_random_best_rm8_tw6
0-67-62-74-90-30-64-66-69-68-65-49-55-54-53-56-58-60-59-57-40-44-46-45-51-50-52-47-42-41-43-48-61-72-0,277.510240388101,seed701_explore_lns_start87_mixed_best_rm25_tw12
0-93-75-2-1-99-100-97-92-94-95-98-7-3-4-89-91-88-86-84-90-83-82-85-76-71-70-73-80-79-81-78-77-96-51-0,278.5169372549299,seed703_explore_lns_start31_random_best_rm25_tw10
0-93-75-2-16-1-99-100-97-92-94-95-98-7-3-4-89-91-88-84-83-82-85-76-73-71-70-80-79-81-78-77-86-90-0,278.61055830993195,seed702_explore_lns_start33_mixed_regret_rm20_tw10
0-20-22-24-27-29-6-34-33-32-31-35-37-38-39-36-28-26-23-18-19-16-14-12-15-17-13-25-9-11-10-8-77-5-21-0,279.0288517089858,seed702_explore_lns_start13_mixed_random_best_rm20_tw6
0-5-75-2-1-99-100-97-92-94-95-98-7-3-4-89-91-88-86-84-83-82-85-81-76-71-70-73-80-79-78-77-8-90-0,279.19719216266407,seed602_lns_start82_late_regret_rm6_tw15
0-21-22-24-27-30-29-6-32-33-31-35-38-39-37-36-34-28-26-23-18-19-14-12-15-17-13-25-9-11-10-8-77-87-5-0,279.39168505195096,seed703_explore_lns_start31_mixed_regret_rm25_tw12
0-22-24-27-30-52-6-32-33-31-35-37-38-39-36-34-28-26-23-20-18-12-14-16-15-19-17-13-25-9-11-10-8-29-0,280.7686358807669,seed701_explore_lns_start81_random_regret_rm15_tw10
0-93-24-27-30-29-6-32-33-31-35-37-38-39-36-34-28-26-23-18-19-16-14-12-15-17-13-25-9-11-42-10-8-20-0,280.78340874885566,seed701_explore_lns_start86_late_best_rm25_tw15
0-93-75-2-30-1-99-100-97-92-94-95-98-7-3-4-89-91-88-84-86-83-82-85-76-71-70-73-80-79-81-78-77-96-0,281.48969092868697,seed701_explore_lns_start22_mixed_random_best_rm15_tw8
0-43-67-62-74-64-66-69-33-68-65-49-55-54-53-56-58-60-59-57-40-44-46-51-50-52-47-42-41-61-72-63-48-20-0,281.64553319824563,seed702_explore_lns_start28_late_regret_rm20_tw15
0-67-62-74-72-61-64-66-69-68-65-49-55-57-59-53-56-58-60-54-40-44-46-45-51-50-52-47-43-42-41-63-96-87-16-0,282.0694656658614,seed701_explore_lns_start80_late_regret_rm20_tw15
0-20-22-24-27-29-46-6-32-33-31-35-37-38-39-36-34-28-26-23-18-19-16-14-12-15-17-13-25-9-11-10-8-21-87-0,282.2398662324197,seed701_explore_lns_start11_mixed_random_best_rm15_tw10
0-67-62-74-27-30-64-61-66-69-68-65-49-55-54-53-56-58-60-59-40-44-57-45-46-51-50-52-47-42-41-43-48-72-63-0,282.38560127883864,seed701_explore_lns_start89_mixed_best_rm25_tw12
0-50-67-62-74-72-61-64-66-69-68-65-49-55-54-53-56-58-60-59-57-40-44-46-45-51-47-48-43-63-42-96-77-0,282.5897045962227,seed602_lns_start81_mixed_random_best_rm8_tw10
0-67-62-74-72-61-64-66-69-68-65-49-55-59-54-53-56-58-60-57-40-44-46-45-51-50-52-47-43-42-41-63-77-87-12-0,282.91541566119383,seed703_explore_lns_start10_random_regret_rm20_tw6
0-51-67-62-74-72-64-66-69-68-65-49-55-54-53-56-58-60-59-57-40-44-43-45-50-52-31-47-46-42-61-63-48-20-0,282.93856377622484,seed703_explore_lns_start22_late_random_best_rm25_tw6
0-67-63-62-74-30-50-64-66-69-68-65-49-55-54-53-56-58-60-59-57-40-44-46-45-52-47-48-43-42-41-61-72-96-87-0,283.2194169888323,seed701_explore_lns_start87_mixed_random_best_rm20_tw12
0-67-62-74-27-30-48-64-66-69-68-65-49-55-54-53-56-58-60-59-57-40-44-46-45-51-50-47-43-42-61-72-96-63-87-0,283.294373280147,seed701_explore_lns_start88_mixed_best_rm20_tw8
0-93-5-75-2-1-99-100-97-92-94-95-98-7-3-4-89-91-88-84-86-83-82-85-76-71-70-80-79-81-78-77-90-96-51-0,283.8979229688894,seed601_lns_start11_mixed_best_rm8_tw10
0-67-62-74-61-46-64-66-69-68-65-49-55-59-60-53-56-58-54-57-40-44-45-51-50-52-47-43-42-72-48-63-87-20-0,284.02935531288927,seed702_explore_lns_start29_late_best_rm25_tw6
0-22-21-75-2-1-99-100-97-92-95-98-7-3-4-89-91-88-86-84-83-82-85-76-71-70-80-79-81-78-73-77-96-90-0,284.2038333891248,seed702_explore_lns_start89_mixed_random_best_rm25_tw8
0-67-62-74-20-30-64-61-66-69-68-65-49-55-54-53-56-58-60-59-57-40-44-45-48-46-51-50-52-42-47-43-72-63-0,284.43908227354433,seed703_explore_lns_start23_late_random_best_rm25_tw6
0-93-75-2-1-99-100-97-92-94-95-98-7-3-4-89-91-88-86-84-83-82-85-76-71-70-73-80-79-81-78-77-8-96-0,284.6030957875015,seed702_explore_lns_start32_mixed_random_best_rm15_tw6
0-5-75-2-16-1-99-100-97-94-95-98-7-3-4-89-91-88-86-84-83-82-85-76-71-70-73-80-79-81-78-77-96-87-90-0,284.7182931265989,seed603_lns_start75_mixed_random_best_rm5_tw12
0-93-5-21-24-30-29-6-32-33-31-35-38-39-37-36-34-28-26-23-18-19-16-14-12-15-17-13-25-9-11-10-8-2-50-0,285.21488248771055,seed701_explore_lns_start89_mixed_random_best_rm20_tw10
0-93-75-2-14-1-99-100-97-92-94-95-98-7-3-4-89-91-88-84-86-83-82-85-76-71-70-73-80-79-81-78-77-96-90-0,285.2630260947305,seed701_explore_lns_start32_late_regret_rm25_tw6
0-22-75-2-1-99-100-97-92-94-95-98-7-3-4-89-91-88-86-84-83-82-85-76-71-70-80-79-81-73-78-77-90-43-0,285.43548669946534,seed701_explore_lns_start86_mixed_random_best_rm20_tw6
0-20-22-24-27-30-29-6-32-33-35-37-38-39-36-34-28-26-23-18-19-16-14-12-15-17-13-25-9-11-10-41-31-21-5-0,285.65642565184396,seed604_lns_start15_mixed_best_rm8_tw12
0-93-5-21-24-29-6-32-33-31-35-37-38-39-36-34-28-26-23-18-19-16-14-12-15-17-13-25-9-11-10-8-77-20-0,285.682681631792,seed702_explore_lns_start89_late_random_best_rm20_tw8
0-75-2-27-30-1-99-100-97-92-94-95-98-7-3-4-89-91-88-84-86-83-82-85-76-71-70-73-80-79-81-78-77-90-0,285.8419125376397,seed602_lns_start87_late_regret_rm6_tw6
0-93-22-27-30-28-34-6-33-35-37-38-39-36-31-32-21-26-23-18-19-12-16-15-17-13-25-9-11-10-8-29-24-20-0,285.94076770068375,seed701_explore_lns_start75_random_regret_rm20_tw15
0-67-63-62-74-30-51-64-66-69-68-65-49-55-54-53-56-58-60-59-57-40-44-46-50-52-47-48-43-42-41-61-72-96-87-0,286.172295298017,seed603_lns_start86_late_random_best_rm5_tw12
0-93-5-75-2-1-99-100-97-92-94-95-98-7-3-4-89-91-88-84-86-83-71-73-76-85-82-80-79-81-78-77-96-87-90-0,286.9244777353221,seed601_lns_start36_late_random_best_rm8_tw15
0-5-75-2-1-99-100-97-92-94-95-98-7-3-4-89-91-88-86-84-82-85-81-76-71-70-73-80-79-78-77-8-21-90-0,287.6197044813976,seed608_lns_start73_random_random_best_rm4_tw10
0-67-62-74-72-61-64-66-69-50-68-65-49-55-54-53-56-58-59-57-40-44-51-52-45-60-46-47-43-42-41-96-77-0,287.8547173944049,seed703_explore_lns_start16_mixed_regret_rm20_tw15
0-93-22-27-30-26-6-32-33-31-35-38-39-36-34-28-18-29-23-19-12-14-16-15-17-13-25-9-11-10-21-24-20-0,287.9870818697524,seed608_lns_start75_late_best_rm8_tw12
0-75-67-62-74-47-52-64-66-69-68-65-49-55-54-53-56-58-60-59-57-40-44-46-45-51-50-48-43-42-63-61-72-96-87-0,288.64081236532866,seed605_lns_start73_mixed_regret_rm8_tw10
0-21-22-24-27-29-6-32-33-31-35-37-38-39-36-34-28-26-23-18-19-16-14-12-15-17-13-25-9-11-10-41-8-87-0,289.02185148590235,seed702_explore_lns_start31_late_random_best_rm20_tw6
0-93-5-75-2-1-99-100-97-92-94-95-98-7-3-4-89-91-88-84-83-82-85-81-76-71-70-80-79-96-86-78-77-90-48-0,289.1280079874187,seed601_lns_start11_mixed_random_best_rm8_tw6
0-20-22-27-30-34-6-32-33-31-35-37-38-39-36-53-56-58-60-59-54-57-46-45-50-52-47-43-42-41-28-26-29-24-21-0,289.78958951792504,seed702_explore_lns_start41_mixed_best_rm25_tw10
0-67-62-74-63-30-48-64-66-69-68-65-49-55-54-53-56-58-59-57-40-44-60-45-46-61-72-41-43-47-50-51-52-0,290.07698071095626,seed703_explore_lns_start11_mixed_best_rm25_tw10
0-67-63-62-74-30-52-64-66-69-68-65-49-55-54-53-56-58-60-59-57-40-44-46-45-51-50-47-48-43-42-61-72-96-87-0,290.26953852840325,seed603_lns_start88_mixed_random_best_rm5_tw8
0-22-24-27-30-29-6-32-33-31-35-37-38-39-36-12-14-16-18-23-26-19-15-17-13-25-9-11-10-8-28-34-20-0,290.303751433973,seed702_explore_lns_start73_late_best_rm25_tw10
0-67-63-62-74-72-61-64-66-69-68-65-49-55-54-53-56-58-59-57-40-44-46-45-51-50-52-47-43-42-41-78-60-48-20-0,291.2422596139677,seed703_explore_lns_start25_mixed_random_best_rm25_tw15
0-21-22-24-27-30-29-6-32-33-35-37-38-39-36-34-28-26-23-18-19-16-14-12-15-17-13-25-9-11-10-5-8-31-57-0,291.27682889767374,seed703_explore_lns_start27_mixed_random_best_rm25_tw6
0-22-75-2-1-99-100-97-92-94-95-98-7-3-4-89-91-88-86-84-83-82-85-76-71-70-80-79-81-78-73-77-90-48-0,291.54396944392784,seed608_lns_start87_mixed_regret_rm6_tw15
0-90-67-62-74-61-64-66-69-68-65-49-55-54-53-56-58-60-59-57-40-44-45-50-52-47-43-48-11-42-41-51-46-72-0,291.67810739831816,seed603_lns_start20_mixed_best_rm8_tw8
0-93-75-2-1-99-100-97-92-94-95-98-7-3-4-89-91-88-86-84-83-82-85-76-71-70-73-80-79-81-78-77-8-90-96-0,291.8029452595,seed701_explore_lns_start21_late_best_rm20_tw12
0-75-1-2-30-99-100-97-92-94-95-98-7-3-4-89-91-88-84-83-82-85-76-71-70-73-80-79-81-78-77-86-90-0,292.2292770259022,seed605_lns_start88_late_regret_rm6_tw10
0-67-62-74-97-64-66-69-68-65-49-55-54-53-56-58-60-59-57-40-44-51-50-45-47-43-42-41-46-61-72-63-48-0,292.6008336950605,seed701_explore_lns_start40_mixed_random_best_rm15_tw12
0-67-62-96-74-72-64-66-69-47-68-65-49-55-54-53-56-58-60-59-40-44-51-50-45-61-63-48-52-42-41-57-43-20-0,292.6822322314914,seed701_explore_lns_start32_random_random_best_rm20_tw12
0-21-22-24-27-29-6-34-33-32-31-35-37-38-39-36-28-26-23-18-19-16-14-12-15-17-13-25-9-11-10-5-8-51-60-0,292.70960701968346,seed701_explore_lns_start21_mixed_random_best_rm20_tw8
0-75-22-27-2-1-99-100-97-92-94-95-98-7-3-4-89-91-88-84-86-83-82-85-76-71-70-73-80-79-78-81-77-87-90-0,292.81665237754,seed605_lns_start86_late_random_best_rm6_tw6
0-48-67-62-74-61-64-66-69-68-65-49-55-54-53-56-58-60-59-57-40-44-51-52-45-43-46-72-63-96-78-81-77-85-87-0,292.87045132489,seed606_lns_start84_late_best_rm8_tw10
0-22-67-62-74-48-43-64-66-69-68-65-49-55-54-53-56-58-60-59-57-40-44-72-61-51-50-52-47-42-41-46-63-96-87-0,293.2121598902679,seed602_lns_start87_late_regret_rm6_tw6
0-75-22-27-2-1-99-100-97-92-94-95-98-7-3-4-89-91-88-84-83-82-85-81-76-71-70-80-73-79-78-86-90-87-0,293.41713206304127,seed702_explore_lns_start89_late_random_best_rm20_tw8
0-93-75-2-12-1-99-100-97-92-94-95-98-7-3-4-89-91-88-84-86-83-82-81-76-71-70-73-80-79-85-78-77-96-90-0,293.46058808376137,seed701_explore_lns_start22_late_regret_rm20_tw10
0-93-75-2-30-99-100-97-92-94-95-98-7-3-4-89-91-88-86-84-83-82-85-81-76-71-70-73-80-79-78-77-96-90-0,293.6428240334356,seed603_lns_start25_mixed_random_best_rm5_tw8
0-67-63-62-74-72-64-66-69-68-65-49-55-57-54-53-56-58-60-31-40-44-59-45-46-50-47-43-42-41-61-51-48-0,294.1161656381693,seed702_explore_lns_start17_mixed_random_best_rm15_tw12
0-75-22-27-30-99-100-97-92-94-95-98-7-3-4-89-91-88-86-84-83-82-85-76-71-70-73-80-79-78-81-77-87-90-0,294.5317074128029,seed605_lns_start89_late_regret_rm8_tw10
0-67-63-62-74-61-64-66-69-68-65-49-55-54-53-56-58-60-59-57-40-44-51-45-46-72-70-52-50-42-41-43-47-48-0,294.64313659338865,seed601_lns_start37_late_best_rm3_tw15
0-93-22-20-27-30-6-34-32-33-31-35-37-38-39-36-28-24-29-23-26-18-19-15-17-13-25-9-11-10-8-16-14-12-0,294.7585935884512,seed602_lns_start73_random_random_best_rm6_tw10
0-93-5-75-2-1-99-100-97-92-94-95-98-7-3-4-89-91-88-84-83-82-96-85-76-71-70-80-79-81-78-73-77-90-63-0,294.98288195112104,seed603_lns_start20_mixed_random_best_rm6_tw15
0-21-22-24-27-30-29-6-32-33-35-37-38-39-36-34-28-26-23-18-19-16-14-12-15-17-13-25-9-11-10-41-8-5-87-0,295.5017021103286,seed703_explore_lns_start22_late_random_best_rm25_tw6
0-22-24-27-30-29-6-34-32-33-35-37-38-39-31-36-28-26-23-18-19-16-14-12-15-17-13-25-9-11-10-8-21-51-87-0,295.5896050708883,seed703_explore_lns_start25_mixed_random_best_rm25_tw12
0-46-22-2-1-99-100-97-92-94-95-98-7-3-4-89-91-88-86-84-83-82-85-81-76-71-70-73-80-79-78-77-90-75-0,295.7061515352744,seed603_lns_start87_mixed_regret_rm8_tw8
0-93-5-20-24-29-6-32-33-31-35-37-38-39-36-34-28-26-23-18-19-16-14-12-15-17-13-25-9-11-10-8-21-60-0,296.110128112895,seed605_lns_start86_mixed_random_best_rm6_tw8
0-48-67-62-74-72-64-66-69-43-68-65-49-55-54-53-56-58-60-59-57-40-44-45-51-50-52-47-46-42-63-61-97-0,296.32733831464316,seed703_explore_lns_start40_late_best_rm25_tw10
0-52-22-27-2-1-99-100-92-94-95-98-7-3-4-89-75-91-88-84-86-83-82-85-76-71-70-73-80-79-81-78-77-90-0,296.33005929426,seed701_explore_lns_start87_mixed_random_best_rm15_tw12
0-67-62-74-30-52-64-66-69-68-65-49-55-54-53-56-58-59-57-40-60-46-51-45-50-47-43-42-41-61-72-63-48-20-0,296.36314075512234,seed701_explore_lns_start25_late_random_best_rm25_tw10
0-93-5-75-2-1-99-100-97-92-94-95-98-7-4-89-91-88-86-84-83-82-96-85-76-71-70-80-79-81-78-73-77-90-63-0,296.4402157114972,seed702_explore_lns_start20_mixed_regret_rm15_tw10
0-20-67-62-74-72-64-66-69-68-65-49-55-54-53-56-58-60-51-46-40-44-59-57-45-50-52-47-61-42-41-48-63-87-0,297.0953521579373,seed701_explore_lns_start31_random_random_best_rm20_tw8
0-93-75-2-1-99-100-97-92-94-95-98-7-3-4-89-91-88-86-84-83-82-96-85-76-71-70-80-79-81-78-73-77-90-63-0,297.31250976344324,seed703_explore_lns_start20_mixed_random_best_rm20_tw10
0-51-93-75-2-1-99-100-97-92-94-95-98-7-3-4-89-91-88-84-86-83-82-85-76-70-73-80-79-81-71-78-96-90-0,297.49217990976706,seed703_explore_lns_start32_mixed_regret_rm15_tw10
0-20-22-24-27-30-29-6-32-33-35-37-38-39-36-34-28-26-23-18-19-16-14-12-15-17-13-25-9-11-10-41-8-21-31-0,297.5600484416271,seed601_lns_start40_late_random_best_rm5_tw10
0-93-75-27-2-1-99-100-97-92-94-95-98-7-3-4-89-91-88-84-86-83-82-85-76-73-70-71-80-79-78-81-77-87-90-0,297.94515371694865,seed703_explore_lns_start14_mixed_random_best_rm25_tw15
0-93-75-2-30-1-99-100-97-92-95-98-7-3-4-89-91-88-86-84-83-82-85-76-71-70-80-79-81-73-78-77-87-90-0,298.6319391695831,seed701_explore_lns_start33_mixed_regret_rm25_tw12
0-93-75-2-1-99-100-97-92-94-95-98-7-3-4-89-91-88-86-84-83-82-85-71-76-70-73-80-79-81-78-77-90-96-59-0,298.9753041610421,seed701_explore_lns_start24_mixed_random_best_rm25_tw10
0-93-5-75-2-1-99-100-97-92-94-95-98-7-3-4-89-91-88-84-86-83-82-85-76-71-70-80-79-81-78-77-90-96-59-0,299.0391013890145,seed607_lns_start11_mixed_random_best_rm6_tw15
0-93-5-75-2-99-100-97-92-94-95-98-7-3-4-89-91-88-86-84-83-82-96-85-76-71-70-80-79-81-78-73-77-90-63-0,299.4055951194223,seed603_lns_start20_random_random_best_rm8_tw15
0-21-22-24-27-30-29-6-32-33-31-35-37-38-39-36-28-26-23-18-19-16-14-12-15-17-13-25-9-11-10-8-5-87-59-0,300.52649739768185,seed702_explore_lns_start30_mixed_regret_rm15_tw10
0-22-24-27-30-29-6-34-32-33-35-37-38-39-31-36-28-26-23-18-19-16-14-12-15-17-13-25-9-11-10-8-77-5-21-0,300.5416312697011,seed603_lns_start21_mixed_best_rm8_tw6
0-31-22-2-1-99-100-97-92-94-95-98-7-3-4-89-91-88-86-84-83-82-85-81-76-71-70-73-80-79-78-77-90-75-0,300.6374543678076,seed601_lns_start89_mixed_random_best_rm6_tw8
0-67-72-62-74-30-64-61-66-69-68-65-49-55-54-53-56-58-60-59-57-40-44-45-51-50-52-47-48-42-41-46-43-63-87-0,300.7320922629283,seed702_explore_lns_start89_mixed_random_best_rm25_tw8
0-93-75-2-1-99-100-97-92-94-95-98-7-3-4-89-91-88-84-86-83-82-76-71-70-73-90-5-9-11-10-8-87-0,300.80828143569283,seed608_lns_start84_late_regret_rm6_tw12
0-21-22-24-27-29-6-34-33-32-31-35-37-38-39-36-28-26-23-18-19-16-14-12-15-17-13-25-9-11-10-41-8-5-87-0,300.91094018949906,seed701_explore_lns_start23_mixed_random_best_rm20_tw10
0-5-75-2-1-99-100-97-92-94-95-98-7-3-4-89-91-88-86-84-83-82-85-81-76-71-70-73-80-79-78-77-96-87-18-0,301.05066066230745,seed703_explore_lns_start74_random_random_best_rm25_tw15
0-21-5-75-2-1-99-100-97-92-94-95-98-7-3-4-89-91-88-84-86-83-82-85-76-71-70-73-80-79-81-78-90-12-0,301.4519069587773,seed703_explore_lns_start81_late_best_rm25_tw12
0-93-22-20-27-30-29-6-32-33-35-37-38-39-36-31-34-28-26-23-24-21-12-14-15-19-17-13-16-9-11-10-8-90-0,301.49626925545914,seed703_explore_lns_start74_random_random_best_rm25_tw15
0-21-5-75-2-1-99-100-97-92-94-95-98-7-3-4-89-91-88-84-86-83-82-85-76-71-70-73-80-79-81-78-77-90-18-0,301.8749472113011,seed701_explore_lns_start73_mixed_regret_rm15_tw10
0-21-5-75-2-1-99-100-97-92-94-95-98-7-3-4-89-91-88-84-83-82-85-76-71-70-73-80-79-81-78-77-86-90-19-0,302.4516739408028,seed702_explore_lns_start73_mixed_best_rm25_tw6
0-31-93-2-1-99-100-97-92-94-95-98-7-3-4-89-91-88-86-84-83-82-85-81-76-71-70-73-80-79-78-77-90-75-0,302.8972186225769,seed601_lns_start34_mixed_best_rm8_tw8
0-93-22-20-27-30-24-6-32-33-37-35-31-38-39-36-34-28-29-23-26-18-16-14-12-15-17-13-25-9-10-8-19-21-0,303.4175329579051,seed703_explore_lns_start73_mixed_best_rm25_tw6
0-75-22-27-2-1-99-100-94-92-97-95-98-7-3-4-89-91-88-84-83-82-85-71-76-73-70-81-80-79-78-77-86-87-96-0,303.76543039234184,seed702_explore_lns_start87_mixed_best_rm25_tw15
0-20-22-24-27-30-29-6-32-33-31-35-37-38-39-36-34-28-26-23-18-19-16-14-12-15-17-13-25-21-42-41-77-47-50-0,303.8043052407349,seed608_lns_start84_late_regret_rm6_tw12
0-20-22-75-2-1-99-100-97-92-94-95-98-7-3-4-89-91-88-84-86-83-82-85-76-71-70-73-80-79-96-78-77-81-90-0,304.1929804288729,seed703_explore_lns_start89_mixed_best_rm25_tw6
0-67-62-74-72-61-64-66-69-68-65-49-55-59-54-53-56-58-60-57-40-44-46-45-51-50-52-63-9-42-41-47-43-87-96-0,304.2990865117504,seed603_lns_start80_late_random_best_rm8_tw15
0-20-67-62-74-61-64-66-69-68-65-49-55-54-53-56-58-60-59-57-40-44-46-48-45-43-63-72-80-51-50-52-47-0,304.4007632623868,seed604_lns_start35_late_random_best_rm8_tw12
0-67-62-74-63-30-64-66-69-68-65-49-55-54-53-56-58-60-59-57-40-44-51-45-46-50-52-47-48-41-61-72-96-43-0,304.61024593166474,seed602_lns_start87_late_random_best_rm6_tw15
0-67-63-62-74-61-64-66-69-68-46-65-49-55-54-53-56-58-60-59-40-44-51-52-45-57-70-72-42-41-43-47-48-0,305.0534512212741,seed607_lns_start39_late_random_best_rm8_tw15
0-67-62-74-5-34-64-66-69-68-65-49-55-54-53-56-58-60-59-57-44-46-45-51-50-52-47-43-42-41-61-72-63-48-20-0,305.13325013919643,seed701_explore_lns_start22_late_regret_rm20_tw10
0-20-22-24-27-30-29-6-32-33-31-35-37-38-39-36-34-28-26-23-18-19-16-14-12-15-17-13-25-9-42-10-8-21-87-0,305.72453389746636,seed601_lns_start20_late_best_rm6_tw6
0-20-22-24-27-30-29-6-32-33-31-35-37-38-39-36-34-28-26-23-18-19-16-14-12-15-17-13-25-9-41-10-8-21-87-0,305.97758354486325,seed601_lns_start20_late_best_rm4_tw6
0-21-22-24-27-30-29-6-32-33-35-37-38-39-36-34-28-26-23-18-19-16-14-12-15-17-13-25-9-11-10-5-8-31-60-0,306.1386056138074,seed701_explore_lns_start21_mixed_random_best_rm20_tw10
0-67-63-62-74-72-64-66-69-50-68-65-49-55-54-53-56-58-60-59-40-44-46-51-45-57-90-47-42-43-41-61-48-0,306.5415519224575,seed702_explore_lns_start9_late_best_rm25_tw8
0-93-75-2-30-1-99-100-97-92-94-95-98-7-3-4-89-91-88-84-86-83-82-81-76-71-70-73-80-79-85-78-77-96-90-0,306.55891198843835,seed601_lns_start34_mixed_random_best_rm6_tw12
0-67-62-74-27-30-64-66-69-68-65-49-55-54-53-56-58-60-59-57-40-44-46-45-61-72-51-50-52-47-41-43-48-63-96-0,306.7411720110133,seed604_lns_start86_late_best_rm8_tw12
0-67-63-62-74-61-64-66-69-48-68-65-49-55-54-53-56-58-60-59-57-40-46-43-45-51-52-72-80-79-78-77-85-81-96-0,306.9397647800621,seed602_lns_start84_late_best_rm8_tw12
0-93-5-27-24-30-29-6-20-33-32-35-38-39-37-36-34-28-26-23-18-19-16-14-12-15-17-13-25-9-11-10-8-21-31-0,306.94974902136516,seed701_explore_lns_start86_mixed_random_best_rm20_tw6
0-5-75-2-1-99-100-97-92-94-95-98-7-3-4-89-91-88-84-83-82-85-81-76-71-70-73-80-79-41-78-77-86-90-0,307.1381189597331,seed701_explore_lns_start86_late_best_rm25_tw6
0-93-20-24-27-30-29-6-33-31-35-37-38-39-36-34-28-26-23-18-19-16-14-12-15-17-13-25-9-11-10-41-8-32-0,307.9362566310171,seed703_explore_lns_start88_late_random_best_rm25_tw6
0-5-75-2-1-99-100-97-92-94-95-98-7-3-4-89-91-90-88-84-86-83-82-76-71-70-73-80-79-42-41-37-21-0,308.3854325194303,seed608_lns_start79_mixed_random_best_rm8_tw12
0-34-93-75-2-1-99-100-97-92-94-95-98-7-3-4-89-91-88-84-86-83-82-81-76-71-70-73-80-79-85-78-77-96-90-0,308.81316092959867,seed702_explore_lns_start30_mixed_regret_rm15_tw10
0-93-21-20-24-29-6-32-33-35-37-38-39-36-34-28-26-23-18-19-16-14-12-15-17-13-25-9-11-42-10-8-5-47-0,309.21928941878264,seed601_lns_start89_mixed_random_best_rm6_tw8
0-93-5-75-2-1-99-100-97-92-94-95-98-7-3-4-89-91-88-84-86-83-82-85-76-71-70-80-79-81-78-77-90-96-60-0,310.0513850767036,seed605_lns_start11_mixed_regret_rm6_tw8
0-2-67-62-74-64-66-69-48-68-65-49-55-54-53-56-58-59-57-40-44-51-52-45-60-46-50-47-43-42-61-72-96-63-0,310.11771086695893,seed605_lns_start89_late_regret_rm8_tw10
0-93-5-75-2-1-99-100-97-92-94-95-98-7-3-4-89-91-88-84-83-82-85-81-76-86-70-71-80-79-73-78-77-90-63-0,310.26207994589686,seed701_explore_lns_start20_mixed_best_rm20_tw8
0-67-62-96-74-64-66-69-68-65-49-46-55-53-56-58-60-50-52-47-40-44-51-45-59-54-57-43-41-48-63-72-61-0,310.35015361727386,seed702_explore_lns_start14_mixed_random_best_rm25_tw15
0-5-75-2-1-99-100-97-92-94-95-98-7-3-4-89-91-88-84-83-82-85-81-76-71-70-73-80-79-42-78-77-86-90-0,311.10442004997526,seed605_lns_start73_mixed_regret_rm8_tw15
0-93-75-2-30-99-100-97-92-94-95-98-7-3-4-89-91-88-86-84-83-82-85-81-76-71-70-73-80-79-78-77-90-1-0,311.6062178955022,seed602_lns_start21_mixed_random_best_rm8_tw10
0-5-75-2-1-99-100-97-92-94-95-98-7-3-4-89-91-90-88-84-86-83-82-76-71-70-73-80-79-42-41-37-20-21-0,311.86853902087313,seed606_lns_start79_late_best_rm8_tw15
0-21-22-24-27-30-29-6-32-33-34-35-37-38-39-36-28-26-5-23-18-19-16-14-12-15-17-13-25-9-11-10-8-31-51-0,313.02727928479004,seed703_explore_lns_start27_random_regret_rm20_tw12
0-67-63-62-74-72-61-64-66-69-68-65-49-55-54-53-56-58-60-59-57-40-44-46-45-51-50-52-9-42-41-31-47-87-96-0,313.0765169552644,seed608_lns_start82_late_random_best_rm6_tw8
0-21-22-24-27-30-29-6-32-33-31-35-37-38-39-36-34-28-26-23-18-19-16-14-12-15-17-13-25-9-11-10-8-5-87-90-0,314.08596459701414,seed701_explore_lns_start33_mixed_best_rm25_tw10
0-67-63-62-74-72-61-64-66-69-68-65-49-55-54-53-56-58-59-57-40-44-60-46-45-47-48-25-42-51-41-43-50-37-0,314.2556788716134,seed605_lns_start76_random_best_rm8_tw12
0-21-22-24-27-30-29-6-32-33-35-37-38-39-36-34-28-26-23-18-19-16-14-12-15-17-13-25-9-11-10-8-77-87-31-0,314.2983550038821,seed703_explore_lns_start25_mixed_random_best_rm25_tw15
0-93-22-21-27-30-28-6-32-33-31-35-37-38-39-34-29-20-24-23-26-18-16-14-12-15-17-13-25-9-11-10-8-19-0,314.5186655661516,seed701_explore_lns_start10_random_regret_rm25_tw12
0-20-22-27-29-32-6-64-33-31-35-37-38-39-36-34-28-26-23-18-19-16-14-12-15-17-13-25-9-11-10-8-21-87-0,314.94316032331847,seed701_explore_lns_start11_late_random_best_rm25_tw10
0-93-5-75-2-1-99-100-97-92-94-95-98-7-3-4-89-91-88-84-83-82-85-81-76-86-70-73-80-79-71-78-96-90-63-0,315.37364225655085,seed602_lns_start20_mixed_random_best_rm8_tw6
0-67-62-74-30-31-64-66-69-68-65-49-55-54-53-56-58-60-59-57-40-44-50-45-51-52-47-48-43-42-41-63-72-61-46-0,315.5786266818214,seed606_lns_start9_mixed_regret_rm8_tw6
0-93-75-2-1-99-100-97-92-94-95-98-7-3-4-89-91-88-84-83-82-40-85-76-71-70-73-80-79-81-78-77-86-90-0,315.59012849871965,seed702_explore_lns_start35_mixed_regret_rm15_tw10
0-93-75-2-30-1-99-100-97-92-94-95-98-7-89-4-91-86-88-84-83-82-85-81-76-71-70-73-80-79-78-96-90-3-0,315.93743441383236,seed701_explore_lns_start22_mixed_random_best_rm25_tw8
0-67-62-74-72-61-64-66-69-68-65-49-55-59-54-53-56-58-60-57-40-44-46-45-51-50-47-43-11-42-41-77-87-52-0,316.0238482695101,seed608_lns_start10_mixed_regret_rm6_tw6
0-67-62-74-63-30-48-64-66-69-68-65-49-55-54-53-56-58-60-59-57-40-44-46-45-51-52-47-43-42-41-61-72-73-0,316.4185927842766,seed607_lns_start11_mixed_best_rm6_tw15
0-67-62-74-63-30-48-64-66-69-68-65-49-55-54-53-56-58-60-57-40-44-46-45-51-50-52-47-43-42-41-61-72-73-0,316.42629303601007,seed607_lns_start11_mixed_random_best_rm6_tw15
0-21-5-2-1-99-100-97-92-94-95-98-7-3-4-89-91-88-84-83-82-85-81-76-71-70-73-80-79-41-78-77-86-90-0,316.49822869384747,seed605_lns_start73_mixed_regret_rm8_tw10
0-20-22-24-27-30-52-6-33-31-35-37-38-39-36-53-56-58-60-59-54-40-57-46-45-50-47-43-42-41-32-34-28-26-29-0,317.13293159163936,seed702_explore_lns_start65_mixed_random_best_rm25_tw6
0-67-62-74-63-30-43-64-66-69-68-65-49-55-54-53-56-58-60-59-57-40-44-46-45-51-50-52-47-42-41-61-72-73-0,317.17247674238456,seed601_lns_start11_mixed_random_best_rm8_tw6
0-67-62-74-30-48-64-66-69-68-65-49-55-54-53-56-58-60-59-57-40-44-46-45-51-50-52-47-43-42-61-72-73-63-0,317.6196752507946,seed602_lns_start11_late_regret_rm6_tw12
0-93-22-27-30-29-6-51-31-33-32-35-37-38-39-36-34-28-26-23-24-20-12-14-16-15-17-13-25-9-11-10-8-19-18-0,318.2704248943603,seed607_lns_start73_mixed_random_best_rm8_tw8
0-18-12-75-2-1-99-100-97-92-94-95-98-7-3-4-89-91-88-84-86-83-82-76-73-71-70-80-79-81-85-78-77-90-5-0,318.4389642745277,seed701_explore_lns_start80_late_regret_rm20_tw15
0-21-5-75-2-1-99-100-97-92-95-98-7-3-4-89-91-88-84-83-82-85-81-76-71-70-73-80-79-41-78-77-86-90-0,318.5272420599397,seed603_lns_start73_random_random_best_rm8_tw12
0-67-63-62-74-72-64-66-69-52-68-65-49-55-54-53-56-58-60-59-40-44-57-43-45-46-51-50-11-42-41-47-48-61-0,319.0895869958969,seed703_explore_lns_start73_mixed_best_rm25_tw6
0-67-62-74-14-64-61-66-69-68-65-49-55-54-53-56-58-60-59-57-40-44-50-45-46-51-52-47-43-42-41-48-72-63-0,319.21294397321265,seed701_explore_lns_start75_random_regret_rm20_tw15
0-21-5-75-2-1-99-100-97-92-94-95-98-3-4-89-91-88-86-84-83-82-85-76-71-70-80-79-81-73-78-77-90-16-0,319.7766759462602,seed605_lns_start73_random_regret_rm6_tw6
0-93-5-75-2-1-99-100-97-92-94-95-98-7-3-4-89-91-88-84-82-71-73-86-76-85-81-80-79-78-77-83-87-96-0,320.7244197530542,seed601_lns_start36_late_random_best_rm8_tw12
0-93-20-24-27-30-29-6-32-33-35-37-38-39-36-34-28-26-23-18-19-16-14-12-15-17-13-25-9-11-42-10-8-21-31-0,320.97218483171326,seed701_explore_lns_start86_late_best_rm25_tw6
0-31-93-2-1-99-100-97-92-94-95-98-7-3-4-89-91-88-86-84-83-82-85-81-76-70-73-80-79-71-78-96-90-75-0,321.3706855887961,seed603_lns_start33_mixed_regret_rm6_tw6
0-93-5-21-20-24-29-6-32-33-35-37-38-39-36-34-28-26-23-18-19-16-14-12-15-17-13-25-9-11-10-41-8-31-0,321.812734832941,seed601_lns_start87_late_best_rm6_tw8
0-20-22-24-27-30-29-6-32-33-35-37-38-39-36-34-28-26-23-18-19-16-14-12-15-17-13-25-9-11-10-41-8-5-31-0,323.28127721322784,seed703_explore_lns_start19_random_regret_rm25_tw10
0-67-63-62-74-72-61-64-66-69-68-65-49-55-57-53-56-58-60-59-54-40-44-46-45-50-13-31-51-42-41-52-47-87-96-0,323.6310442816937,seed603_lns_start82_late_regret_rm8_tw6
0-21-5-75-2-1-99-100-97-92-94-95-98-7-3-4-89-91-88-84-86-83-82-85-76-71-70-73-80-79-81-78-63-90-12-0,324.0489143083772,seed701_explore_lns_start81_mixed_best_rm25_tw12
0-21-5-75-2-1-99-100-97-92-94-95-98-7-3-4-89-91-88-84-86-83-82-85-76-71-70-73-80-79-78-81-77-90-59-0,324.07463610835686,seed606_lns_start73_random_random_best_rm6_tw15
0-21-5-75-2-1-99-100-97-92-95-98-7-3-4-89-91-88-86-84-83-82-85-76-71-70-73-80-79-81-78-77-90-94-14-0,324.3756122541584,seed604_lns_start73_mixed_random_best_rm8_tw8
0-67-63-62-74-72-61-64-66-69-68-65-49-55-57-53-56-58-60-59-54-40-44-46-45-51-50-52-47-43-42-41-77-14-28-0,324.46655260284473,seed701_explore_lns_start10_mixed_random_best_rm25_tw8
0-93-22-24-27-30-6-31-32-33-37-35-38-39-36-34-28-26-23-29-48-20-12-14-16-15-17-13-25-9-11-10-8-19-18-0,324.5859789481145,seed604_lns_start10_random_regret_rm6_tw6
0-93-22-21-27-30-6-32-37-33-31-35-38-39-36-34-28-26-23-29-24-20-18-14-12-15-17-13-25-9-11-10-8-16-19-0,325.7266420628227,seed605_lns_start73_mixed_regret_rm8_tw15
0-47-22-27-75-2-99-100-97-92-95-1-7-3-4-89-91-88-86-84-83-82-85-76-71-70-73-80-79-81-78-77-90-94-98-0,325.95237318188543,seed702_explore_lns_start88_mixed_best_rm15_tw6
0-93-22-24-27-30-12-6-32-33-35-38-39-36-34-31-52-29-23-26-28-19-16-14-15-17-13-18-9-11-10-8-21-20-0,325.99079548216787,seed603_lns_start74_mixed_best_rm5_tw12
0-31-93-75-2-1-99-100-97-92-94-95-98-7-3-4-89-91-88-84-83-82-85-76-71-70-80-79-81-78-73-77-96-90-0,326.064410480434,seed608_lns_start35_mixed_regret_rm8_tw15
0-93-22-24-27-30-29-6-32-33-35-37-38-39-36-34-28-19-18-23-26-20-48-43-21-17-13-25-9-11-10-16-14-12-0,326.2415905537422,seed602_lns_start82_late_regret_rm6_tw15
0-21-22-24-27-30-29-6-32-33-35-37-38-39-36-34-28-26-23-18-19-16-14-12-15-17-13-25-9-11-10-41-8-5-31-0,326.5868898331718,seed703_explore_lns_start24_random_random_best_rm20_tw6
0-75-22-27-30-1-99-100-97-92-95-98-7-3-4-89-91-88-86-84-83-82-85-76-71-70-73-80-79-81-78-77-90-94-2-0,326.77974554730156,seed701_explore_lns_start88_mixed_best_rm15_tw6
0-67-62-74-72-46-64-66-69-68-65-49-55-59-60-53-56-58-54-57-40-44-50-45-52-18-17-25-47-42-41-61-63-43-48-0,326.895712782417,seed701_explore_lns_start77_mixed_random_best_rm25_tw10
0-67-62-74-63-30-48-64-66-69-68-65-49-55-54-53-56-58-60-59-57-40-44-45-51-50-52-47-43-46-41-61-72-73-0,327.34763183754933,seed602_lns_start11_late_best_rm5_tw10
0-82-67-62-74-72-64-66-69-43-68-65-49-55-54-53-56-58-60-57-40-59-61-45-51-50-52-47-42-41-46-63-96-87-48-0,328.3195744971619,seed601_lns_start73_mixed_random_best_rm8_tw6
0-67-62-74-72-43-64-61-66-69-68-65-49-55-54-53-56-58-60-59-57-40-44-46-45-63-25-48-42-41-47-52-51-37-0,328.6558251281435,seed604_lns_start76_random_regret_rm6_tw15
0-20-22-24-27-30-29-6-34-33-32-35-37-38-39-36-31-28-26-23-18-19-16-14-12-15-17-13-25-9-11-10-8-5-21-48-0,328.6651626583199,seed703_explore_lns_start16_mixed_regret_rm20_tw15
0-93-22-27-30-28-6-52-32-33-31-35-37-38-39-36-34-26-23-24-29-12-14-15-19-17-13-25-9-11-10-8-18-20-0,329.76763880917105,seed701_explore_lns_start81_late_best_rm20_tw15
0-21-22-24-27-29-6-31-32-33-35-37-38-39-36-34-28-26-23-18-19-16-14-12-15-17-13-25-9-11-42-10-5-87-0,329.9723654483406,seed702_explore_lns_start25_late_best_rm25_tw10
0-93-5-21-27-30-29-6-32-33-35-37-38-39-36-34-28-26-23-18-19-16-14-12-15-17-13-25-9-11-10-41-8-24-31-0,330.9584044612111,seed702_explore_lns_start87_late_best_rm25_tw8
0-67-62-74-48-30-43-64-66-69-68-65-49-55-54-53-56-58-60-59-57-40-44-46-45-51-50-52-47-42-41-61-72-73-63-0,331.35236600110454,seed602_lns_start11_mixed_regret_rm5_tw15
0-48-67-62-74-63-64-66-69-68-65-49-55-54-53-56-58-60-59-57-40-44-46-43-61-72-81-80-79-85-96-77-52-51-0,331.3833546459853,seed602_lns_start84_late_random_best_rm6_tw10
0-46-93-75-2-1-99-100-97-92-95-98-7-3-89-4-91-86-88-84-83-82-85-81-76-71-70-73-80-79-78-77-90-94-0,331.691328816432,seed701_explore_lns_start32_random_random_best_rm20_tw12
0-67-62-74-30-64-72-66-69-68-65-49-55-54-53-56-58-60-59-57-40-44-46-45-50-52-47-48-43-42-41-61-73-63-0,333.2081153501303,seed601_lns_start11_mixed_best_rm8_tw10
0-21-22-5-75-1-99-100-97-92-94-95-3-7-89-4-91-86-88-84-83-82-85-81-76-71-70-73-80-79-90-78-77-98-2-0,333.99013143781417,seed701_explore_lns_start86_late_best_rm25_tw15
0-67-62-74-61-46-64-66-69-68-65-49-55-54-53-56-58-60-59-57-40-44-43-45-50-52-47-1-11-42-41-51-48-72-0,334.1920901449689,seed603_lns_start20_random_random_best_rm8_tw15
0-21-5-75-2-1-99-100-97-92-94-95-98-7-3-4-89-91-88-84-86-83-82-85-76-70-73-80-79-42-41-81-90-0,335.6862406581121,seed605_lns_start85_random_random_best_rm8_tw15
0-21-5-75-2-1-99-100-97-92-94-95-98-7-3-4-89-91-88-84-83-82-85-81-76-86-70-73-80-79-71-78-96-90-63-0,335.7095158562046,seed604_lns_start10_random_regret_rm6_tw6
0-93-75-2-16-1-99-100-97-92-94-98-7-3-89-4-91-86-88-84-83-82-85-81-76-71-70-73-80-79-78-96-90-95-0,336.29824207120595,seed703_explore_lns_start31_mixed_regret_rm25_tw12
0-67-62-74-90-30-64-66-69-68-65-49-55-54-53-56-58-59-57-40-44-51-52-45-60-46-50-47-43-41-48-63-72-61-0,336.65178504622276,seed602_lns_start9_late_regret_rm6_tw12
0-93-22-24-27-30-6-51-32-33-37-35-31-38-39-36-34-28-26-23-29-20-21-14-15-13-19-9-11-10-8-16-12-0,336.6694783192459,seed701_explore_lns_start77_mixed_random_best_rm25_tw10
0-67-63-62-74-54-64-66-69-68-46-65-49-55-53-56-58-60-59-57-40-44-50-45-61-70-80-72-42-41-43-47-52-48-0,339.10000510184864,seed701_explore_lns_start36_late_random_best_rm25_tw10
0-21-5-75-2-1-99-100-97-92-94-95-98-7-3-4-89-91-88-84-83-86-44-76-71-70-73-80-79-81-78-77-85-90-0,342.21158551049814,seed601_lns_start73_mixed_random_best_rm8_tw6
0-90-67-62-74-72-61-64-66-69-68-65-49-55-54-53-56-58-60-59-57-40-46-45-51-50-63-25-42-43-41-47-52-37-48-0,342.24716907897323,seed601_lns_start75_mixed_regret_rm8_tw6
0-93-75-2-1-99-100-97-92-94-95-98-7-3-4-89-91-88-84-83-82-85-81-76-71-70-73-80-79-42-78-77-96-87-90-0,344.2761358678189,seed701_explore_lns_start21_mixed_random_best_rm20_tw10
0-93-5-75-1-99-100-97-92-94-95-98-7-3-4-2-12-14-19-23-51-44-18-16-15-17-13-25-9-11-10-8-21-48-0,344.65136812796743,seed702_explore_lns_start65_mixed_random_best_rm25_tw6
0-67-61-62-74-30-47-64-66-69-68-65-49-55-54-53-56-58-60-59-57-40-44-45-50-52-43-48-11-42-41-51-46-72-0,344.82788859432105,seed607_lns_start20_late_regret_rm4_tw8
0-67-62-74-72-61-64-66-69-47-68-65-49-55-53-56-58-60-59-57-40-44-46-45-51-50-52-43-54-63-10-94-20-48-0,345.519906732153,seed701_explore_lns_start33_mixed_regret_rm25_tw12
0-67-72-62-74-30-48-64-66-69-68-65-49-55-54-53-56-58-59-57-40-44-43-45-47-52-50-51-46-42-41-61-73-63-0,345.90878750894103,seed605_lns_start11_mixed_regret_rm6_tw8
0-21-22-24-27-29-6-32-33-31-35-37-38-39-36-34-28-26-23-18-19-16-14-12-15-17-13-25-9-11-42-10-8-87-5-0,346.4812109192511,seed702_explore_lns_start32_late_random_best_rm25_tw15
0-93-22-24-27-30-29-6-32-33-35-37-38-39-36-34-28-26-23-18-43-48-20-19-15-17-16-25-11-10-8-12-14-21-0,346.50986818504094,seed608_lns_start82_late_random_best_rm6_tw8
0-22-24-27-30-29-6-32-33-35-37-38-39-36-34-28-26-23-19-18-43-48-20-15-17-25-16-9-10-8-12-14-21-0,346.6310888901248,seed603_lns_start82_late_regret_rm8_tw6
0-51-67-62-74-64-66-69-68-65-49-55-54-53-56-58-60-59-57-40-44-46-61-45-72-70-63-42-41-50-52-43-48-0,346.68822082043323,seed606_lns_start36_late_random_best_rm6_tw8
0-21-22-24-27-30-29-6-32-33-35-37-38-39-36-34-28-26-23-18-19-16-14-12-15-17-13-25-9-11-42-10-8-87-5-0,347.5640874186172,seed703_explore_lns_start32_late_random_best_rm25_tw15
0-5-75-2-1-99-100-97-92-94-95-98-7-3-4-36-89-88-84-83-82-85-76-71-70-73-80-79-81-78-77-90-96-63-0,347.64346516553604,seed701_explore_lns_start10_random_regret_rm25_tw12
0-93-5-21-27-24-29-6-33-31-35-37-38-39-36-34-28-26-23-18-19-16-14-12-15-17-13-25-9-11-10-41-8-32-20-0,347.7838227603684,seed703_explore_lns_start88_late_best_rm25_tw12
0-93-22-27-12-30-29-6-32-33-31-35-37-38-39-36-34-28-26-23-24-19-14-16-15-17-13-25-18-11-10-8-21-20-48-0,348.2435625974983,seed603_lns_start80_late_random_best_rm8_tw15
0-67-62-74-63-30-48-64-66-69-68-65-49-55-54-53-56-58-60-59-57-40-44-45-51-50-52-47-42-41-61-43-72-73-0,348.80490236643993,seed701_explore_lns_start11_mixed_random_best_rm15_tw10
0-22-75-1-99-100-97-92-94-95-98-7-3-4-89-91-88-84-82-83-86-44-76-71-70-73-80-79-81-78-77-85-90-0,349.94577230850905,seed604_lns_start86_late_random_best_rm8_tw15
0-22-24-27-30-29-6-34-32-33-35-37-38-39-36-28-26-19-12-23-44-18-16-14-15-17-13-25-9-11-10-8-21-5-0,350.0065785670987,seed702_explore_lns_start35_late_regret_rm25_tw6
0-93-75-2-1-99-100-97-92-94-95-98-7-3-4-89-91-88-86-84-83-82-85-81-76-71-70-80-79-42-78-73-96-90-0,351.6135474041609,seed701_explore_lns_start29_mixed_random_best_rm15_tw12
0-93-22-27-12-30-6-32-33-35-37-38-39-36-31-34-28-26-23-29-24-20-15-17-13-25-9-11-10-14-16-19-18-0,351.78837407091254,seed608_lns_start73_random_random_best_rm4_tw10
0-93-75-2-1-99-100-97-92-94-95-98-7-3-4-89-91-88-86-84-82-85-81-76-71-70-73-80-79-42-78-77-96-87-90-0,353.7313009979298,seed701_explore_lns_start13_mixed_regret_rm25_tw12
0-21-22-24-27-29-6-32-34-33-31-35-37-38-39-36-28-26-23-18-19-16-14-12-15-17-13-25-9-11-42-41-8-5-96-0,353.9346500646256,seed701_explore_lns_start33_mixed_regret_rm25_tw12
0-67-62-74-72-54-64-66-69-68-46-65-49-55-53-56-58-60-59-57-40-44-51-50-45-70-80-61-42-41-43-52-48-63-0,355.82596369222796,seed701_explore_lns_start38_late_best_rm20_tw6
0-47-67-62-74-72-64-66-69-68-65-49-55-54-53-56-58-60-59-57-31-40-44-46-45-51-50-52-43-42-41-61-63-48-20-0,355.99426469113035,seed604_lns_start31_mixed_best_rm6_tw15
0-5-75-2-1-99-100-97-92-94-95-98-7-3-4-89-91-90-88-84-86-83-82-76-71-70-73-80-79-42-41-37-21-87-0,356.4946691442713,seed601_lns_start79_late_best_rm8_tw12
0-93-22-20-27-30-18-6-32-33-31-35-37-38-39-36-34-28-26-23-24-48-29-19-15-17-13-25-9-11-10-8-16-14-0,357.36883734064213,seed703_explore_lns_start10_random_regret_rm20_tw6
0-93-22-27-30-50-51-6-29-33-35-38-39-36-31-32-34-28-23-26-18-19-16-14-15-17-13-12-9-11-10-8-21-24-20-0,357.8356636194923,seed607_lns_start75_mixed_random_best_rm6_tw15
0-93-22-20-27-30-26-6-50-33-35-38-39-36-31-32-34-28-23-29-24-21-12-15-17-18-13-9-11-10-8-14-16-19-0,358.8054255542111,seed604_lns_start74_random_regret_rm8_tw10
0-93-75-2-1-99-100-97-92-94-95-98-7-3-4-89-86-88-84-83-40-44-82-76-71-70-73-80-79-81-78-77-85-96-0,358.91870423354567,seed702_explore_lns_start32_mixed_best_rm25_tw15
0-67-62-74-72-54-64-66-69-68-46-65-49-55-53-56-58-60-59-57-40-44-51-45-47-70-80-61-42-41-43-52-48-63-0,359.30978381175504,seed703_explore_lns_start39_late_best_rm15_tw6
0-93-22-27-30-29-43-6-28-33-35-38-39-36-31-32-34-26-23-24-20-21-12-15-17-18-13-9-11-10-8-14-16-19-0,359.96705921796337,seed605_lns_start74_random_regret_rm8_tw8
0-20-22-24-27-29-6-32-33-31-35-37-38-39-36-34-28-26-23-18-19-16-14-12-15-17-13-25-9-11-42-10-8-87-21-0,360.3032022394652,seed701_explore_lns_start33_mixed_best_rm20_tw12
0-93-22-27-30-28-34-6-32-33-37-35-38-39-36-26-18-16-14-23-29-24-48-20-15-17-13-25-9-11-10-8-19-21-0,360.6236040778512,seed702_explore_lns_start82_late_regret_rm20_tw12
0-93-75-2-1-98-99-100-97-94-95-3-7-89-4-91-86-88-84-83-82-85-81-76-71-70-73-80-79-42-78-77-96-87-90-0,360.63188299392414,seed602_lns_start12_late_regret_rm6_tw12
0-93-22-27-30-29-6-51-28-33-35-38-39-36-31-32-34-26-23-24-20-21-12-15-17-18-13-9-11-10-8-14-16-19-0,360.634970997508,seed604_lns_start75_mixed_best_rm8_tw10
0-93-22-27-30-29-6-26-28-33-34-35-38-39-36-31-32-37-23-24-20-12-15-19-17-13-25-9-11-10-8-16-14-0,361.168332438181,seed701_explore_lns_start73_mixed_regret_rm15_tw10
0-20-22-24-27-30-29-6-32-33-31-35-37-38-39-36-34-28-26-23-18-19-16-14-12-15-17-13-25-9-11-10-5-8-21-47-0,361.50970516204814,seed703_explore_lns_start17_random_regret_rm20_tw6
0-93-22-27-14-30-6-31-32-33-37-35-38-39-36-34-28-26-23-20-24-29-15-17-13-25-9-11-10-8-12-19-18-0,361.8100770005769,seed605_lns_start73_random_regret_rm6_tw6
0-21-22-24-27-29-6-32-33-31-35-37-38-39-36-34-28-26-23-19-44-12-14-16-15-17-13-25-9-11-10-8-18-5-0,362.358196561438,seed701_explore_lns_start25_late_random_best_rm25_tw10
0-67-62-74-94-61-64-66-69-68-65-49-55-54-53-56-58-60-59-57-40-44-45-50-52-47-43-48-11-42-41-51-46-72-0,362.4359656404211,seed607_lns_start20_mixed_regret_rm6_tw8
0-93-14-2-1-99-100-97-92-94-95-98-7-3-89-4-91-86-88-84-82-85-81-76-71-70-80-79-96-78-73-77-83-75-0,362.4420071015503,seed703_explore_lns_start35_mixed_regret_rm20_tw12
0-22-24-27-30-29-6-34-32-33-35-37-38-39-36-28-26-19-18-23-44-12-14-16-15-17-13-25-9-11-10-8-21-31-0,362.57837909130643,seed703_explore_lns_start28_late_random_best_rm20_tw10
0-67-63-62-74-94-64-66-69-68-65-49-55-54-53-56-58-60-59-57-40-44-46-45-50-52-47-48-43-42-51-61-72-96-87-0,362.6635434670456,seed603_lns_start73_random_random_best_rm8_tw12
0-67-63-62-74-72-61-64-66-69-68-65-49-55-57-53-56-58-60-59-54-40-44-46-45-15-31-50-51-42-41-52-47-87-96-0,363.0276278766298,seed602_lns_start82_late_regret_rm6_tw15
0-67-62-74-90-30-64-66-69-68-65-49-55-54-53-56-58-59-50-52-40-44-45-60-57-46-51-47-42-43-48-63-72-61-0,363.7652993611121,seed602_lns_start9_late_regret_rm8_tw15
0-93-5-75-2-1-99-100-97-92-94-95-98-7-3-4-89-91-88-86-84-83-82-85-76-71-70-73-80-79-81-78-77-90-96-63-0,367.8268763058012,seed601_lns_start20_late_best_rm4_tw6
0-93-75-2-1-99-100-97-92-94-95-98-7-3-4-89-91-88-84-83-82-85-81-76-71-70-73-80-79-42-78-77-86-87-90-0,367.912007141854,seed702_explore_lns_start14_mixed_random_best_rm25_tw15
0-93-5-75-1-99-100-97-92-94-95-98-7-3-4-2-12-14-16-23-40-44-18-19-15-17-13-25-9-11-10-8-51-48-0,368.6240545245064,seed702_explore_lns_start41_mixed_best_rm25_tw10
0-93-75-2-1-99-100-97-94-95-98-7-3-89-4-91-86-88-84-83-82-85-81-76-71-70-73-80-79-41-78-77-96-87-90-0,369.65286940296085,seed602_lns_start14_late_regret_rm8_tw15
0-5-75-2-1-98-99-100-97-92-94-3-7-89-4-91-58-88-84-86-83-82-81-76-70-71-73-80-79-85-78-77-87-96-0,369.9694715561278,seed603_lns_start77_mixed_regret_rm8_tw10
0-93-75-2-1-99-100-97-92-94-95-98-7-3-4-89-91-88-84-83-82-85-81-76-71-70-73-80-79-42-78-77-86-87-96-0,370.7924535907414,seed606_lns_start17_late_regret_rm8_tw10
0-90-67-62-74-97-64-66-69-68-65-49-55-54-53-56-58-59-57-40-44-51-52-45-60-46-50-47-43-41-48-63-72-61-0,372.9654159668002,seed603_lns_start40_late_best_rm5_tw10
0-93-5-21-20-24-29-6-32-33-35-37-38-39-36-34-28-26-23-18-19-16-14-12-15-17-13-25-9-11-42-10-8-31-0,373.1904019241717,seed602_lns_start89_late_regret_rm6_tw8
0-22-93-90-27-30-29-6-33-35-37-38-39-36-31-32-34-28-23-26-18-19-16-14-15-17-13-12-9-11-10-8-21-24-20-0,374.4901981322542,seed603_lns_start77_mixed_regret_rm8_tw10
0-22-67-62-74-48-64-66-69-68-65-49-55-54-53-56-58-60-59-57-40-44-46-45-51-50-52-47-43-42-41-61-72-96-87-63-0,374.87351272938736,seed605_lns_start88_late_regret_rm6_tw10
0-48-67-63-74-72-64-66-69-50-68-65-49-55-54-53-56-58-60-59-57-40-44-51-45-52-47-43-46-61-71-78-77-96-87-0,375.3367821487511,seed605_lns_start85_mixed_best_rm6_tw15
0-93-67-62-74-72-64-6-66-69-68-65-49-55-54-53-56-58-60-59-57-40-44-46-45-51-50-43-81-85-78-77-96-61-63-0,376.2877767667582,seed601_lns_start79_late_best_rm8_tw12
0-93-75-2-1-99-100-97-92-94-95-98-38-89-4-3-7-88-84-91-83-82-85-76-71-70-80-73-79-81-78-77-96-90-0,379.9947728630598,seed703_explore_lns_start17_mixed_regret_rm20_tw15
0-20-67-62-74-61-60-64-66-69-68-65-49-55-54-53-56-58-59-57-40-44-51-50-45-46-72-43-47-42-41-52-96-87-48-0,380.65236800470234,seed702_explore_lns_start73_random_best_rm20_tw15
0-93-75-2-1-99-100-97-92-94-95-98-7-3-4-89-91-88-84-83-82-85-81-76-71-70-73-80-79-42-78-77-96-86-90-0,381.73146688671,seed601_lns_start23_late_regret_rm5_tw12
0-21-22-24-27-30-29-6-32-33-35-37-38-39-36-28-26-18-16-23-40-31-14-15-19-17-13-25-9-11-10-8-87-0,382.0273402376516,seed701_explore_lns_start22_late_regret_rm20_tw10
0-21-22-24-27-30-29-6-34-32-35-37-38-39-36-28-26-18-23-19-16-14-12-45-15-17-13-25-9-11-10-8-5-31-0,382.430720344022,seed702_explore_lns_start28_late_regret_rm20_tw15
0-67-62-74-30-64-66-69-68-35-65-49-55-53-56-58-60-59-54-57-44-46-45-51-50-52-47-42-41-43-48-61-72-63-0,383.2604092882378,seed608_lns_start19_late_regret_rm4_tw15
0-20-22-24-27-29-6-32-33-92-34-37-38-39-36-28-26-23-18-19-16-14-12-15-17-13-25-9-11-10-5-8-21-31-0,384.32160779986157,seed602_lns_start14_late_regret_rm8_tw15
0-22-86-2-1-97-99-100-92-94-95-98-7-3-4-89-91-88-84-83-82-85-81-76-71-70-73-80-79-41-78-77-90-75-0,385.3246874802099,seed603_lns_start88_late_best_rm6_tw15
0-67-62-74-57-64-66-69-50-68-65-49-55-54-53-56-58-60-59-40-44-46-51-45-43-70-72-42-41-61-63-47-48-0,385.4285514257983,seed601_lns_start37_late_best_rm5_tw15
0-93-75-2-1-99-100-97-92-94-95-98-7-3-4-89-91-88-84-82-83-90-45-76-73-70-71-9-11-10-8-5-86-0,386.2828590153554,seed601_lns_start84_late_best_rm8_tw8
0-20-24-27-30-29-6-32-33-92-35-37-38-39-36-34-28-26-23-18-19-16-14-12-15-17-13-25-9-11-10-8-21-31-0,388.21168606794214,seed702_explore_lns_start9_late_regret_rm25_tw8
0-67-63-62-74-96-64-6-66-69-68-65-49-55-54-53-56-58-60-59-40-44-51-50-43-46-61-72-85-78-81-77-87-57-0,389.15562695239646,seed606_lns_start79_late_best_rm8_tw15
0-20-22-24-27-29-6-32-33-92-35-38-39-37-36-34-28-26-23-18-19-16-14-12-15-17-13-25-9-11-10-8-21-31-0,389.464807675497,seed602_lns_start9_late_regret_rm3_tw10
0-48-67-62-74-72-61-64-66-69-68-65-49-55-53-56-58-60-59-47-40-44-54-46-45-63-25-52-50-42-41-57-51-37-0,389.8162185990579,seed605_lns_start74_random_regret_rm8_tw8
0-21-22-24-27-30-29-6-32-33-35-37-38-39-36-34-28-26-23-18-19-16-12-45-15-17-13-25-9-11-10-8-31-87-0,389.97411059497415,seed701_explore_lns_start32_late_regret_rm25_tw6
0-20-22-24-27-29-6-32-33-92-35-38-39-37-36-34-28-26-23-18-19-16-14-12-15-17-13-25-9-11-10-8-21-87-0,390.00482600304645,seed606_lns_start9_mixed_regret_rm8_tw6
0-67-62-74-57-64-66-69-50-68-65-49-55-54-53-56-58-60-59-40-44-46-51-45-43-70-72-63-42-41-61-47-52-0,392.1900250659437,seed603_lns_start37_late_random_best_rm5_tw12
0-93-22-27-30-29-6-12-33-31-35-37-38-39-36-32-34-28-26-48-20-14-16-15-19-17-13-25-9-11-18-24-21-0,393.77067623781176,seed605_lns_start80_late_regret_rm6_tw10
0-21-22-24-27-30-29-6-33-92-35-37-38-39-36-34-28-26-23-18-19-16-14-12-15-17-13-25-9-11-10-8-32-31-0,394.4570774731292,seed702_explore_lns_start31_late_best_rm20_tw6
0-93-22-27-30-29-6-33-92-35-38-39-36-31-32-34-28-23-26-19-12-14-15-17-13-18-9-11-10-8-21-24-20-0,394.80757780440575,seed601_lns_start75_random_random_best_rm6_tw10
0-93-22-27-30-28-6-12-33-31-35-37-38-39-36-34-32-48-20-24-29-19-14-16-15-17-13-25-9-11-10-18-26-21-0,395.55662925787163,seed601_lns_start80_late_regret_rm5_tw8
0-93-5-21-27-30-29-6-32-33-35-37-38-39-36-34-28-26-23-18-19-16-14-12-15-17-13-25-9-42-11-10-8-24-31-0,396.10369891392804,seed702_explore_lns_start89_late_best_rm25_tw6
0-67-62-74-63-30-24-66-69-68-65-49-55-59-60-53-56-58-61-46-40-44-51-45-57-54-73-42-41-50-52-47-43-48-0,397.2760929113933,seed701_explore_lns_start11_late_random_best_rm25_tw10
0-90-67-62-74-97-64-66-69-68-65-49-55-54-53-56-58-59-50-52-40-44-45-60-57-46-51-47-42-43-48-63-72-61-0,400.07893028168957,seed601_lns_start40_late_random_best_rm5_tw10
0-22-75-2-1-99-100-97-92-94-95-98-7-3-4-89-91-88-86-84-83-82-85-81-76-71-70-80-79-41-78-73-90-52-0,400.11304408183804,seed701_explore_lns_start88_mixed_best_rm20_tw8
0-93-5-75-2-1-99-100-97-92-94-95-98-7-3-4-89-91-88-84-83-86-90-45-76-73-70-71-9-11-10-8-82-87-0,401.6651099170858,seed602_lns_start84_late_random_best_rm6_tw10
0-93-22-27-30-28-6-12-33-31-35-37-38-39-36-34-32-48-20-24-29-19-14-16-15-17-13-25-9-10-8-18-26-21-0,401.9063063989621,seed605_lns_start80_late_random_best_rm5_tw12
0-67-62-74-61-54-64-66-69-68-65-49-55-57-53-56-58-59-37-40-44-60-46-45-72-63-25-43-42-41-47-52-48-0,405.2642089636729,seed607_lns_start75_mixed_random_best_rm6_tw15
0-67-62-74-16-64-61-66-69-68-65-49-55-54-53-56-58-60-59-57-40-44-72-45-50-47-43-96-42-41-48-51-46-63-0,405.75755661915434,seed701_explore_lns_start81_late_best_rm20_tw15
0-20-22-24-27-30-29-6-32-33-35-37-38-39-36-34-28-26-23-18-19-16-14-12-15-17-13-25-9-42-11-10-8-5-31-0,409.90903302195244,seed701_explore_lns_start19_random_best_rm25_tw10
0-67-62-74-72-61-64-66-69-68-65-49-55-57-59-53-56-58-60-54-40-44-46-45-51-50-52-47-43-42-41-10-8-87-96-63-0,410.3912646032618,seed605_lns_start80_late_regret_rm6_tw10
0-93-18-21-20-24-29-6-32-33-35-37-38-39-36-34-28-26-23-19-16-14-12-45-15-17-13-25-9-11-10-8-5-31-0,411.2464411007156,seed601_lns_start89_late_random_best_rm5_tw10
0-22-67-62-74-72-64-66-63-69-68-65-49-55-54-53-56-58-60-59-40-44-51-50-45-43-46-57-61-96-78-81-77-87-85-0,411.2473040069944,seed608_lns_start79_mixed_random_best_rm8_tw12
0-21-22-24-27-30-29-6-32-33-35-37-38-39-36-34-28-26-23-18-19-16-14-12-15-17-13-25-9-11-42-10-8-5-31-0,411.8307788936095,seed702_explore_lns_start22_late_best_rm20_tw15
0-67-62-74-46-64-66-69-68-65-49-55-54-53-56-58-60-59-57-40-44-50-52-45-61-72-43-80-97-63-51-47-48-0,412.09008494163083,seed608_lns_start40_late_random_best_rm8_tw15
0-67-63-62-74-59-64-66-69-68-51-65-49-55-53-56-58-60-57-46-40-44-50-45-61-70-80-54-42-41-43-47-48-72-0,414.04555114665874,seed702_explore_lns_start39_late_random_best_rm15_tw15
0-67-62-74-30-64-66-69-68-35-65-49-55-53-56-58-60-59-54-40-44-57-45-51-46-50-52-47-43-41-48-61-72-63-0,414.219505103793,seed605_lns_start15_late_regret_rm8_tw12
0-67-62-74-30-64-66-69-68-35-65-49-55-53-56-58-59-54-57-40-44-60-45-51-50-52-47-43-42-46-61-72-63-48-0,416.27928403725423,seed602_lns_start14_late_regret_rm8_tw15
0-67-62-74-30-64-66-69-68-35-65-49-55-53-56-58-60-59-54-40-57-46-45-50-52-47-48-43-42-41-51-63-72-61-0,416.3736338283598,seed603_lns_start16_late_regret_rm5_tw15
0-93-5-75-2-1-99-100-92-94-95-98-7-3-4-89-91-88-86-84-83-82-85-81-76-71-70-73-79-41-78-77-90-87-96-0,418.7126270388468,seed608_lns_start40_late_random_best_rm8_tw15
0-5-75-2-1-99-100-97-92-94-95-98-7-3-4-89-91-88-84-23-86-83-82-76-71-70-73-80-79-90-78-77-85-81-0,432.7208610957447,seed601_lns_start80_late_regret_rm5_tw8
0-20-22-24-27-29-6-32-33-92-34-37-38-39-36-31-28-26-23-18-19-16-14-12-15-17-13-25-9-11-10-8-21-87-0,435.12396296762734,seed603_lns_start20_late_regret_rm5_tw8
0-48-67-62-74-72-61-64-66-69-68-65-49-55-53-56-58-60-59-54-57-40-44-46-51-52-43-81-80-79-85-96-77-63-87-0,435.5023167935875,seed601_lns_start84_late_best_rm8_tw8
0-93-5-75-2-1-99-100-97-94-95-98-7-3-4-89-91-88-86-84-83-82-85-76-71-70-73-80-79-81-78-41-77-87-96-0,437.11197042982303,seed602_lns_start9_late_regret_rm8_tw15
0-21-5-75-2-1-99-100-97-92-94-95-98-7-3-4-89-91-88-84-83-82-85-81-76-71-70-80-79-9-78-73-86-90-0,437.85930593216824,seed602_lns_start81_late_regret_rm5_tw12
0-93-75-2-1-99-100-97-92-94-95-98-7-3-4-89-91-88-86-84-83-82-85-76-71-70-73-80-79-81-78-41-77-96-90-0,447.87805186649007,seed601_lns_start35_late_regret_rm6_tw12
0-93-75-2-1-99-100-97-92-94-95-98-7-3-89-4-91-86-88-84-90-40-44-76-73-70-71-5-9-11-10-8-83-82-0,452.8799242314395,seed602_lns_start84_late_regret_rm4_tw8
0-93-75-2-1-99-100-97-94-95-98-7-3-89-4-91-86-88-84-82-83-44-81-76-71-70-73-80-79-85-78-77-96-87-90-0,456.410713003956,seed604_lns_start12_late_regret_rm5_tw8
0-93-5-75-2-1-99-100-97-92-94-95-98-7-3-4-89-91-88-84-86-83-82-85-76-71-70-81-80-79-78-41-77-96-90-0,457.5151627963185,seed601_lns_start11_late_random_best_rm8_tw15
0-93-75-2-1-99-100-97-92-94-95-98-7-3-4-89-91-88-86-84-83-82-85-81-76-71-70-80-79-42-78-77-96-90-5-0,457.5709685996255,seed603_lns_start11_late_best_rm8_tw8
0-31-93-75-2-1-99-100-97-92-95-98-7-3-4-89-91-88-86-84-83-82-85-76-71-70-73-80-79-81-78-77-90-94-21-0,458.5824403154118,seed701_explore_lns_start26_mixed_random_best_rm25_tw6
0-67-62-74-27-30-47-64-66-69-68-65-49-55-54-53-56-58-60-59-40-44-57-46-45-50-43-61-72-42-41-63-96-87-48-0,458.8303915871122,seed701_explore_lns_start88_mixed_best_rm20_tw12
0-67-62-74-72-61-64-66-69-68-65-49-55-54-53-56-58-60-59-57-40-44-46-43-45-90-70-51-50-42-41-47-52-48-63-0,459.8063221340279,seed604_lns_start37_late_random_best_rm8_tw6
0-93-5-2-1-99-100-97-94-95-98-7-3-89-4-91-86-88-84-83-82-85-81-76-71-70-73-80-79-42-78-77-96-87-75-0,460.55085171730826,seed602_lns_start9_late_regret_rm6_tw12
0-93-75-2-1-99-100-97-92-33-98-95-94-7-4-3-91-88-84-86-83-82-85-76-71-70-80-73-79-81-78-77-96-90-0,461.7549256342953,seed703_explore_lns_start25_mixed_regret_rm20_tw10
0-93-75-2-1-99-100-97-92-94-95-98-7-3-4-89-91-88-86-84-83-82-81-76-45-70-71-80-79-73-78-77-96-90-0,461.7590108415736,seed601_lns_start29_random_regret_rm8_tw10
0-67-62-74-27-30-48-64-66-69-68-65-49-55-54-53-56-58-60-59-57-40-44-46-45-51-50-52-47-43-42-41-61-72-96-63-0,464.28399508459984,seed602_lns_start87_late_best_rm8_tw12
0-43-67-62-74-61-64-66-69-68-65-49-55-54-53-56-58-60-59-57-40-44-51-52-45-46-81-80-79-72-78-85-96-63-48-0,467.00356601957606,seed608_lns_start84_late_regret_rm6_tw12
0-20-22-27-30-99-6-26-33-35-37-38-39-36-31-32-34-28-23-29-24-12-14-15-17-13-25-9-11-10-8-16-19-18-0,471.58964039883233,seed607_lns_start73_random_random_best_rm8_tw12
0-21-5-75-2-1-99-100-97-92-94-95-98-7-3-4-89-91-88-84-86-83-82-85-76-71-70-73-80-79-41-78-81-87-90-0,472.95356058977364,seed602_lns_start81_mixed_random_best_rm8_tw10
0-7-67-62-74-48-64-66-69-68-65-49-55-54-53-56-58-60-59-57-40-44-46-45-51-50-52-47-43-42-41-61-72-96-87-63-0,485.424923269499,seed603_lns_start73_random_random_best_rm8_tw10
0-93-22-24-27-30-29-34-33-32-31-35-38-39-36-28-26-18-23-19-16-14-12-45-15-17-13-25-9-11-10-8-52-47-48-0,488.0580445044793,seed606_lns_start79_late_best_rm8_tw15
0-21-22-24-27-30-29-6-32-33-35-37-38-39-36-34-28-26-23-18-19-16-14-12-15-17-13-25-9-11-10-41-31-5-87-0,488.951774522447,seed701_explore_lns_start21_late_best_rm20_tw12
0-93-22-27-12-30-29-6-32-33-31-35-37-38-39-36-34-28-26-23-24-18-16-14-15-17-13-25-9-11-10-19-21-20-48-0,496.9338372213501,seed607_lns_start80_late_random_best_rm4_tw15
0-93-22-27-30-29-6-32-33-92-35-38-39-36-31-52-34-23-26-28-19-12-14-15-17-13-18-9-11-10-8-21-24-20-0,498.32784321467454,seed603_lns_start75_mixed_random_best_rm5_tw12
0-20-22-24-27-30-29-6-32-33-35-37-38-39-36-34-28-26-23-18-19-16-14-12-15-17-13-25-47-42-41-78-50-31-21-0,500.42723567484063,seed601_lns_start84_late_best_rm8_tw8
0-83-67-62-74-48-64-66-69-68-65-49-55-54-53-56-58-60-59-57-40-44-46-45-51-50-52-47-43-42-41-61-72-96-87-63-0,504.20375497849045,seed608_lns_start73_random_random_best_rm4_tw10
0-48-67-62-74-46-64-66-69-68-65-49-55-54-53-56-58-60-59-57-40-44-51-52-61-72-96-81-80-79-85-78-63-87-43-0,504.51623498819686,seed608_lns_start84_late_random_best_rm5_tw6
0-67-62-74-30-64-66-69-68-35-65-49-55-53-56-58-60-59-54-40-57-44-45-47-52-50-46-42-41-51-43-48-61-72-0,506.92955572570713,seed603_lns_start20_late_regret_rm5_tw8
0-93-75-2-1-99-100-97-92-94-95-98-7-3-4-89-91-88-86-84-83-82-85-81-76-71-70-73-79-42-41-78-77-96-90-0,518.7928286350162,seed604_lns_start35_late_random_best_rm8_tw12
0-93-22-24-27-30-29-6-32-33-31-35-37-38-39-36-28-26-23-20-52-18-19-14-16-15-17-13-25-9-11-10-8-12-34-0,522.7398344877724,seed602_lns_start81_mixed_random_best_rm8_tw10
0-95-67-62-74-64-66-69-47-68-65-49-55-54-53-56-60-57-43-40-44-59-45-51-50-52-25-48-42-41-46-63-72-61-0,523.1357359545897,seed603_lns_start77_mixed_regret_rm8_tw10
0-93-22-62-27-30-6-32-37-33-31-35-38-39-36-34-28-26-23-29-24-20-18-19-15-17-13-25-9-11-10-8-12-14-16-0,528.2433192688898,seed605_lns_start85_mixed_best_rm6_tw15
0-22-24-27-30-29-6-34-33-69-32-35-38-39-36-37-28-26-23-18-19-16-14-12-15-17-13-25-9-11-10-8-5-21-31-0,529.3858260215045,seed701_explore_lns_start14_late_random_best_rm25_tw8
0-67-62-74-48-30-43-64-66-69-68-65-49-55-54-53-56-58-60-59-57-40-44-46-45-51-50-52-47-42-41-61-72-96-87-63-0,541.2019810261513,seed607_lns_start86_mixed_best_rm8_tw12
0-93-86-2-1-97-99-100-92-94-95-98-7-3-4-89-91-88-90-84-83-82-76-71-70-73-80-79-9-11-10-8-5-75-0,546.7431810767091,seed606_lns_start84_late_best_rm8_tw10
0-93-22-27-30-28-6-12-33-31-35-37-38-39-36-34-32-48-20-24-29-19-16-15-17-13-25-9-14-11-8-18-26-21-0,556.0708161097373,seed607_lns_start80_late_best_rm5_tw8
0-93-5-21-20-24-29-6-32-33-35-37-38-39-36-34-28-26-23-18-19-16-14-12-15-17-13-25-9-11-10-41-8-1-31-0,563.792568537436,seed605_lns_start89_late_regret_rm8_tw10
0-93-75-2-1-99-100-97-92-94-95-98-7-3-89-4-91-86-88-84-83-82-85-81-76-71-70-73-80-79-41-78-77-87-96-0,568.5913150229629,seed603_lns_start13_late_regret_rm8_tw15
0-93-5-75-2-1-99-100-97-92-94-95-98-7-3-4-89-91-88-84-83-82-85-81-76-71-70-73-80-79-11-78-77-86-90-0,570.2357071028423,seed603_lns_start82_late_regret_rm8_tw6
0-5-75-2-1-99-100-97-92-94-95-98-7-3-4-89-91-88-84-82-83-86-44-76-71-70-73-80-79-85-78-77-81-87-96-0,580.2459435103398,seed601_lns_start75_mixed_regret_rm8_tw6
0-67-62-74-27-30-48-64-66-69-68-65-49-55-54-53-56-58-60-59-57-40-44-46-45-51-47-50-52-43-41-61-72-96-87-63-0,590.2605635778575,seed603_lns_start86_late_best_rm6_tw12
0-5-75-2-1-99-100-97-92-94-95-98-7-3-4-89-91-88-86-84-83-82-85-81-76-70-13-80-79-78-77-73-71-90-0,590.5249705004178,seed608_lns_start82_late_random_best_rm6_tw8
0-67-62-74-27-30-43-64-66-69-68-65-49-55-54-53-56-58-60-59-57-40-44-46-51-50-52-47-48-42-41-61-72-96-87-63-0,610.6943045157477,seed601_lns_start89_late_random_best_rm5_tw10
0-93-75-2-1-99-100-97-92-94-95-98-7-3-4-89-91-88-84-82-83-86-44-76-71-70-73-80-79-85-78-77-81-96-90-0,610.8966103758513,seed601_lns_start32_late_regret_rm6_tw15
0-93-75-2-1-99-100-97-94-95-98-7-3-89-4-91-86-88-84-83-82-40-81-76-73-70-85-80-79-71-78-77-96-87-90-0,613.5820287945078,seed608_lns_start19_late_regret_rm4_tw15
0-93-75-2-1-99-100-97-92-94-95-98-7-3-4-89-91-88-84-90-83-82-44-76-73-70-71-9-11-10-8-5-86-87-0,620.9873623118544,seed602_lns_start84_late_best_rm8_tw12
0-90-67-62-74-61-64-66-69-68-51-65-49-55-54-53-56-58-57-46-40-44-50-47-45-48-70-72-42-41-60-59-43-63-0,621.5001976251938,seed604_lns_start37_late_best_rm8_tw15
0-67-63-62-74-59-64-66-69-68-51-65-49-55-54-53-56-58-60-40-44-46-43-45-90-70-72-57-42-41-61-47-52-48-0,626.6651235134532,seed601_lns_start36_late_random_best_rm8_tw12
0-67-62-74-27-30-64-66-69-68-65-49-55-54-53-56-58-60-59-40-46-51-50-45-43-48-63-96-72-42-41-61-57-52-47-0,634.1827088322502,seed604_lns_start86_late_random_best_rm8_tw15
0-21-5-75-2-1-99-100-97-92-94-95-98-7-3-4-89-91-88-84-86-83-82-85-76-71-70-80-79-42-78-77-81-73-90-0,634.8111457947741,seed605_lns_start73_mixed_random_best_rm8_tw6
0-67-62-74-27-30-48-64-66-69-68-65-49-55-54-53-56-58-60-59-57-40-44-46-45-50-43-63-96-72-41-61-87-51-52-0,634.9847764134087,seed601_lns_start89_mixed_random_best_rm6_tw8
0-67-62-74-27-30-64-66-69-68-65-49-55-54-53-56-58-60-59-57-40-44-50-45-46-51-52-47-43-42-41-61-72-96-87-63-0,652.87241087114,seed608_lns_start87_mixed_regret_rm6_tw15
0-22-75-2-1-99-100-97-92-94-95-98-7-3-4-89-91-88-86-84-83-82-85-81-76-71-70-73-80-79-78-41-77-87-90-0,660.4898130286973,seed603_lns_start86_late_random_best_rm8_tw10
0-67-62-74-27-30-64-61-66-69-68-65-49-55-54-53-56-58-60-59-57-40-44-51-45-50-52-47-43-42-41-48-72-96-87-63-0,666.4716226326855,seed603_lns_start87_mixed_regret_rm8_tw8
0-67-63-62-74-60-64-66-69-50-68-65-49-55-53-56-58-57-51-46-40-44-52-45-72-70-80-61-42-41-54-59-47-43-0,667.0348111881881,seed602_lns_start36_late_random_best_rm5_tw6
0-67-62-74-27-30-48-64-66-69-68-65-49-55-54-53-56-58-60-59-57-40-44-46-45-50-52-47-51-42-43-63-96-87-72-61-0,677.4989966792778,seed601_lns_start87_late_best_rm6_tw8
0-93-5-75-2-1-99-100-97-92-95-98-7-3-89-91-4-86-88-84-83-82-85-81-76-70-71-90-80-79-73-78-77-96-63-0,700.8168028369075,seed607_lns_start20_mixed_regret_rm6_tw8
0-93-75-2-1-99-100-97-92-94-95-98-7-3-4-89-91-88-86-84-83-82-85-76-71-70-73-80-79-81-78-77-8-90-87-96-0,704.9603246355875,seed604_lns_start15_mixed_best_rm8_tw12
0-5-75-2-1-99-100-97-92-94-95-98-7-3-4-89-91-88-86-84-83-82-85-76-71-70-73-80-79-81-78-77-8-90-87-96-0,707.2310862289098,seed608_lns_start75_late_best_rm8_tw12
0-20-22-24-27-29-6-32-33-92-35-38-39-37-36-34-28-26-23-18-19-16-14-12-15-17-13-25-9-10-8-21-87-31-0,716.9160056361189,seed607_lns_start20_late_regret_rm4_tw8
0-93-22-27-30-26-28-6-33-12-35-38-39-36-31-32-37-34-23-29-24-48-14-15-17-13-25-9-10-8-16-19-18-20-0,721.0376796940716,seed608_lns_start10_mixed_regret_rm6_tw6
0-93-22-27-30-28-6-12-33-26-35-38-39-36-31-32-37-34-23-21-19-16-14-15-17-13-25-18-11-10-24-20-29-48-0,721.9545593408108,seed607_lns_start80_late_random_best_rm5_tw10
0-20-22-24-27-30-29-6-32-33-35-37-38-39-36-34-28-26-23-19-16-14-12-45-15-17-13-25-9-11-10-8-21-18-31-0,743.766387932748,seed602_lns_start40_late_best_rm6_tw6
0-93-22-27-12-30-29-6-32-33-31-35-37-38-39-36-34-28-26-23-24-19-14-16-15-17-13-9-25-11-18-8-21-20-48-0,746.0717254016017,seed603_lns_start80_late_best_rm4_tw8
0-93-5-75-2-1-99-100-97-92-94-95-98-7-3-4-89-91-88-84-86-40-83-81-76-71-70-80-79-78-85-77-82-90-96-0,776.8690666844878,seed608_lns_start11_late_random_best_rm8_tw6
0-67-62-74-1-75-64-66-69-68-65-49-55-54-53-56-58-60-59-57-40-44-46-45-50-52-47-51-42-43-48-63-96-87-72-61-0,800.3118382523959,seed608_lns_start89_late_regret_rm8_tw15
0-93-75-2-1-99-100-97-92-94-95-98-7-3-4-89-91-88-84-86-40-83-82-85-76-70-73-80-79-71-78-77-81-96-90-0,807.8711023956721,seed603_lns_start22_late_regret_rm5_tw12
0-20-22-24-27-30-29-6-32-33-35-37-38-39-36-34-28-26-23-18-19-16-14-12-15-17-13-25-9-11-10-41-8-5-21-31-0,864.2373064207691,seed601_lns_start15_late_best_rm5_tw15
0-93-75-2-1-99-100-97-92-94-95-98-7-3-4-89-91-88-86-84-83-82-85-76-45-70-73-80-79-71-78-77-81-96-90-0,931.8688045316095,seed604_lns_start28_late_regret_rm6_tw8
0-20-22-24-27-30-29-6-32-33-35-37-38-39-36-34-28-26-23-18-19-16-14-12-15-17-13-25-9-11-42-10-8-5-21-31-0,949.4811954812067,seed604_lns_start15_late_random_best_rm8_tw6
