route,score,source
0-39-36-62-63-33-30-28-27-29-31-67-41-38-40-44-61-8-7-10-53-6-46-4-3-1-43-35-37-54-68-55-70-13-48-0,714.2227083065129,seed702_explore_guarded
0-65-63-33-28-27-29-62-67-38-36-40-44-41-61-6-8-3-46-7-53-10-66-56-68-54-37-35-43-1-4-60-13-24-25-48-0,760.6556164441098,seed702_explore_guarded
0-63-33-31-29-27-28-30-62-67-61-41-38-40-44-3-46-8-7-6-10-53-68-54-37-35-43-70-1-4-60-17-13-24-48-25-0,765.8365338262586,seed702_explore_guarded
0-63-33-62-31-29-27-28-30-67-64-61-41-38-40-44-3-46-8-7-6-53-55-68-54-37-35-43-70-1-4-60-13-58-24-25-48-0,792.3416171576688,seed701_explore_guarded
0-39-36-42-5-45-2-69-12-14-47-16-15-11-53-64-62-67-51-18-49-20-9-10-66-56-50-34-26-32-4-1-0,856.579210793889,seed702_explore_guarded
0-39-36-42-5-45-2-69-65-12-14-47-16-15-11-9-52-23-21-18-19-49-22-51-67-34-26-32-50-56-66-54-68-55-0,1022.4226665641528,seed702_explore_guarded
0-63-33-28-27-31-62-64-67-38-36-40-44-41-61-7-8-3-46-6-53-50-32-26-34-37-35-43-54-68-70-4-60-17-58-0,1030.731061714649,seed701_explore_guarded
0-65-33-63-23-21-30-28-27-29-31-38-40-44-41-61-53-10-7-8-6-46-4-3-1-43-35-37-54-68-70-55-60-24-48-25-0,1055.6067928734274,seed702_explore_guarded
0-63-33-62-31-29-27-28-30-38-36-40-44-41-61-6-3-46-8-7-53-10-66-54-37-35-43-68-55-70-1-4-60-17-58-25-48-0,1066.9805220481644,seed702_explore_guarded
0-65-33-62-31-29-27-28-30-63-21-23-52-53-61-44-41-38-40-7-8-6-46-4-3-43-35-37-54-68-70-55-60-17-25-48-0,1098.9130796338168,seed701_explore_guarded
0-65-63-33-28-27-29-31-36-38-44-61-64-57-53-6-7-8-46-40-37-41-43-3-4-55-60-10-17-13-66-24-48-25-58-0,1114.5373051920114,seed701_explore_guarded
0-65-36-31-27-28-30-33-63-21-23-52-53-61-44-40-38-41-7-8-6-46-4-3-1-43-35-37-54-68-70-55-60-17-58-25-48-0,1431.5350207715192,seed702_explore_guarded
0-31-29-33-64-61-44-40-38-41-67-22-10-53-7-6-8-3-46-43-37-35-54-68-55-1-4-70-60-58-25-0,1441.1952528419433,seed701_explore_lns_start12_mixed_best_rm25_tw15
0-42-5-45-2-69-65-59-11-12-14-47-16-15-9-52-57-64-19-21-23-18-49-22-51-32-26-34-50-56-66-20-24-25-58-17-60-0,1502.4741368675827,seed702_explore_guarded
0-65-36-31-27-28-33-63-62-67-64-52-53-61-44-40-38-41-7-8-6-46-4-3-1-43-35-37-54-68-70-55-60-17-13-58-25-0,1525.0307774812368,seed701_explore_guarded
0-33-28-31-62-64-67-38-36-40-44-41-61-53-6-7-3-8-46-43-37-35-34-26-32-50-54-68-70-4-1-17-58-0,1526.3625141551788,seed701_explore_lns_start74_late_best_rm25_tw8
0-39-42-5-45-2-69-12-14-47-16-15-11-59-9-52-57-23-21-18-19-22-67-30-32-49-20-24-56-66-13-0,1656.9183578613117,seed702_explore_lns_start20_late_best_rm25_tw12
0-63-33-28-27-29-31-62-67-38-39-40-44-41-61-64-21-53-7-6-8-46-4-3-1-43-35-37-54-66-68-70-55-17-25-0,1744.7645462860767,seed702_explore_guarded
0-65-63-31-27-28-33-62-67-64-59-52-53-61-44-41-38-40-37-43-6-7-8-46-4-3-1-54-68-55-60-17-13-24-48-58-0,1787.1880928168016,seed701_explore_guarded
0-39-36-42-5-45-2-69-65-52-12-14-47-16-11-9-57-23-21-22-64-51-67-34-32-49-20-24-66-54-68-4-58-0,1881.2119896451854,seed701_explore_lns_start46_mixed_regret_rm25_tw15
0-65-31-27-29-30-63-23-21-53-61-44-40-38-41-7-6-8-46-4-3-1-43-35-37-54-68-55-60-10-24-25-48-70-0,1905.4254580506226,seed702_explore_lns_start38_late_best_rm20_tw15
0-65-63-33-28-27-29-31-62-64-23-53-7-6-61-44-41-38-40-37-43-8-46-4-3-1-54-56-66-68-70-60-10-58-48-0,1951.8719414711923,seed701_explore_guarded
0-5-65-64-23-21-19-63-33-28-27-29-31-38-40-44-41-61-53-7-6-8-46-4-3-1-43-35-37-54-56-66-68-70-17-58-0,1954.225288461349,seed701_explore_guarded
0-59-69-64-62-33-30-28-27-31-67-41-38-40-44-61-53-10-7-8-6-46-4-3-1-43-37-54-68-55-66-24-58-13-60-70-0,1988.0793229656283,seed701_explore_guarded
0-63-33-28-27-29-64-61-44-40-38-41-6-7-8-3-46-53-10-66-56-54-37-35-43-68-55-70-1-4-60-17-13-58-25-48-24-0,1997.5664378152292,seed603_lns_start53_late_regret_rm8_tw8_guarded
0-63-59-23-64-67-62-33-28-27-31-38-40-44-41-61-53-7-6-8-46-3-43-35-37-68-55-60-10-17-13-58-25-48-70-0,2022.1708343860657,seed702_explore_guarded
0-39-36-42-5-45-2-69-12-14-47-16-15-11-9-59-52-57-21-22-51-29-26-34-50-49-20-10-66-56-32-24-48-25-58-0,2028.2931694579167,seed701_explore_guarded
0-39-36-42-45-2-69-12-14-47-16-15-11-59-9-52-57-64-49-19-21-18-22-51-30-20-24-10-13-17-60-55-0,2030.7261991571331,seed701_explore_lns_start57_late_best_rm25_tw6
0-63-33-28-27-31-29-44-5-45-7-15-11-9-53-61-41-38-40-8-6-46-4-3-1-43-35-37-54-55-10-17-13-24-25-48-70-0,2051.8770209213408,seed702_explore_guarded
0-65-63-33-31-27-28-30-62-67-64-19-18-23-53-61-44-40-38-41-6-7-8-46-4-3-1-43-35-37-54-68-55-13-17-60-70-0,2060.997769760839,seed701_explore_guarded
0-39-36-42-5-45-2-69-12-14-47-16-15-11-9-59-57-64-22-49-19-18-51-67-34-26-32-50-56-66-20-24-10-13-1-58-0,2138.534384042294,seed701_explore_guarded
0-36-42-5-45-2-69-12-14-47-16-15-59-52-57-64-23-21-18-19-49-22-51-67-30-32-26-34-50-56-37-43-35-0,2141.000998808301,seed702_explore_guarded
0-65-62-33-27-29-67-38-36-40-44-41-61-8-7-46-3-6-10-53-20-66-43-35-37-54-68-70-1-4-60-13-24-48-0,2212.1696874199806,seed702_explore_lns_start68_late_best_rm25_tw15
0-59-19-63-28-62-67-61-44-40-38-41-53-7-6-8-46-3-43-37-54-68-55-70-1-4-60-17-58-25-48-24-0,2215.330693120907,seed701_explore_lns_start36_mixed_best_rm25_tw15
0-63-62-31-29-30-52-16-9-53-6-61-44-38-40-37-41-43-7-8-46-4-3-1-55-60-10-17-13-58-24-25-48-0,2220.4718662261785,seed701_explore_lns_start38_mixed_random_best_rm25_tw15
0-39-36-42-5-45-2-69-12-14-47-16-15-11-9-64-21-19-22-51-63-30-50-57-49-24-10-56-58-13-17-60-0,2226.058192827868,seed701_explore_lns_start9_late_regret_rm25_tw10
0-39-36-42-5-45-2-69-65-12-14-47-16-15-11-9-59-52-57-19-23-21-18-49-22-20-51-32-26-34-50-56-66-10-17-0,2241.7243362070094,seed701_explore_guarded
0-65-39-62-27-28-30-33-63-51-67-41-38-40-44-61-8-7-10-53-6-46-4-3-1-43-35-37-54-68-55-70-66-48-13-0,2247.8888202488893,seed702_explore_lns_start24_late_regret_rm25_tw15
0-63-33-28-27-31-67-61-44-40-38-41-6-7-8-3-46-53-10-66-56-54-37-35-43-68-55-70-1-4-60-17-13-58-25-48-24-0,2249.378129197332,seed604_lns_start18_late_random_best_rm8_tw6_guarded
0-63-33-28-27-31-62-67-61-44-40-38-41-6-7-8-3-46-53-10-66-56-54-37-35-43-68-55-70-1-4-60-17-13-58-25-48-24-0,2254.4491970091976,seed601_lns_start26_late_random_best_rm8_tw15_guarded
0-63-33-28-27-29-62-67-61-44-40-38-41-6-7-8-3-46-53-10-66-56-54-37-35-43-68-55-70-1-4-60-17-13-58-25-48-24-0,2254.4491970091976,seed602_lns_start2_late_regret_rm8_tw6_guarded
0-63-33-28-27-29-31-62-67-61-44-40-38-41-6-7-8-3-46-53-10-66-56-54-37-35-43-68-55-70-1-4-60-17-13-58-25-48-24-0,2254.4491970091976,seed604_lns_start64_late_regret_rm8_tw15_guarded
0-59-63-33-28-31-67-61-44-40-38-41-6-7-8-3-46-53-10-66-56-54-37-35-43-68-55-70-1-4-60-17-13-58-25-48-24-0,2302.7469951442763,seed608_lns_start87_late_regret_rm8_tw10_guarded
0-65-63-28-27-31-36-44-38-61-59-57-53-7-8-3-41-37-40-43-6-46-4-55-60-10-17-13-20-24-48-25-58-0,2316.73287987139,seed701_explore_lns_start5_mixed_best_rm25_tw8
0-39-36-5-45-2-69-65-12-14-47-16-15-11-59-9-52-57-19-23-21-18-49-22-51-56-3-50-26-32-13-17-0,2329.085997569374,seed701_explore_lns_start9_late_regret_rm25_tw8
0-39-36-42-5-45-2-69-12-14-47-16-15-11-9-59-52-57-64-62-67-51-18-19-49-22-20-32-26-34-50-56-66-58-13-17-0,2350.6180812302664,seed702_explore_guarded
0-36-63-29-27-28-30-61-44-40-38-41-8-7-46-3-6-53-57-20-56-66-54-37-35-43-70-55-60-10-17-13-58-25-48-0,2356.7681895580104,seed701_explore_lns_start40_mixed_regret_rm25_tw15
0-39-42-5-45-2-69-12-14-47-16-15-11-59-9-57-23-21-18-19-49-22-51-30-29-26-32-34-50-56-66-10-20-48-24-0,2378.8921750317245,seed701_explore_guarded
0-39-36-42-5-45-2-69-12-14-47-16-15-11-9-59-64-62-67-51-19-21-18-49-22-57-20-34-32-55-17-58-0,2396.5227950548106,seed702_explore_lns_start79_late_regret_rm25_tw12
0-36-42-5-45-2-69-65-12-14-47-16-15-11-9-59-52-57-22-19-23-18-49-20-51-30-26-32-34-50-56-10-60-13-58-24-48-0,2398.769439008589,seed702_explore_guarded
0-65-39-31-33-62-63-19-61-53-6-7-8-46-3-41-38-40-44-43-37-35-54-56-24-20-66-68-70-1-4-60-25-0,2400.0594181088227,seed702_explore_lns_start59_late_random_best_rm25_tw6
0-39-36-42-5-45-2-69-65-12-14-47-16-15-11-9-52-57-22-19-21-18-51-30-29-26-32-34-50-49-20-24-66-56-54-1-4-0,2406.8056484377416,seed702_explore_guarded
0-59-64-62-30-28-29-36-38-44-61-57-53-7-6-8-46-41-37-40-43-35-3-1-68-55-10-13-24-25-48-0,2409.7448767764567,seed702_explore_lns_start43_mixed_best_rm25_tw8
0-59-63-33-28-27-67-61-44-40-38-41-6-7-8-3-46-53-10-66-56-54-37-35-43-68-55-70-1-4-60-17-13-58-25-48-24-0,2495.2050646124435,seed601_lns_start86_late_regret_rm8_tw8_guarded
0-39-36-42-5-45-2-69-65-12-14-47-16-15-11-9-52-23-21-18-19-49-22-51-63-67-34-26-32-50-56-66-54-55-0,2504.0568535768834,seed702_explore_lns_start18_mixed_best_rm25_tw8
0-39-42-5-45-2-69-12-14-47-16-15-59-52-64-62-31-30-28-67-51-19-22-49-20-57-66-56-50-26-70-60-0,2504.4336034500075,seed702_explore_lns_start16_random_random_best_rm25_tw12
0-39-36-42-5-45-2-69-12-14-47-16-15-11-59-9-52-57-22-49-19-18-51-30-31-32-34-50-56-13-17-55-0,2525.4541945641577,seed702_explore_lns_start31_late_random_best_rm20_tw15
0-39-36-42-5-2-69-65-12-14-47-16-15-11-9-59-52-57-23-21-19-18-49-22-20-30-32-26-34-50-56-10-68-4-1-70-0,2529.9769753062674,seed701_explore_guarded
0-39-36-42-5-45-2-69-12-14-47-16-15-11-9-57-23-21-18-19-49-22-51-30-26-29-34-32-50-56-66-20-10-70-35-25-0,2533.9165404136775,seed701_explore_guarded
0-45-65-27-28-67-62-21-64-53-61-41-38-40-44-6-7-8-46-43-35-37-54-68-70-1-4-60-17-13-58-25-48-24-0,2579.5211313025643,seed702_explore_lns_start35_late_random_best_rm25_tw12
0-45-31-29-27-28-33-67-62-63-51-64-53-6-7-8-46-3-61-44-40-38-41-43-35-37-54-66-55-60-17-13-24-48-25-58-0,2600.4338170306196,seed701_explore_guarded
0-39-36-42-5-45-2-69-65-12-14-47-16-15-11-9-59-52-23-21-18-19-64-51-20-22-57-49-50-26-55-58-0,2601.1482352965763,seed702_explore_lns_start49_late_random_best_rm20_tw8
0-39-36-42-45-2-69-12-14-47-16-15-11-59-9-52-57-22-49-18-51-62-67-30-26-32-34-50-20-10-13-55-60-24-25-48-0,2615.45799503761,seed701_explore_guarded
0-39-36-5-45-2-69-65-12-14-47-16-15-59-9-11-64-19-21-63-49-22-57-50-34-26-32-56-66-13-17-0,2634.0206461614443,seed701_explore_lns_start6_late_regret_rm25_tw6
0-59-63-33-29-31-62-67-61-44-40-38-41-6-7-8-3-46-53-10-66-56-54-37-35-43-68-55-70-1-4-60-17-13-58-25-48-24-0,2703.3716991858346,seed604_lns_start60_late_regret_rm8_tw12_guarded
0-59-63-33-28-31-62-67-61-44-40-38-41-6-7-8-3-46-53-10-66-56-54-37-35-43-68-55-70-1-4-60-17-13-58-25-48-24-0,2759.950097312107,seed602_lns_start3_late_best_rm8_tw8_guarded
0-39-36-42-5-45-2-69-12-14-47-16-15-11-9-59-52-57-49-19-21-18-22-20-51-67-30-32-26-34-50-35-55-17-13-24-25-0,2789.4553914956364,seed701_explore_guarded
0-59-63-33-28-29-62-67-61-44-40-38-41-6-7-8-3-46-53-10-66-56-54-37-35-43-68-55-70-1-4-60-17-13-58-25-48-24-0,2790.393354972859,seed601_lns_start13_late_regret_rm8_tw12_guarded
0-39-36-42-5-45-2-12-14-47-16-15-11-64-67-62-31-29-30-33-51-19-18-49-22-57-9-10-25-48-24-66-35-60-0,2797.183974268233,seed701_explore_lns_start74_random_best_rm25_tw10
0-65-59-62-31-63-19-67-61-41-38-40-44-53-6-7-8-46-3-43-37-35-54-68-70-1-60-10-17-13-58-24-20-0,2837.9861719124883,seed702_explore_lns_start68_mixed_best_rm20_tw8
0-36-42-5-45-2-69-12-14-47-16-15-11-59-9-64-62-67-29-30-51-18-49-22-57-66-50-26-17-13-58-25-48-0,2839.662295754156,seed701_explore_lns_start40_late_regret_rm25_tw12
0-65-27-33-63-21-59-7-8-6-53-61-44-41-38-40-37-43-68-4-46-3-1-54-70-55-60-17-58-25-24-48-26-0,2868.177656160946,seed701_explore_lns_start77_mixed_best_rm25_tw15
0-65-27-28-63-21-23-59-52-69-53-61-41-38-40-44-6-7-8-46-3-43-37-34-26-32-50-54-68-55-70-1-4-60-17-13-0,2884.217911330657,seed701_explore_guarded
0-39-36-42-5-45-2-69-12-14-47-16-15-11-9-52-57-22-49-19-18-51-63-33-26-32-34-50-43-66-58-60-0,2900.5598263467073,seed702_explore_lns_start79_mixed_random_best_rm25_tw12
0-39-42-5-45-2-69-65-59-15-16-47-14-12-11-9-52-57-64-19-23-21-18-49-22-51-67-50-34-26-32-20-56-24-13-0,2912.9733349035,seed702_explore_guarded
0-65-27-33-64-23-59-61-44-6-7-8-3-46-40-38-41-43-37-35-54-68-55-53-10-4-60-17-13-58-25-24-0,2932.4183006920225,seed701_explore_lns_start50_mixed_random_best_rm25_tw15
0-59-63-33-27-31-62-67-61-44-40-38-41-6-7-8-3-46-53-10-66-56-54-37-35-43-68-55-70-1-4-60-17-13-58-25-48-24-0,2950.1873670090276,seed602_lns_start63_late_best_rm8_tw8_guarded
0-59-63-33-27-29-62-67-61-44-40-38-41-6-7-8-3-46-53-10-66-56-54-37-35-43-68-55-70-1-4-60-17-13-58-25-48-24-0,2950.1873670090276,seed608_lns_start88_late_random_best_rm8_tw10_guarded
0-39-65-64-23-63-33-27-38-40-44-41-61-3-46-8-7-6-53-55-43-37-68-10-13-60-4-1-70-32-26-0,2952.307062600245,seed701_explore_lns_start84_mixed_random_best_rm25_tw10
0-59-63-33-28-27-62-67-61-44-40-38-41-6-7-8-3-46-53-10-66-56-54-37-35-43-68-55-70-1-4-60-17-13-58-25-48-24-0,2959.2127546918964,seed601_lns_start10_late_best_rm8_tw12_guarded
0-39-36-42-5-45-2-69-65-12-14-47-16-15-11-9-52-57-23-21-18-19-22-49-51-30-28-26-32-34-20-55-58-25-48-24-0,2960.1137447977794,seed701_explore_lns_start46_late_regret_rm25_tw12
0-39-36-42-5-45-2-69-65-12-14-47-16-15-11-9-52-57-64-19-23-21-18-49-22-51-31-26-56-66-55-17-25-24-0,2965.8427580165453,seed701_explore_lns_start3_late_best_rm25_tw10
0-39-42-5-45-2-69-52-12-14-47-16-15-11-9-59-23-21-18-19-49-22-51-62-67-30-32-26-34-50-20-56-68-54-35-1-70-0,2983.260487306303,seed701_explore_guarded
0-65-33-62-31-27-30-38-40-44-61-8-7-6-53-57-19-20-56-54-41-37-43-3-4-46-55-10-66-24-48-58-17-0,2987.551802598584,seed701_explore_lns_start60_mixed_random_best_rm25_tw15
0-33-31-63-21-64-67-41-38-40-44-61-53-7-6-8-46-3-43-37-35-54-34-50-56-68-55-70-1-4-60-17-58-48-0,2988.274406066058,seed701_explore_lns_start55_late_best_rm20_tw10
0-14-69-64-63-67-39-36-38-41-44-53-9-3-46-7-8-6-61-40-43-37-35-54-68-55-60-10-13-24-58-0,3030.203684562267,seed702_explore_lns_start82_mixed_random_best_rm25_tw15
0-65-39-36-42-5-45-2-12-14-47-16-15-11-9-52-57-23-21-18-19-49-22-51-63-29-26-32-34-50-20-56-35-17-25-48-0,3052.849311572102,seed701_explore_guarded
0-39-36-42-5-45-2-69-12-14-47-16-15-11-9-52-57-23-21-18-19-22-30-28-29-34-32-49-66-10-60-55-24-0,3102.106809643965,seed702_explore_lns_start40_late_best_rm25_tw12
0-63-33-27-29-44-5-45-7-15-11-9-53-61-41-38-40-8-6-46-4-3-1-43-35-37-54-55-10-17-13-24-48-66-70-0,3104.291161284569,seed702_explore_lns_start80_mixed_best_rm25_tw6
0-39-36-42-5-45-2-69-12-14-47-16-15-11-9-59-52-57-21-22-51-29-27-26-34-32-49-20-10-66-24-48-25-58-17-0,3146.7943609347653,seed701_explore_lns_start2_late_regret_rm25_tw6
0-63-23-64-30-29-27-41-38-40-44-61-53-20-66-6-7-8-46-4-3-1-43-35-37-54-68-55-70-60-13-25-48-0,3149.859658837534,seed701_explore_lns_start80_late_best_rm20_tw10
0-39-42-5-45-2-69-12-14-47-16-15-11-59-52-57-22-23-18-51-62-67-50-31-30-34-32-49-20-24-10-13-60-55-70-0,3152.538845716609,seed701_explore_lns_start48_mixed_regret_rm25_tw8
0-65-59-62-28-29-31-61-5-40-38-41-44-46-8-7-6-53-55-54-37-35-43-1-3-4-70-68-34-32-26-48-0,3157.6348896324525,seed702_explore_lns_start50_late_random_best_rm25_tw15
0-39-36-42-5-45-2-69-65-12-14-47-16-15-11-9-59-52-57-64-19-23-21-18-49-22-51-32-26-34-50-56-20-66-55-58-0,3168.219385386897,seed702_explore_guarded
0-65-59-33-28-27-29-31-30-63-19-21-23-22-57-52-61-41-38-40-44-6-7-8-46-3-43-35-37-54-68-55-60-17-13-58-25-48-24-70-0,3170.43185097535,seed702_explore_guarded
0-59-64-62-27-28-51-18-53-7-8-6-61-44-40-38-41-37-43-4-46-3-1-68-55-60-10-13-20-24-48-25-58-0,3179.096209741862,seed702_explore_lns_start6_mixed_best_rm25_tw15
0-42-65-64-62-31-28-51-61-38-40-44-6-46-8-7-10-53-54-41-37-35-43-1-3-4-55-68-66-56-24-25-48-70-0,3203.425773815042,seed701_explore_lns_start65_late_regret_rm25_tw10
0-63-33-28-27-31-61-44-40-38-41-6-7-8-3-46-53-10-22-66-56-54-37-35-43-68-55-70-1-4-60-17-13-58-25-48-24-0,3218.4623379407058,seed601_lns_start33_late_regret_rm8_tw15_guarded
0-65-29-27-28-30-19-52-61-41-38-40-44-3-46-8-7-6-53-10-55-68-54-37-35-43-70-1-4-60-17-58-24-20-48-0,3225.0222261432727,seed702_explore_lns_start66_mixed_regret_rm25_tw12
0-39-36-42-5-45-2-69-65-12-14-47-16-15-11-9-59-52-64-19-23-21-18-49-22-57-67-34-26-56-66-55-13-58-0,3230.644714728344,seed702_explore_lns_start74_late_random_best_rm20_tw12
0-59-63-33-27-31-64-61-44-40-38-41-6-7-8-3-46-53-10-66-56-54-37-35-43-68-55-70-1-4-60-17-13-58-25-48-24-0,3231.424055741504,seed607_lns_start25_late_random_best_rm8_tw15_guarded
0-59-63-33-28-27-64-61-44-40-38-41-6-7-8-3-46-53-10-66-56-54-37-35-43-68-55-70-1-4-60-17-13-58-25-48-24-0,3240.7035817390824,seed605_lns_start36_late_random_best_rm8_tw15_guarded
0-42-65-52-59-64-28-27-31-41-44-8-7-6-61-38-40-53-46-4-3-1-43-35-37-54-68-55-70-60-10-58-0,3249.117456264919,seed702_explore_lns_start79_late_regret_rm25_tw8
0-39-36-42-5-45-2-69-12-14-47-16-15-11-9-59-52-57-64-22-49-21-18-51-67-30-32-34-50-46-55-17-13-24-25-0,3269.4756165455783,seed701_explore_lns_start11_late_random_best_rm25_tw10
0-39-36-42-5-45-2-69-65-12-14-47-15-11-59-57-64-49-19-21-18-22-51-62-30-32-34-50-20-54-35-70-60-58-0,3270.585053790099,seed701_explore_lns_start66_mixed_random_best_rm25_tw6
0-63-33-28-27-31-61-44-40-38-41-6-7-8-3-46-53-10-20-66-56-54-37-35-43-68-55-70-1-4-60-17-13-58-25-48-24-0,3285.397540986014,seed604_lns_start36_late_regret_rm8_tw6_guarded
0-39-36-42-2-69-65-12-14-47-16-59-52-57-64-23-21-18-19-49-22-51-62-67-30-32-26-34-50-56-20-66-68-60-58-0,3298.113613450638,seed702_explore_guarded
0-59-63-33-62-21-23-64-39-44-40-38-41-61-50-66-53-55-7-6-8-46-3-1-43-35-37-54-68-24-48-25-58-70-0,3316.4809619787793,seed701_explore_lns_start38_mixed_random_best_rm25_tw12
0-39-36-42-5-45-2-12-14-47-16-15-11-64-62-67-31-29-30-33-51-18-19-49-22-57-9-10-25-48-20-24-66-56-35-58-0,3317.6711137792804,seed701_explore_guarded
0-39-36-42-5-45-2-69-65-12-14-47-16-15-59-9-52-64-19-23-21-18-49-22-51-30-26-32-54-68-55-1-70-24-48-0,3352.5158940753363,seed702_explore_lns_start18_mixed_best_rm25_tw10
0-39-36-42-5-45-2-69-12-14-47-16-15-9-52-57-23-18-49-22-51-63-62-30-26-34-50-56-35-43-60-17-13-0,3354.7172175992773,seed702_explore_lns_start6_mixed_random_best_rm25_tw6
0-39-36-5-45-2-69-12-14-47-16-15-11-59-9-52-57-23-21-19-49-22-51-67-30-29-26-32-56-24-48-25-58-17-60-0,3363.85827750685,seed701_explore_lns_start15_late_best_rm25_tw8
0-39-36-42-5-45-2-69-12-14-47-16-15-11-9-52-57-64-23-21-19-49-22-51-29-28-32-34-50-56-66-20-25-58-17-0,3393.2309742485627,seed701_explore_lns_start33_late_random_best_rm25_tw8
0-33-63-64-30-27-61-38-41-40-44-8-7-6-53-22-20-66-68-54-37-35-43-1-3-46-60-10-13-17-58-25-70-0,3404.465911809991,seed701_explore_lns_start62_mixed_regret_rm25_tw15
0-63-27-36-39-42-61-44-40-38-53-49-9-10-7-6-8-46-3-41-43-35-54-70-1-4-60-17-13-58-25-24-20-0,3411.2558107113973,seed702_explore_lns_start16_mixed_regret_rm25_tw6
0-39-42-5-45-2-69-12-14-47-16-15-11-59-9-52-57-64-22-49-18-51-63-27-34-50-20-10-55-66-32-25-0,3429.5593138119198,seed702_explore_lns_start76_late_random_best_rm25_tw15
0-39-36-42-5-45-2-69-65-12-14-47-16-15-11-9-59-52-57-19-23-21-18-49-22-51-29-26-32-34-56-66-10-17-48-0,3435.7747193016285,seed701_explore_lns_start11_late_random_best_rm25_tw8
0-39-36-42-5-45-2-69-65-12-14-47-16-15-11-9-52-57-23-21-18-49-22-20-51-30-28-26-32-50-3-46-17-24-0,3437.8111353778436,seed701_explore_lns_start7_late_best_rm25_tw8
0-31-29-27-28-33-63-61-53-6-7-8-3-46-44-40-38-41-43-37-35-34-32-50-66-54-68-70-1-4-60-17-58-48-0,3460.04240089317,seed702_explore_lns_start8_late_random_best_rm20_tw12
0-65-63-33-28-27-29-31-62-38-39-44-61-53-9-11-6-7-8-40-41-54-55-46-4-3-1-70-68-66-20-24-48-25-58-13-10-17-60-0,3469.620146190985,seed702_explore_guarded
0-39-36-5-45-2-69-12-14-47-16-15-11-65-57-22-19-23-21-18-49-67-33-34-32-50-56-66-9-10-60-13-58-25-24-0,3472.0588200557067,seed701_explore_lns_start67_late_random_best_rm25_tw6
0-39-42-5-45-2-69-12-14-47-16-15-11-59-9-57-64-22-49-19-18-51-62-67-29-26-32-34-50-56-66-20-10-13-24-0,3476.2342496626156,seed702_explore_guarded
0-39-36-62-63-29-28-30-67-61-41-38-40-44-3-8-46-7-6-53-43-37-35-54-56-66-68-70-1-4-60-10-58-25-24-32-0,3479.295611955704,seed702_explore_lns_start50_late_regret_rm25_tw15
0-63-33-62-36-44-61-2-7-9-59-57-53-41-38-40-37-43-6-8-46-4-3-1-54-68-55-66-20-24-58-13-17-60-0,3491.6942932555803,seed701_explore_lns_start73_mixed_best_rm25_tw12
0-39-36-42-5-45-2-69-65-12-14-47-16-15-11-9-52-57-23-21-19-22-30-31-29-26-32-50-49-56-66-70-55-17-58-48-0,3502.6697873353633,seed701_explore_lns_start80_mixed_best_rm25_tw10
0-69-62-33-27-30-19-23-52-9-12-53-61-41-38-40-44-6-7-8-46-4-3-1-43-35-37-70-68-55-60-17-13-24-25-0,3505.5171907027775,seed701_explore_lns_start69_mixed_best_rm25_tw12
0-65-62-33-28-27-29-67-40-41-38-61-6-3-46-8-7-10-53-66-44-43-37-35-54-68-70-1-4-60-17-13-58-25-24-0,3510.21336700109,seed701_explore_lns_start5_late_random_best_rm20_tw15
0-39-36-42-5-45-2-69-12-14-47-16-15-11-9-59-57-64-22-49-19-18-51-31-28-32-34-50-56-66-20-24-58-13-60-1-0,3510.9500205745017,seed701_explore_lns_start46_mixed_regret_rm25_tw6
0-39-36-42-5-45-2-69-65-12-14-47-16-15-11-9-57-23-21-19-49-22-51-63-50-30-32-56-66-10-46-3-55-13-58-0,3513.0776125634943,seed701_explore_lns_start89_late_regret_rm25_tw10
0-39-36-42-5-45-2-69-12-14-47-16-15-11-59-9-52-57-22-49-19-18-51-28-26-27-34-56-20-10-66-55-58-48-0,3522.54768728156,seed701_explore_lns_start16_late_random_best_rm25_tw12
0-36-27-33-62-64-67-61-44-40-38-41-6-8-7-53-10-20-66-46-4-3-1-43-35-37-54-17-58-25-24-34-0,3530.764182642445,seed701_explore_lns_start25_mixed_regret_rm25_tw10
0-64-63-62-33-30-29-41-38-40-44-61-53-6-7-8-46-3-43-37-35-26-34-50-54-68-55-70-1-4-60-13-24-48-0,3532.413456375887,seed701_explore_lns_start36_late_random_best_rm20_tw8
0-5-65-31-29-28-30-33-38-40-41-61-53-7-6-8-3-46-44-43-37-35-54-68-1-4-70-55-10-25-48-26-0,3537.001814867798,seed701_explore_lns_start63_late_best_rm25_tw15
0-65-52-64-63-31-30-18-21-22-61-44-40-38-41-53-7-6-8-46-4-3-1-43-37-54-68-55-20-24-25-58-13-17-70-0,3548.2530958448147,seed702_explore_lns_start2_mixed_random_best_rm25_tw15
0-39-42-5-45-2-69-65-12-14-47-16-15-11-9-59-52-57-23-21-18-19-49-22-20-51-30-29-56-66-10-13-55-1-24-25-48-0,3552.2476153568377,seed701_explore_guarded
0-59-62-31-29-27-28-30-33-63-64-53-7-6-61-41-44-40-38-37-43-8-46-4-3-1-60-10-57-24-20-48-25-58-13-17-70-35-0,3555.125912948867,seed702_explore_guarded
0-39-36-42-5-45-2-69-65-12-14-47-16-15-11-9-52-57-22-19-21-18-51-30-28-29-32-50-49-20-56-66-43-35-0,3558.4361567663886,seed701_explore_lns_start62_mixed_best_rm25_tw15
0-65-5-45-2-69-12-14-47-16-15-11-59-52-23-21-19-22-67-31-29-28-26-34-50-49-57-9-58-66-55-60-13-0,3569.913168787052,seed702_explore_lns_start88_late_best_rm25_tw8
0-65-33-62-64-21-23-59-61-41-38-40-44-6-3-46-8-7-10-53-43-37-35-54-50-56-66-68-70-1-4-60-58-25-24-0,3570.6749776680203,seed702_explore_lns_start26_late_regret_rm25_tw12
0-39-36-42-5-45-2-69-65-12-14-47-16-15-11-9-59-52-64-22-19-23-21-18-51-67-57-49-20-26-0,3574.650595406042,seed601_lns_start61_late_random_best_rm8_tw6_guarded
0-39-36-42-5-2-69-12-14-47-16-15-11-59-9-57-64-67-29-30-33-51-18-22-49-34-26-32-55-17-24-48-0,3583.2630564107585,seed701_explore_lns_start72_late_random_best_rm25_tw15
0-65-42-33-28-31-63-21-64-53-61-44-40-38-41-6-7-8-46-43-37-35-1-3-4-70-55-68-54-50-56-24-25-17-0,3598.061504574391,seed701_explore_lns_start83_late_best_rm25_tw6
0-39-36-42-5-45-2-69-12-14-47-16-15-11-9-52-57-23-21-18-19-22-51-30-31-27-32-34-50-49-24-58-55-0,3603.9274143644675,seed702_explore_lns_start68_late_regret_rm25_tw15
0-27-28-31-62-23-64-39-38-40-44-41-61-6-46-3-8-7-10-53-55-43-37-35-1-4-70-54-68-60-13-58-24-32-0,3617.5605182620366,seed701_explore_lns_start64_late_best_rm25_tw12
0-63-33-28-27-29-31-30-61-44-40-38-41-6-7-8-3-46-53-66-56-50-34-37-35-43-54-68-55-70-1-4-60-17-13-58-25-48-24-0,3623.500162284378,seed604_lns_start42_late_random_best_rm8_tw15_guarded
0-65-59-69-2-45-5-12-14-47-16-15-11-9-52-57-23-21-18-22-64-51-67-29-30-32-49-10-66-24-48-60-17-0,3635.2014949245436,seed701_explore_lns_start6_late_best_rm25_tw10
0-63-33-28-31-42-44-45-7-12-59-9-53-61-41-38-40-6-8-3-43-37-35-54-55-46-1-60-10-58-25-24-32-0,3653.417530872215,seed702_explore_lns_start22_mixed_best_rm25_tw10
0-65-23-63-28-30-62-67-61-41-38-44-6-46-8-7-53-10-66-56-54-40-35-37-43-1-3-4-70-68-55-60-17-48-0,3662.237633785037,seed701_explore_lns_start29_late_regret_rm20_tw10
0-63-28-27-31-39-44-42-61-11-15-9-53-8-38-40-41-7-6-46-4-3-1-43-35-37-54-66-20-48-25-58-13-60-55-70-0,3664.077977603627,seed701_explore_lns_start32_mixed_random_best_rm25_tw10
0-63-33-28-27-29-31-64-61-44-40-38-41-6-7-8-3-46-53-10-66-56-54-37-35-43-68-55-70-1-4-60-17-13-58-25-48-24-32-0,3664.398484532243,seed605_lns_start54_late_regret_rm8_tw12_guarded
0-63-33-28-27-29-31-67-61-44-40-38-41-6-7-8-3-46-53-10-20-66-56-54-37-35-43-68-55-70-1-4-60-17-13-58-25-48-24-0,3673.1575508601054,seed601_lns_start14_late_best_rm8_tw6_guarded
0-63-33-28-27-31-67-61-44-40-38-41-6-7-8-3-46-53-10-20-66-56-54-37-35-43-68-55-70-1-4-60-17-13-58-25-48-24-0,3673.1575508601054,seed603_lns_start16_late_regret_rm8_tw15_guarded
0-63-33-28-27-29-31-62-67-61-44-40-38-41-6-7-8-3-46-53-10-20-66-56-54-37-35-43-68-55-70-1-4-60-17-13-58-25-48-24-0,3678.2286186719703,seed601_lns_start35_late_random_best_rm8_tw12_guarded
0-39-36-42-5-45-2-69-12-14-47-16-15-11-9-52-57-23-21-18-22-62-67-30-27-26-34-49-20-10-17-13-24-0,3682.2795766266217,seed702_explore_lns_start47_late_best_rm25_tw6
0-39-36-42-5-45-2-69-12-14-47-16-15-11-9-59-52-57-22-19-18-51-30-29-27-50-49-56-10-66-17-13-58-0,3683.966860731308,seed702_explore_lns_start11_late_best_rm20_tw8
0-39-42-5-45-2-69-12-14-47-16-15-11-59-9-52-57-64-19-23-21-18-49-22-51-30-31-26-32-34-50-20-55-70-17-58-0,3689.5862993807223,seed702_explore_guarded
0-39-36-42-5-45-2-69-12-14-47-16-15-11-9-52-57-22-51-63-62-67-30-28-26-34-32-49-20-58-66-55-60-0,3695.571190572656,seed701_explore_lns_start4_late_regret_rm25_tw6
0-39-36-42-5-45-2-69-12-14-47-16-15-11-9-59-52-57-64-22-49-19-21-18-51-67-29-26-34-56-66-55-13-25-24-0,3705.0040237272815,seed702_explore_lns_start1_late_best_rm20_tw12
0-39-36-42-5-45-2-69-65-12-14-47-16-15-11-9-59-52-64-19-23-21-18-49-51-22-57-20-56-67-26-32-0,3710.438918476,seed601_lns_start24_late_best_rm8_tw15_guarded
0-39-36-42-5-45-2-69-65-12-14-47-16-15-11-9-59-52-64-19-23-21-18-49-51-22-20-57-56-67-50-26-0,3712.425233828132,seed602_lns_start28_late_best_rm8_tw12_guarded
0-39-36-42-5-45-2-69-65-12-14-47-16-15-11-9-59-52-57-64-19-23-21-18-49-22-51-67-50-26-20-0,3726.0480149381897,seed601_lns_start14_late_regret_rm8_tw8_guarded
0-59-63-33-28-31-67-61-44-40-38-41-6-7-8-3-46-53-10-20-66-56-54-37-35-43-68-55-70-1-4-60-17-13-58-25-48-24-0,3727.095030852138,seed608_lns_start82_late_regret_rm8_tw10_guarded
0-27-33-63-23-67-62-51-53-7-8-61-38-44-40-41-6-46-3-43-35-37-54-68-55-70-1-4-60-13-25-48-20-0,3732.3297530617374,seed701_explore_lns_start37_late_best_rm20_tw6
0-63-33-27-36-39-44-42-61-64-23-21-53-7-8-6-46-3-38-40-43-41-37-35-26-32-50-54-68-70-1-4-60-17-25-48-0,3741.28794157689,seed702_explore_lns_start37_late_random_best_rm25_tw10
0-39-36-42-5-45-2-69-12-14-47-16-15-11-9-59-52-57-23-21-18-19-22-49-51-33-30-26-32-50-56-24-58-13-17-0,3742.0411519121717,seed702_explore_lns_start7_late_best_rm20_tw8
0-39-65-59-52-64-62-33-29-41-38-40-44-61-53-7-8-46-6-3-43-37-35-54-66-68-55-70-1-4-60-17-13-24-48-32-0,3747.4131192577515,seed702_explore_lns_start67_late_best_rm25_tw15
0-63-27-31-62-64-7-42-40-38-41-61-57-9-10-53-44-6-8-46-4-3-1-43-35-37-54-68-70-60-13-58-25-24-0,3751.969082400998,seed702_explore_lns_start75_mixed_random_best_rm25_tw10
0-63-33-28-27-31-67-61-44-40-38-41-6-7-8-3-46-53-10-66-56-54-37-35-43-68-55-70-1-4-60-17-13-58-25-48-24-32-0,3768.4948915836985,seed603_lns_start29_late_regret_rm8_tw15_guarded
0-63-33-28-27-29-31-67-61-44-40-38-41-6-7-8-3-46-53-10-66-56-54-37-35-43-68-55-70-1-4-60-17-13-58-25-48-24-32-0,3768.4948915836985,seed605_lns_start52_late_regret_rm8_tw6_guarded
0-59-63-33-27-29-31-67-61-44-40-38-41-6-7-8-3-46-53-66-56-34-37-35-43-54-68-55-70-1-4-60-17-13-58-25-48-24-0,3784.050860551336,seed603_lns_start43_late_best_rm8_tw15_guarded
0-59-63-33-27-31-67-61-44-40-38-41-6-7-8-3-46-53-66-56-50-34-37-35-43-54-68-55-70-1-4-60-17-13-58-25-48-24-0,3784.050860551336,seed606_lns_start20_late_best_rm8_tw12_guarded
0-39-36-42-5-45-2-69-12-14-47-16-15-11-9-52-57-23-21-18-19-22-64-51-63-62-50-20-49-58-10-17-54-35-70-0,3785.457134276582,seed702_explore_lns_start2_mixed_random_best_rm25_tw12
0-59-63-33-28-27-67-61-44-40-38-41-6-7-8-3-46-53-10-66-56-50-54-37-35-43-68-55-70-1-4-60-17-13-58-25-48-24-0,3789.870155512456,seed603_lns_start60_late_best_rm8_tw12_guarded
0-59-63-31-29-27-36-40-38-41-44-61-6-8-46-7-10-53-55-68-54-37-35-43-1-3-4-70-60-17-58-25-48-32-26-0,3793.5175075791117,seed702_explore_lns_start69_late_best_rm25_tw10
0-63-28-27-31-29-36-44-61-64-52-53-7-8-6-40-38-41-37-43-54-68-46-3-1-70-60-17-13-58-24-20-25-48-34-0,3802.7764882203464,seed702_explore_lns_start26_mixed_best_rm25_tw15
0-39-42-5-45-2-69-12-14-47-16-15-11-59-52-57-64-23-21-18-19-22-51-63-33-32-49-24-54-35-1-4-70-58-0,3802.9120835505805,seed702_explore_lns_start77_mixed_random_best_rm25_tw8
0-39-36-5-45-2-69-65-12-14-47-16-15-11-9-52-57-23-21-18-19-49-22-51-62-67-28-26-56-20-10-66-24-0,3817.5854886075413,seed701_explore_lns_start49_late_random_best_rm25_tw12
0-39-36-5-45-2-69-12-14-47-16-15-11-59-9-57-23-21-18-19-22-49-20-63-28-26-32-34-56-46-55-13-0,3819.4391094434854,seed702_explore_lns_start44_late_regret_rm25_tw12
0-33-63-65-52-11-69-61-44-38-57-9-53-7-8-6-46-3-43-40-41-37-35-50-54-68-55-10-17-13-20-25-0,3821.985519404214,seed701_explore_lns_start32_mixed_best_rm25_tw12
0-59-63-33-28-31-67-61-44-40-38-41-6-7-8-3-46-53-10-66-56-54-37-35-43-68-55-70-1-4-60-17-13-58-25-48-24-32-0,3822.148064553182,seed602_lns_start40_late_regret_rm8_tw15_guarded
0-36-42-5-45-2-69-65-12-14-47-16-15-11-59-9-52-57-64-23-18-49-22-51-62-34-50-56-20-24-58-10-13-60-48-0,3846.8762288557236,seed702_explore_lns_start66_late_random_best_rm25_tw12
0-33-63-23-21-59-52-65-61-41-38-40-6-7-10-53-44-43-37-35-8-46-4-3-1-70-54-68-55-17-13-58-25-48-0,3856.2602624914143,seed702_explore_lns_start39_late_best_rm25_tw10
0-59-63-33-28-30-29-39-38-40-44-61-6-7-8-46-10-53-54-41-43-37-35-1-3-4-70-68-55-60-56-20-48-32-0,3860.730606300407,seed701_explore_lns_start33_late_random_best_rm25_tw12
0-39-42-5-45-2-69-52-12-14-47-16-15-11-9-57-64-23-21-18-49-22-51-67-29-28-26-34-50-56-66-55-17-25-24-0,3865.4966287845573,seed701_explore_lns_start28_late_random_best_rm25_tw8
0-65-33-31-28-29-21-23-67-44-40-38-61-53-6-7-8-46-3-43-37-41-35-54-68-70-1-4-60-10-17-13-58-25-24-20-0,3873.8967114487386,seed702_explore_lns_start68_late_best_rm20_tw8
0-65-28-27-29-21-23-64-61-41-38-40-8-7-6-10-53-44-43-35-37-54-68-46-4-3-1-70-55-60-17-13-24-25-48-0,3874.7250699177353,seed702_explore_lns_start36_mixed_random_best_rm20_tw6
0-39-36-42-5-45-2-69-65-12-14-47-16-15-11-9-59-52-57-64-19-23-21-18-49-22-51-30-26-32-34-50-0,3877.453224291124,seed601_lns_start35_late_random_best_rm8_tw12_guarded
0-5-45-65-64-62-63-27-38-40-44-41-61-22-11-10-53-7-8-6-46-4-3-1-43-35-37-54-68-66-20-24-48-58-13-0,3883.584110669244,seed701_explore_lns_start19_mixed_regret_rm25_tw12
0-39-36-42-5-45-2-69-65-12-14-47-16-15-11-9-52-57-23-21-19-22-64-31-28-26-34-49-50-56-25-58-13-0,3883.7098650964617,seed702_explore_lns_start58_late_regret_rm25_tw15
0-39-42-5-45-2-69-12-14-47-16-15-11-59-9-57-23-21-18-19-22-51-31-29-28-26-49-20-56-66-55-32-58-0,3889.8416330487603,seed702_explore_lns_start62_late_best_rm25_tw12
0-27-31-33-23-59-69-61-53-6-7-8-3-46-44-38-40-43-41-37-35-54-68-1-4-60-10-66-20-48-25-58-17-0,3904.6079340167908,seed702_explore_lns_start59_mixed_regret_rm25_tw6
0-39-36-42-5-45-2-69-65-12-14-47-16-15-11-9-59-52-57-64-19-23-21-18-49-22-51-30-32-26-34-50-20-0,3921.845302601774,seed604_lns_start64_late_regret_rm8_tw15_guarded
0-65-33-28-31-63-21-59-61-41-38-40-44-3-46-8-7-6-53-66-20-56-50-34-54-37-35-43-68-70-1-4-60-13-24-48-0,3925.4517287657695,seed701_explore_lns_start71_late_best_rm25_tw15
0-36-65-23-63-33-30-29-31-41-38-40-44-61-6-46-8-7-53-10-66-50-43-35-37-54-68-70-3-1-4-60-17-32-0,3925.6848690325082,seed702_explore_lns_start70_late_regret_rm25_tw15
0-39-36-42-5-45-2-69-12-14-47-16-15-11-9-52-57-23-18-19-51-62-67-30-28-22-49-20-50-35-43-68-70-1-17-0,3946.448802966606,seed702_explore_lns_start45_random_regret_rm25_tw8
0-45-62-29-27-28-30-33-64-61-41-38-40-44-3-8-7-6-10-53-66-56-54-43-37-35-1-46-4-70-68-60-17-58-24-32-0,3950.189703422526,seed702_explore_lns_start89_late_best_rm25_tw8
0-39-42-5-45-2-69-12-14-47-16-11-59-52-57-64-23-21-18-19-49-22-51-63-30-67-56-50-34-26-37-43-35-0,3953.9232133089913,seed702_explore_lns_start25_mixed_regret_rm25_tw12
0-59-62-33-28-27-38-39-40-44-61-69-6-8-7-9-10-53-54-41-37-35-43-1-3-46-4-55-60-17-13-20-25-48-34-0,3963.921456215004,seed701_explore_lns_start51_mixed_best_rm25_tw8
0-59-29-33-63-19-23-64-67-41-38-40-44-61-3-46-8-7-6-53-55-43-35-37-54-56-66-68-70-1-4-60-17-25-48-32-0,3966.543248791708,seed701_explore_lns_start86_late_best_rm25_tw12
0-63-28-31-62-23-52-59-15-53-61-6-7-8-3-44-40-38-37-43-41-68-55-4-46-10-17-13-58-25-48-24-32-26-0,3973.827513971662,seed702_explore_lns_start61_mixed_random_best_rm25_tw8
0-39-36-5-45-2-69-12-14-47-16-15-11-59-9-57-23-21-18-19-22-49-51-30-29-27-26-32-34-50-56-20-48-24-13-0,3986.5009637706116,seed701_explore_lns_start7_late_regret_rm25_tw6
0-39-36-42-5-45-2-69-65-12-14-47-16-15-11-9-59-52-57-23-21-18-49-22-51-67-28-34-50-35-43-4-60-13-48-0,3987.2284930476712,seed701_explore_lns_start58_mixed_regret_rm25_tw8
0-59-63-33-27-31-67-61-44-40-38-41-6-7-8-3-46-53-10-20-66-56-54-37-35-43-68-55-70-1-4-60-17-13-58-25-48-24-0,3990.9725339801143,seed608_lns_start37_late_regret_rm8_tw6_guarded
0-36-31-28-29-21-23-59-52-65-53-61-44-6-7-8-3-40-38-41-4-46-1-43-35-37-54-68-55-13-58-25-24-70-0,3991.553945362325,seed702_explore_lns_start15_late_best_rm25_tw15
0-59-63-33-28-27-67-61-44-40-38-41-6-7-8-3-46-53-10-20-66-56-54-37-35-43-68-55-70-1-4-60-17-13-58-25-48-24-0,3994.0529981789505,seed601_lns_start6_late_regret_rm8_tw12_guarded
0-39-36-42-5-45-2-69-65-12-14-47-16-15-11-9-59-52-57-64-19-23-21-18-49-22-51-30-26-34-50-66-48-58-13-0,3995.4510255990103,seed701_explore_lns_start67_late_regret_rm20_tw15
0-39-36-42-5-45-2-69-65-12-14-47-16-15-11-9-52-57-49-19-23-21-18-22-20-67-31-26-34-50-56-53-10-58-25-0,3998.821793448208,seed702_explore_lns_start19_late_random_best_rm25_tw10
0-65-62-33-27-29-31-67-44-61-8-7-6-40-38-41-56-66-10-53-55-43-37-35-1-3-46-4-70-54-68-60-25-0,4006.6565117714717,seed702_explore_lns_start61_late_best_rm20_tw6
0-39-36-42-5-45-2-69-65-12-14-47-16-15-11-9-59-52-57-22-19-49-51-62-31-30-26-34-50-66-20-48-25-58-17-60-0,4009.6751456066454,seed702_explore_lns_start48_late_regret_rm25_tw10
0-27-28-29-33-62-21-61-41-38-40-44-3-46-8-7-6-53-10-20-66-56-54-43-35-37-68-55-70-1-4-60-17-13-58-48-0,4016.100131567119,seed701_explore_lns_start29_late_regret_rm20_tw8
0-39-36-42-5-2-69-65-12-14-47-16-15-11-59-9-52-57-23-21-18-22-51-62-50-30-49-20-25-10-13-17-60-58-48-0,4018.271495036165,seed701_explore_lns_start16_late_random_best_rm25_tw10
0-39-36-42-5-45-2-69-65-12-14-47-16-15-11-9-59-52-57-19-23-21-18-49-22-51-62-67-34-26-50-56-66-55-58-0,4020.5783803660097,seed701_explore_lns_start39_late_random_best_rm20_tw8
0-33-28-29-21-65-64-67-69-53-6-61-44-40-38-41-7-8-46-4-3-1-43-35-37-54-60-10-13-58-25-48-24-0,4030.8126140315935,seed702_explore_lns_start17_mixed_best_rm25_tw10
0-65-62-33-28-27-29-67-38-40-44-41-61-53-7-8-46-6-43-54-37-35-1-3-4-70-68-55-60-10-17-13-58-25-20-66-0,4031.516117390444,seed701_explore_lns_start18_late_random_best_rm20_tw15
0-33-31-29-27-28-30-62-36-40-38-41-44-61-6-3-46-8-7-10-53-55-43-35-37-54-66-68-70-1-4-60-17-58-25-24-26-0,4045.8868302227893,seed702_explore_lns_start17_late_best_rm25_tw15
0-59-63-33-27-31-67-61-44-40-38-41-6-7-8-3-46-53-10-66-56-54-37-35-43-68-55-70-1-4-60-17-13-58-25-48-24-32-0,4049.2054509656355,seed603_lns_start76_late_regret_rm8_tw6_guarded
0-39-36-42-5-45-2-69-65-12-14-47-16-15-11-9-52-57-22-19-21-18-51-30-28-29-34-50-56-20-49-58-66-54-4-1-48-0,4051.827713844471,seed702_explore_lns_start86_mixed_random_best_rm25_tw6
0-59-63-33-28-27-67-61-44-40-38-41-6-7-8-3-46-53-10-66-56-54-37-35-43-68-55-70-1-4-60-17-13-58-25-48-24-32-0,4051.8560829506723,seed603_lns_start35_late_regret_rm8_tw12_guarded
0-39-42-5-45-2-69-12-14-47-16-15-11-59-9-52-57-64-22-21-18-49-51-30-29-27-26-32-50-56-24-25-55-0,4056.126073626163,seed702_explore_lns_start79_late_random_best_rm25_tw15
0-39-36-42-5-45-2-69-65-12-14-47-16-15-11-9-57-22-19-23-21-18-49-51-63-33-26-56-3-55-68-54-17-48-0,4070.107325509611,seed702_explore_lns_start56_mixed_regret_rm25_tw15
0-62-31-29-28-30-33-61-44-40-38-41-6-7-8-3-46-10-53-66-34-43-37-35-54-68-55-70-1-4-60-13-58-25-24-0,4071.2209807391914,seed702_explore_lns_start16_late_regret_rm20_tw6
0-65-59-27-33-67-63-51-18-53-6-7-8-3-46-61-41-44-43-40-38-35-37-54-34-50-56-66-68-70-1-4-17-0,4075.895204261943,seed701_explore_lns_start52_late_random_best_rm25_tw8
0-65-62-63-33-30-28-29-61-41-38-40-44-3-46-8-7-6-10-53-66-56-54-43-37-35-68-70-1-4-60-13-58-32-26-0,4085.528333738831,seed702_explore_lns_start54_late_regret_rm20_tw10
0-65-63-62-64-21-30-28-31-61-41-38-40-44-8-7-6-53-68-43-4-46-3-1-35-37-54-50-56-24-48-58-60-70-0,4089.546975675789,seed701_explore_lns_start20_late_best_rm20_tw12
0-63-33-27-29-62-19-59-52-53-45-8-7-6-61-44-41-38-40-43-37-4-46-3-1-68-54-56-66-55-10-17-60-70-35-0,4090.03497422211,seed701_explore_lns_start28_late_regret_rm25_tw8
0-65-39-33-28-31-67-64-19-21-57-53-61-41-38-40-37-44-43-6-7-8-46-3-1-4-68-54-66-56-20-48-25-24-60-70-0,4096.486413451093,seed701_explore_lns_start25_mixed_random_best_rm25_tw6
0-31-29-38-40-44-41-61-6-8-3-46-7-10-53-66-56-50-54-43-37-35-68-55-70-1-4-60-17-13-58-25-48-24-0,4098.170002888041,seed603_lns_start61_late_regret_rm8_tw6
0-39-36-42-5-45-2-69-12-14-47-16-15-11-9-59-52-57-64-49-19-21-18-22-51-30-27-26-34-56-66-48-25-58-13-0,4105.192014908885,seed701_explore_lns_start16_late_regret_rm20_tw10
0-31-27-38-40-44-41-61-6-8-3-46-7-10-53-66-56-50-54-43-37-35-68-55-70-1-4-60-17-13-58-25-48-24-0,4105.973228601257,seed602_lns_start5_late_regret_rm8_tw6
0-33-29-38-40-44-41-61-6-8-3-46-7-10-53-66-56-50-54-43-37-35-68-55-70-1-4-60-17-13-58-25-48-24-0,4108.539329637755,seed604_lns_start76_late_best_rm8_tw8
0-65-59-29-27-63-64-18-53-61-44-3-8-46-7-6-41-38-40-43-35-37-54-66-20-24-58-13-10-60-4-1-70-0,4111.30683460431,seed702_explore_lns_start43_mixed_random_best_rm25_tw6
0-63-31-38-40-44-41-61-6-8-3-46-7-10-53-66-56-50-54-43-37-35-68-55-70-1-4-60-17-13-58-25-48-24-0,4111.362293701091,seed602_lns_start8_late_regret_rm8_tw15
0-21-63-33-30-31-62-67-41-38-40-44-61-3-7-8-6-53-10-68-54-37-35-43-70-1-46-4-60-58-25-48-34-0,4112.242042295862,seed702_explore_lns_start42_late_best_rm20_tw12
0-63-28-38-40-44-41-61-6-8-3-46-7-10-53-66-56-50-54-43-37-35-68-55-70-1-4-60-17-13-58-25-48-24-0,4119.033966471083,seed601_lns_start5_late_regret_rm8_tw6
0-39-36-42-5-45-2-69-65-12-14-47-16-15-11-9-52-57-23-21-19-49-22-64-67-30-27-26-34-10-55-58-25-48-0,4128.402631655391,seed702_explore_lns_start14_late_random_best_rm25_tw8
0-65-39-36-42-5-45-2-12-14-47-16-15-11-9-57-22-23-18-51-63-67-29-28-34-32-50-49-48-20-56-66-24-58-70-0,4131.496486289591,seed702_explore_lns_start3_mixed_best_rm25_tw12
0-39-36-29-28-33-30-62-67-61-53-7-6-44-40-38-41-46-8-3-43-37-35-54-68-70-1-4-60-10-13-20-48-34-0,4138.408119260584,seed701_explore_lns_start74_late_random_best_rm25_tw6
0-62-63-33-28-29-31-38-40-44-41-61-6-7-8-46-53-66-56-50-32-34-54-37-35-43-1-3-4-70-68-55-60-17-10-48-0,4143.6299607649835,seed702_explore_lns_start68_late_regret_rm20_tw12
0-65-59-31-29-28-30-67-19-21-23-22-57-61-41-44-38-40-6-7-8-46-3-43-35-37-54-68-55-70-53-60-17-13-58-25-48-24-0,4164.346161077452,seed702_explore_lns_start24_mixed_best_rm25_tw12
0-39-36-42-5-45-2-69-12-14-47-16-15-11-9-59-52-57-23-21-18-19-22-49-51-63-31-26-32-50-20-58-13-0,4168.901470413556,seed702_explore_lns_start59_late_best_rm20_tw10
0-39-36-42-5-45-2-69-12-14-47-16-15-11-53-65-64-23-18-19-22-51-30-29-34-50-49-20-57-9-10-55-48-0,4173.0510707790645,seed701_explore_lns_start87_late_random_best_rm25_tw10
0-27-33-63-62-65-59-53-61-41-44-38-40-46-7-8-6-55-4-3-1-43-35-37-54-66-10-13-17-60-70-48-26-0,4193.77836117622,seed702_explore_lns_start78_mixed_best_rm25_tw6
0-39-36-42-5-45-2-69-12-14-47-16-15-11-9-59-57-64-67-30-28-33-51-18-49-22-34-26-32-66-24-13-17-48-0,4212.09702617716,seed701_explore_lns_start32_late_best_rm25_tw6
0-39-36-42-5-45-2-69-12-14-47-16-15-11-9-59-52-57-64-67-28-33-51-22-18-49-32-50-66-24-48-25-58-17-60-0,4222.273883742258,seed701_explore_lns_start70_late_regret_rm25_tw8
0-65-59-62-28-27-29-67-39-44-40-38-41-61-53-6-7-8-46-3-43-54-37-35-1-4-70-68-55-60-17-13-58-20-56-32-0,4232.945314768101,seed702_explore_lns_start44_late_best_rm25_tw15
0-65-5-45-2-69-12-14-47-16-15-11-59-52-22-18-21-23-19-51-30-31-29-27-26-50-49-57-9-66-56-48-24-13-60-0,4234.894808411056,seed702_explore_lns_start7_late_best_rm25_tw15
0-14-65-62-33-28-67-38-44-61-9-15-53-7-6-8-46-3-40-43-41-37-35-34-54-68-55-60-10-13-58-25-48-24-1-0,4248.317874874168,seed702_explore_lns_start42_mixed_best_rm25_tw15
0-59-64-62-30-28-27-31-36-38-44-41-61-53-6-7-8-46-43-37-40-35-54-68-55-70-3-1-4-10-13-17-48-50-0,4249.031060111205,seed702_explore_lns_start53_late_regret_rm25_tw6
0-65-21-63-33-27-29-31-67-61-44-40-38-41-7-6-8-46-4-3-1-43-35-37-54-68-55-53-66-56-24-48-60-70-0,4250.151177225852,seed702_explore_lns_start64_late_best_rm20_tw10
0-63-33-27-31-62-52-59-12-7-9-53-61-41-38-40-44-37-43-6-8-46-3-1-54-55-10-17-13-58-25-32-26-0,4250.193032160327,seed701_explore_lns_start55_mixed_best_rm25_tw15
0-39-36-42-5-45-2-69-12-14-47-16-15-11-9-59-57-22-49-19-21-18-51-33-30-31-26-32-50-56-66-10-60-13-58-24-0,4252.32061003446,seed702_explore_lns_start66_late_best_rm25_tw15
0-5-65-23-21-19-63-33-30-29-31-67-41-44-40-38-61-53-7-6-8-46-4-3-1-43-35-37-54-56-66-68-70-17-58-34-0,4273.00647468111,seed701_explore_lns_start56_late_best_rm25_tw6
0-31-29-38-40-44-41-61-6-8-3-46-7-10-53-66-56-54-43-37-35-68-55-70-1-4-60-17-13-58-25-48-24-32-0,4289.743616223122,seed608_lns_start30_late_regret_rm8_tw8
0-63-33-28-62-42-44-39-38-36-40-41-61-6-8-7-53-10-20-56-66-68-55-46-4-3-1-43-35-37-54-50-24-25-58-17-70-0,4298.757612669733,seed702_explore_lns_start29_late_random_best_rm25_tw15
0-63-31-38-40-44-41-61-6-8-3-46-7-10-53-66-56-54-43-37-35-68-55-70-1-4-60-17-13-58-25-48-24-32-0,4302.935907036172,seed606_lns_start17_late_regret_rm8_tw10
0-63-29-38-40-44-41-61-6-8-3-46-7-10-53-66-56-54-43-37-35-68-55-70-1-4-60-17-13-58-25-48-24-32-0,4305.660460234161,seed608_lns_start23_late_regret_rm8_tw10
0-63-33-28-27-62-64-7-61-41-38-40-44-3-46-8-6-53-10-20-66-56-54-37-35-43-68-55-70-1-4-60-17-13-58-25-32-0,4320.422790048033,seed702_explore_lns_start42_late_random_best_rm20_tw8
0-65-33-28-27-29-64-21-52-69-53-61-41-38-44-6-7-8-40-37-43-4-46-3-1-54-70-55-60-10-13-24-25-48-34-0,4322.85557523381,seed701_explore_lns_start41_mixed_best_rm25_tw15
0-39-42-5-45-2-69-12-14-47-16-15-11-59-9-52-57-22-19-23-21-18-62-67-30-29-26-32-49-20-56-24-25-58-60-0,4327.248498306699,seed702_explore_lns_start58_late_best_rm25_tw15
0-39-36-42-5-45-2-69-12-14-47-16-15-11-9-52-57-23-21-18-22-30-28-29-27-26-34-50-49-20-24-66-55-60-13-58-0,4337.406344046829,seed701_explore_lns_start63_late_best_rm25_tw12
0-59-33-28-29-31-19-67-41-38-39-40-44-61-6-46-8-7-10-53-55-66-54-43-35-37-1-3-4-70-68-60-17-13-58-0,4338.707110856522,seed701_explore_lns_start57_late_best_rm25_tw8
0-65-63-64-21-27-29-67-61-41-38-40-44-3-46-8-7-6-53-10-66-56-50-68-43-37-35-54-70-1-4-60-17-24-48-0,4338.823455409471,seed702_explore_lns_start82_late_regret_rm20_tw8
0-63-27-65-64-19-21-23-59-53-61-6-7-8-46-3-44-38-40-43-41-37-35-54-56-68-55-70-4-1-60-13-58-24-48-32-0,4360.53537282494,seed702_explore_lns_start20_late_best_rm25_tw8
0-39-42-5-45-2-69-65-12-14-47-16-15-11-59-9-52-57-22-49-19-23-18-51-63-67-30-32-34-50-66-24-48-25-58-13-0,4361.305832056219,seed702_explore_lns_start64_late_best_rm25_tw8
0-39-36-42-5-45-2-69-65-12-14-47-16-15-11-9-59-52-57-19-23-21-18-49-22-51-62-67-26-46-55-24-25-58-0,4374.409278016961,seed702_explore_lns_start59_late_random_best_rm20_tw15
0-39-36-42-5-45-2-69-12-14-47-16-15-11-9-52-57-22-19-18-51-62-67-30-29-27-34-49-56-55-60-13-58-25-0,4386.937498062008,seed701_explore_lns_start30_late_random_best_rm25_tw6
0-59-63-29-27-62-18-51-61-41-38-40-44-3-46-8-7-6-53-10-66-55-68-54-37-35-43-1-4-70-60-24-26-0,4395.459449838327,seed701_explore_lns_start4_late_random_best_rm25_tw12
0-65-59-33-28-30-29-67-39-38-40-44-41-61-6-7-8-3-53-10-20-66-54-37-35-43-1-4-70-68-13-58-24-48-34-0,4397.088635740325,seed702_explore_lns_start6_late_random_best_rm25_tw12
0-39-36-42-5-45-2-12-14-47-16-15-11-59-52-57-23-21-19-22-64-67-31-28-51-20-49-24-9-10-66-55-35-60-0,4414.6673905167245,seed702_explore_lns_start11_random_best_rm25_tw6
0-39-42-5-45-2-69-52-12-14-47-16-15-11-9-57-64-22-49-19-23-18-51-62-67-30-29-26-34-50-56-66-55-13-58-24-25-0,4416.522500741279,seed701_explore_lns_start80_late_regret_rm25_tw10
0-65-63-33-31-29-30-67-36-40-38-41-61-53-6-7-8-46-3-44-43-37-26-34-50-54-68-70-1-4-60-24-20-48-25-35-0,4417.392514485157,seed702_explore_lns_start32_late_best_rm25_tw10
0-59-33-28-31-30-64-44-40-38-41-61-53-6-7-8-46-3-43-37-35-50-56-66-68-54-20-58-10-4-1-70-0,4428.36857736637,seed701_explore_lns_start31_late_regret_rm25_tw15
0-36-42-5-45-2-69-12-14-47-16-15-11-59-9-52-57-64-49-19-23-21-18-22-31-29-26-32-34-50-56-20-24-25-58-17-60-0,4430.155351553849,seed702_explore_lns_start24_late_regret_rm25_tw15
0-63-33-27-29-30-36-38-39-40-44-41-61-53-7-8-3-46-6-10-66-55-68-54-43-37-35-1-4-70-17-13-58-20-32-0,4432.157105281601,seed702_explore_lns_start56_late_random_best_rm25_tw8
0-59-52-69-67-62-33-30-27-31-38-40-44-41-61-53-7-6-8-46-4-3-1-43-37-54-68-55-60-10-13-58-48-20-66-70-0,4433.076492961898,seed701_explore_lns_start27_mixed_random_best_rm25_tw15
0-28-29-38-40-44-41-61-6-8-3-46-7-10-53-66-56-54-43-37-35-68-55-70-1-4-60-17-13-58-25-48-20-24-0,4445.806027131272,seed604_lns_start36_late_regret_rm8_tw15
0-65-63-28-29-21-23-64-67-36-40-38-41-44-3-61-53-6-7-8-46-4-1-43-35-37-54-68-66-20-24-25-58-13-17-70-0,4446.011753285926,seed702_explore_lns_start63_late_random_best_rm25_tw6
0-33-29-38-40-44-41-61-6-8-3-46-7-10-53-66-56-54-43-37-35-68-55-70-1-4-60-17-13-58-25-48-20-24-0,4447.365799807834,seed604_lns_start76_late_regret_rm8_tw10
0-33-28-38-40-44-41-61-6-8-3-46-7-10-53-66-56-54-43-37-35-68-55-70-1-4-60-17-13-58-25-48-20-24-0,4450.097304135831,seed605_lns_start87_late_random_best_rm8_tw12
0-63-31-38-40-44-41-61-6-8-3-46-7-10-53-66-56-54-43-37-35-68-55-70-1-4-60-17-13-58-25-48-20-24-0,4450.1887638711705,seed602_lns_start59_late_regret_rm8_tw6
0-45-62-28-27-29-31-38-40-44-61-8-7-6-53-9-10-22-20-41-4-46-3-1-43-35-37-54-70-55-60-17-13-24-25-48-0,4450.5785271681,seed702_explore_lns_start51_mixed_regret_rm25_tw15
0-59-63-33-62-67-61-7-42-41-38-40-44-3-46-8-6-53-10-66-56-54-37-35-43-68-55-70-1-4-60-17-13-58-25-48-24-0,4450.603988394746,seed602_lns_start52_mixed_regret_rm8_tw15_guarded
0-65-64-33-30-28-27-38-40-44-41-61-7-8-3-46-6-53-10-56-50-32-34-54-37-35-43-68-70-1-4-60-17-13-25-24-0,4464.077013076207,seed702_explore_lns_start68_late_regret_rm20_tw12
0-5-62-28-31-67-15-11-9-12-53-61-44-40-38-41-7-8-6-46-3-43-35-37-54-68-55-70-1-4-60-10-24-20-48-25-0,4469.872887809866,seed702_explore_lns_start85_mixed_regret_rm20_tw6
0-39-36-42-5-45-2-69-12-14-47-16-15-11-9-52-57-22-21-19-49-51-62-67-31-29-30-32-26-34-50-66-55-4-1-0,4473.080770462917,seed702_explore_lns_start60_mixed_regret_rm25_tw8
0-65-27-28-31-64-69-61-36-44-57-53-41-38-40-37-43-6-7-8-46-4-3-1-70-55-68-66-56-20-24-48-25-58-13-17-60-0,4480.256762042314,seed701_explore_lns_start25_mixed_random_best_rm25_tw6
0-39-36-5-45-2-69-12-14-47-16-15-11-59-9-57-23-21-18-19-49-22-63-67-27-32-34-50-20-66-10-55-60-0,4486.126277360841,seed702_explore_lns_start44_late_random_best_rm25_tw15
0-63-33-28-27-29-31-30-61-44-40-38-41-6-7-8-3-46-53-66-56-50-32-34-37-35-43-54-68-55-70-1-4-60-17-13-58-25-48-24-0,4486.927827527426,seed608_lns_start36_late_random_best_rm8_tw6_guarded
0-39-36-42-5-45-2-69-65-12-14-47-16-15-11-9-52-57-22-49-19-21-18-51-62-28-27-26-32-34-10-13-55-25-48-0,4491.323049135353,seed701_explore_lns_start10_late_best_rm25_tw10
0-33-28-64-69-11-15-23-22-57-9-53-61-41-38-40-44-6-7-8-46-4-3-1-43-35-37-54-68-55-70-60-24-20-48-25-0,4499.613020382614,seed701_explore_lns_start2_mixed_random_best_rm25_tw10
0-23-61-44-40-38-41-6-7-8-3-46-53-10-20-66-56-50-34-54-43-37-35-68-55-70-1-4-60-13-58-48-0,4511.607419659275,seed608_lns_start25_random_regret_rm8_tw12
0-39-36-42-5-2-69-65-12-14-47-16-15-11-59-9-52-57-64-19-21-23-49-20-22-51-30-32-26-34-56-10-68-4-1-58-0,4516.911936583241,seed701_explore_lns_start15_mixed_best_rm25_tw6
0-42-31-28-33-67-64-23-59-53-7-6-61-41-44-38-40-43-3-8-46-4-1-35-37-54-56-68-70-60-58-48-32-0,4519.028828893174,seed701_explore_lns_start44_late_random_best_rm25_tw10
0-39-42-5-45-2-69-12-14-47-16-15-11-59-9-57-64-22-49-19-18-51-62-67-29-28-26-32-34-50-66-20-24-58-17-0,4530.4697493886915,seed702_explore_lns_start50_late_random_best_rm25_tw8
0-39-36-42-45-2-69-65-12-14-47-16-15-11-59-9-52-57-23-21-18-49-22-51-67-30-29-26-32-34-50-66-55-13-24-25-0,4534.607549300722,seed702_explore_lns_start65_late_random_best_rm25_tw10
0-65-33-28-31-64-19-21-23-52-61-41-38-36-40-44-3-46-8-6-7-10-53-66-56-68-43-35-37-54-70-1-4-60-17-13-25-20-0,4544.817175113151,seed702_explore_lns_start56_late_random_best_rm25_tw12
0-39-36-42-5-2-69-65-12-14-47-16-15-11-59-9-52-57-19-23-21-18-49-22-62-28-26-32-34-50-66-24-48-25-13-17-0,4546.12169060715,seed702_explore_lns_start47_late_best_rm25_tw6
0-39-42-5-45-2-69-52-12-14-47-16-15-11-9-57-22-19-23-21-18-51-62-67-29-28-32-50-56-49-10-55-60-17-13-25-0,4546.434440268677,seed702_explore_lns_start22_late_best_rm25_tw8
0-65-64-62-33-30-31-67-61-41-38-40-44-3-46-8-7-6-53-10-66-50-54-43-35-37-68-55-70-1-4-60-17-13-58-25-32-0,4555.618462447573,seed701_explore_lns_start80_late_regret_rm20_tw10
0-65-63-62-33-28-31-30-67-64-19-18-23-53-61-44-40-38-41-6-7-8-46-4-3-1-43-35-37-54-68-55-60-13-56-50-70-0,4558.900484689378,seed701_explore_lns_start2_late_regret_rm25_tw6
0-39-36-42-5-45-2-69-12-14-47-16-15-11-9-59-52-57-64-49-19-23-18-22-51-33-30-26-34-56-66-10-13-58-25-0,4560.351735208808,seed702_explore_lns_start28_mixed_random_best_rm25_tw12
0-65-64-21-63-33-30-28-29-41-38-40-44-61-3-46-8-7-53-10-6-55-4-1-43-37-35-54-68-70-66-20-32-0,4568.244291702641,seed701_explore_lns_start87_late_regret_rm25_tw15
0-14-63-33-27-29-30-36-38-44-61-53-9-11-6-7-8-46-41-37-40-43-1-3-4-55-66-56-20-24-48-25-58-13-10-17-60-0,4579.723903520642,seed701_explore_lns_start51_mixed_best_rm25_tw10
0-65-36-27-31-30-33-63-21-23-52-53-7-6-61-41-38-40-44-8-46-4-3-1-43-35-37-54-68-55-70-60-10-13-25-48-56-0,4581.88519367955,seed702_explore_lns_start50_late_random_best_rm25_tw8
0-63-33-27-31-29-36-38-39-44-51-53-61-3-46-8-7-6-40-41-43-37-35-54-66-68-70-1-4-60-10-17-13-58-24-48-0,4589.632003870548,seed701_explore_lns_start15_late_random_best_rm25_tw15
0-63-33-62-64-30-28-27-31-67-41-38-40-44-61-53-7-6-8-46-43-37-35-54-68-1-3-4-70-55-60-13-58-25-24-20-50-0,4590.055710676998,seed701_explore_lns_start11_late_random_best_rm25_tw8
0-63-33-28-29-31-44-38-61-45-8-7-53-51-50-67-41-40-6-46-4-3-1-43-35-37-54-68-70-55-60-17-10-66-25-0,4597.668696935163,seed701_explore_lns_start34_late_random_best_rm25_tw10
0-65-59-63-31-29-28-30-23-18-53-61-6-7-8-46-3-44-40-38-41-43-35-37-54-68-70-1-4-55-10-13-58-24-48-66-0,4602.449147306375,seed701_explore_lns_start6_late_best_rm25_tw12
0-39-36-42-5-45-2-69-12-14-47-16-15-11-9-59-52-57-64-49-19-21-18-22-51-63-62-34-50-56-66-20-48-58-13-17-0,4604.794357028812,seed702_explore_lns_start88_late_random_best_rm20_tw12
0-65-52-63-33-29-62-67-61-41-38-40-44-3-46-8-7-6-53-10-57-18-20-66-56-50-68-70-55-60-4-1-17-58-24-25-0,4608.7124526696525,seed702_explore_lns_start36_mixed_random_best_rm25_tw10
0-39-36-42-5-45-2-69-12-14-47-16-15-11-9-59-23-21-18-19-49-51-33-30-29-26-32-50-56-66-57-20-10-55-35-25-0,4609.295332122312,seed701_explore_lns_start35_mixed_random_best_rm25_tw10
0-62-33-28-27-29-31-67-38-40-44-61-53-6-7-8-46-3-43-37-41-35-54-68-70-1-4-60-10-58-24-48-50-34-0,4611.2912532089595,seed701_explore_lns_start30_late_random_best_rm20_tw8
0-45-62-31-29-33-63-59-53-61-44-41-38-40-3-46-8-7-6-43-37-35-54-66-68-1-4-70-55-60-17-10-24-32-0,4616.5524114657355,seed701_explore_lns_start52_late_random_best_rm25_tw8
0-39-36-42-5-45-2-69-65-12-14-47-16-15-11-9-52-57-64-22-19-23-21-18-51-62-67-30-49-37-43-35-0,4625.444084377971,seed608_lns_start25_mixed_best_rm8_tw8_guarded
0-52-59-23-21-64-63-51-62-67-61-53-6-7-8-46-3-44-40-38-41-43-37-35-54-68-70-1-4-13-24-25-48-26-0,4631.422419367115,seed702_explore_lns_start88_late_best_rm25_tw10
0-39-36-42-5-45-2-69-65-12-14-47-16-15-11-9-59-52-57-19-23-21-18-49-22-51-31-29-34-50-56-20-24-48-25-17-0,4641.792304065302,seed702_explore_lns_start50_late_regret_rm20_tw12
0-63-33-27-31-42-44-2-7-69-53-9-23-49-61-41-38-40-6-8-46-4-3-1-43-35-37-54-68-55-70-60-25-48-34-0,4655.37028896588,seed701_explore_lns_start25_mixed_random_best_rm25_tw12
0-45-31-29-27-28-33-67-62-63-18-53-6-7-8-46-3-61-44-40-38-41-43-37-35-54-50-66-55-70-60-17-13-24-25-48-0,4668.970744130982,seed701_explore_lns_start15_mixed_best_rm25_tw6
0-39-36-42-5-45-2-69-12-14-47-16-15-11-9-59-52-57-22-19-23-21-18-49-51-62-67-31-26-32-34-50-56-48-24-0,4670.184779407144,seed701_explore_lns_start28_late_regret_rm20_tw15
0-39-36-42-45-2-69-65-12-14-47-16-15-11-59-9-57-19-23-21-18-49-22-51-31-27-26-50-20-66-10-17-13-58-24-25-0,4688.25197631329,seed701_explore_lns_start18_late_random_best_rm25_tw6
0-39-36-42-45-2-69-12-14-47-16-15-11-9-57-23-21-18-19-22-51-62-30-28-27-26-32-50-49-66-56-48-25-13-17-0,4694.722420341604,seed701_explore_lns_start43_late_best_rm25_tw8
0-42-27-33-63-21-19-64-51-62-67-38-41-61-44-40-6-7-8-46-3-43-35-37-54-34-32-50-56-68-70-1-4-60-58-48-0,4700.542323933305,seed702_explore_lns_start83_late_best_rm25_tw10
0-39-5-45-2-69-65-11-12-14-47-16-15-59-52-64-23-18-21-19-49-22-51-62-67-33-26-34-32-50-56-1-58-25-0,4707.310818539769,seed702_explore_lns_start15_mixed_best_rm20_tw6
0-27-28-33-62-61-65-59-11-9-53-8-6-44-38-40-37-43-41-54-68-7-46-4-1-70-10-13-17-24-20-48-25-58-35-0,4708.347408001621,seed701_explore_lns_start84_mixed_random_best_rm25_tw12
0-65-42-62-27-30-23-21-18-64-67-41-44-40-38-61-10-53-7-6-8-46-4-3-1-43-37-35-54-68-55-70-66-26-0,4713.6922997771635,seed701_explore_lns_start14_late_random_best_rm25_tw10
0-39-65-23-64-33-63-51-62-67-38-40-44-41-61-53-46-7-6-8-4-3-1-43-35-37-54-68-70-56-20-48-32-26-0,4718.684626453264,seed702_explore_lns_start31_late_random_best_rm25_tw8
0-39-36-42-5-45-2-69-12-14-47-16-15-11-9-59-57-22-19-21-18-51-67-31-28-30-32-34-49-20-56-58-13-0,4729.74886146766,seed702_explore_lns_start53_late_regret_rm25_tw12
0-31-33-62-30-65-69-61-44-40-38-41-67-51-18-20-66-53-6-7-8-46-3-1-43-35-37-54-68-70-55-17-13-24-0,4735.429739166972,seed702_explore_lns_start34_mixed_best_rm25_tw8
0-39-36-42-5-45-2-69-12-14-47-16-15-11-9-59-52-57-64-22-19-23-21-18-49-51-67-28-50-56-20-24-48-58-60-0,4736.431520992022,seed701_explore_lns_start24_late_regret_rm25_tw8
0-39-36-42-5-45-2-69-12-14-47-16-15-11-9-59-57-23-21-19-49-22-51-67-30-28-29-34-50-56-66-20-48-25-13-17-0,4738.207213652018,seed702_explore_lns_start17_late_regret_rm25_tw15
0-65-21-33-28-27-29-31-38-40-44-41-61-3-46-8-7-6-53-10-56-34-43-35-37-54-68-4-1-70-60-17-25-24-0,4747.828210817967,seed701_explore_lns_start19_late_best_rm20_tw15
0-39-36-42-5-45-2-12-14-47-16-15-11-59-9-52-57-22-19-23-21-18-51-62-67-30-28-32-50-49-68-55-4-60-13-58-0,4777.123166421264,seed701_explore_lns_start5_mixed_random_best_rm25_tw12
0-39-36-42-5-45-2-69-65-12-14-47-16-15-11-9-52-57-22-49-19-21-18-51-62-30-28-32-3-46-4-1-70-68-55-10-24-48-0,4778.643100848463,seed702_explore_lns_start56_mixed_best_rm25_tw10
0-52-59-7-61-41-44-38-40-3-46-8-6-10-53-66-56-50-54-43-37-35-68-55-70-1-4-60-17-13-58-25-48-24-0,4781.409905484764,seed606_lns_start69_mixed_regret_rm8_tw15
0-39-36-42-5-2-69-65-12-14-47-16-15-11-59-9-52-57-19-23-21-18-49-22-51-62-29-26-32-56-66-10-13-60-24-0,4789.555139974731,seed701_explore_lns_start34_late_best_rm25_tw12
0-65-5-42-31-27-30-63-18-22-64-53-61-44-41-38-40-37-43-6-7-8-46-4-3-70-54-68-55-66-20-24-48-25-58-13-17-0,4792.348235898936,seed701_explore_lns_start18_mixed_best_rm25_tw10
0-65-59-63-33-29-31-36-40-38-41-61-53-6-7-8-3-46-44-43-37-54-35-68-55-70-1-4-60-10-13-17-24-25-26-0,4793.467179132691,seed701_explore_lns_start35_late_random_best_rm25_tw8
0-39-36-42-5-45-2-69-12-14-47-16-15-11-9-57-64-21-18-19-49-22-51-62-33-27-34-32-20-24-10-55-17-13-48-0,4795.071747209983,seed702_explore_lns_start79_late_random_best_rm25_tw10
0-65-33-62-64-29-30-63-51-61-41-44-38-40-46-8-7-6-10-53-55-3-4-1-68-54-37-35-43-70-60-66-56-48-32-0,4796.965262551995,seed702_explore_lns_start80_late_random_best_rm20_tw15
0-39-42-5-45-2-69-12-14-47-16-15-11-59-9-57-64-22-23-18-49-51-67-30-29-27-26-34-50-20-24-55-17-0,4798.512063893167,seed701_explore_lns_start49_late_regret_rm25_tw6
0-65-42-31-28-33-63-62-67-64-52-53-61-6-7-8-3-44-40-38-41-46-4-1-43-35-37-54-68-55-60-17-10-58-25-66-70-0,4798.789989932694,seed701_explore_lns_start7_late_regret_rm25_tw6
0-42-5-45-2-69-65-12-14-47-16-15-11-59-52-9-57-64-19-23-21-18-49-22-51-62-30-34-20-56-66-68-4-60-25-48-0,4803.01189631041,seed702_explore_lns_start80_mixed_best_rm25_tw8
0-36-31-29-33-63-19-64-62-67-41-38-40-61-53-7-6-8-46-3-44-43-35-37-1-4-70-68-54-32-20-25-58-13-17-0,4814.705886897687,seed702_explore_lns_start77_late_best_rm25_tw6
0-39-42-5-45-2-69-65-52-59-12-14-47-16-15-11-9-57-64-19-23-21-18-49-22-51-63-67-34-32-50-56-20-48-13-0,4826.8296871425455,seed702_explore_lns_start17_late_best_rm25_tw15
0-45-31-29-27-28-33-23-19-64-53-61-41-38-40-44-6-7-8-3-46-43-35-37-34-32-50-54-68-70-1-4-60-17-13-24-0,4832.039733239057,seed702_explore_lns_start77_late_best_rm25_tw6
0-33-63-64-21-30-29-62-67-61-38-40-44-41-53-7-6-8-46-3-43-37-35-54-56-66-68-55-70-4-1-60-13-58-24-20-0,4834.8918607584465,seed701_explore_lns_start45_late_random_best_rm20_tw6
0-39-36-42-5-45-2-69-12-14-47-15-11-52-22-23-21-18-19-49-51-67-31-30-33-26-32-50-56-66-57-20-10-35-48-0,4841.298601091403,seed702_explore_lns_start30_mixed_best_rm25_tw6
0-39-36-42-45-2-69-65-12-14-47-16-15-11-59-9-52-64-19-23-21-18-49-22-57-30-29-26-32-50-56-55-60-17-25-48-0,4845.8986854722025,seed702_explore_lns_start63_late_best_rm25_tw6
0-65-64-63-30-31-67-61-52-57-19-49-41-38-40-44-43-6-7-8-46-4-3-1-53-10-13-17-60-24-25-48-54-0,4848.70518207483,seed702_explore_lns_start63_mixed_random_best_rm25_tw12
0-39-36-42-45-2-69-65-12-14-47-16-15-11-9-52-57-23-21-18-19-49-22-64-51-62-67-31-32-34-50-20-10-55-60-58-25-48-0,4859.06382302039,seed701_explore_lns_start52_late_best_rm25_tw10
0-36-31-29-28-33-62-65-52-18-67-41-38-40-44-61-7-6-8-46-3-43-37-35-54-68-55-70-1-4-60-24-20-25-50-0,4866.286091418281,seed702_explore_lns_start64_late_best_rm25_tw8
0-39-36-42-45-2-69-12-14-47-16-15-11-59-9-52-57-64-22-49-18-51-62-28-27-26-32-50-20-10-13-55-60-24-25-48-0,4876.70461345639,seed701_explore_lns_start56_late_best_rm25_tw6
0-39-36-42-5-45-2-12-14-47-16-15-11-59-9-52-57-65-64-19-21-18-49-22-51-30-28-26-48-24-55-1-4-13-58-25-0,4896.239570339316,seed702_explore_lns_start18_mixed_random_best_rm25_tw8
0-31-27-38-40-44-41-61-6-8-3-46-7-10-53-66-56-54-43-37-35-68-55-70-1-4-60-17-13-58-25-48-24-26-0,4910.864923816674,seed607_lns_start12_late_regret_rm8_tw12
0-63-29-38-40-44-41-61-6-8-3-46-7-10-53-66-56-54-43-37-35-68-55-70-1-4-60-17-13-58-25-48-24-26-0,4918.978542114498,seed607_lns_start43_late_regret_rm8_tw12
0-63-27-28-31-21-52-65-61-36-40-38-41-44-3-46-8-7-6-53-66-56-54-37-35-43-1-4-70-68-55-60-10-13-58-48-34-0,4923.781282291373,seed702_explore_lns_start19_late_best_rm25_tw6
0-33-27-28-63-21-23-59-61-44-40-38-41-3-46-8-7-6-10-53-68-54-37-35-43-70-1-4-60-17-13-58-25-48-24-20-26-0,4923.85426596769,seed701_explore_lns_start16_late_random_best_rm25_tw12
0-63-27-38-40-44-41-61-6-8-3-46-7-10-53-66-56-54-43-37-35-68-55-70-1-4-60-17-13-58-25-48-24-26-0,4926.1680280159835,seed607_lns_start32_late_random_best_rm8_tw8
0-39-36-42-45-2-69-65-12-14-47-16-15-11-59-9-52-57-23-21-18-19-49-22-51-62-67-30-26-50-56-66-48-25-58-17-0,4929.9314537619575,seed702_explore_lns_start58_late_best_rm25_tw6
0-39-36-42-45-2-69-65-12-14-47-16-15-11-59-9-52-57-22-49-19-21-18-51-62-31-30-26-34-50-56-66-55-60-13-24-58-0,4930.62766077767,seed701_explore_lns_start8_late_best_rm25_tw15
0-39-36-42-5-45-2-69-65-12-14-47-16-15-11-9-52-57-64-22-49-19-23-18-51-62-67-28-26-56-10-68-54-60-58-0,4933.337057369212,seed701_explore_lns_start73_mixed_regret_rm25_tw15
0-65-63-28-29-31-67-61-15-12-9-6-53-7-8-46-3-44-40-43-38-37-35-41-54-66-68-55-1-10-17-58-25-0,4948.274754235556,seed701_explore_lns_start70_mixed_random_best_rm25_tw6
0-39-36-42-5-45-2-69-12-14-47-16-15-11-9-59-57-64-49-23-21-18-19-22-51-67-28-26-32-34-54-10-17-1-24-0,4951.272163297442,seed702_explore_lns_start71_mixed_regret_rm25_tw10
0-39-36-42-5-45-2-69-65-12-14-47-16-15-11-9-52-57-22-19-23-21-18-62-67-29-30-32-49-20-46-55-17-13-58-25-0,4953.794113864193,seed702_explore_lns_start16_late_regret_rm25_tw8
0-39-42-5-45-2-69-65-12-14-47-16-15-11-59-9-57-23-21-18-19-49-22-51-63-30-31-26-50-56-10-66-60-17-58-25-0,4963.13316109857,seed702_explore_lns_start43_late_best_rm25_tw10
0-65-59-33-28-31-30-67-64-21-53-7-6-8-46-61-44-40-38-41-43-37-35-54-56-68-55-70-1-4-17-24-20-48-32-0,4968.887119308534,seed702_explore_lns_start75_late_regret_rm25_tw10
0-39-42-5-45-2-69-65-12-14-47-16-15-11-59-52-57-23-21-19-18-51-62-33-30-26-49-20-9-10-66-24-58-17-70-0,4974.188540820424,seed702_explore_lns_start64_mixed_regret_rm25_tw10
0-63-62-27-28-30-33-51-19-52-53-61-44-40-38-41-7-6-8-46-4-3-1-43-35-37-54-68-70-55-66-56-20-25-48-26-0,4979.2083152308405,seed701_explore_lns_start30_late_regret_rm25_tw6
0-39-36-42-5-45-2-69-65-12-14-47-16-15-11-9-59-52-57-19-23-21-18-49-22-20-62-33-26-34-56-68-70-1-4-13-58-25-0,4979.669069028569,seed702_explore_lns_start48_mixed_best_rm25_tw6
0-63-33-28-27-31-61-44-40-38-41-6-7-8-3-46-53-10-20-66-56-54-37-35-43-68-55-70-1-4-60-17-13-58-25-48-24-32-0,4998.3777948093575,seed603_lns_start47_late_regret_rm8_tw10_guarded
0-63-33-28-27-29-31-61-44-40-38-41-6-7-8-3-46-53-10-20-66-56-54-37-35-43-68-55-70-1-4-60-17-13-58-25-48-24-32-0,4998.3777948093575,seed606_lns_start61_late_regret_rm8_tw15_guarded
0-62-33-28-31-30-65-67-61-41-44-38-40-3-46-8-6-7-53-10-66-68-54-43-35-37-1-4-70-55-60-17-13-25-50-0,5022.456473506271,seed701_explore_lns_start73_late_regret_rm20_tw6
0-39-36-42-5-45-2-69-65-12-14-47-16-15-11-9-59-52-57-19-23-21-18-49-22-51-62-67-30-26-34-50-20-0,5040.488396792523,seed605_lns_start54_late_regret_rm8_tw12_guarded
0-39-36-42-5-45-2-69-65-12-14-47-16-15-11-9-59-52-57-19-23-21-18-49-22-51-63-31-26-34-56-20-24-25-13-0,5043.262830788088,seed701_explore_lns_start13_late_best_rm20_tw6
0-33-27-31-64-61-7-42-44-39-36-40-38-41-30-34-50-56-53-6-8-46-4-3-1-43-35-37-54-68-20-24-25-13-17-70-0,5045.419148624915,seed702_explore_lns_start0_late_best_rm25_tw10
0-39-36-42-5-45-2-69-12-14-47-16-15-11-9-52-64-62-63-18-49-20-51-33-27-26-32-34-50-56-66-10-4-1-0,5048.97318367666,seed702_explore_lns_start24_mixed_best_rm25_tw12
0-33-63-21-23-62-31-29-38-40-44-61-53-7-6-8-46-3-43-37-35-41-54-68-56-20-24-10-60-4-1-70-50-32-0,5050.281502245594,seed701_explore_lns_start5_late_regret_rm20_tw12
0-65-33-27-28-62-64-23-21-30-67-61-44-40-38-41-53-7-8-46-4-3-1-43-35-37-54-68-70-55-10-58-25-48-20-26-0,5056.304200292542,seed702_explore_lns_start62_late_random_best_rm25_tw8
0-39-36-42-5-45-2-69-12-14-47-16-15-11-9-59-52-57-22-19-18-51-63-30-29-27-34-50-49-48-24-56-55-0,5060.784000463659,seed701_explore_lns_start10_late_best_rm20_tw12
0-63-33-28-30-31-67-64-53-7-8-61-44-40-38-41-6-46-3-43-35-37-54-56-68-55-70-1-4-60-24-25-32-26-0,5067.409265249002,seed702_explore_lns_start21_late_random_best_rm20_tw10
0-39-36-42-5-45-2-69-12-14-47-16-15-11-9-59-52-57-23-21-19-49-22-20-51-63-67-29-26-66-68-43-37-35-70-60-25-0,5070.873173944868,seed702_explore_lns_start13_random_regret_rm25_tw12
0-39-36-42-5-2-69-12-14-47-16-15-11-59-9-52-57-64-19-21-18-49-22-51-30-28-31-32-34-50-56-20-48-24-17-60-0,5071.335908210032,seed702_explore_lns_start14_late_regret_rm25_tw8
0-39-36-42-5-45-2-69-12-14-47-16-15-11-9-52-57-22-49-19-18-51-63-62-67-30-27-26-32-34-50-68-70-4-60-25-48-0,5073.02675358668,seed702_explore_lns_start35_mixed_random_best_rm25_tw12
0-65-59-62-63-33-30-21-9-53-44-40-38-41-61-7-6-8-46-4-3-1-43-35-37-54-66-60-10-13-25-20-26-0,5077.560841530837,seed701_explore_lns_start9_mixed_regret_rm25_tw6
0-65-63-52-64-62-28-27-31-67-22-53-61-38-44-41-40-37-43-6-7-8-46-3-1-4-70-54-68-60-17-13-58-24-48-34-0,5080.438863029631,seed701_explore_lns_start35_mixed_random_best_rm25_tw10
0-31-29-38-40-44-41-61-6-8-3-46-7-10-53-66-56-54-43-37-35-68-55-70-1-4-60-17-13-58-25-48-24-34-0,5088.936424755649,seed601_lns_start76_late_regret_rm8_tw10
0-31-27-38-40-44-41-61-6-8-3-46-7-10-53-66-56-54-43-37-35-68-55-70-1-4-60-17-13-58-25-48-24-34-0,5096.739650468863,seed605_lns_start17_late_random_best_rm8_tw6
0-33-31-38-40-44-41-61-6-8-3-46-7-10-53-66-56-54-43-37-35-68-55-70-1-4-60-17-13-58-25-48-24-34-0,5097.536863967518,seed608_lns_start65_late_regret_rm8_tw12
0-64-61-38-40-44-41-6-7-8-3-46-53-10-20-66-54-43-37-35-68-55-70-1-4-60-17-13-58-25-48-24-26-0,5108.036351458777,seed601_lns_start29_mixed_best_rm8_tw10
0-39-36-42-5-45-2-69-65-12-14-47-16-15-11-9-52-57-23-21-19-49-22-51-30-31-29-28-26-34-50-66-55-17-13-58-25-24-0,5112.1384152741375,seed702_explore_lns_start89_late_random_best_rm25_tw8
0-65-33-28-27-63-19-59-61-41-38-40-44-3-46-8-6-7-53-10-20-66-56-54-37-35-43-68-55-70-1-4-17-58-24-34-0,5119.817254388646,seed701_explore_lns_start55_late_regret_rm25_tw12
0-65-42-62-63-33-30-27-67-51-19-53-61-6-7-8-46-3-44-40-38-43-35-37-41-54-50-66-68-70-4-1-60-17-58-25-0,5135.229103056822,seed702_explore_lns_start4_late_best_rm25_tw15
0-39-36-42-5-45-2-69-65-12-14-47-16-15-9-52-57-64-22-21-19-49-51-63-67-31-30-26-34-32-50-58-13-60-70-0,5140.3035936135,seed701_explore_lns_start29_mixed_regret_rm20_tw15
0-59-63-33-28-27-61-44-40-38-41-6-7-8-3-46-53-10-20-66-56-54-37-35-43-68-55-70-1-4-60-17-13-58-25-48-24-32-0,5157.730204006637,seed607_lns_start34_late_regret_rm8_tw6_guarded
0-39-42-5-45-69-65-11-14-47-16-15-59-9-52-57-64-23-18-21-19-49-22-51-31-27-26-32-50-56-66-35-24-48-17-0,5158.2125869448555,seed702_explore_lns_start82_mixed_random_best_rm25_tw10
0-39-36-42-5-45-2-69-12-14-47-16-15-11-9-59-52-57-64-49-19-21-18-22-51-63-67-30-32-34-50-56-66-24-25-17-0,5165.263529836571,seed701_explore_lns_start22_late_random_best_rm20_tw10
0-39-36-42-5-45-2-69-12-14-47-16-15-11-9-59-52-57-22-49-19-18-51-63-31-29-32-34-50-56-6-66-24-13-17-60-0,5168.491900419942,seed702_explore_lns_start62_late_random_best_rm25_tw8
0-33-38-40-44-41-61-6-7-8-3-46-53-10-20-66-54-43-37-35-68-55-70-1-4-60-17-13-58-25-48-24-32-0,5169.156811893462,seed608_lns_start4_late_best_rm8_tw6
0-39-36-42-5-45-2-69-65-12-14-47-16-15-11-9-52-57-64-19-23-21-18-49-22-51-30-31-29-26-32-34-50-20-0,5169.664708978926,seed601_lns_start10_late_best_rm8_tw12_guarded
0-65-62-33-30-28-27-31-40-44-41-61-6-8-3-46-7-10-53-66-56-50-43-37-38-35-54-68-70-1-4-60-13-58-48-24-0,5177.310800161139,seed701_explore_lns_start21_late_best_rm20_tw15
0-39-42-5-45-2-69-65-12-14-47-16-15-11-59-9-52-57-23-21-18-49-22-51-30-28-27-26-34-50-56-66-10-55-60-24-48-0,5177.377399146225,seed702_explore_lns_start77_late_best_rm25_tw6
0-39-36-42-5-45-2-69-65-12-14-47-16-15-11-9-59-52-57-19-23-21-18-49-22-51-63-28-26-32-34-50-55-58-25-48-0,5180.45107076897,seed701_explore_lns_start67_late_regret_rm20_tw15
0-36-62-23-21-63-33-30-29-31-41-38-40-44-3-46-8-6-7-10-53-66-56-61-43-35-37-54-68-55-70-4-1-60-25-48-32-0,5182.743836961971,seed702_explore_lns_start68_late_regret_rm25_tw6
0-59-62-28-29-31-67-64-36-40-44-38-41-61-53-6-7-8-3-46-43-35-37-34-50-56-54-68-55-70-1-4-17-10-13-58-0,5185.705941946601,seed701_explore_lns_start1_late_random_best_rm25_tw10
0-39-36-42-5-45-2-69-65-12-14-47-16-15-11-9-52-57-64-21-19-49-22-63-28-27-26-32-34-50-20-70-55-25-48-0,5192.325810349576,seed701_explore_lns_start38_mixed_regret_rm25_tw6
0-59-63-33-27-31-61-44-40-38-41-6-7-8-3-46-53-10-20-66-56-54-37-35-43-68-55-70-1-4-60-17-13-58-25-48-24-32-0,5198.412279030734,seed608_lns_start80_late_regret_rm8_tw8_guarded
0-65-31-29-27-28-30-67-51-23-53-61-44-40-38-41-7-8-6-46-4-3-1-43-35-37-54-68-70-55-60-10-66-24-48-26-0,5204.3445982102185,seed702_explore_lns_start64_late_regret_rm20_tw8
0-65-62-63-30-28-29-31-38-40-41-61-6-7-8-46-53-10-66-56-50-54-37-35-44-43-1-3-4-70-68-55-60-17-58-25-48-0,5226.877603277807,seed702_explore_lns_start51_late_regret_rm20_tw12
0-39-42-5-45-2-69-65-12-14-47-16-15-11-59-9-52-57-64-22-19-18-49-51-67-34-28-27-26-50-20-24-58-13-17-0,5241.589520714978,seed702_explore_lns_start68_late_regret_rm25_tw6
0-39-36-42-45-2-69-65-12-14-47-16-15-11-52-57-64-21-18-19-49-22-51-33-30-31-26-34-50-56-20-9-13-25-60-0,5247.076807188625,seed701_explore_lns_start10_late_best_rm25_tw15
0-65-39-36-42-5-45-2-12-14-47-16-15-11-9-57-64-22-19-23-21-18-49-51-63-29-28-26-32-34-50-56-24-25-35-17-0,5248.945673213362,seed701_explore_lns_start27_mixed_random_best_rm25_tw15
0-39-36-42-5-45-2-69-12-14-47-16-15-11-9-57-22-23-21-18-19-51-62-67-31-29-30-50-43-1-3-4-68-17-13-24-25-0,5251.926785951206,seed701_explore_lns_start52_random_regret_rm25_tw10
0-5-45-69-21-63-67-38-40-44-61-12-15-16-9-10-53-7-6-8-46-3-43-41-37-35-1-70-68-17-13-58-48-24-56-32-0,5268.2732916729565,seed701_explore_lns_start37_random_best_rm25_tw15
0-39-36-42-5-45-2-69-65-12-14-47-16-15-11-9-59-52-57-64-19-21-18-49-22-51-29-28-26-34-20-56-55-24-48-25-58-0,5271.230012902532,seed702_explore_lns_start55_late_best_rm20_tw12
0-39-36-42-5-45-2-69-65-12-14-47-16-15-11-9-59-52-57-19-23-21-18-49-22-64-67-31-26-32-34-66-10-13-58-48-0,5278.061497077511,seed702_explore_lns_start35_late_random_best_rm20_tw6
0-59-31-27-28-33-19-51-67-61-38-40-44-41-3-46-8-7-6-53-10-66-50-43-35-37-54-68-70-1-4-60-17-24-25-48-0,5280.905582023026,seed701_explore_lns_start41_late_regret_rm25_tw10
0-59-64-63-33-30-31-67-38-44-61-53-6-7-8-3-46-40-43-41-35-37-54-68-4-1-70-10-13-58-25-48-34-26-0,5282.709049381729,seed702_explore_lns_start84_late_random_best_rm25_tw12
0-39-36-42-5-45-2-69-65-12-14-47-16-15-11-9-59-52-57-23-21-18-19-49-22-64-51-62-67-50-26-20-0,5285.440661192863,seed602_lns_start24_late_regret_rm8_tw10_guarded
0-39-36-42-5-45-2-69-65-12-14-47-16-15-11-9-52-57-64-19-23-21-18-49-22-51-30-28-29-26-32-34-50-20-0,5290.671851471674,seed602_lns_start63_late_best_rm8_tw8_guarded
0-64-30-40-44-61-41-38-6-8-7-10-53-66-56-54-37-43-4-46-3-1-70-68-55-60-17-13-58-25-48-20-24-0,5306.776963162481,seed606_lns_start57_mixed_regret_rm8_tw6
0-39-36-42-5-45-2-69-65-12-14-47-16-15-11-9-52-57-64-19-23-21-18-49-22-51-30-29-27-26-32-34-50-20-0,5315.485365631422,seed602_lns_start3_late_best_rm8_tw8_guarded
0-5-45-52-23-28-31-62-67-61-41-38-40-44-7-10-9-53-55-6-8-46-3-4-43-35-37-68-66-57-20-24-48-25-58-17-0,5320.979931044805,seed701_explore_lns_start64_mixed_best_rm25_tw12
0-64-63-33-28-29-31-38-44-41-61-53-7-6-8-46-3-40-43-37-35-54-34-32-50-66-68-4-1-70-60-10-13-58-48-0,5323.147370242063,seed701_explore_lns_start53_late_random_best_rm20_tw8
0-36-42-5-45-2-69-12-14-47-16-15-11-59-9-57-23-21-18-49-22-51-67-29-27-28-26-32-34-56-66-55-17-24-48-58-0,5330.1233254793115,seed701_explore_lns_start5_late_regret_rm25_tw6
0-39-36-42-5-45-2-69-65-12-14-47-16-15-11-9-59-52-57-22-49-19-23-18-51-67-29-27-26-50-10-17-13-58-24-48-25-0,5336.537365062904,seed701_explore_lns_start10_late_best_rm20_tw6
0-39-42-5-45-2-12-14-47-16-15-11-65-69-52-57-64-22-19-23-21-18-51-63-30-29-49-9-66-56-55-60-17-58-48-0,5337.259270000809,seed701_explore_lns_start10_late_best_rm25_tw12
0-65-59-69-29-33-63-18-9-53-61-41-38-44-6-7-8-46-3-43-40-37-35-54-56-66-68-70-1-60-10-24-25-32-0,5339.588239099006,seed701_explore_lns_start28_random_best_rm25_tw6
0-63-33-28-27-29-31-30-38-39-40-44-41-61-67-19-21-53-7-6-8-46-4-3-1-43-35-37-54-68-70-55-66-32-26-25-17-0,5356.368145648863,seed702_explore_lns_start66_late_random_best_rm25_tw12
0-65-27-28-33-21-30-62-67-38-40-41-61-7-53-6-8-46-3-55-44-43-35-37-54-56-66-20-24-48-25-58-10-17-70-0,5360.17508756443,seed701_explore_lns_start28_mixed_random_best_rm25_tw12
0-63-59-23-33-27-29-67-41-39-38-40-44-61-53-7-6-3-8-46-43-37-35-54-68-55-70-4-1-60-13-58-25-48-24-56-32-0,5366.21575412027,seed701_explore_lns_start44_late_random_best_rm25_tw15
0-39-36-42-45-2-69-65-52-12-14-47-16-15-11-9-57-21-18-19-49-22-51-67-31-28-33-32-26-34-50-20-48-13-17-0,5366.700440276624,seed701_explore_lns_start54_late_random_best_rm25_tw15
0-59-64-63-33-28-30-67-41-38-40-44-61-53-6-7-8-46-37-43-54-68-3-4-70-60-10-17-13-58-25-48-24-66-50-0,5375.992665426658,seed701_explore_lns_start36_random_best_rm25_tw8
0-65-36-42-5-45-2-12-14-47-15-59-52-57-64-23-21-18-19-49-22-51-62-67-28-34-50-54-35-9-13-58-17-70-0,5378.452621120247,seed701_explore_lns_start89_mixed_best_rm20_tw12
0-65-62-31-27-28-33-51-61-38-36-40-44-53-6-7-8-46-3-41-43-37-35-54-66-68-70-1-4-60-17-13-58-48-24-32-0,5386.674290206922,seed702_explore_lns_start5_late_best_rm25_tw12
0-63-33-28-27-29-31-30-62-61-44-40-38-41-6-7-8-3-46-53-10-66-50-34-37-35-43-54-68-55-70-1-4-60-17-13-58-25-48-24-0,5388.167967922566,seed601_lns_start24_late_best_rm8_tw15_guarded
0-39-36-42-5-45-2-69-12-14-47-16-15-11-9-59-52-57-22-19-23-21-18-49-64-51-29-27-26-34-50-56-48-25-13-17-0,5394.7837441551255,seed702_explore_lns_start89_late_random_best_rm20_tw6
0-39-36-42-5-45-2-69-65-12-14-47-16-15-11-9-59-52-57-64-19-23-21-18-49-22-51-62-30-26-34-50-0,5399.515605962114,seed601_lns_start33_late_best_rm8_tw15_guarded
0-39-36-42-5-45-2-69-12-14-47-16-15-11-9-52-57-64-21-19-49-22-51-62-67-33-27-26-32-34-50-20-56-25-17-60-0,5400.829278248308,seed701_explore_lns_start6_late_best_rm25_tw12
0-39-36-42-45-2-69-65-14-47-16-15-11-59-9-52-57-64-19-21-18-49-22-51-30-31-29-26-32-34-50-56-66-54-0,5401.091663085055,seed701_explore_lns_start53_mixed_best_rm25_tw12
0-33-28-31-62-23-19-64-67-38-40-44-61-3-8-6-7-53-10-66-56-54-41-43-35-37-68-55-70-1-4-60-17-13-24-20-32-0,5411.24152264227,seed701_explore_lns_start60_late_regret_rm25_tw6
0-39-36-42-5-45-2-69-65-12-14-47-16-15-11-9-59-52-57-64-19-23-21-18-49-22-51-62-30-32-26-34-50-0,5416.506507738547,seed601_lns_start14_late_best_rm8_tw6_guarded
0-23-21-33-30-29-28-62-67-61-44-40-38-41-7-6-8-46-3-43-35-37-54-68-55-53-10-60-4-1-70-56-58-26-0,5430.779691064917,seed701_explore_lns_start87_late_random_best_rm20_tw10
0-63-52-64-62-33-28-29-67-41-39-38-40-44-61-3-8-46-7-6-10-53-66-56-68-43-35-37-54-70-1-4-60-50-32-25-0,5435.881204614545,seed701_explore_lns_start78_late_regret_rm25_tw6
0-63-33-28-27-29-31-67-61-44-40-38-41-6-7-8-3-46-53-10-20-66-56-54-37-35-43-68-55-70-1-4-60-17-13-58-25-48-24-32-0,5441.188954541936,seed601_lns_start33_late_best_rm8_tw15_guarded
0-63-59-23-64-62-33-27-31-67-61-44-38-40-6-7-8-46-3-41-37-35-43-68-70-55-53-60-10-17-13-24-25-32-26-0,5442.929338386815,seed702_explore_lns_start86_mixed_random_best_rm25_tw6
0-5-29-27-28-30-33-63-59-53-6-7-8-3-61-44-40-38-41-43-37-35-54-46-4-1-68-66-56-24-13-17-70-26-0,5445.34322862795,seed701_explore_lns_start52_late_best_rm25_tw10
0-39-36-42-5-45-2-69-65-12-14-47-16-15-11-9-59-52-57-64-19-23-21-18-49-22-51-30-29-26-34-50-20-32-0,5453.215731981722,seed601_lns_start26_late_random_best_rm8_tw15_guarded
0-31-29-38-40-44-41-61-6-8-7-10-53-43-37-54-68-4-46-3-1-70-55-60-17-13-58-25-48-24-66-56-35-0,5454.133425416872,seed607_lns_start10_late_regret_rm8_tw10
0-62-63-33-30-27-29-67-61-41-44-40-38-53-6-7-8-46-3-43-37-35-54-68-55-70-1-4-60-10-17-13-58-25-24-66-26-0,5457.282110108645,seed702_explore_lns_start41_late_best_rm15_tw15
0-59-63-62-29-27-38-44-61-69-6-8-7-53-57-22-18-20-66-56-54-41-40-43-35-37-68-55-46-4-3-1-70-60-24-25-0,5459.2873998222985,seed702_explore_lns_start11_mixed_random_best_rm25_tw10
0-39-5-45-2-69-65-11-12-14-15-59-52-57-22-23-21-18-19-49-51-62-67-29-30-28-26-66-24-13-17-55-4-35-0,5460.878117558901,seed701_explore_lns_start34_random_random_best_rm25_tw15
0-39-36-42-5-45-2-69-65-12-14-47-16-15-11-9-52-57-64-22-19-23-21-18-51-62-30-33-49-0,5462.501338119935,seed602_lns_start16_mixed_best_rm8_tw12
0-33-31-38-40-44-41-61-6-8-7-10-53-43-37-54-68-4-46-3-1-70-55-60-17-13-58-25-48-24-66-56-35-0,5462.733864628743,seed601_lns_start80_late_regret_rm8_tw8
0-63-31-38-40-44-41-61-6-8-7-10-53-43-37-54-68-4-46-3-1-70-55-60-17-13-58-25-48-24-66-56-35-0,5467.325716229922,seed601_lns_start57_late_regret_rm8_tw15
0-59-29-27-33-30-63-19-64-53-61-44-41-38-40-6-7-46-3-43-37-54-68-50-56-66-20-24-48-25-10-17-60-1-70-0,5470.33808777028,seed702_explore_lns_start8_mixed_random_best_rm25_tw8
0-39-36-42-5-45-2-69-12-14-47-16-15-11-9-59-52-57-22-49-19-23-18-51-63-33-31-32-34-50-56-66-20-24-25-58-13-0,5471.151338327036,seed702_explore_lns_start73_late_regret_rm20_tw15
0-39-42-5-45-2-69-52-12-14-47-16-15-11-9-57-64-23-21-19-49-22-51-63-30-29-27-34-50-56-10-66-55-60-17-48-0,5472.206752385833,seed701_explore_lns_start7_late_best_rm25_tw10
0-39-42-5-45-2-12-14-47-16-15-11-65-69-57-22-23-21-18-19-51-63-67-31-30-26-34-49-20-56-66-9-60-48-0,5474.237694209089,seed701_explore_lns_start58_late_random_best_rm25_tw6
0-39-36-42-5-45-2-69-65-12-14-47-16-15-11-9-59-52-57-64-19-23-21-18-49-22-51-62-30-26-34-50-20-0,5474.610999212798,seed605_lns_start52_late_regret_rm8_tw6_guarded
0-63-27-38-40-44-41-61-6-8-7-10-53-43-37-54-68-4-46-3-1-70-55-60-17-13-58-25-48-24-66-56-35-0,5477.239755329397,seed603_lns_start49_late_regret_rm8_tw15
0-36-65-64-31-29-27-33-51-52-53-61-6-7-8-46-3-44-43-40-38-41-35-37-54-56-20-24-66-68-70-1-4-60-17-58-25-48-0,5482.555164059849,seed702_explore_lns_start76_late_best_rm25_tw10
0-33-28-27-31-63-64-61-44-40-38-41-6-7-8-3-46-53-10-66-56-50-32-34-37-35-43-54-68-55-70-1-4-60-17-13-58-25-48-24-0,5485.054803403262,seed604_lns_start75_late_regret_rm8_tw6_guarded
0-39-36-5-45-2-69-65-12-14-47-16-15-11-9-57-22-49-19-23-18-64-51-62-33-27-26-32-34-50-20-24-55-17-58-25-0,5486.410794698763,seed702_explore_lns_start22_late_regret_rm25_tw10
0-65-64-61-44-40-38-41-6-7-8-3-46-53-66-56-50-32-34-54-43-37-35-68-70-1-4-60-17-10-58-24-48-20-0,5486.730134958754,seed602_lns_start19_random_regret_rm8_tw10
0-39-42-5-45-2-69-65-12-47-16-15-59-52-57-64-23-21-18-19-49-22-51-62-67-31-28-26-32-34-50-35-54-68-70-0,5491.755246192155,seed701_explore_lns_start51_mixed_best_rm25_tw10
0-65-59-64-23-63-33-28-41-38-39-40-44-7-61-53-6-8-46-4-3-1-43-35-37-54-68-66-56-50-48-25-58-10-70-0,5502.452870070244,seed701_explore_lns_start37_late_random_best_rm25_tw6
0-65-59-52-63-30-27-31-67-61-41-38-40-44-3-8-46-6-7-10-53-56-50-43-35-37-54-68-70-1-4-60-17-24-25-48-26-0,5506.629046903707,seed702_explore_lns_start74_late_regret_rm25_tw15
0-63-33-28-27-29-31-61-44-40-38-41-6-7-8-3-46-53-10-66-56-54-37-35-43-68-55-70-1-4-60-17-13-58-25-48-24-32-26-0,5508.030985721234,seed606_lns_start76_late_regret_rm8_tw8_guarded
0-39-36-42-5-45-2-69-65-12-14-47-16-15-11-9-52-57-64-19-23-21-18-49-22-51-30-31-27-26-32-34-50-20-0,5508.167234295866,seed601_lns_start13_late_regret_rm8_tw12_guarded
0-39-36-42-5-45-2-69-65-12-14-47-16-15-11-9-52-57-64-19-23-21-18-49-22-51-30-28-31-26-34-50-20-32-0,5511.085814735582,seed608_lns_start88_late_random_best_rm8_tw10_guarded
0-39-36-5-45-2-69-65-12-14-47-16-15-11-52-57-22-49-19-23-21-18-51-62-67-33-30-34-50-9-10-66-55-13-24-48-0,5512.032793550738,seed701_explore_lns_start88_late_best_rm25_tw10
0-36-42-5-45-2-69-65-12-14-47-16-15-11-59-9-57-19-23-21-18-49-22-51-30-31-27-26-34-20-24-55-17-13-58-48-0,5517.1529466933835,seed701_explore_lns_start78_late_regret_rm25_tw6
0-65-33-28-31-29-21-23-67-36-40-38-41-61-53-46-8-7-6-3-44-43-35-37-34-50-56-54-68-70-1-4-60-10-25-48-0,5517.5359908437495,seed702_explore_lns_start75_late_random_best_rm25_tw10
0-33-27-62-64-2-45-5-7-9-53-6-61-44-40-38-37-41-43-8-46-4-3-1-54-55-60-10-17-13-58-25-48-20-24-66-70-0,5525.934461249466,seed702_explore_lns_start37_mixed_random_best_rm25_tw10
0-39-36-42-2-69-65-59-11-12-14-47-16-15-9-57-23-21-18-19-22-49-51-63-62-67-31-26-32-50-66-55-17-13-25-48-0,5528.428739659159,seed701_explore_lns_start24_late_random_best_rm25_tw15
0-36-27-31-33-62-65-61-69-9-53-7-6-8-3-44-40-38-37-43-41-4-46-60-55-50-34-32-20-24-48-25-10-17-70-0,5546.015777693346,seed701_explore_lns_start81_random_regret_rm25_tw8
0-39-36-42-5-45-2-69-65-12-14-47-16-15-11-9-52-57-23-21-18-49-22-51-63-62-31-30-32-26-34-50-56-1-4-24-58-0,5554.575397406137,seed702_explore_lns_start84_mixed_regret_rm20_tw8
0-39-36-42-5-45-2-69-65-12-14-47-16-15-11-9-52-57-64-19-23-21-18-49-22-51-30-28-27-26-32-34-50-20-0,5569.969608928855,seed604_lns_start60_late_regret_rm8_tw12_guarded
0-65-63-23-64-62-30-31-67-61-53-7-8-44-40-38-41-6-46-4-3-1-43-35-37-54-68-55-60-17-10-58-25-48-24-56-70-0,5573.526166933062,seed702_explore_lns_start34_late_random_best_rm20_tw10
0-39-42-5-45-2-69-12-14-47-16-15-11-59-9-52-57-64-22-49-19-18-51-63-62-30-27-26-32-20-24-66-55-17-13-58-0,5573.77777736719,seed702_explore_lns_start75_late_random_best_rm25_tw10
0-59-33-29-27-30-36-38-40-44-41-67-64-61-53-10-6-7-8-3-43-35-37-54-68-55-46-4-1-70-20-48-34-0,5580.363056391393,seed702_explore_lns_start79_late_random_best_rm25_tw10
0-39-36-42-5-45-2-69-12-14-47-16-15-11-59-52-57-64-49-23-21-18-19-22-51-63-62-50-56-9-10-13-17-55-68-35-58-0,5582.952948237678,seed701_explore_lns_start57_mixed_best_rm25_tw15
0-59-62-29-33-63-21-51-64-61-41-38-40-3-46-8-6-7-10-53-55-44-43-35-37-54-68-70-4-1-17-58-25-20-32-0,5601.44980124056,seed701_explore_lns_start14_late_regret_rm25_tw15
0-39-36-42-45-2-69-12-14-47-16-15-11-59-9-52-57-64-23-21-18-49-22-51-63-30-27-26-34-50-56-20-66-60-24-25-48-0,5604.225854039352,seed701_explore_lns_start72_late_best_rm25_tw15
0-63-33-28-27-29-31-30-61-44-40-38-41-6-7-8-3-46-53-10-66-56-32-34-37-35-43-54-68-55-70-1-4-60-17-13-58-25-48-24-0,5604.782559130267,seed602_lns_start24_late_regret_rm8_tw10_guarded
0-39-36-42-5-45-2-69-65-12-14-47-16-15-11-9-59-52-57-64-19-23-21-18-49-22-51-62-67-26-20-10-0,5604.984183802962,seed608_lns_start36_late_random_best_rm8_tw6_guarded
0-33-28-27-62-64-65-61-42-44-40-38-41-18-10-53-7-8-6-46-4-3-1-43-37-35-54-70-68-66-56-20-24-58-13-26-0,5618.8892552568905,seed701_explore_lns_start5_late_random_best_rm25_tw12
0-65-63-33-30-28-31-62-67-38-40-44-41-53-61-6-7-8-46-55-4-3-1-43-35-37-54-68-66-20-24-58-10-60-70-32-0,5626.036201868197,seed702_explore_lns_start89_late_random_best_rm20_tw6
0-39-36-42-2-47-14-11-59-52-65-64-62-31-29-27-28-30-33-51-19-23-18-49-20-22-57-50-34-26-66-54-55-4-60-25-0,5632.087802588487,seed701_explore_lns_start37_random_best_rm25_tw15
0-39-36-42-5-45-2-69-65-12-14-47-16-15-11-9-59-52-57-64-19-23-21-18-49-22-51-30-31-26-34-50-20-32-0,5632.927391675213,seed602_lns_start2_late_regret_rm8_tw6_guarded
0-63-33-28-27-62-64-59-61-45-8-7-6-53-19-18-20-66-54-41-38-37-35-40-43-1-3-46-4-70-68-55-60-10-58-25-0,5636.9209857263195,seed702_explore_lns_start24_late_regret_rm25_tw15
0-39-36-42-5-45-2-12-14-47-16-15-11-59-9-52-57-22-19-23-21-18-49-51-62-30-31-27-50-56-66-35-43-70-13-25-0,5648.3031475661155,seed701_explore_lns_start51_random_best_rm20_tw6
0-36-29-27-28-30-33-69-61-41-38-40-44-7-8-3-46-10-9-53-54-35-37-4-6-55-66-20-24-48-25-58-13-17-60-70-0,5652.501976582199,seed701_explore_lns_start68_mixed_regret_rm25_tw12
0-39-42-5-45-2-69-12-14-47-16-15-11-59-9-57-64-23-18-19-49-22-63-30-29-28-26-32-50-20-66-56-35-70-25-0,5658.989864137682,seed702_explore_lns_start49_mixed_best_rm25_tw10
0-39-36-42-5-45-2-69-65-12-14-47-16-15-11-9-59-52-57-22-49-19-23-18-51-63-67-31-26-34-50-10-13-58-25-0,5668.871693447692,seed702_explore_lns_start50_late_random_best_rm20_tw15
0-5-27-28-33-30-67-64-52-9-61-44-41-38-40-53-7-6-8-46-4-3-1-43-37-68-55-66-20-24-48-25-58-13-10-17-70-0,5693.314948086768,seed702_explore_lns_start1_mixed_regret_rm20_tw8
0-39-36-42-5-45-2-69-65-12-14-47-16-15-11-9-59-52-57-23-21-18-19-49-22-64-51-62-67-26-32-20-10-0,5702.951911671301,seed604_lns_start42_late_random_best_rm8_tw15_guarded
0-65-33-63-64-23-19-62-67-29-38-40-44-61-53-10-7-8-46-6-3-41-43-37-35-54-66-68-70-4-1-60-17-58-25-50-0,5703.72619088168,seed702_explore_lns_start17_late_best_rm25_tw12
0-33-28-27-63-21-23-51-62-61-41-38-40-44-3-46-8-7-6-53-10-55-43-35-37-54-68-70-1-4-66-20-24-25-48-26-0,5710.052380770194,seed702_explore_lns_start6_late_regret_rm25_tw15
0-39-36-42-5-45-2-69-65-12-14-47-16-15-11-9-59-52-57-19-23-21-18-49-22-62-31-29-26-34-50-20-24-17-0,5714.694012230404,seed702_explore_lns_start75_late_regret_rm20_tw12
0-65-33-28-27-31-29-62-38-36-44-8-7-15-9-53-61-40-41-54-55-6-46-4-3-1-70-68-66-20-24-48-25-58-13-17-10-60-32-0,5721.618004319847,seed702_explore_lns_start25_mixed_regret_rm25_tw12
0-65-63-31-27-29-62-19-21-23-52-53-61-44-6-7-8-46-3-40-38-41-43-35-37-54-50-56-68-55-70-1-4-60-10-58-25-20-0,5725.415147472746,seed701_explore_lns_start32_late_best_rm25_tw6
0-65-59-69-2-45-5-12-14-47-16-15-11-9-52-57-23-21-18-19-49-22-64-51-67-31-30-27-26-50-56-66-55-48-0,5726.6433432408385,seed702_explore_lns_start11_late_random_best_rm25_tw6
0-65-28-27-31-63-64-67-61-40-38-41-6-7-8-3-46-10-53-55-68-54-44-43-37-35-1-4-70-60-17-13-58-25-24-50-32-0,5727.409146428546,seed701_explore_lns_start88_late_regret_rm20_tw12
0-59-61-42-44-38-40-53-6-7-8-46-3-66-56-50-41-43-37-35-54-68-55-60-17-10-13-58-25-48-20-24-70-1-0,5730.004222142263,seed606_lns_start62_mixed_regret_rm8_tw10
0-39-36-42-5-45-2-69-12-14-47-16-15-11-9-59-52-57-21-18-49-22-51-30-28-27-31-26-32-34-20-56-55-13-24-48-0,5734.8643098026305,seed702_explore_lns_start17_late_best_rm25_tw12
0-39-36-42-5-45-2-69-65-12-14-47-16-15-11-9-52-57-64-19-23-21-18-49-22-51-62-30-28-26-32-50-20-10-0,5736.8254603274245,seed603_lns_start43_late_best_rm8_tw15_guarded
0-39-42-5-45-2-69-12-14-47-16-15-11-59-9-57-64-21-18-19-49-22-51-33-30-29-27-26-32-20-24-66-55-17-13-58-0,5740.040268302052,seed702_explore_lns_start2_late_regret_rm25_tw15
0-65-59-63-31-29-27-30-42-38-40-44-41-61-3-46-8-7-10-53-56-32-26-34-43-37-35-54-68-70-6-4-1-17-24-25-0,5741.201013708104,seed701_explore_lns_start10_late_best_rm25_tw6
0-39-36-42-5-2-69-12-14-47-16-15-11-9-52-57-22-49-18-51-62-67-31-29-30-33-26-34-50-56-66-55-58-48-24-0,5741.906812491486,seed701_explore_lns_start77_late_regret_rm25_tw15
0-39-36-5-45-2-69-12-14-47-16-15-11-59-9-52-57-22-19-23-21-18-51-30-31-29-28-49-24-66-20-48-58-17-60-0,5753.021288451178,seed702_explore_lns_start74_late_best_rm25_tw15
0-65-59-52-64-63-33-28-27-38-40-44-41-61-7-8-46-6-53-10-49-20-66-56-54-35-37-70-55-60-34-32-26-48-58-0,5754.698498987687,seed701_explore_lns_start52_random_regret_rm25_tw10
0-39-36-42-5-45-2-69-65-12-14-47-16-15-11-9-59-52-57-22-19-18-49-64-51-62-67-27-26-32-50-20-66-55-13-17-0,5773.39503464216,seed702_explore_lns_start71_late_best_rm20_tw15
0-39-42-5-45-2-69-12-14-47-16-15-11-59-9-57-23-21-19-49-22-64-51-63-30-27-26-32-34-56-66-53-10-17-13-58-48-0,5774.77589054154,seed702_explore_lns_start64_late_best_rm25_tw8
0-39-36-42-5-45-2-69-65-12-14-47-16-15-11-9-52-57-64-49-23-21-18-19-22-51-63-62-30-34-0,5779.647290308086,seed605_lns_start19_mixed_regret_rm8_tw10
0-65-63-33-28-31-21-19-62-38-36-40-44-41-61-3-46-8-6-7-53-10-52-66-56-54-43-35-37-68-70-1-4-60-13-58-25-48-32-0,5781.126425869602,seed701_explore_lns_start49_late_regret_rm25_tw6
0-63-69-65-21-33-30-27-51-67-61-38-44-40-41-7-8-6-46-4-3-1-43-68-56-66-53-10-13-58-25-48-20-24-60-0,5783.7332132953225,seed701_explore_lns_start65_mixed_regret_rm25_tw15
0-39-36-42-5-45-2-69-12-14-47-16-15-11-9-59-52-57-22-49-21-18-51-63-30-31-28-26-34-56-66-10-60-17-13-58-24-0,5800.516927552548,seed702_explore_lns_start52_late_best_rm25_tw15
0-39-36-42-5-45-2-69-12-14-47-16-15-11-9-59-52-57-22-49-19-23-18-51-62-67-31-27-26-34-50-56-24-48-25-58-13-17-60-0,5806.564016417389,seed701_explore_lns_start87_late_regret_rm25_tw15
0-65-62-63-31-29-30-67-21-64-53-61-41-44-38-40-46-8-7-6-55-43-37-35-54-68-70-1-4-60-17-13-58-48-20-56-0,5807.845628532177,seed701_explore_lns_start14_late_random_best_rm20_tw15
0-5-23-63-33-28-27-62-67-41-38-40-44-61-12-53-7-8-6-46-4-3-1-37-35-43-68-55-60-10-17-13-58-25-48-20-24-70-0,5809.108209738976,seed701_explore_lns_start53_mixed_best_rm25_tw12
0-65-33-28-63-21-23-59-52-61-41-38-36-40-44-3-46-6-8-7-10-53-55-43-37-35-54-68-70-1-4-60-58-25-24-50-34-0,5813.788412887691,seed701_explore_lns_start81_late_best_rm25_tw10
0-39-36-42-5-45-2-69-65-12-14-47-16-15-11-9-59-52-57-23-21-18-19-49-22-64-51-33-30-0,5833.472377231735,seed605_lns_start32_mixed_regret_rm8_tw10
0-33-28-27-29-63-67-64-23-21-18-53-61-41-38-40-44-46-8-7-6-3-43-35-37-54-56-68-55-70-4-1-10-13-24-32-0,5838.6453829667225,seed702_explore_lns_start48_late_regret_rm25_tw10
0-59-63-33-28-27-29-62-64-51-30-38-44-61-6-7-8-46-3-40-41-43-37-35-54-66-68-55-1-4-70-60-17-13-24-48-32-0,5841.474587936386,seed702_explore_lns_start19_late_random_best_rm25_tw10
0-65-36-27-31-33-62-67-51-21-52-53-7-8-6-61-41-38-37-40-44-43-4-46-3-1-54-68-55-60-10-17-13-58-24-48-34-0,5851.208912103773,seed702_explore_lns_start49_mixed_best_rm25_tw10
0-39-42-5-45-2-69-12-14-47-16-15-11-59-9-52-57-64-49-23-21-18-19-22-51-63-31-29-34-32-56-66-20-24-25-60-0,5855.389663632844,seed702_explore_lns_start54_late_random_best_rm25_tw8
0-63-33-28-27-29-31-30-62-61-44-40-38-41-6-7-8-3-46-53-10-66-32-34-37-35-43-54-68-55-70-1-4-60-17-13-58-25-48-24-0,5856.270850691236,seed602_lns_start28_late_best_rm8_tw12_guarded
0-29-27-38-40-44-41-61-6-8-7-53-10-46-3-43-37-35-54-68-70-1-4-60-17-13-58-25-48-24-66-56-50-0,5871.142535075663,seed602_lns_start74_mixed_best_rm8_tw8
0-39-36-42-5-45-2-69-65-12-14-47-16-15-11-9-59-52-57-23-21-18-19-22-51-63-62-30-49-0,5874.318155779051,seed607_lns_start89_mixed_regret_rm8_tw6
0-59-62-31-29-27-28-30-33-64-53-7-6-44-61-38-40-37-41-43-8-46-4-3-1-60-10-57-24-20-48-25-58-13-17-68-70-35-0,5878.275751776716,seed702_explore_lns_start18_mixed_best_rm25_tw8
0-65-33-27-29-62-19-23-64-67-61-44-6-8-7-53-41-40-43-37-35-38-1-3-4-46-70-55-68-54-50-32-20-25-48-0,5883.429724019825,seed702_explore_lns_start52_late_best_rm25_tw15
0-65-33-62-23-28-27-29-31-41-38-44-61-3-46-8-7-6-53-40-43-37-35-54-68-55-70-1-4-60-10-13-58-48-20-26-0,5887.2386971973265,seed701_explore_lns_start22_late_random_best_rm20_tw10
0-39-42-5-45-2-69-12-14-47-16-15-11-59-9-65-64-57-22-19-18-49-51-62-67-31-29-32-50-56-20-66-55-60-24-25-58-0,5890.947209992471,seed702_explore_lns_start10_late_best_rm25_tw15
0-39-36-42-5-45-2-69-65-12-14-47-16-15-11-9-59-52-57-23-21-18-19-49-22-51-63-67-29-26-34-20-56-32-24-0,5892.954441990975,seed701_explore_lns_start54_late_random_best_rm20_tw10
0-36-52-64-63-33-27-62-67-41-38-40-44-61-8-7-10-53-6-3-43-35-37-54-68-55-70-1-46-4-60-24-20-48-26-0,5892.96823885395,seed701_explore_lns_start21_late_best_rm25_tw10
0-33-29-31-38-40-44-41-61-6-8-3-46-7-10-53-66-56-50-34-54-43-37-35-68-55-70-1-4-60-17-13-58-25-48-24-0,5893.5467317387975,seed602_lns_start73_late_regret_rm8_tw6
0-39-36-42-5-45-2-69-65-12-14-47-16-15-11-9-59-52-57-19-23-21-18-49-22-64-51-62-30-34-50-56-66-10-48-0,5893.809231942283,seed701_explore_lns_start45_late_random_best_rm15_tw15
0-33-28-31-38-40-44-41-61-6-8-3-46-7-10-53-66-56-50-34-54-43-37-35-68-55-70-1-4-60-17-13-58-25-48-24-0,5895.371841355774,seed601_lns_start15_late_best_rm8_tw15
0-33-28-29-38-40-44-41-61-6-8-3-46-7-10-53-66-56-50-34-54-43-37-35-68-55-70-1-4-60-17-13-58-25-48-24-0,5895.382736084731,seed607_lns_start55_late_regret_rm8_tw8
0-39-42-5-45-2-69-12-14-47-16-15-11-59-9-52-57-23-21-18-19-49-22-64-51-62-28-27-32-56-66-10-55-17-13-58-0,5895.785667352178,seed702_explore_lns_start32_late_best_rm25_tw10
0-28-27-31-38-40-44-41-61-6-8-3-46-7-10-53-66-56-50-34-54-43-37-35-68-55-70-1-4-60-17-13-58-25-48-24-0,5897.432746149945,seed603_lns_start60_late_best_rm8_tw12
0-65-59-31-29-28-33-21-23-64-61-41-38-40-44-6-8-7-53-66-20-56-55-46-3-1-43-35-37-54-10-17-13-58-24-0,5897.468007724161,seed702_explore_lns_start35_mixed_random_best_rm25_tw12
0-63-33-31-38-40-44-41-61-6-8-3-46-7-10-53-66-56-50-34-54-43-37-35-68-55-70-1-4-60-17-13-58-25-48-24-0,5898.9953241628955,seed605_lns_start59_late_best_rm8_tw6
0-33-27-29-38-40-44-41-61-6-8-3-46-7-10-53-66-56-50-34-54-43-37-35-68-55-70-1-4-60-17-13-58-25-48-24-0,5900.537381634284,seed606_lns_start72_late_random_best_rm8_tw10
0-63-33-29-38-40-44-41-61-6-8-3-46-7-10-53-66-56-50-34-54-43-37-35-68-55-70-1-4-60-17-13-58-25-48-24-0,5900.764211700739,seed605_lns_start51_late_regret_rm8_tw12
0-33-27-31-38-40-44-41-61-6-8-3-46-7-10-53-66-56-50-34-54-43-37-35-68-55-70-1-4-60-17-13-58-25-48-24-0,5901.50852747503,seed602_lns_start63_late_best_rm8_tw8
0-39-36-42-5-45-2-69-12-14-47-16-15-11-9-52-57-64-22-23-18-49-51-62-67-31-29-30-26-34-20-56-66-60-58-48-0,5902.4285542231755,seed701_explore_lns_start20_late_best_rm25_tw8
0-63-33-28-38-40-44-41-61-6-8-3-46-7-10-53-66-56-50-34-54-43-37-35-68-55-70-1-4-60-17-13-58-25-48-24-0,5903.495716028736,seed604_lns_start43_late_regret_rm8_tw8
0-39-42-5-45-2-69-12-14-47-16-15-11-59-9-57-22-18-51-63-62-67-30-29-27-26-32-34-50-49-48-24-55-58-0,5905.960045719987,seed702_explore_lns_start56_late_random_best_rm25_tw12
0-63-33-27-38-40-44-41-61-6-8-3-46-7-10-53-66-56-50-34-54-43-37-35-68-55-70-1-4-60-17-13-58-25-48-24-0,5906.529233150186,seed603_lns_start37_late_best_rm8_tw12
0-63-27-29-38-40-44-41-61-6-8-3-46-7-10-53-66-56-50-34-54-43-37-35-68-55-70-1-4-60-17-13-58-25-48-24-0,5907.509363347649,seed602_lns_start58_late_regret_rm8_tw15
0-63-27-31-38-40-44-41-61-6-8-3-46-7-10-53-66-56-50-34-54-43-37-35-68-55-70-1-4-60-17-13-58-25-48-24-0,5908.480509188394,seed601_lns_start60_late_random_best_rm8_tw6
0-39-36-42-5-45-2-69-65-12-47-16-15-11-59-9-52-57-64-19-23-21-18-49-22-51-63-67-34-32-50-56-1-60-17-58-25-0,5918.126980753705,seed701_explore_lns_start18_random_regret_rm25_tw8
0-65-63-52-23-64-67-62-28-27-29-44-61-40-38-41-53-7-8-6-46-4-3-1-43-35-37-54-68-70-55-17-25-48-20-34-0,5931.323279554015,seed702_explore_lns_start66_late_best_rm25_tw15
0-69-65-64-62-31-28-30-33-23-57-53-6-8-3-44-38-40-41-37-43-35-61-68-55-7-1-70-60-10-13-17-58-24-0,5933.701118038767,seed701_explore_lns_start39_mixed_regret_rm25_tw15
0-65-59-23-21-63-28-27-67-38-61-53-7-8-46-3-44-40-43-41-37-35-54-68-70-6-4-1-10-17-13-58-24-50-0,5935.035331782047,seed702_explore_lns_start50_late_best_rm25_tw15
0-65-5-45-2-69-12-14-47-16-15-11-59-52-9-57-22-19-18-51-62-67-31-29-28-30-34-49-20-56-66-10-55-13-24-58-0,5942.619354353537,seed702_explore_lns_start37_late_random_best_rm25_tw10
0-28-27-29-38-40-44-41-61-6-8-3-46-7-10-53-66-56-50-54-43-37-35-68-55-70-1-4-60-17-13-58-25-48-24-32-0,5944.597641439031,seed608_lns_start80_late_best_rm8_tw6
0-28-27-31-38-40-44-41-61-6-8-3-46-7-10-53-66-56-50-54-43-37-35-68-55-70-1-4-60-17-13-58-25-48-24-32-0,5945.568787279775,seed601_lns_start64_late_regret_rm8_tw6
0-39-42-5-45-2-69-12-14-47-16-15-11-59-9-57-22-49-19-23-21-18-63-62-67-30-28-26-32-34-50-10-13-55-0,5946.557803833495,seed702_explore_lns_start76_late_best_rm25_tw10
0-62-29-27-28-30-33-63-51-53-61-40-44-38-41-7-6-8-46-4-3-1-43-35-37-54-68-70-55-60-17-25-24-20-56-50-0,5946.602348439417,seed702_explore_lns_start35_late_random_best_rm20_tw6
0-33-27-29-38-40-44-41-61-6-8-3-46-7-10-53-66-56-50-54-43-37-35-68-55-70-1-4-60-17-13-58-25-48-24-32-0,5948.673422764115,seed601_lns_start56_late_regret_rm8_tw12
0-63-28-31-38-40-44-41-61-6-8-3-46-7-10-53-66-56-50-54-43-37-35-68-55-70-1-4-60-17-13-58-25-48-24-32-0,5951.271014990936,seed601_lns_start12_late_best_rm8_tw8
0-65-59-63-21-33-28-27-31-36-38-44-41-61-53-6-7-8-46-3-40-43-4-1-35-37-54-68-70-60-17-10-20-48-32-0,5953.3152436223445,seed701_explore_lns_start80_late_regret_rm25_tw10
0-65-63-33-29-27-30-67-62-21-23-52-53-61-44-41-38-40-43-37-6-7-8-46-4-3-70-54-68-55-10-17-25-48-26-35-0,5954.319965402308,seed701_explore_lns_start46_mixed_regret_rm25_tw6
0-63-33-27-38-40-44-41-61-6-8-3-46-7-10-53-66-56-50-54-43-37-35-68-55-70-1-4-60-17-13-58-25-48-24-32-0,5954.665274280016,seed604_lns_start60_late_regret_rm8_tw8
0-63-27-29-38-40-44-41-61-6-8-3-46-7-10-53-66-56-50-54-43-37-35-68-55-70-1-4-60-17-13-58-25-48-24-32-0,5955.645404477478,seed606_lns_start56_late_best_rm8_tw6
0-39-36-5-45-2-69-12-14-47-16-15-11-59-9-52-57-23-21-18-49-22-64-31-29-28-26-32-34-20-56-55-10-13-24-48-0,5955.66759661631,seed702_explore_lns_start4_late_best_rm25_tw15
0-31-29-61-7-2-41-44-40-38-3-46-8-6-10-53-55-66-56-50-54-37-35-68-70-1-4-60-17-13-58-25-48-20-24-0,5958.849269688382,seed604_lns_start46_mixed_regret_rm8_tw10
0-63-27-28-31-23-19-64-67-41-38-40-44-61-53-6-7-8-46-3-43-37-35-32-50-56-66-54-68-70-1-4-60-17-10-13-58-24-0,5963.930527631414,seed701_explore_lns_start25_late_regret_rm25_tw12
0-39-36-42-5-45-2-69-65-12-14-47-16-15-11-9-52-57-64-22-49-19-18-51-62-67-31-29-30-32-34-50-56-66-55-0,5965.712444413341,seed701_explore_lns_start16_late_random_best_rm25_tw12
0-39-36-42-5-45-2-69-65-12-14-47-16-15-11-9-59-52-57-19-23-21-18-49-22-20-51-33-30-26-32-66-46-3-48-0,5967.824260058935,seed701_explore_lns_start66_late_random_best_rm20_tw15
0-39-36-42-5-45-2-69-65-14-47-16-15-11-57-23-21-18-19-49-22-64-51-30-28-29-34-50-67-56-20-48-24-66-68-70-4-60-35-0,5969.89971257031,seed701_explore_lns_start55_mixed_best_rm25_tw15
0-65-63-27-33-62-64-67-42-40-38-41-61-53-6-7-8-46-3-44-37-43-54-34-26-32-50-56-68-55-70-4-1-10-13-25-35-0,5971.50060520381,seed702_explore_lns_start74_late_best_rm25_tw15
0-59-63-33-28-29-31-61-44-40-38-41-6-7-8-3-46-53-10-66-56-50-32-34-37-35-43-54-68-55-70-1-4-60-17-13-58-25-48-24-0,5979.678998179121,seed605_lns_start53_late_regret_rm8_tw10_guarded
0-36-65-23-21-19-30-27-29-62-67-61-7-8-46-44-38-40-43-41-37-35-6-4-3-1-70-54-68-55-53-17-25-48-32-0,5985.398327124394,seed702_explore_lns_start86_late_random_best_rm25_tw8
0-64-62-33-30-28-27-29-67-61-41-38-40-44-3-46-7-8-6-53-10-66-55-43-35-37-54-68-70-1-4-60-17-58-48-50-32-0,5987.426344727899,seed701_explore_lns_start13_late_best_rm20_tw6
0-65-27-28-33-63-19-21-59-53-61-44-38-40-3-46-8-7-6-43-41-37-35-54-68-1-4-70-55-10-17-13-25-24-50-32-0,5987.429256851292,seed701_explore_lns_start20_late_best_rm25_tw8
0-65-5-45-2-69-12-14-47-16-15-11-59-52-22-23-21-18-19-51-63-62-67-29-28-26-32-49-57-66-9-10-55-60-58-48-0,5990.026308178763,seed702_explore_lns_start0_late_best_rm25_tw10
0-39-36-42-5-2-69-12-14-47-16-15-11-59-9-52-57-64-22-19-23-21-18-49-51-62-30-27-26-32-20-24-55-13-58-25-48-0,5998.839854157858,seed701_explore_lns_start34_late_regret_rm25_tw8
0-39-36-42-5-45-2-69-12-14-47-16-15-11-9-59-23-21-19-49-22-64-51-30-28-27-31-26-32-34-37-35-43-54-13-48-0,6006.6796179606845,seed702_explore_lns_start36_mixed_random_best_rm25_tw10
0-39-36-42-5-45-2-12-14-47-16-15-11-65-67-62-33-30-28-63-51-19-23-21-18-49-22-57-9-35-0,6006.9405866324,seed608_lns_start79_mixed_best_rm8_tw15
0-39-36-42-45-2-69-65-11-12-14-47-16-15-59-57-23-21-18-19-22-49-51-63-62-31-29-26-32-34-50-56-54-35-60-0,6008.282725324472,seed702_explore_lns_start1_mixed_regret_rm20_tw8
0-39-36-42-5-45-2-12-14-47-16-15-11-59-9-52-22-49-19-21-18-51-63-67-29-27-26-32-34-50-56-20-66-54-46-4-25-48-0,6010.74998096167,seed701_explore_lns_start39_mixed_regret_rm25_tw15
0-63-31-29-27-38-40-44-41-61-7-8-3-46-6-10-53-66-56-50-34-54-43-37-35-68-55-70-1-4-60-17-13-58-25-48-24-0,6016.210407544426,seed606_lns_start85_late_regret_rm8_tw15
0-63-31-29-28-38-40-44-41-61-7-8-3-46-6-10-53-66-56-50-34-54-43-37-35-68-55-70-1-4-60-17-13-58-25-48-24-0,6019.101865586799,seed604_lns_start64_late_regret_rm8_tw15
0-63-29-27-28-38-40-44-41-61-7-8-3-46-6-10-53-66-56-50-34-54-43-37-35-68-55-70-1-4-60-17-13-58-25-48-24-0,6024.243351713244,seed607_lns_start61_late_regret_rm8_tw12
0-39-42-5-45-2-69-65-14-47-16-15-11-59-52-57-64-19-23-21-18-49-22-51-62-67-30-28-26-32-34-50-66-35-17-58-0,6024.404853739129,seed701_explore_lns_start46_mixed_random_best_rm20_tw15
0-5-31-29-27-28-33-63-64-61-41-38-40-44-8-7-46-6-53-54-43-37-35-1-3-4-70-68-55-60-10-13-24-20-32-34-0,6024.616085680687,seed702_explore_lns_start58_late_best_rm25_tw6
0-65-62-31-29-27-30-33-63-52-53-44-3-8-7-6-61-41-38-40-43-35-37-50-56-66-68-55-70-4-46-60-13-58-25-48-20-0,6025.002130872803,seed702_explore_lns_start71_mixed_regret_rm25_tw10
0-39-36-42-5-45-2-69-12-14-47-16-15-11-9-59-52-57-64-22-49-19-23-18-51-62-30-28-26-32-34-50-20-10-17-13-58-25-0,6029.116453159031,seed702_explore_lns_start64_late_best_rm20_tw10
0-39-36-42-5-45-2-69-65-12-14-47-16-15-11-9-59-52-57-64-19-18-49-22-67-31-29-30-32-34-50-56-58-13-17-60-0,6039.442340200594,seed702_explore_lns_start6_late_regret_rm25_tw15
0-64-62-31-29-27-30-33-67-61-41-38-40-3-46-8-7-6-10-53-44-43-37-35-54-56-66-68-70-1-4-60-17-13-24-20-0,6041.289639568433,seed701_explore_lns_start67_late_regret_rm20_tw15
0-65-59-63-28-27-31-67-41-40-44-61-53-6-7-8-46-38-37-43-54-68-1-3-4-60-10-13-58-24-20-48-25-66-50-0,6046.734257994522,seed702_explore_lns_start49_mixed_random_best_rm20_tw12
0-39-36-42-5-45-2-69-65-12-14-47-16-15-11-9-59-52-57-64-19-23-21-18-49-22-20-51-63-30-26-32-56-66-55-17-13-25-0,6049.130556880758,seed701_explore_lns_start30_late_random_best_rm20_tw8
0-39-42-5-45-2-69-65-12-14-47-16-15-11-59-9-57-23-21-18-19-22-49-51-30-31-29-28-32-34-50-56-66-25-58-13-17-0,6053.1416117407525,seed701_explore_lns_start21_late_best_rm25_tw10
0-5-65-62-33-28-29-31-67-19-53-61-44-3-46-8-7-6-43-40-38-41-37-35-54-68-1-4-70-55-10-17-13-58-32-0,6054.466844837827,seed701_explore_lns_start72_late_best_rm25_tw15
0-63-29-27-28-38-40-44-41-61-7-8-3-46-6-10-53-66-56-50-54-43-37-35-68-55-70-1-4-60-17-13-58-25-48-24-32-0,6067.064622744763,seed605_lns_start52_late_regret_rm8_tw6
0-28-31-38-40-44-41-61-6-7-8-3-46-53-10-20-66-56-54-43-37-35-68-55-70-1-4-60-17-13-58-25-48-24-32-0,6076.051375282691,seed608_lns_start41_late_random_best_rm8_tw15
0-28-29-38-40-44-41-61-6-7-8-3-46-53-10-20-66-56-54-43-37-35-68-55-70-1-4-60-17-13-58-25-48-24-32-0,6076.062270011647,seed603_lns_start26_late_regret_rm8_tw6
0-33-29-38-40-44-41-61-6-7-8-3-46-53-10-20-66-56-54-43-37-35-68-55-70-1-4-60-17-13-58-25-48-24-32-0,6077.622042688211,seed604_lns_start53_late_regret_rm8_tw8
0-28-27-38-40-44-41-61-6-7-8-3-46-53-10-20-66-56-54-43-37-35-68-55-70-1-4-60-17-13-58-25-48-24-32-0,6079.311282812573,seed607_lns_start2_late_regret_rm8_tw6
0-65-36-27-28-30-33-62-67-61-41-40-44-6-7-8-46-3-53-38-43-37-35-54-68-70-1-4-55-10-13-17-58-48-50-26-0,6083.610968081135,seed702_explore_lns_start54_late_random_best_rm25_tw8
0-31-29-27-38-40-44-41-61-6-8-3-46-7-10-53-66-56-50-54-43-37-35-68-55-70-1-4-60-17-13-58-25-48-20-24-0,6085.398382826383,seed601_lns_start50_late_regret_rm8_tw12
0-63-28-38-40-44-41-61-6-7-8-3-46-53-10-20-66-56-54-43-37-35-68-55-70-1-4-60-17-13-58-25-48-24-32-0,6088.116679521539,seed601_lns_start46_late_best_rm8_tw8
0-33-29-31-38-40-44-41-61-6-8-3-46-7-10-53-66-56-50-54-43-37-35-68-55-70-1-4-60-17-13-58-25-48-20-24-0,6088.935629703627,seed608_lns_start23_late_regret_rm8_tw15
0-33-28-29-38-40-44-41-61-6-8-3-46-7-10-53-66-56-50-54-43-37-35-68-55-70-1-4-60-17-13-58-25-48-20-24-0,6090.77163404956,seed602_lns_start4_late_regret_rm8_tw10
0-63-29-31-38-40-44-41-61-6-8-3-46-7-10-53-66-56-50-54-43-37-35-68-55-70-1-4-60-17-13-58-25-48-20-24-0,6094.4831469649525,seed602_lns_start41_late_best_rm8_tw12
0-33-27-29-38-40-44-41-61-6-8-3-46-7-10-53-66-56-50-54-43-37-35-68-55-70-1-4-60-17-13-58-25-48-20-24-0,6095.9262795991135,seed608_lns_start37_late_regret_rm8_tw6
0-64-62-31-27-28-30-33-41-38-44-61-3-46-8-7-6-53-66-54-40-35-37-43-1-4-70-68-55-60-10-17-13-58-25-48-50-0,6100.216172970582,seed701_explore_lns_start54_late_random_best_rm20_tw10
0-36-33-28-27-29-62-67-64-52-53-61-6-7-8-44-38-41-40-43-37-54-68-4-46-3-1-70-55-13-24-20-48-32-34-35-0,6101.663833838384,seed702_explore_lns_start43_late_best_rm25_tw10
0-63-33-27-38-40-44-41-61-6-8-3-46-7-10-53-66-56-50-54-43-37-35-68-55-70-1-4-60-17-13-58-25-48-20-24-0,6101.918131115015,seed601_lns_start6_late_regret_rm8_tw12
0-39-36-42-5-45-2-69-12-14-47-16-15-11-9-52-57-22-49-19-23-18-51-63-62-29-27-26-34-50-66-10-3-60-13-58-25-0,6106.901019990536,seed702_explore_lns_start75_late_regret_rm25_tw10
0-64-63-33-30-29-27-28-31-38-44-61-6-7-8-46-3-40-43-41-37-35-54-68-1-4-60-53-10-17-13-24-20-25-48-32-70-0,6127.584008942489,seed701_explore_lns_start39_late_random_best_rm20_tw8
0-39-36-42-5-45-2-12-14-47-16-15-11-59-9-52-57-49-23-18-19-22-64-62-31-29-28-26-32-34-50-54-37-35-55-70-17-0,6128.786614859157,seed701_explore_lns_start65_mixed_regret_rm25_tw15
0-63-33-62-29-28-30-67-36-40-44-2-6-7-12-53-61-41-38-37-43-8-46-4-3-1-54-68-70-55-60-10-13-58-25-20-34-0,6135.193439965475,seed702_explore_lns_start82_mixed_random_best_rm25_tw10
0-31-29-27-38-40-44-41-61-6-8-3-46-7-10-53-66-56-54-43-37-35-68-55-70-1-4-60-17-13-58-25-48-20-24-32-0,6135.926006389661,seed601_lns_start52_late_regret_rm8_tw8
0-31-29-27-28-33-63-67-61-53-6-7-8-44-40-38-41-43-37-54-68-4-46-3-1-70-55-60-17-13-58-25-24-20-32-26-35-0,6136.148155314965,seed701_explore_lns_start45_late_random_best_rm15_tw15
0-33-28-31-38-40-44-41-61-6-8-3-46-7-10-53-66-56-54-43-37-35-68-55-70-1-4-60-17-13-58-25-48-20-24-32-0,6141.288362883881,seed607_lns_start71_late_regret_rm8_tw8
0-63-28-31-38-40-44-41-61-6-8-3-46-7-10-53-66-56-54-43-37-35-68-55-70-1-4-60-17-13-58-25-48-20-24-32-0,6149.0514953892125,seed608_lns_start72_late_regret_rm8_tw8
0-27-61-63-41-38-40-44-3-6-46-8-7-53-10-20-66-56-54-43-37-35-68-55-70-4-1-60-17-13-58-25-48-24-0,6149.058196630748,seed602_lns_start10_late_regret_rm8_tw12
0-63-28-29-38-40-44-41-61-6-8-3-46-7-10-53-66-56-54-43-37-35-68-55-70-1-4-60-17-13-58-25-48-20-24-32-0,6149.06239011817,seed603_lns_start67_late_regret_rm8_tw6
0-39-42-5-45-2-12-14-47-16-15-11-59-52-64-22-23-21-18-19-49-51-63-30-28-26-29-67-56-57-66-68-54-35-1-13-58-0,6150.617726007282,seed701_explore_lns_start81_random_regret_rm25_tw8
0-59-63-33-28-27-29-31-61-41-38-40-44-3-46-8-7-6-10-53-55-68-54-34-26-32-50-56-66-20-24-48-25-58-13-17-60-4-1-70-0,6155.01814776797,seed608_lns_start25_mixed_best_rm8_tw8_guarded
0-59-62-33-31-29-30-67-51-18-23-53-61-6-7-8-46-3-44-40-38-41-43-37-35-54-56-66-68-1-4-60-10-17-13-58-24-0,6161.502426190455,seed701_explore_lns_start38_mixed_regret_rm25_tw6
0-65-63-33-28-29-31-67-61-40-44-45-6-7-8-3-46-41-50-34-38-37-35-43-54-68-56-66-53-10-17-60-4-1-70-0,6161.860313829128,seed701_explore_lns_start34_late_regret_rm25_tw8
0-39-42-5-45-2-69-65-12-14-47-16-15-11-59-52-57-23-21-18-19-22-64-51-62-30-33-49-9-0,6162.792713533819,seed601_lns_start84_mixed_random_best_rm8_tw10
0-65-63-28-27-64-19-21-23-59-53-45-6-7-8-3-61-41-38-40-44-43-37-35-54-68-46-4-1-70-60-10-17-13-20-25-32-0,6163.303639695556,seed701_explore_lns_start77_late_regret_rm25_tw15
0-42-5-45-2-69-65-12-14-47-16-15-11-59-9-52-57-23-21-19-18-49-22-64-67-62-30-28-26-32-34-50-20-56-55-25-0,6169.375667768283,seed701_explore_lns_start15_late_random_best_rm25_tw15
0-39-36-42-5-45-2-69-12-14-47-16-15-11-9-59-52-57-64-49-19-21-18-22-63-62-33-32-34-50-56-20-25-58-13-17-0,6171.741343677414,seed702_explore_lns_start64_late_regret_rm20_tw8
0-39-42-5-45-2-69-65-12-14-47-16-15-11-59-52-57-23-21-18-19-22-64-51-63-62-30-49-9-66-0,6177.647402821749,seed603_lns_start14_mixed_best_rm8_tw6
0-42-59-52-21-63-30-28-29-31-67-61-44-3-46-8-7-6-53-41-38-40-43-35-37-54-56-66-68-70-4-1-60-10-13-48-0,6192.859641106722,seed702_explore_lns_start22_late_regret_rm25_tw10
0-39-36-42-5-45-2-69-12-14-47-16-15-11-9-59-52-57-64-49-19-23-18-22-51-63-31-29-26-32-34-50-68-1-4-13-60-0,6194.487213543339,seed701_explore_lns_start28_mixed_random_best_rm25_tw12
0-39-36-42-5-45-2-69-65-12-14-47-16-15-11-9-52-57-22-49-19-23-18-67-31-30-28-27-26-34-50-56-66-24-48-13-60-0,6195.938371500279,seed701_explore_lns_start14_late_regret_rm25_tw15
0-39-36-42-5-45-2-12-14-47-16-15-59-11-9-57-23-18-19-49-22-51-63-62-67-31-30-26-32-50-56-20-66-68-35-17-58-0,6198.000759250007,seed701_explore_lns_start41_mixed_best_rm25_tw15
0-33-31-29-27-38-40-44-41-61-7-8-3-46-6-10-53-66-56-50-54-43-37-35-68-55-70-1-4-60-17-13-58-25-48-20-24-0,6201.692683809764,seed601_lns_start14_late_best_rm8_tw6
0-45-5-33-28-27-29-30-64-52-53-61-6-7-8-3-46-44-40-38-41-43-37-35-54-56-20-24-58-10-60-4-1-70-68-34-0,6202.544436968235,seed701_explore_lns_start24_late_random_best_rm25_tw15
0-39-36-42-5-2-69-65-12-14-47-16-15-11-59-9-52-57-22-19-23-21-18-49-51-63-67-31-26-34-50-20-55-13-25-48-0,6203.10153360874,seed702_explore_lns_start89_late_best_rm25_tw8
0-63-31-29-27-38-40-44-41-61-7-8-3-46-6-10-53-66-56-50-54-43-37-35-68-55-70-1-4-60-17-13-58-25-48-20-24-0,6206.284535410944,seed603_lns_start7_late_regret_rm8_tw12
0-63-31-29-28-38-40-44-41-61-7-8-3-46-6-10-53-66-56-50-54-43-37-35-68-55-70-1-4-60-17-13-58-25-48-20-24-0,6209.175993453317,seed607_lns_start74_late_regret_rm8_tw15
0-63-59-23-64-33-30-29-31-67-41-38-40-44-3-46-8-6-7-53-61-43-35-37-54-50-56-66-68-70-1-4-60-17-58-24-20-0,6209.415790078914,seed701_explore_lns_start10_late_best_rm25_tw10
0-39-42-5-45-2-69-12-14-47-16-15-11-59-9-52-57-22-49-19-18-51-62-33-30-31-27-26-32-34-50-56-10-60-55-48-0,6209.991541211651,seed702_explore_lns_start63_late_random_best_rm25_tw6
0-62-29-27-28-30-33-21-64-61-53-6-7-8-46-3-44-40-38-41-43-37-35-54-56-66-68-55-70-1-4-60-17-24-20-48-32-0,6223.193033551475,seed702_explore_lns_start50_late_random_best_rm20_tw15
0-63-28-27-29-31-62-64-61-44-8-7-6-53-67-50-34-41-40-43-37-38-35-54-68-55-70-1-4-60-10-17-13-58-25-24-56-0,6224.3356826317395,seed701_explore_lns_start66_late_random_best_rm20_tw15
0-65-59-64-63-33-28-29-62-67-61-41-38-40-44-3-46-8-6-7-10-53-66-56-68-54-37-35-43-70-1-4-60-17-13-25-48-20-26-0,6229.355094287187,seed702_explore_lns_start68_late_regret_rm25_tw15
0-63-29-27-28-38-40-44-41-61-7-8-3-46-6-10-53-66-56-54-43-37-35-68-55-70-1-4-60-17-13-58-25-48-20-24-32-0,6233.96034679844,seed605_lns_start54_late_regret_rm8_tw12
0-39-36-42-5-45-2-69-12-14-47-16-15-11-59-52-65-64-23-21-19-18-63-62-51-22-49-57-9-0,6234.84695279212,seed607_lns_start12_mixed_best_rm8_tw10
0-63-29-38-61-53-6-7-8-3-44-41-40-43-37-54-56-66-68-55-70-1-4-46-60-10-17-13-58-25-48-20-24-35-0,6238.580716339014,seed604_lns_start11_mixed_regret_rm8_tw12
0-65-28-38-61-53-6-7-8-3-44-41-40-43-37-54-56-66-68-55-70-1-4-46-60-10-17-13-58-25-48-20-24-35-0,6244.735112506127,seed604_lns_start35_mixed_regret_rm8_tw6
0-65-39-36-5-45-12-14-47-16-15-11-59-52-57-64-22-19-21-18-51-62-67-29-30-28-26-32-50-56-66-20-24-10-17-13-58-0,6246.490512570411,seed701_explore_lns_start25_mixed_random_best_rm25_tw12
0-39-36-5-45-2-69-12-14-47-16-15-11-59-9-52-57-22-19-51-63-33-28-29-31-34-32-50-49-20-56-24-48-25-58-13-17-60-0,6253.440245187377,seed701_explore_lns_start14_late_random_best_rm25_tw10
0-39-42-5-45-2-69-52-12-14-47-16-15-11-9-64-23-21-18-19-49-22-51-62-67-33-30-29-26-32-34-50-56-66-68-54-35-1-70-0,6255.023779713474,seed701_explore_lns_start5_mixed_best_rm25_tw8
0-39-36-42-5-45-2-69-65-12-14-47-16-15-11-9-59-52-57-64-19-23-21-18-49-22-51-31-28-34-50-20-56-32-48-0,6256.990849442936,seed702_explore_lns_start41_late_best_rm15_tw15
0-39-36-45-2-69-12-14-47-16-15-11-59-9-52-57-23-21-19-49-51-62-67-33-28-29-26-32-34-50-56-10-60-1-35-0,6257.553993134883,seed701_explore_lns_start18_mixed_best_rm25_tw10
0-39-36-42-5-45-2-69-65-12-14-47-16-15-11-9-52-57-22-19-23-21-18-49-51-62-31-29-27-26-32-34-20-56-55-1-35-0,6266.219112246104,seed701_explore_lns_start36_random_best_rm25_tw8
0-39-36-42-5-2-69-12-14-47-16-15-11-65-64-57-22-23-21-18-49-51-67-31-30-28-26-32-34-50-20-9-13-58-25-48-24-0,6266.251816236787,seed701_explore_lns_start28_late_regret_rm25_tw8
0-36-27-29-31-33-63-9-12-53-7-6-44-41-38-40-37-43-8-46-4-3-1-61-54-68-55-60-10-13-24-20-48-25-56-70-0,6268.624321378437,seed701_explore_lns_start46_mixed_random_best_rm20_tw15
0-39-36-42-5-45-2-69-65-12-14-47-16-15-11-9-59-52-57-22-49-19-23-18-51-31-27-28-26-32-34-50-10-17-25-48-0,6275.174564106145,seed701_explore_lns_start45_late_random_best_rm20_tw6
0-59-63-64-28-27-29-31-42-41-38-40-44-61-6-3-46-8-7-53-56-68-43-35-37-54-70-1-4-60-17-58-25-20-32-26-0,6282.408268556455,seed701_explore_lns_start88_late_best_rm25_tw10
0-65-39-42-5-45-2-12-14-47-16-15-11-59-52-57-23-18-21-19-49-22-64-51-63-62-67-31-26-32-34-50-56-43-68-1-0,6291.964686305653,seed701_explore_lns_start68_mixed_regret_rm25_tw12
0-64-31-29-27-28-30-63-51-67-61-6-7-8-46-3-44-38-40-41-43-37-35-54-55-53-60-17-10-66-24-48-50-32-0,6294.834328394592,seed702_explore_lns_start48_mixed_best_rm25_tw6
0-23-65-61-44-40-38-41-53-6-7-46-8-3-43-54-37-35-68-55-1-4-60-10-17-13-58-25-48-20-24-56-66-70-0,6302.684242492746,seed607_lns_start37_mixed_random_best_rm8_tw6
0-62-31-29-27-28-30-33-63-51-61-41-38-40-44-3-46-8-7-6-53-43-35-37-54-68-70-4-1-60-17-10-24-20-25-48-50-32-0,6303.31920064374,seed702_explore_lns_start74_late_random_best_rm20_tw12
0-36-27-28-29-33-62-64-52-59-53-61-41-38-40-44-6-7-8-46-3-43-37-35-54-68-1-4-70-55-10-17-13-58-25-24-50-32-0,6307.518925259615,seed701_explore_lns_start58_late_random_best_rm25_tw6
0-39-36-42-5-45-2-69-65-12-14-47-16-15-11-9-52-57-22-19-23-21-18-49-51-62-29-27-28-32-50-56-20-24-66-55-60-17-0,6317.960988309298,seed702_explore_lns_start84_late_random_best_rm25_tw12
0-39-36-42-5-45-2-69-12-14-47-16-15-11-9-52-57-64-22-49-19-18-51-62-33-30-31-29-26-32-34-20-56-66-55-60-25-48-0,6321.991926029599,seed702_explore_lns_start50_late_best_rm25_tw15
0-39-42-5-45-2-69-64-12-14-47-16-15-11-9-57-22-49-19-18-51-62-67-31-29-27-30-26-32-20-66-56-48-13-17-0,6327.761954858657,seed701_explore_lns_start81_late_best_rm25_tw10
0-39-36-42-5-45-2-69-65-12-14-47-16-15-11-9-59-52-57-22-49-21-18-51-62-33-30-29-26-34-20-55-25-48-0,6350.00187618423,seed701_explore_lns_start25_late_regret_rm25_tw12
0-39-36-42-5-45-2-12-14-47-16-15-11-52-22-23-21-19-64-62-67-31-30-28-26-27-34-50-51-49-20-57-55-4-17-13-58-48-0,6360.9341378785775,seed701_explore_lns_start28_random_best_rm25_tw6
0-36-42-5-45-2-69-65-12-14-47-16-15-11-9-52-57-23-21-18-19-49-22-64-51-62-67-31-27-26-34-50-66-24-25-58-13-17-0,6365.857442898682,seed701_explore_lns_start33_late_random_best_rm25_tw12
0-28-31-38-40-44-41-61-6-7-8-3-46-53-10-20-66-56-50-54-43-37-35-68-55-70-1-4-60-17-13-58-25-48-24-0,6371.526443260641,seed602_lns_start70_late_random_best_rm8_tw10
0-39-36-42-5-45-2-69-12-14-47-16-15-11-9-52-57-64-22-49-19-23-21-18-51-62-33-30-29-26-32-34-56-55-35-70-17-0,6371.720432003187,seed702_explore_lns_start49_mixed_random_best_rm20_tw12
0-33-29-38-40-44-41-61-6-7-8-3-46-53-10-20-66-56-50-54-43-37-35-68-55-70-1-4-60-17-13-58-25-48-24-0,6373.097110666161,seed602_lns_start20_late_regret_rm8_tw12
0-28-27-38-40-44-41-61-6-7-8-3-46-53-10-20-66-56-50-54-43-37-35-68-55-70-1-4-60-17-13-58-25-48-24-0,6374.786350790523,seed607_lns_start59_late_best_rm8_tw8
0-63-33-38-40-44-41-61-6-7-8-3-46-53-10-20-66-56-50-54-43-37-35-68-55-70-1-4-60-17-13-58-25-48-24-0,6376.720830824504,seed607_lns_start14_late_best_rm8_tw10
0-63-29-38-40-44-41-61-6-7-8-3-46-53-10-20-66-56-50-54-43-37-35-68-55-70-1-4-60-17-13-58-25-48-24-0,6378.644627927487,seed606_lns_start78_late_regret_rm8_tw6
0-33-63-52-23-21-30-28-27-36-38-40-44-41-61-6-7-8-46-3-53-10-68-54-43-37-35-70-1-4-17-13-48-34-26-0,6378.8423753945945,seed702_explore_lns_start10_late_best_rm25_tw15
0-39-36-42-5-45-2-69-12-14-47-16-15-11-9-52-57-64-22-23-21-18-49-51-62-67-31-29-30-26-32-50-48-25-13-60-0,6381.583275539228,seed701_explore_lns_start55_late_regret_rm25_tw12
0-63-28-38-40-44-41-61-6-7-8-3-46-53-10-20-66-56-50-54-43-37-35-68-55-70-1-4-60-17-13-58-25-48-24-0,6383.591747499489,seed603_lns_start49_late_best_rm8_tw12
0-33-28-27-31-29-62-21-64-61-36-38-40-44-46-8-7-6-53-56-54-41-43-37-35-1-3-4-70-68-55-60-17-10-20-26-0,6389.920953088859,seed702_explore_lns_start64_late_best_rm25_tw8
0-65-27-28-63-21-23-59-52-69-53-61-41-38-40-44-6-7-8-46-3-43-37-34-26-32-50-56-54-68-55-70-1-4-17-13-58-20-0,6390.15186106377,seed701_explore_lns_start74_random_best_rm25_tw10
0-63-33-27-28-30-64-51-67-61-41-38-40-44-3-46-8-7-6-53-10-66-56-55-43-37-35-54-68-70-1-4-60-13-58-25-48-32-0,6390.341175314372,seed702_explore_lns_start75_late_regret_rm20_tw12
0-63-62-31-28-33-30-21-64-53-61-44-40-38-41-7-6-8-46-3-43-35-37-54-68-55-70-1-4-60-66-56-34-32-20-0,6395.03827345004,seed701_explore_lns_start10_late_best_rm20_tw6
0-39-42-5-45-2-69-12-14-47-16-15-11-59-9-52-57-64-22-49-18-51-63-33-28-26-31-34-50-56-66-20-10-13-60-24-58-0,6400.14333959217,seed702_explore_lns_start86_late_random_best_rm25_tw8
0-39-36-42-5-45-2-69-65-12-14-47-16-15-11-9-52-57-64-19-23-21-18-49-22-51-62-67-30-27-26-20-0,6404.204345518505,seed605_lns_start53_late_regret_rm8_tw10_guarded
0-23-21-63-33-30-28-29-31-38-40-41-61-53-10-7-6-8-46-3-44-43-37-35-54-56-68-70-1-4-60-58-25-48-24-34-0,6411.538750701222,seed702_explore_lns_start71_late_best_rm20_tw15
0-39-36-5-45-2-69-12-14-47-16-15-11-59-9-52-57-23-21-19-49-22-51-63-30-31-29-67-34-32-50-55-60-17-25-48-0,6419.751185678126,seed701_explore_lns_start5_late_random_best_rm25_tw12
0-59-62-33-28-27-31-67-44-36-40-38-41-61-6-8-46-7-53-20-50-32-26-34-54-37-35-43-1-3-4-70-68-10-13-25-24-0,6421.870296412204,seed701_explore_lns_start10_late_best_rm25_tw12
0-14-62-33-30-28-27-29-31-38-41-61-6-7-8-46-44-40-43-37-54-68-4-3-55-53-10-13-66-20-48-24-26-35-70-0,6423.693453629677,seed701_explore_lns_start18_random_regret_rm25_tw8
0-39-36-42-5-45-2-69-65-12-14-47-16-15-11-9-52-57-19-23-21-18-49-22-51-62-67-31-29-30-26-34-50-20-32-0,6426.2748902794265,seed605_lns_start36_late_random_best_rm8_tw15_guarded
0-65-23-33-29-27-28-31-30-67-41-44-61-38-40-53-7-6-8-46-4-3-1-43-35-37-54-68-70-55-60-10-24-25-32-26-0,6429.114476884572,seed702_explore_lns_start88_late_random_best_rm20_tw12
0-39-36-42-5-45-2-69-12-14-47-16-15-11-9-59-52-57-64-22-19-23-21-18-49-51-67-31-27-34-50-20-24-55-17-25-48-0,6430.32013148411,seed702_explore_lns_start54_late_regret_rm20_tw10
0-65-39-36-42-5-45-2-12-14-47-16-15-11-9-52-64-23-21-19-49-51-33-30-28-31-67-32-26-34-50-10-17-13-58-48-0,6432.961172207495,seed702_explore_lns_start11_mixed_random_best_rm25_tw10
0-39-42-5-45-2-69-65-12-14-47-16-15-11-59-9-57-23-21-18-19-49-22-51-62-67-33-30-26-32-50-56-66-10-55-4-35-0,6438.111239431546,seed702_explore_lns_start26_mixed_best_rm25_tw15
0-39-36-42-5-2-69-65-52-12-14-47-16-15-11-9-57-23-21-49-22-51-67-31-29-26-30-32-34-50-44-56-24-13-17-48-0,6438.66837574358,seed702_explore_lns_start24_late_regret_rm25_tw15
0-39-36-42-5-2-69-65-12-14-47-16-15-11-59-9-52-57-22-21-18-51-63-62-67-30-26-49-20-56-66-55-10-58-25-48-0,6446.60423114592,seed702_explore_lns_start77_late_best_rm25_tw6
0-39-36-5-45-2-69-12-14-47-16-15-11-9-52-57-64-22-19-23-21-18-51-62-67-33-28-50-49-20-66-55-60-13-58-48-0,6446.950221359686,seed701_explore_lns_start10_late_best_rm25_tw6
0-39-36-42-5-45-2-69-12-14-47-16-15-11-59-52-57-64-49-23-21-18-19-22-51-63-62-30-9-58-0,6456.584699586708,seed608_lns_start33_mixed_random_best_rm8_tw15
0-39-36-42-5-45-2-69-12-14-47-16-15-11-9-59-52-57-22-49-19-23-18-51-33-28-27-26-32-34-50-66-10-3-24-25-0,6458.421168613366,seed701_explore_lns_start14_late_random_best_rm20_tw15
0-33-65-61-41-38-40-44-3-46-8-7-6-10-53-66-56-50-54-43-37-35-68-55-70-1-4-60-17-13-58-25-24-20-0,6462.296383848703,seed608_lns_start71_mixed_regret_rm8_tw12
0-5-59-52-65-64-63-33-29-31-67-61-44-40-38-41-53-6-7-8-46-3-43-37-35-54-68-55-70-1-4-60-10-58-24-20-34-0,6466.258356673418,seed701_explore_lns_start43_late_best_rm25_tw8
0-39-36-42-5-45-2-69-65-12-14-47-16-15-11-9-59-52-57-23-21-18-19-49-22-64-51-62-67-30-34-50-56-0,6471.032450134302,seed604_lns_start7_late_random_best_rm8_tw10_guarded
0-5-29-27-28-33-63-23-64-67-61-41-44-38-6-7-8-46-3-40-43-37-35-54-68-70-1-4-53-10-17-25-48-20-32-0,6475.616259188104,seed701_explore_lns_start8_late_best_rm25_tw15
0-39-36-42-5-45-2-69-65-12-14-47-16-15-11-9-59-52-57-64-19-23-21-18-49-22-51-62-67-30-34-50-26-0,6477.882397513719,seed606_lns_start61_late_regret_rm8_tw15_guarded
0-63-33-28-27-29-31-61-44-40-38-41-6-7-8-3-46-53-10-66-54-37-35-43-68-55-70-1-4-60-17-13-58-25-48-24-20-32-26-0,6479.892447639494,seed604_lns_start7_late_random_best_rm8_tw10_guarded
0-39-36-42-5-45-2-69-65-12-14-47-16-15-11-9-59-52-57-64-19-21-18-49-22-51-63-62-30-35-0,6481.335609858322,seed608_lns_start89_mixed_regret_rm8_tw6
0-39-36-42-2-69-65-12-14-47-16-59-52-57-64-23-21-18-19-49-22-51-62-67-31-30-28-26-32-34-50-20-56-68-60-58-25-0,6486.344167542515,seed702_explore_lns_start80_mixed_best_rm25_tw6
0-39-36-42-5-45-2-69-65-12-14-47-16-15-11-9-59-52-57-23-21-18-19-49-22-51-62-67-30-29-26-20-0,6487.1162659473675,seed604_lns_start75_late_regret_rm8_tw6_guarded
0-39-36-42-5-45-2-69-65-12-14-47-16-15-11-9-59-52-57-64-19-23-21-18-49-22-51-62-67-30-34-50-20-0,6494.044151385358,seed606_lns_start76_late_regret_rm8_tw8_guarded
0-65-33-30-28-27-29-31-67-38-40-44-8-7-6-61-41-37-43-54-4-46-3-1-60-53-66-20-24-25-48-34-32-26-70-0,6496.113988975944,seed701_explore_lns_start57_mixed_best_rm25_tw15
0-65-59-31-29-27-28-30-33-67-44-38-41-61-53-8-7-6-40-37-43-46-4-3-1-68-55-60-13-66-56-24-25-48-34-32-26-0,6497.927815846303,seed702_explore_lns_start2_mixed_random_best_rm25_tw12
0-65-63-33-28-27-31-29-62-19-23-53-7-61-44-38-41-40-37-6-8-4-3-1-43-35-54-56-66-68-70-60-10-58-48-20-26-0,6499.420181156251,seed701_explore_lns_start11_late_random_best_rm25_tw10
0-39-36-42-5-45-2-69-12-14-47-16-15-11-9-59-52-57-49-19-23-21-18-22-67-31-28-27-26-34-50-20-24-25-58-13-17-0,6504.9322122362755,seed702_explore_lns_start80_late_random_best_rm20_tw15
0-63-33-28-27-29-31-30-62-61-44-40-38-41-6-7-8-3-46-53-10-66-56-32-34-37-35-43-54-68-55-70-1-4-60-17-13-58-25-48-24-0,6505.388645217839,seed601_lns_start14_late_regret_rm8_tw8_guarded
0-36-65-52-23-63-28-31-62-67-38-40-44-61-3-46-8-7-6-53-10-56-50-34-41-43-37-35-54-68-70-4-1-60-25-48-0,6514.313980017987,seed702_explore_lns_start2_late_regret_rm25_tw15
0-39-36-42-5-45-2-69-12-14-47-16-15-11-9-59-52-57-64-49-19-23-21-18-22-51-63-30-31-26-32-34-50-56-48-24-0,6516.25597566468,seed701_explore_lns_start18_late_random_best_rm20_tw15
0-28-29-31-38-40-44-41-61-6-8-3-46-7-10-53-66-56-54-43-37-35-68-55-70-1-4-60-17-13-58-25-48-24-32-26-0,6519.4519430662185,seed603_lns_start48_late_regret_rm8_tw10
0-36-42-5-45-2-69-65-12-14-47-16-15-11-9-52-57-22-21-18-19-49-64-51-62-31-30-28-26-34-50-66-20-10-17-0,6519.63751283294,seed701_explore_lns_start44_late_random_best_rm25_tw15
0-65-59-62-33-31-27-30-63-19-53-61-44-36-38-40-41-6-7-46-8-3-43-37-35-54-68-70-4-1-60-10-13-58-48-20-32-0,6520.37690628733,seed701_explore_lns_start28_late_random_best_rm25_tw8
0-33-29-31-38-40-44-41-61-6-8-3-46-7-10-53-66-56-54-43-37-35-68-55-70-1-4-60-17-13-58-25-48-24-32-26-0,6521.011715742781,seed606_lns_start69_late_regret_rm8_tw12
0-33-28-31-38-40-44-41-61-6-8-3-46-7-10-53-66-56-54-43-37-35-68-55-70-1-4-60-17-13-58-25-48-24-32-26-0,6522.836825359758,seed601_lns_start79_late_regret_rm8_tw15
0-63-33-28-29-62-61-42-39-36-38-40-41-6-7-8-3-46-10-53-44-43-37-35-54-68-70-1-4-60-17-13-58-25-24-20-32-34-0,6524.368721369249,seed702_explore_lns_start11_late_random_best_rm25_tw6
0-39-36-42-5-45-2-69-12-14-47-16-15-11-9-59-52-57-64-22-19-18-49-51-63-62-30-27-26-32-34-50-56-66-55-48-0,6524.486664457953,seed702_explore_lns_start68_late_best_rm20_tw8
0-39-36-42-5-45-2-69-65-12-14-47-16-15-11-9-59-52-57-19-23-21-18-49-22-64-51-62-67-30-34-0,6526.008999887184,seed602_lns_start31_late_best_rm8_tw6
0-63-30-7-41-38-40-44-61-53-10-6-8-46-3-43-37-35-54-68-70-1-4-60-17-13-58-25-48-20-24-56-66-0,6527.675253422738,seed602_lns_start16_mixed_regret_rm8_tw12
0-63-28-31-38-40-44-41-61-6-8-3-46-7-10-53-66-56-54-43-37-35-68-55-70-1-4-60-17-13-58-25-48-24-32-26-0,6530.59995786509,seed608_lns_start8_late_regret_rm8_tw8
0-63-33-27-38-40-44-41-61-6-8-3-46-7-10-53-66-56-54-43-37-35-68-55-70-1-4-60-17-13-58-25-48-24-32-26-0,6533.99421715417,seed602_lns_start11_late_regret_rm8_tw10
0-36-42-5-45-2-69-65-12-14-47-16-15-11-9-52-57-23-21-18-49-22-64-51-63-62-30-27-26-32-34-50-56-20-48-25-24-0,6536.74557572354,seed701_explore_lns_start57_late_best_rm25_tw8
0-39-36-42-5-45-2-69-65-12-14-47-16-15-11-9-59-52-57-64-49-19-18-22-51-63-31-27-32-34-50-20-66-17-13-24-25-48-0,6538.037732507442,seed701_explore_lns_start87_late_random_best_rm20_tw10
0-36-42-5-45-2-69-12-14-47-16-15-11-9-52-57-22-21-18-19-49-51-62-67-31-29-27-30-32-26-34-20-24-55-60-13-17-0,6542.599944162495,seed701_explore_lns_start37_late_random_best_rm25_tw6
0-39-36-42-5-45-2-69-65-12-14-47-16-15-11-9-59-52-57-64-22-19-23-21-18-49-51-62-67-30-0,6546.688416804149,seed608_lns_start73_late_regret_rm8_tw12
0-39-36-42-5-45-2-69-65-12-14-47-16-15-11-9-59-52-57-64-22-19-23-21-18-49-51-62-67-30-32-0,6546.766787960637,seed602_lns_start74_late_regret_rm8_tw8
0-39-36-42-5-45-2-69-65-12-14-47-16-15-11-9-59-52-57-64-22-19-23-21-18-49-51-62-67-30-50-0,6546.792665512533,seed603_lns_start23_late_regret_rm8_tw12
0-65-36-42-5-45-2-12-14-47-16-15-11-52-57-64-23-21-18-19-49-22-51-63-67-31-29-30-26-32-50-56-66-68-70-24-58-0,6548.81555762457,seed701_explore_lns_start51_mixed_best_rm25_tw8
0-39-36-42-5-45-2-69-65-12-14-47-16-15-11-9-59-52-57-64-22-19-23-21-18-49-51-62-67-30-56-0,6551.043708974942,seed603_lns_start39_late_regret_rm8_tw12
0-39-36-42-5-45-2-69-12-14-47-16-15-11-9-59-52-57-22-49-19-21-18-51-33-28-29-27-26-32-34-50-20-66-13-0,6551.222289861134,seed702_explore_lns_start34_late_random_best_rm20_tw10
0-31-29-27-38-40-44-41-61-6-8-3-46-7-10-53-66-56-50-54-43-37-35-68-55-70-1-4-60-17-13-58-25-48-24-26-0,6551.463607871721,seed607_lns_start26_late_best_rm8_tw12
0-39-36-42-5-45-2-69-65-12-14-47-16-15-11-9-52-57-22-21-18-51-62-30-31-27-28-26-34-50-49-20-10-13-58-24-0,6551.943680011951,seed701_explore_lns_start86_late_best_rm25_tw12
0-33-28-27-29-19-59-64-67-61-6-7-8-3-46-44-38-40-43-41-35-37-54-55-68-66-53-60-10-17-13-25-48-20-70-0,6552.151725082369,seed702_explore_lns_start84_mixed_regret_rm20_tw8
0-33-29-31-38-40-44-41-61-6-8-3-46-7-10-53-66-56-50-54-43-37-35-68-55-70-1-4-60-17-13-58-25-48-24-26-0,6555.000854748964,seed606_lns_start12_late_random_best_rm8_tw15
0-28-27-29-38-40-44-41-61-6-8-3-46-7-10-53-66-56-50-54-43-37-35-68-55-70-1-4-60-17-13-58-25-48-24-26-0,6557.915723319367,seed601_lns_start33_late_regret_rm8_tw12
0-28-27-31-38-40-44-41-61-6-8-3-46-7-10-53-66-56-50-54-43-37-35-68-55-70-1-4-60-17-13-58-25-48-24-26-0,6558.886869160112,seed602_lns_start28_late_regret_rm8_tw12
0-39-36-42-5-45-2-12-14-47-16-15-11-59-9-69-65-57-23-21-18-49-22-64-67-31-29-32-34-50-10-60-17-13-24-58-0,6559.125605075436,seed701_explore_lns_start30_late_regret_rm25_tw6
0-33-28-27-38-40-44-41-61-6-8-3-46-7-10-53-66-56-50-54-43-37-35-68-55-70-1-4-60-17-13-58-25-48-24-26-0,6560.085871895823,seed602_lns_start52_late_regret_rm8_tw15
0-63-33-31-38-40-44-41-61-6-8-3-46-7-10-53-66-56-50-54-43-37-35-68-55-70-1-4-60-17-13-58-25-48-24-26-0,6560.449447173062,seed601_lns_start66_late_best_rm8_tw12
0-63-33-28-27-29-31-67-39-36-40-38-41-61-6-8-7-53-10-44-43-37-35-54-46-3-1-70-55-17-13-58-24-50-32-26-0,6562.134670712206,seed702_explore_lns_start80_mixed_best_rm25_tw8
0-42-5-45-2-69-65-11-12-14-47-16-15-59-9-52-57-64-49-19-23-21-18-22-51-63-31-27-26-32-50-56-66-55-17-24-25-58-0,6562.535711715009,seed701_explore_lns_start74_late_random_best_rm25_tw6
0-33-27-31-38-40-44-41-61-6-8-3-46-7-10-53-66-56-50-54-43-37-35-68-55-70-1-4-60-17-13-58-25-48-24-26-0,6562.962650485197,seed604_lns_start67_late_regret_rm8_tw15
0-63-28-27-38-40-44-41-61-6-8-3-46-7-10-53-66-56-50-54-43-37-35-68-55-70-1-4-60-17-13-58-25-48-24-26-0,6567.849004401154,seed602_lns_start74_late_regret_rm8_tw15
0-39-36-42-5-45-2-69-12-14-47-16-15-11-9-59-52-57-22-19-23-21-18-49-51-62-33-30-29-26-34-20-56-66-48-0,6574.853070269347,seed701_explore_lns_start88_late_regret_rm20_tw12
0-65-63-64-33-30-28-27-29-38-40-41-61-53-6-46-8-7-10-66-55-68-54-44-43-37-35-1-3-4-70-60-17-13-58-25-20-0,6575.179403836224,seed701_explore_lns_start28_late_regret_rm20_tw15
0-39-31-27-29-33-30-63-11-16-53-69-61-44-41-38-40-37-43-6-7-8-46-4-3-1-68-55-60-10-66-56-20-24-25-48-32-26-0,6584.1320014375515,seed701_explore_lns_start89_mixed_best_rm20_tw12
0-39-36-42-5-45-2-69-12-14-47-16-15-11-9-59-52-57-64-49-19-23-21-18-22-51-63-67-34-29-26-32-20-55-17-25-0,6589.769661562221,seed701_explore_lns_start21_late_best_rm20_tw15
0-39-36-42-5-45-2-69-12-14-47-16-15-11-9-59-52-57-64-22-49-19-18-51-62-67-33-28-26-32-34-50-56-66-20-58-13-17-0,6596.845978204264,seed702_explore_lns_start38_late_best_rm20_tw15
0-42-5-45-2-69-65-59-15-16-47-14-12-11-9-52-57-23-21-18-19-49-22-64-51-62-67-31-28-26-34-50-56-48-25-24-60-0,6604.225821195096,seed702_explore_lns_start56_late_random_best_rm25_tw8
0-39-42-5-45-2-69-12-14-47-16-15-59-11-9-52-57-21-18-19-49-22-64-51-62-67-28-26-27-34-20-56-55-13-24-48-25-58-0,6606.745267622987,seed702_explore_lns_start70_late_regret_rm25_tw15
0-39-42-5-45-2-12-14-47-16-15-11-69-65-52-57-22-23-21-18-19-49-51-63-62-31-28-26-32-50-56-66-9-24-25-58-13-17-60-0,6609.193516615789,seed702_explore_lns_start79_late_random_best_rm25_tw10
0-39-42-5-45-2-69-65-12-14-47-16-15-11-59-52-57-23-21-18-19-22-51-63-33-30-62-49-9-32-0,6613.931277253139,seed602_lns_start47_mixed_random_best_rm8_tw12
0-63-29-27-28-38-40-44-41-61-7-8-3-46-6-10-53-66-56-54-43-37-35-68-55-70-1-4-60-17-13-58-25-48-24-32-26-0,6615.508809274317,seed606_lns_start76_late_regret_rm8_tw8
0-42-65-52-64-62-31-29-28-30-33-51-61-41-38-44-53-7-6-8-46-3-43-40-35-37-54-68-70-1-4-17-13-58-25-48-24-56-26-0,6617.520065919074,seed702_explore_lns_start44_late_random_best_rm25_tw15
0-39-36-42-5-45-2-69-12-14-47-16-15-11-9-57-23-18-21-19-49-22-64-51-62-33-28-29-34-32-20-66-55-13-58-0,6626.082096116343,seed702_explore_lns_start74_late_regret_rm25_tw15
0-39-42-5-45-2-69-12-14-47-16-15-11-59-9-57-64-22-49-19-23-18-51-62-67-33-30-29-26-32-50-20-24-25-17-0,6626.570949257036,seed702_explore_lns_start19_late_best_rm25_tw6
0-39-36-42-2-69-65-12-14-47-16-15-11-59-21-18-19-49-22-64-51-63-33-30-29-27-26-32-34-50-56-54-70-1-60-13-0,6632.813116193784,seed701_explore_lns_start64_mixed_best_rm25_tw12
0-39-36-42-5-45-2-69-65-12-14-47-16-15-11-9-52-57-49-23-21-18-22-64-62-63-30-29-26-32-34-20-56-55-13-58-0,6641.715202516698,seed701_explore_lns_start41_late_regret_rm25_tw10
0-39-36-42-5-45-2-69-12-14-47-16-15-11-52-57-64-23-18-19-49-22-51-67-31-29-27-28-32-34-50-56-68-70-55-17-24-48-58-0,6642.838949835859,seed701_explore_lns_start9_mixed_regret_rm25_tw6
0-33-63-62-64-30-28-27-67-53-7-6-61-41-44-38-40-46-8-3-43-37-35-54-66-68-55-70-1-4-60-10-13-58-32-26-0,6645.505654373124,seed702_explore_lns_start50_late_regret_rm20_tw12
0-27-61-63-41-38-40-44-3-6-46-8-7-53-20-66-56-54-43-37-35-68-55-70-4-1-60-17-13-58-25-48-24-32-0,6645.5695813138345,seed608_lns_start19_late_best_rm8_tw12
0-36-31-27-29-28-63-67-61-64-22-53-7-6-8-46-3-44-43-40-38-41-37-35-54-34-32-50-56-68-55-1-4-60-13-25-48-0,6645.818946064215,seed702_explore_lns_start64_mixed_regret_rm25_tw10
0-39-36-42-69-65-11-12-14-47-16-15-59-52-57-22-23-21-18-19-49-51-63-30-31-29-28-67-50-34-26-32-56-68-35-0,6646.316217775242,seed702_explore_lns_start37_mixed_random_best_rm25_tw10
0-39-42-5-45-2-12-14-47-16-15-11-65-69-52-57-22-49-19-23-21-18-51-63-33-30-27-26-32-66-9-20-48-25-24-60-0,6650.377329559737,seed701_explore_lns_start1_late_random_best_rm25_tw10
0-39-36-42-5-45-2-69-65-12-14-47-16-15-11-9-59-52-57-23-21-18-19-49-22-51-62-29-27-34-50-20-66-10-17-13-58-48-0,6650.384643767793,seed702_explore_lns_start21_late_random_best_rm20_tw10
0-59-63-33-28-27-31-64-51-41-38-40-44-3-8-7-6-53-61-66-56-50-34-26-37-35-43-54-68-70-1-4-60-10-24-48-0,6656.75823754741,seed702_explore_lns_start16_late_regret_rm25_tw8
0-33-31-29-27-38-40-44-41-61-7-8-3-46-6-10-53-66-56-50-54-43-37-35-68-55-70-1-4-60-17-13-58-25-48-24-26-0,6667.757908855102,seed605_lns_start10_late_best_rm8_tw8
0-33-31-38-40-44-41-61-6-7-8-3-46-53-66-20-56-50-34-54-43-37-35-68-55-70-1-4-60-17-13-58-25-48-24-0,6669.758915282763,seed607_lns_start15_late_best_rm8_tw8
0-28-29-38-40-44-41-61-6-7-8-3-46-53-66-20-56-50-34-54-43-37-35-68-55-70-1-4-60-17-13-58-25-48-24-0,6669.968030144044,seed601_lns_start73_late_best_rm8_tw12
0-63-31-29-27-38-40-44-41-61-7-8-3-46-6-10-53-66-56-50-54-43-37-35-68-55-70-1-4-60-17-13-58-25-48-24-26-0,6672.349760456282,seed605_lns_start69_late_random_best_rm8_tw8
0-5-59-23-64-62-63-30-27-29-41-38-40-44-61-3-46-7-8-6-53-55-68-54-37-35-43-1-4-60-10-58-25-24-56-66-70-0,6673.96209360898,seed701_explore_lns_start54_late_random_best_rm25_tw15
0-63-31-38-40-44-41-61-6-7-8-3-46-53-66-20-56-50-34-54-43-37-35-68-55-70-1-4-60-17-13-58-25-48-24-0,6674.350766883943,seed606_lns_start71_late_best_rm8_tw10
0-63-33-38-40-44-41-61-6-7-8-3-46-53-66-20-56-50-34-54-43-37-35-68-55-70-1-4-60-17-13-58-25-48-24-0,6675.151522978949,seed601_lns_start19_late_random_best_rm8_tw15
0-63-29-38-40-44-41-61-6-7-8-3-46-53-66-20-56-50-34-54-43-37-35-68-55-70-1-4-60-17-13-58-25-48-24-0,6677.075320081933,seed607_lns_start22_late_best_rm8_tw10
0-39-36-42-5-45-2-69-12-14-47-16-15-11-9-59-52-57-64-49-19-23-21-18-22-51-63-30-28-26-32-34-50-20-24-48-58-13-17-0,6679.463583793251,seed702_explore_lns_start61_late_best_rm20_tw6
0-63-31-27-28-38-40-44-41-61-7-8-3-46-6-10-53-66-56-50-54-43-37-35-68-55-70-1-4-60-17-13-58-25-48-24-26-0,6680.687005586366,seed604_lns_start18_late_random_best_rm8_tw6
0-65-63-33-28-29-64-67-69-61-41-38-40-44-6-7-8-46-3-37-54-68-55-1-4-60-53-10-17-58-24-20-48-34-32-26-0,6687.669848428643,seed701_explore_lns_start51_random_best_rm20_tw6
0-39-36-42-5-45-2-69-65-12-14-47-16-15-11-9-52-57-19-23-21-18-49-22-51-62-67-29-28-30-26-34-32-50-20-0,6688.22380629069,seed607_lns_start25_late_random_best_rm8_tw15_guarded
0-31-27-38-40-44-41-61-6-7-8-3-46-53-10-20-66-56-54-43-37-35-68-55-70-1-4-60-17-13-58-25-48-24-26-0,6688.374023532049,seed601_lns_start82_late_regret_rm8_tw8
0-28-31-38-40-44-41-61-6-7-8-3-46-53-10-20-66-56-54-43-37-35-68-55-70-1-4-60-17-13-58-25-48-24-26-0,6689.369457163028,seed601_lns_start1_late_regret_rm8_tw12
0-28-29-38-40-44-41-61-6-7-8-3-46-53-10-20-66-56-54-43-37-35-68-55-70-1-4-60-17-13-58-25-48-24-26-0,6689.380351891985,seed605_lns_start42_late_best_rm8_tw15
0-63-31-38-40-44-41-61-6-7-8-3-46-53-10-20-66-56-54-43-37-35-68-55-70-1-4-60-17-13-58-25-48-24-26-0,6693.763088631884,seed601_lns_start78_late_best_rm8_tw15
0-39-36-42-5-45-2-69-65-12-14-47-16-15-11-9-52-57-64-19-23-21-18-49-22-51-62-31-29-30-26-34-50-32-0,6694.438575026968,seed602_lns_start4_late_regret_rm8_tw10_guarded
0-63-28-38-40-44-41-61-6-7-8-3-46-53-10-20-66-56-54-43-37-35-68-55-70-1-4-60-17-13-58-25-48-24-26-0,6701.434761401875,seed602_lns_start67_late_random_best_rm8_tw6
0-36-42-5-45-2-69-65-12-14-47-16-15-11-59-9-52-57-23-21-18-19-22-64-51-33-30-67-0,6704.530865139681,seed601_lns_start64_mixed_random_best_rm8_tw15
0-39-36-42-5-45-2-69-12-14-47-16-15-11-9-52-57-64-22-23-18-19-49-51-62-67-30-29-27-26-32-10-55-17-58-25-0,6707.110135775281,seed701_explore_lns_start71_late_best_rm25_tw15
0-45-31-29-27-30-33-63-51-64-67-61-53-6-7-8-3-46-41-38-40-44-43-35-37-54-56-68-1-4-70-55-60-10-58-20-0,6726.550577700011,seed702_explore_lns_start47_late_best_rm25_tw6
0-39-36-42-5-45-2-69-65-12-14-47-16-15-11-9-59-52-57-22-49-21-18-51-63-30-29-27-26-34-50-46-58-25-48-0,6732.2654640170485,seed701_explore_lns_start60_late_regret_rm25_tw6
0-39-36-42-5-45-2-69-65-12-14-47-16-15-11-9-52-57-64-19-23-21-18-49-22-51-62-31-29-30-26-34-50-20-0,6735.774955747125,seed604_lns_start60_late_regret_rm8_tw8_guarded
0-39-36-42-5-45-2-69-65-12-14-47-16-15-11-9-52-57-64-19-23-21-18-49-22-51-62-31-29-30-32-26-34-20-0,6738.35172610327,seed603_lns_start60_late_best_rm8_tw12_guarded
0-39-36-42-5-45-2-69-65-12-14-47-16-15-11-9-59-52-57-19-23-21-18-49-22-51-67-31-29-30-26-34-50-48-24-0,6743.2830721722785,seed702_explore_lns_start42_late_random_best_rm20_tw8
0-39-36-42-5-45-2-69-65-12-14-47-16-15-11-9-59-52-57-64-22-19-23-21-18-49-51-62-67-30-10-0,6743.810236422547,seed606_lns_start25_late_random_best_rm8_tw10
0-33-28-31-38-40-44-41-61-6-8-3-46-7-10-53-66-56-54-43-37-35-68-55-70-1-4-60-17-13-58-25-48-24-34-32-0,6746.928020930355,seed602_lns_start29_late_random_best_rm8_tw12
0-65-63-33-27-29-31-30-62-61-44-40-38-41-53-6-46-8-7-10-66-54-37-35-43-1-3-4-70-68-55-17-13-25-34-32-26-0,6747.905131046602,seed701_explore_lns_start24_late_regret_rm25_tw8
0-63-33-31-38-40-44-41-61-6-8-3-46-7-10-53-66-56-54-43-37-35-68-55-70-1-4-60-17-13-58-25-48-24-34-32-0,6750.551503737477,seed602_lns_start85_late_regret_rm8_tw12
0-33-29-31-38-40-44-41-61-6-8-3-46-7-10-53-66-56-54-43-37-35-68-55-70-1-4-60-17-13-58-25-48-20-24-26-0,6752.781335147241,seed601_lns_start88_late_regret_rm8_tw15
0-39-36-42-5-45-2-69-12-14-47-16-15-11-9-52-57-23-21-19-22-64-62-31-29-30-28-26-32-49-20-24-25-10-55-60-13-58-48-0,6752.897804714176,seed701_explore_lns_start52_late_random_best_rm25_tw8
0-63-33-28-38-40-44-41-61-6-8-3-46-7-10-53-66-56-54-43-37-35-68-55-70-1-4-60-17-13-58-25-48-24-32-34-0,6753.567519031589,seed603_lns_start33_late_regret_rm8_tw8
0-63-28-31-38-40-44-41-61-6-8-3-46-7-10-53-66-56-54-43-37-35-68-55-70-1-4-60-17-13-58-25-48-24-34-32-0,6754.691153435687,seed607_lns_start11_late_random_best_rm8_tw15
0-62-59-16-61-41-44-38-40-3-46-7-8-6-10-53-55-68-54-37-35-43-1-4-60-17-13-58-25-48-24-66-56-50-70-0,6756.204486759174,seed604_lns_start42_mixed_regret_rm8_tw12
0-28-27-31-38-40-44-41-61-6-8-3-46-7-10-53-66-56-54-43-37-35-68-55-70-1-4-60-17-13-58-25-48-20-24-26-0,6756.667349558389,seed604_lns_start81_late_regret_rm8_tw15
0-63-29-31-38-40-44-41-61-6-8-3-46-7-10-53-66-56-54-43-37-35-68-55-70-1-4-60-17-13-58-25-48-20-24-26-0,6758.328852408567,seed604_lns_start64_late_regret_rm8_tw6
0-63-27-31-38-40-44-41-61-6-8-3-46-7-10-53-66-56-54-43-37-35-68-55-70-1-4-60-17-13-58-25-48-24-34-32-0,6760.036688762975,seed605_lns_start41_late_regret_rm8_tw15
0-33-27-31-38-40-44-41-61-6-8-3-46-7-10-53-66-56-54-43-37-35-68-55-70-1-4-60-17-13-58-25-48-20-24-26-0,6760.743130883473,seed607_lns_start6_late_regret_rm8_tw12
0-39-36-42-5-45-2-69-11-14-47-16-59-52-57-23-18-21-19-49-22-64-51-62-33-30-27-26-32-34-50-56-20-48-24-13-60-4-70-0,6780.865924729857,seed701_explore_lns_start70_mixed_random_best_rm25_tw6
0-65-59-62-33-28-31-67-38-36-40-44-61-8-7-6-53-18-20-54-41-43-35-37-68-70-1-3-4-46-13-58-25-24-32-26-0,6785.866230504484,seed701_explore_lns_start7_late_best_rm25_tw10
0-36-42-5-45-2-69-12-14-47-16-15-11-59-9-52-57-22-19-21-18-30-28-27-29-31-34-50-49-24-66-10-55-60-17-13-58-25-0,6787.794466018805,seed702_explore_lns_start31_late_random_best_rm25_tw8
0-5-31-27-28-33-63-51-62-67-41-38-40-44-61-53-7-6-8-46-3-68-54-37-35-43-1-4-10-13-58-24-20-66-70-34-0,6791.628024809097,seed702_explore_lns_start63_late_best_rm25_tw6
0-39-36-42-5-45-2-12-14-47-16-15-11-59-52-57-23-21-19-49-22-64-63-29-27-28-26-32-34-50-56-9-10-60-4-58-25-48-0,6796.508673866233,seed702_explore_lns_start34_mixed_best_rm25_tw8
0-65-63-33-27-31-29-64-21-59-53-7-8-6-61-44-41-38-40-37-54-55-3-4-46-60-10-13-58-25-48-24-66-56-34-32-26-0,6797.43137220984,seed702_explore_lns_start45_random_regret_rm25_tw8
0-39-36-42-5-45-2-69-65-12-14-47-16-15-11-9-52-57-64-19-23-21-18-49-22-51-62-31-29-30-26-34-50-20-32-0,6799.230395520223,seed601_lns_start86_late_regret_rm8_tw8_guarded
0-65-5-45-2-69-52-59-15-16-47-14-12-11-9-57-64-22-19-23-21-18-49-51-67-29-31-30-27-26-32-34-48-13-60-0,6802.323176448779,seed702_explore_lns_start29_late_random_best_rm25_tw15
0-39-36-42-5-2-69-65-12-14-47-16-15-11-59-9-52-57-64-19-23-21-18-49-22-51-67-30-28-60-0,6821.090145918188,seed605_lns_start75_mixed_regret_rm8_tw10
0-33-27-29-31-63-64-65-69-61-44-53-7-6-3-46-8-38-37-40-43-35-41-54-26-34-56-66-20-24-48-25-10-17-70-1-0,6825.144525421878,seed701_explore_lns_start5_mixed_random_best_rm25_tw12
0-39-36-42-5-45-2-69-65-12-14-47-16-15-11-9-52-57-64-19-23-21-18-49-22-51-62-30-28-29-26-34-50-32-0,6826.716530084546,seed608_lns_start37_late_regret_rm8_tw6_guarded
0-62-27-61-44-40-38-41-53-3-46-6-7-8-10-55-68-54-66-56-50-34-26-32-20-24-48-25-58-13-60-4-70-37-0,6827.226493234136,seed606_lns_start9_random_best_rm6_tw6
0-39-65-64-62-31-30-33-63-19-52-53-7-6-61-44-38-40-43-41-37-8-46-4-3-1-70-54-68-60-10-13-25-20-50-35-0,6830.266333151364,seed701_explore_lns_start5_late_regret_rm25_tw6
0-63-31-29-27-38-40-44-41-61-7-8-3-46-6-10-53-66-56-54-43-37-35-68-55-70-1-4-60-17-13-58-25-48-20-24-26-0,6839.245484509958,seed601_lns_start33_late_regret_rm8_tw15
0-39-36-42-5-45-2-69-12-14-47-16-15-11-9-59-52-57-64-49-19-23-21-18-22-20-51-63-30-31-26-32-34-50-56-55-48-0,6849.591571569513,seed701_explore_lns_start5_late_random_best_rm20_tw15
0-39-36-42-5-45-2-69-65-12-14-47-16-15-11-9-52-57-64-19-23-21-18-49-22-51-62-30-29-27-26-34-50-32-0,6857.956451115488,seed608_lns_start82_late_regret_rm8_tw10_guarded
0-23-63-33-30-27-31-62-67-44-61-41-38-40-7-6-8-46-3-43-35-37-54-68-66-53-10-13-17-60-4-1-70-50-32-0,6868.094456303904,seed702_explore_lns_start55_late_best_rm20_tw12
0-42-36-27-31-33-63-64-47-16-9-53-7-6-61-41-38-40-37-44-43-8-46-3-1-68-54-50-34-32-56-20-48-25-58-10-60-70-0,6872.0401220864305,seed701_explore_lns_start34_random_random_best_rm25_tw15
0-31-27-38-40-44-41-61-6-7-8-3-46-53-10-20-66-56-54-43-37-35-68-55-70-1-4-60-17-13-58-25-48-24-34-0,6874.248750184239,seed607_lns_start63_late_best_rm8_tw10
0-33-31-38-40-44-41-61-6-7-8-3-46-53-10-20-66-56-54-43-37-35-68-55-70-1-4-60-17-13-58-25-48-24-34-0,6875.045963682895,seed601_lns_start62_late_regret_rm8_tw8
0-28-31-38-40-44-41-61-6-7-8-3-46-53-10-20-66-56-54-43-37-35-68-55-70-1-4-60-17-13-58-25-48-24-34-0,6875.244183815218,seed607_lns_start72_late_regret_rm8_tw15
0-33-29-38-40-44-41-61-6-7-8-3-46-53-10-20-66-56-54-43-37-35-68-55-70-1-4-60-17-13-58-25-48-24-34-0,6876.814851220738,seed604_lns_start52_late_random_best_rm8_tw15
0-28-27-38-40-44-41-61-6-7-8-3-46-53-10-20-66-56-54-43-37-35-68-55-70-1-4-60-17-13-58-25-48-24-34-0,6878.5040913451,seed603_lns_start80_late_best_rm8_tw15
0-33-28-38-40-44-41-61-6-7-8-3-46-53-10-20-66-56-54-43-37-35-68-55-70-1-4-60-17-13-58-25-48-24-34-0,6879.546355548734,seed603_lns_start71_late_random_best_rm8_tw6
0-63-31-38-40-44-41-61-6-7-8-3-46-53-10-20-66-56-54-43-37-35-68-55-70-1-4-60-17-13-58-25-48-24-34-0,6879.637815284074,seed608_lns_start21_late_best_rm8_tw8
0-63-29-38-40-44-41-61-6-7-8-3-46-53-10-20-66-56-54-43-37-35-68-55-70-1-4-60-17-13-58-25-48-24-34-0,6882.362368482063,seed603_lns_start45_late_best_rm8_tw15
0-33-27-38-40-44-41-61-6-7-8-3-46-53-10-20-66-56-54-43-37-35-68-55-70-1-4-60-17-13-58-25-48-24-34-0,6882.579872670184,seed601_lns_start32_late_regret_rm8_tw8
0-39-36-42-5-45-2-69-65-12-14-47-16-15-11-9-52-57-64-19-23-21-18-49-22-51-62-30-28-29-26-34-50-20-0,6883.702545227175,seed603_lns_start76_late_regret_rm8_tw6_guarded
0-63-28-38-40-44-41-61-6-7-8-3-46-53-10-20-66-56-54-43-37-35-68-55-70-1-4-60-17-13-58-25-48-24-34-0,6887.309488054066,seed603_lns_start44_late_regret_rm8_tw8
0-63-27-38-40-44-41-61-6-7-8-3-46-53-20-56-50-32-34-54-43-37-35-68-55-70-1-4-60-17-13-58-25-48-24-0,6889.811833752323,seed605_lns_start23_late_random_best_rm8_tw8
0-63-33-27-28-31-62-19-64-5-61-38-44-3-46-8-7-6-40-43-37-41-35-54-68-70-1-4-60-53-10-17-58-48-20-56-0,6890.179546433471,seed702_explore_lns_start65_late_random_best_rm25_tw10
0-33-29-38-40-44-41-61-6-7-8-3-46-53-20-66-56-50-54-43-37-35-68-55-70-1-4-60-17-13-58-25-48-24-32-0,6890.591730580587,seed602_lns_start83_late_best_rm8_tw8
0-39-36-42-5-45-2-69-65-12-14-47-16-15-59-52-57-23-21-18-19-22-64-51-63-33-30-49-9-0,6895.727298345869,seed602_lns_start13_mixed_regret_rm8_tw8
0-33-27-38-40-44-41-61-6-7-8-3-46-53-20-66-56-50-54-43-37-35-68-55-70-1-4-60-17-13-58-25-48-24-32-0,6896.356752030034,seed602_lns_start60_late_best_rm8_tw8
0-63-33-27-62-64-61-42-44-36-40-39-38-41-30-51-18-20-56-53-6-7-8-46-4-3-1-43-35-37-54-68-70-17-10-24-25-48-32-0,6896.586543680618,seed702_explore_lns_start88_late_best_rm25_tw8
0-36-27-28-29-33-63-21-19-64-65-9-53-61-41-38-40-44-6-7-8-46-3-37-35-43-1-4-68-54-56-66-58-25-48-26-17-0,6896.787376991743,seed701_explore_lns_start48_mixed_regret_rm25_tw8
0-65-59-64-63-33-30-27-31-36-38-44-41-61-53-6-7-8-46-40-43-4-3-1-35-37-54-70-68-66-20-24-48-58-34-26-0,6901.16613410675,seed702_explore_lns_start22_late_best_rm25_tw8
0-63-27-38-40-44-41-61-6-7-8-3-46-53-20-66-56-50-54-43-37-35-68-55-70-1-4-60-17-13-58-25-48-24-32-0,6903.328733743398,seed603_lns_start50_late_best_rm8_tw8
0-39-36-42-5-45-2-69-65-12-14-47-16-15-11-59-52-57-64-22-19-23-21-18-51-62-30-33-49-58-0,6904.882654139072,seed605_lns_start35_mixed_best_rm8_tw6
0-39-36-42-5-45-2-69-65-12-14-47-16-15-11-9-52-57-22-23-21-18-49-51-62-67-34-31-28-26-32-35-8-4-55-13-58-0,6905.076821026527,seed702_explore_lns_start8_mixed_random_best_rm25_tw8
0-39-36-42-5-45-2-69-65-12-14-47-16-15-11-9-52-57-64-19-23-21-18-49-22-51-62-30-29-27-26-34-50-20-0,6908.516059386925,seed602_lns_start40_late_regret_rm8_tw15_guarded
0-39-36-42-5-45-2-69-65-12-14-47-16-15-11-9-59-52-57-22-19-23-21-18-51-63-62-67-30-49-48-13-0,6910.036763638374,seed601_lns_start18_mixed_regret_rm8_tw15
0-31-29-38-36-40-44-41-61-7-8-3-46-6-10-53-66-56-50-32-26-34-54-43-37-35-68-55-70-4-60-13-58-25-48-24-0,6923.117097635322,seed603_lns_start12_random_best_rm8_tw8
0-39-36-42-5-45-2-69-12-14-47-16-15-11-9-59-52-57-64-49-19-23-21-18-22-51-67-33-27-26-34-32-20-24-13-0,6932.845599837864,seed702_explore_lns_start51_late_regret_rm20_tw12
0-39-36-42-5-2-69-65-12-14-47-16-15-11-59-9-52-57-19-23-21-18-49-22-64-62-30-27-26-32-34-56-20-48-24-13-58-0,6941.455559674034,seed701_explore_lns_start34_late_random_best_rm25_tw10
0-33-27-29-38-40-44-41-61-6-8-3-46-7-10-53-66-56-54-43-37-35-68-55-70-1-4-60-17-13-58-25-48-20-24-34-0,6945.646711694919,seed608_lns_start13_late_regret_rm8_tw10
0-33-27-31-38-40-44-41-61-6-8-3-46-7-10-53-66-56-54-43-37-35-68-55-70-1-4-60-17-13-58-25-48-20-24-34-0,6946.6178575356635,seed605_lns_start75_late_regret_rm8_tw6
0-63-28-31-38-40-44-41-61-6-8-3-46-7-10-53-66-56-54-43-37-35-68-55-70-1-4-60-17-13-58-25-48-20-24-34-0,6948.24430392174,seed601_lns_start63_late_regret_rm8_tw15
0-63-28-29-38-40-44-41-61-6-8-3-46-7-10-53-66-56-54-43-37-35-68-55-70-1-4-60-17-13-58-25-48-20-24-34-0,6948.255198650696,seed606_lns_start33_late_regret_rm8_tw10
0-63-33-28-38-40-44-41-61-6-8-3-46-7-10-53-66-56-54-43-37-35-68-55-70-1-4-60-17-13-58-25-48-20-24-34-0,6948.60504608937,seed604_lns_start32_late_random_best_rm8_tw12
0-65-64-21-29-27-28-30-62-67-53-61-44-40-38-41-43-37-6-7-8-46-4-3-1-70-54-68-55-60-17-10-48-26-35-0,6949.064577127825,seed702_explore_lns_start73_late_regret_rm20_tw15
0-63-28-27-38-40-44-41-61-6-8-3-46-7-10-53-66-56-54-43-37-35-68-55-70-1-4-60-17-13-58-25-48-20-24-34-0,6951.504211451622,seed603_lns_start61_late_random_best_rm8_tw15
0-39-42-5-45-2-12-14-47-16-15-11-69-65-9-52-57-22-49-19-23-21-18-51-63-33-29-26-32-34-67-56-66-20-24-25-58-60-0,6970.485123926858,seed702_explore_lns_start53_late_regret_rm25_tw6
0-39-36-42-5-45-2-69-65-12-14-47-16-15-11-9-52-57-64-19-23-21-18-49-22-51-62-30-29-27-26-34-50-20-32-0,6971.971499160023,seed608_lns_start87_late_regret_rm8_tw10_guarded
0-63-62-33-28-27-29-31-67-41-38-40-44-61-53-7-8-3-46-43-37-35-54-68-6-4-1-70-55-60-17-10-24-20-25-56-32-0,6979.773601925084,seed701_explore_lns_start67_late_regret_rm20_tw15
0-39-42-5-45-2-69-52-12-14-47-16-15-11-9-57-64-19-23-21-18-49-22-51-62-67-30-28-27-34-50-56-20-66-32-48-58-0,6980.523585480261,seed701_explore_lns_start35_late_random_best_rm25_tw8
0-39-36-42-5-45-2-69-65-12-14-47-16-15-11-9-59-52-57-64-19-23-21-18-49-22-51-62-30-29-34-50-26-32-0,6985.21466383022,seed603_lns_start16_late_regret_rm8_tw15_guarded
0-36-42-5-45-2-69-12-14-47-16-15-11-9-52-57-64-49-23-21-18-19-22-51-63-33-30-31-26-34-50-66-10-25-48-24-0,6986.535510493578,seed702_explore_lns_start44_late_best_rm25_tw15
0-65-62-31-29-27-28-63-21-67-41-38-40-44-8-7-61-55-53-6-46-4-3-1-43-35-37-54-68-70-60-17-24-20-48-50-32-0,6987.388622980509,seed702_explore_lns_start28_mixed_random_best_rm25_tw12
0-28-27-38-40-44-41-61-6-7-8-3-46-53-20-66-56-50-34-54-43-37-35-68-55-70-1-4-60-17-13-58-25-48-24-0,6988.632550355489,seed604_lns_start49_late_best_rm8_tw6
0-33-28-38-40-44-41-61-6-7-8-3-46-53-20-66-56-50-34-54-43-37-35-68-55-70-1-4-60-17-13-58-25-48-24-0,6989.674814559123,seed604_lns_start63_late_random_best_rm8_tw8
0-5-59-23-63-28-27-29-62-67-41-38-44-3-46-8-7-6-53-66-61-43-40-35-37-54-68-55-70-1-4-17-10-58-48-24-32-0,6999.989437652862,seed701_explore_lns_start10_late_best_rm25_tw15
0-39-36-42-5-45-2-69-65-12-14-47-16-15-11-59-52-57-64-22-19-23-21-18-49-51-62-67-30-9-66-0,7000.4842768168355,seed604_lns_start23_late_random_best_rm8_tw15
0-27-59-61-44-40-38-41-49-10-53-7-6-8-46-3-4-1-43-37-35-54-56-66-20-24-48-25-58-13-17-60-55-68-70-0,7003.0067254941405,seed601_lns_start17_mixed_regret_rm8_tw12
0-39-36-42-5-45-2-69-65-12-14-47-16-15-11-9-59-52-57-19-23-21-18-49-22-20-51-62-67-31-30-34-50-26-32-0,7003.027254431489,seed603_lns_start53_late_regret_rm8_tw8_guarded
0-31-61-63-41-38-40-44-3-6-46-8-7-53-10-20-66-54-43-37-35-68-55-70-4-1-60-17-13-58-25-48-24-32-0,7007.167021575734,seed604_lns_start5_late_regret_rm8_tw12
0-42-21-62-44-40-38-41-61-53-6-7-8-46-3-43-37-54-34-26-32-50-56-66-68-55-70-1-4-17-10-13-58-25-48-20-0,7017.535349305159,seed601_lns_start39_random_best_rm8_tw8
0-39-36-42-5-45-2-69-65-12-14-47-16-15-11-9-57-22-49-19-18-33-30-28-27-29-31-32-34-50-56-66-20-10-55-60-17-58-0,7022.185912169056,seed702_explore_lns_start88_late_best_rm25_tw10
0-39-42-5-45-2-69-12-14-47-16-15-11-59-9-52-57-64-49-23-21-18-19-22-20-63-67-30-29-26-34-50-56-10-55-25-0,7030.09663477922,seed702_explore_lns_start5_late_best_rm25_tw12
0-63-29-27-28-38-40-44-41-61-7-8-3-46-6-10-53-66-56-54-43-37-35-68-55-70-1-4-60-17-13-58-25-48-20-24-34-0,7033.153155330965,seed603_lns_start53_late_regret_rm8_tw8
0-39-36-5-45-2-69-65-12-14-47-16-15-11-9-52-57-22-49-19-21-18-51-63-62-30-29-27-26-34-50-20-66-55-10-17-13-24-25-0,7033.911983506429,seed701_explore_lns_start44_late_random_best_rm25_tw10
0-33-28-27-29-62-59-23-18-11-53-61-44-38-40-41-55-7-6-8-46-4-3-1-43-35-37-54-68-56-66-20-24-48-25-10-17-0,7034.006244597222,seed701_explore_lns_start29_mixed_regret_rm20_tw15
0-63-28-61-44-40-38-41-53-6-7-8-46-37-68-55-4-3-1-60-17-13-58-25-48-20-24-66-56-50-34-32-0,7036.714304019784,seed602_lns_start73_random_best_rm8_tw6
0-45-31-27-28-33-30-63-67-64-53-7-8-61-41-38-40-44-6-46-4-3-1-43-35-37-54-68-70-55-17-58-25-48-20-50-34-0,7040.644278092326,seed701_explore_lns_start34_late_best_rm25_tw12
0-59-52-21-63-33-28-27-31-62-67-41-44-40-38-61-7-6-8-46-3-43-37-35-54-68-66-56-24-25-58-13-17-60-4-1-70-32-26-0,7047.325620383365,seed701_explore_lns_start87_late_random_best_rm25_tw10
0-39-36-42-5-45-2-69-65-12-14-47-16-15-11-9-59-52-57-64-49-19-18-22-51-67-30-28-27-26-34-66-55-17-13-58-25-48-0,7060.92471069314,seed701_explore_lns_start5_late_regret_rm20_tw12
0-39-36-42-5-45-2-69-65-12-14-47-16-15-11-9-59-52-57-23-21-18-19-49-22-51-62-67-30-27-26-20-56-55-17-24-25-0,7066.268825448869,seed701_explore_lns_start53_late_random_best_rm20_tw8
0-39-36-42-5-45-2-69-12-14-47-16-15-11-9-52-57-23-21-19-49-22-51-62-67-31-30-28-33-26-32-34-50-56-68-55-17-25-48-0,7097.536886528663,seed702_explore_lns_start43_mixed_random_best_rm25_tw6
0-65-63-33-27-29-62-23-67-45-8-7-6-53-61-44-38-40-43-37-41-54-68-46-4-3-1-70-55-66-10-13-58-25-26-35-0,7109.813856918918,seed702_explore_lns_start14_late_regret_rm25_tw8
0-39-36-42-5-45-2-69-12-14-47-16-15-11-9-52-57-23-21-18-19-49-22-64-51-67-31-29-28-30-32-34-50-20-56-68-24-25-58-0,7128.336793677425,seed702_explore_lns_start78_mixed_best_rm25_tw6
0-39-36-42-2-69-12-14-47-16-15-59-9-52-57-23-21-18-19-49-51-67-31-29-28-30-33-26-32-34-50-56-70-55-60-17-25-0,7130.391985527086,seed701_explore_lns_start19_mixed_regret_rm25_tw12
0-36-42-5-45-2-69-65-12-14-47-16-15-11-9-52-57-22-49-19-18-51-30-28-27-29-31-26-32-34-67-56-20-10-13-4-60-17-0,7131.768166160825,seed701_explore_lns_start38_mixed_random_best_rm25_tw12
0-39-36-5-45-2-69-12-14-47-16-15-11-59-9-52-57-22-49-19-23-18-51-62-67-30-29-27-26-32-34-66-20-10-13-60-58-48-0,7132.377257748556,seed701_explore_lns_start83_late_best_rm25_tw6
0-39-42-5-45-2-12-14-47-16-15-11-69-65-64-67-62-30-33-63-51-19-21-23-18-49-22-57-52-9-35-0,7132.383853088238,seed608_lns_start71_mixed_best_rm8_tw12
0-39-36-42-5-45-2-69-12-14-47-16-15-11-9-59-52-57-64-49-19-23-21-18-22-51-63-29-27-26-32-34-56-20-24-48-58-0,7135.034916365053,seed701_explore_lns_start73_late_regret_rm20_tw6
0-65-63-33-28-27-31-64-44-36-40-38-41-61-7-53-51-66-10-6-8-46-4-3-1-43-37-35-54-68-70-55-17-13-48-50-34-0,7136.777963511806,seed702_explore_lns_start58_late_best_rm25_tw15
0-39-36-42-5-45-2-12-14-47-16-15-59-11-9-52-57-23-18-19-49-22-51-63-62-31-27-26-30-32-34-50-56-20-66-55-68-70-17-0,7137.983363107658,seed702_explore_lns_start17_mixed_best_rm25_tw10
0-39-36-42-5-45-2-69-65-12-14-47-16-15-11-9-59-52-57-64-49-19-23-21-18-22-51-67-30-27-26-20-24-25-13-58-0,7151.969830229631,seed702_explore_lns_start68_late_regret_rm20_tw12
0-65-59-62-31-33-63-64-19-51-67-61-53-7-6-41-38-40-44-8-46-4-3-1-43-35-37-54-68-70-10-17-25-48-56-32-0,7166.354579266489,seed701_explore_lns_start63_late_best_rm25_tw12
0-31-61-63-41-38-40-44-3-6-46-8-7-53-66-20-56-54-43-37-35-68-55-70-4-1-60-17-13-58-25-48-24-34-0,7168.597787496665,seed602_lns_start42_late_best_rm8_tw10
0-33-28-29-31-38-40-44-41-61-6-8-3-46-7-10-53-66-56-50-32-34-54-43-37-35-68-55-70-1-4-60-17-13-58-25-48-24-0,7172.328219872833,seed605_lns_start53_late_regret_rm8_tw10
0-39-36-42-5-45-2-69-65-12-14-47-16-15-11-9-59-52-57-64-19-23-21-18-49-22-51-62-30-29-26-34-50-20-0,7172.481073820911,seed603_lns_start29_late_regret_rm8_tw15_guarded
0-39-36-42-5-45-2-69-12-14-47-16-15-52-64-57-23-21-18-19-49-22-51-63-67-31-29-30-32-26-34-50-56-66-55-3-60-0,7175.053502093133,seed701_explore_lns_start84_mixed_random_best_rm25_tw12
0-65-62-31-27-28-30-33-18-64-53-7-61-44-38-40-41-54-6-8-46-4-3-1-55-10-17-13-58-48-24-56-50-34-32-0,7175.113128255125,seed702_explore_lns_start13_random_regret_rm25_tw12
0-33-27-29-31-38-40-44-41-61-6-8-3-46-7-10-53-66-56-50-32-34-54-43-37-35-68-55-70-1-4-60-17-13-58-25-48-24-0,7177.4828654223875,seed607_lns_start19_late_random_best_rm8_tw8
0-33-28-27-31-38-40-44-41-61-6-8-3-46-7-10-53-66-56-50-32-34-54-43-37-35-68-55-70-1-4-60-17-13-58-25-48-24-0,7177.774006960544,seed602_lns_start28_late_best_rm8_tw12
0-36-42-5-45-2-69-12-14-47-16-15-11-59-9-52-22-49-23-18-51-63-62-30-29-27-26-32-34-50-35-55-10-13-17-58-0,7179.008752129924,seed701_explore_lns_start25_mixed_random_best_rm25_tw6
0-5-62-63-33-30-28-29-67-64-52-53-61-7-8-46-44-38-40-43-41-37-35-54-68-6-4-3-1-70-55-60-56-34-32-48-0,7179.378283933687,seed701_explore_lns_start18_late_random_best_rm25_tw6
0-28-19-61-44-40-38-41-53-6-7-8-46-3-43-37-54-34-26-32-50-56-66-20-24-48-25-13-10-55-68-70-1-35-0,7180.364940178646,seed607_lns_start62_random_best_rm8_tw6
0-27-61-63-41-38-40-44-3-6-46-8-7-53-66-20-56-54-43-37-35-68-55-70-4-1-60-17-13-58-25-48-24-34-0,7181.19600694168,seed603_lns_start50_late_best_rm8_tw15
0-63-28-27-29-38-40-44-41-61-6-8-3-46-7-10-53-66-56-50-32-34-54-43-37-35-68-55-70-1-4-60-17-13-58-25-48-24-0,7184.56599362513,seed606_lns_start44_late_best_rm8_tw10
0-63-33-27-29-38-40-44-41-61-6-8-3-46-7-10-53-66-56-50-32-34-54-43-37-35-68-55-70-1-4-60-17-13-58-25-48-24-0,7184.700345384328,seed603_lns_start43_late_best_rm8_tw15
0-63-33-27-31-38-40-44-41-61-6-8-3-46-7-10-53-66-56-50-32-34-54-43-37-35-68-55-70-1-4-60-17-13-58-25-48-24-0,7185.671491225074,seed606_lns_start20_late_best_rm8_tw12
0-39-36-42-5-45-2-69-12-14-47-16-15-11-9-59-52-57-22-19-23-18-49-20-51-67-33-29-27-26-32-34-66-55-10-17-13-25-0,7193.875794531115,seed701_explore_lns_start20_late_best_rm20_tw12
0-65-33-28-31-21-23-64-62-67-41-38-40-44-61-53-6-7-8-46-3-43-37-35-54-68-70-1-4-60-10-17-13-58-25-20-66-32-26-0,7195.1385387291375,seed701_explore_lns_start10_late_best_rm20_tw12
0-39-36-42-45-2-69-65-12-14-47-16-15-11-59-9-52-57-64-19-23-21-18-49-22-51-63-62-30-66-0,7203.205877161194,seed607_lns_start42_mixed_random_best_rm8_tw12
0-59-52-64-62-63-30-28-27-29-31-38-40-44-42-41-61-51-20-53-55-6-7-8-46-4-3-1-43-35-37-54-68-70-17-48-26-0,7209.538049558017,seed701_explore_lns_start67_late_random_best_rm25_tw6
0-33-29-38-40-44-41-61-6-7-8-3-46-53-20-66-56-54-43-37-35-68-55-70-1-4-60-17-13-58-25-48-24-32-26-0,7211.644048477518,seed601_lns_start67_late_best_rm8_tw15
0-28-27-38-40-44-41-61-6-7-8-3-46-53-20-66-56-54-43-37-35-68-55-70-1-4-60-17-13-58-25-48-24-32-26-0,7213.33328860188,seed607_lns_start26_late_best_rm8_tw10
0-33-28-38-40-44-41-61-6-7-8-3-46-53-20-66-56-54-43-37-35-68-55-70-1-4-60-17-13-58-25-48-24-32-26-0,7214.375552805514,seed604_lns_start11_late_best_rm8_tw8
0-63-29-38-40-44-41-61-6-7-8-3-46-53-20-66-56-54-43-37-35-68-55-70-1-4-60-17-13-58-25-48-24-32-26-0,7217.191565738844,seed603_lns_start4_late_best_rm8_tw6
0-65-62-31-27-33-63-64-18-52-53-41-40-38-61-6-7-8-46-3-44-43-37-35-54-68-55-70-1-4-60-10-58-24-32-26-0,7221.266968286287,seed702_explore_lns_start17_late_regret_rm25_tw15
0-39-36-42-5-45-2-69-12-14-47-16-15-11-9-59-52-57-22-19-23-21-18-49-51-63-28-29-27-26-34-56-20-48-24-0,7222.922848299072,seed701_explore_lns_start80_late_regret_rm20_tw10
0-63-33-28-27-29-31-30-62-61-44-40-38-41-6-7-8-3-46-53-10-66-56-50-32-34-37-35-43-54-68-55-70-1-4-60-17-13-58-25-48-24-0,7223.583303803896,seed601_lns_start61_late_random_best_rm8_tw6_guarded
0-39-42-5-45-2-69-12-14-47-16-15-11-59-9-52-57-64-49-23-21-18-19-22-51-63-30-28-31-26-32-34-50-56-55-17-58-25-0,7224.434173651139,seed702_explore_lns_start68_late_best_rm25_tw15
0-28-31-38-40-44-41-61-6-7-8-3-46-53-66-20-56-54-43-37-35-68-55-70-1-4-60-17-13-58-25-48-24-34-32-0,7226.356015900968,seed602_lns_start12_late_random_best_rm8_tw12
0-33-28-38-40-44-41-61-6-7-8-3-46-53-66-20-56-54-43-37-35-68-55-70-1-4-60-17-13-58-25-48-24-32-34-0,7229.173811062756,seed605_lns_start18_late_best_rm8_tw8
0-39-36-5-2-69-65-64-14-47-16-15-11-52-57-23-18-21-19-49-22-20-51-62-67-30-29-27-26-34-50-56-66-68-70-4-17-13-48-0,7230.610086922558,seed702_explore_lns_start22_mixed_best_rm25_tw10
0-39-36-42-5-45-2-69-65-12-14-47-16-15-11-9-52-57-64-19-23-21-18-49-22-51-62-30-29-28-26-32-20-10-0,7236.732235077608,seed606_lns_start20_late_best_rm8_tw12_guarded
0-39-36-42-5-2-69-65-12-14-47-16-15-11-52-57-64-22-19-23-21-18-49-51-67-30-28-27-26-34-50-56-20-9-13-58-25-48-0,7238.878646822707,seed701_explore_lns_start52_late_random_best_rm25_tw8
0-63-31-38-40-44-41-61-6-7-8-3-46-53-66-20-56-50-54-43-37-35-68-55-70-1-4-60-17-13-58-25-48-24-26-0,7243.166393619581,seed603_lns_start83_late_best_rm8_tw6
0-63-69-23-33-27-29-31-62-67-61-6-7-8-46-3-44-38-37-40-43-41-54-34-32-50-56-66-20-10-17-53-60-68-70-35-0,7243.760023089582,seed702_explore_lns_start18_mixed_random_best_rm25_tw8
0-27-33-63-64-59-18-62-67-61-53-7-6-8-46-3-44-43-40-38-37-35-41-54-56-68-70-1-4-60-10-20-48-32-0,7245.751990280708,seed702_explore_lns_start89_late_random_best_rm25_tw8
0-29-61-63-41-38-40-44-3-6-46-8-7-53-20-66-56-54-43-37-35-68-55-70-4-1-60-17-13-58-25-48-24-26-0,7254.850322584868,seed603_lns_start57_late_best_rm8_tw8
0-63-28-27-29-31-30-36-38-44-42-40-41-61-8-7-10-9-57-55-6-46-4-3-43-35-37-54-68-66-20-48-24-53-60-70-17-13-0,7262.064858263194,seed702_explore_lns_start15_mixed_best_rm20_tw6
0-65-59-63-29-27-28-62-64-16-9-44-61-41-38-40-6-7-8-46-4-3-1-43-37-54-68-55-70-53-60-17-13-58-25-24-34-0,7266.824015690454,seed702_explore_lns_start30_mixed_best_rm25_tw6
0-65-63-33-28-27-64-59-23-18-53-61-41-38-40-3-8-7-6-44-43-37-35-54-68-70-46-60-17-10-13-58-25-48-24-20-56-0,7279.623532287756,seed702_explore_lns_start60_mixed_regret_rm25_tw8
0-39-42-5-45-2-69-65-12-14-47-16-15-11-9-59-52-57-64-19-23-21-18-49-22-51-63-62-67-30-0,7280.156005378266,seed606_lns_start4_mixed_random_best_rm8_tw8
0-45-31-29-27-28-33-63-19-64-67-41-38-40-44-61-3-46-8-7-53-55-6-4-1-43-35-37-54-34-26-32-56-66-68-70-24-0,7291.936304476074,seed701_explore_lns_start16_late_random_best_rm25_tw10
0-65-33-61-44-40-38-41-6-7-8-3-46-53-66-56-50-32-26-34-54-43-37-35-68-70-1-4-60-17-10-13-58-25-48-20-0,7308.852785430091,seed606_lns_start52_random_regret_rm6_tw6
0-63-31-29-27-28-38-40-44-41-61-7-8-3-46-6-10-53-66-56-50-32-34-54-43-37-35-68-55-70-1-4-60-17-13-58-25-48-24-0,7315.797058086622,seed601_lns_start14_late_regret_rm8_tw8
0-64-63-61-38-40-44-41-53-6-7-8-46-3-66-56-50-32-26-34-43-37-35-54-68-55-60-17-10-13-58-25-24-20-70-0,7321.475657298377,seed601_lns_start36_random_regret_rm6_tw15
0-39-36-42-45-2-69-12-14-47-16-15-11-59-9-52-57-64-49-19-23-21-18-22-51-30-28-29-27-35-0,7324.340892119662,seed603_lns_start3_random_regret_rm8_tw15
0-59-63-23-64-67-33-27-29-31-38-44-8-7-6-61-41-40-37-43-54-26-34-50-56-66-20-25-58-13-17-60-53-35-0,7325.564950646562,seed702_explore_lns_start56_mixed_best_rm25_tw10
0-63-33-28-27-29-31-67-23-52-9-16-53-7-6-61-41-38-37-40-44-43-8-46-4-3-1-68-55-10-17-13-66-56-24-25-48-26-0,7334.139351913749,seed701_explore_lns_start66_mixed_random_best_rm25_tw6
0-39-36-42-5-45-2-69-65-12-14-47-16-15-11-9-59-52-57-64-19-23-21-18-49-22-51-62-50-30-29-34-26-20-32-0,7334.457306982227,seed604_lns_start18_late_random_best_rm8_tw6_guarded
0-39-36-42-5-45-2-69-65-12-14-47-16-11-9-57-49-21-18-19-22-64-51-33-30-29-27-34-50-67-56-20-66-54-35-1-60-70-0,7339.447804962551,seed702_explore_lns_start61_mixed_random_best_rm25_tw8
0-33-29-31-38-40-44-41-61-6-8-3-46-7-10-53-66-56-54-43-37-35-68-55-70-1-4-60-17-13-58-25-48-24-34-26-0,7345.1142652730405,seed604_lns_start35_late_regret_rm8_tw6
0-28-27-31-38-40-44-41-61-6-8-3-46-7-10-53-66-56-54-43-37-35-68-55-70-1-4-60-17-13-58-25-48-24-34-26-0,7349.000279684188,seed603_lns_start7_late_regret_rm8_tw8
0-33-28-27-38-40-44-41-61-6-8-3-46-7-10-53-66-56-54-43-37-35-68-55-70-1-4-60-17-13-58-25-48-24-34-26-0,7350.1992824199,seed606_lns_start19_late_regret_rm8_tw12
0-63-28-27-38-40-44-41-61-6-8-3-46-7-10-53-66-56-54-43-37-35-68-55-70-1-4-60-17-13-58-25-48-24-34-26-0,7357.96241492523,seed603_lns_start1_late_regret_rm8_tw6
0-63-33-27-38-40-44-41-61-6-8-3-46-7-10-53-66-56-54-43-37-35-68-55-70-1-4-60-17-13-58-25-48-24-34-26-0,7358.096766684429,seed601_lns_start32_late_random_best_rm8_tw8
0-39-36-5-45-2-69-65-12-14-47-16-15-11-59-9-52-57-22-23-18-30-31-29-28-26-49-20-66-55-53-10-17-13-24-25-0,7364.597937553926,seed702_explore_lns_start83_late_best_rm25_tw10
0-39-36-42-5-45-2-69-65-12-14-47-16-15-11-9-59-52-57-64-19-23-21-18-49-22-51-63-62-30-0,7370.152335711553,seed601_lns_start32_mixed_best_rm6_tw10
0-63-33-28-62-64-61-42-44-39-36-38-41-67-53-6-7-8-37-40-43-4-46-3-1-70-54-68-55-10-17-58-25-20-32-34-35-0,7370.902106553742,seed702_explore_lns_start7_late_best_rm25_tw15
0-39-36-42-5-45-2-69-65-12-14-47-16-15-11-9-59-52-57-64-19-23-21-18-49-22-51-63-62-30-54-0,7380.778298330829,seed601_lns_start56_mixed_random_best_rm8_tw10
0-65-39-36-42-5-45-2-12-14-47-16-59-52-21-18-19-49-51-63-62-67-31-29-30-27-26-32-34-50-56-66-10-17-13-58-0,7390.135957159143,seed701_explore_lns_start2_mixed_random_best_rm25_tw10
0-39-36-42-5-2-69-65-12-14-47-16-15-11-59-9-52-57-64-19-23-21-18-49-22-51-63-62-30-0,7390.8355414590105,seed606_lns_start62_mixed_random_best_rm8_tw10
0-39-36-42-5-45-2-69-12-14-47-16-15-11-9-59-52-57-22-19-23-18-49-64-51-63-62-67-50-30-26-32-20-66-55-13-58-48-0,7395.223324431396,seed701_explore_lns_start19_late_best_rm20_tw15
0-59-63-21-33-30-27-29-31-41-38-40-44-3-46-8-7-6-53-61-66-50-32-34-37-35-43-1-4-70-55-17-13-24-20-48-25-0,7406.972542243579,seed701_explore_lns_start73_mixed_regret_rm25_tw15
0-39-36-42-5-45-2-69-12-47-16-11-59-52-57-64-23-21-18-19-49-22-51-63-30-31-29-27-26-32-50-56-20-66-70-4-17-0,7411.644050738897,seed702_explore_lns_start42_mixed_best_rm25_tw15
0-39-36-42-5-45-2-69-65-12-14-47-16-15-11-9-52-57-22-19-23-21-18-49-51-63-62-67-29-27-26-32-34-55-60-17-13-24-25-48-0,7418.785663842028,seed701_explore_lns_start31_late_regret_rm25_tw15
0-39-42-5-45-2-69-65-12-14-47-16-15-11-59-9-52-57-23-21-18-19-49-22-20-51-63-30-29-27-56-66-10-55-60-13-24-25-48-0,7428.474577759092,seed701_explore_lns_start74_late_best_rm25_tw8
0-33-64-59-7-61-42-41-38-40-44-3-46-8-6-10-53-66-56-50-54-43-37-35-68-55-70-1-4-60-17-13-58-25-48-20-24-0,7429.792306931242,seed602_lns_start52_mixed_regret_rm8_tw15
0-63-31-29-27-38-40-44-41-61-7-8-3-46-6-10-53-66-56-54-43-37-35-68-55-70-1-4-60-17-13-58-25-48-24-34-26-0,7431.578414635756,seed604_lns_start36_late_regret_rm8_tw6
0-31-27-61-44-40-38-53-6-3-46-8-7-43-37-41-54-66-56-50-34-26-32-20-24-48-25-58-13-17-10-60-55-70-35-0,7436.085437336818,seed603_lns_start27_random_best_rm5_tw10
0-63-31-38-40-44-41-61-6-7-8-3-46-53-20-66-56-54-43-37-35-68-55-70-1-4-60-17-13-58-25-48-24-32-34-0,7437.073831539723,seed604_lns_start10_late_best_rm8_tw10
0-63-33-7-41-38-40-44-61-53-10-43-37-54-68-6-8-46-4-3-1-70-55-60-17-13-58-25-48-24-66-56-35-0,7437.2341941888035,seed602_lns_start20_late_regret_rm8_tw10
0-39-36-42-5-45-2-69-65-12-14-47-16-15-11-9-59-52-57-64-19-23-21-18-49-22-51-63-62-30-4-0,7438.61163985023,seed607_lns_start63_mixed_regret_rm8_tw8
0-31-29-27-28-30-33-63-64-61-41-38-44-3-8-7-6-53-10-66-56-50-32-34-40-43-35-37-54-68-70-1-4-60-17-13-48-20-0,7439.07660722943,seed702_explore_lns_start59_late_random_best_rm20_tw15
0-39-36-42-5-45-2-69-65-12-14-47-16-15-11-9-59-52-57-64-19-23-21-18-49-22-51-63-62-30-13-0,7439.381667264823,seed604_lns_start62_mixed_random_best_rm8_tw8
0-39-36-42-5-45-2-69-65-12-14-47-16-15-11-9-59-52-57-64-19-23-21-18-49-22-51-63-62-30-32-58-0,7441.048408140914,seed605_lns_start42_mixed_best_rm8_tw6
0-36-5-45-2-69-65-12-14-47-16-59-52-57-23-21-18-19-49-22-64-51-62-67-33-30-29-26-32-34-50-56-68-10-17-24-0,7447.566614868138,seed701_explore_lns_start32_mixed_random_best_rm25_tw10
0-39-36-42-45-2-69-65-14-47-16-59-52-57-64-23-21-18-19-49-22-51-63-33-30-29-27-26-32-34-50-56-66-58-13-17-0,7458.888540165635,seed702_explore_lns_start85_mixed_regret_rm20_tw6
0-39-36-42-5-45-2-69-65-12-14-47-16-15-11-9-52-57-23-21-19-49-22-64-67-31-28-30-33-32-50-34-56-20-17-13-58-25-48-0,7460.325150526844,seed701_explore_lns_start4_late_random_best_rm25_tw12
0-39-36-42-5-45-2-69-65-12-14-47-16-15-11-9-59-52-57-64-19-23-21-18-49-22-51-63-62-30-58-4-0,7500.076350584949,seed608_lns_start23_mixed_best_rm8_tw6
0-29-27-38-40-44-41-61-6-7-8-3-46-53-20-66-56-50-54-43-37-35-68-55-70-1-4-60-17-13-58-25-48-24-26-0,7501.256080126257,seed602_lns_start52_late_best_rm8_tw8
0-33-31-38-40-44-41-61-6-7-8-3-46-53-20-66-56-50-54-43-37-35-68-55-70-1-4-60-17-13-58-25-48-24-26-0,7502.14092492308,seed606_lns_start20_late_best_rm8_tw15
0-39-36-42-5-45-2-69-65-12-14-47-16-15-11-9-59-52-57-64-19-23-21-18-49-20-22-51-62-67-30-26-56-55-10-13-24-25-0,7507.311623365992,seed702_explore_lns_start8_late_random_best_rm20_tw12
0-63-33-38-40-44-41-61-6-7-8-3-46-53-20-66-56-50-54-43-37-35-68-55-70-1-4-60-17-13-58-25-48-24-26-0,7507.533532619267,seed607_lns_start45_late_best_rm8_tw12
0-33-27-38-40-44-41-61-6-7-8-3-46-53-20-66-56-50-54-43-37-35-68-55-70-1-4-60-17-13-58-25-48-24-26-0,7509.674833910371,seed602_lns_start61_late_random_best_rm8_tw15
0-31-27-38-40-44-41-61-6-7-8-3-46-53-10-20-66-54-43-37-35-68-55-70-1-4-60-17-13-58-25-48-24-32-26-0,7518.240945840862,seed601_lns_start11_late_regret_rm8_tw6
0-28-31-38-40-44-41-61-6-7-8-3-46-53-10-20-66-54-43-37-35-68-55-70-1-4-60-17-13-58-25-48-24-32-26-0,7519.236379471841,seed601_lns_start16_late_best_rm8_tw10
0-28-29-38-40-44-41-61-6-7-8-3-46-53-10-20-66-54-43-37-35-68-55-70-1-4-60-17-13-58-25-48-24-32-26-0,7519.247274200798,seed608_lns_start62_late_regret_rm8_tw10
0-36-42-5-45-2-69-12-14-47-16-15-11-9-52-57-23-21-18-19-49-22-64-51-63-62-31-27-26-32-50-56-55-46-60-17-25-0,7520.074597738192,seed702_explore_lns_start6_late_random_best_rm25_tw12
0-28-27-38-40-44-41-61-6-7-8-3-46-53-10-20-66-54-43-37-35-68-55-70-1-4-60-17-13-58-25-48-24-32-26-0,7522.4962870017225,seed608_lns_start5_late_regret_rm8_tw12
0-63-29-38-40-44-41-61-6-7-8-3-46-53-10-20-66-54-43-37-35-68-55-70-1-4-60-17-13-58-25-48-24-32-26-0,7526.354564138686,seed602_lns_start24_late_best_rm8_tw15
0-39-36-42-5-45-2-69-12-14-47-16-15-11-9-52-57-22-18-51-62-67-31-29-30-33-28-26-34-50-49-20-66-10-17-25-0,7535.952025501363,seed702_explore_lns_start20_late_best_rm25_tw8
0-31-27-38-40-44-41-61-6-7-8-3-46-53-10-20-66-54-43-37-35-68-55-70-1-4-60-17-13-58-25-48-24-50-32-0,7544.0970368392755,seed601_lns_start69_late_regret_rm8_tw6
0-28-31-38-40-44-41-61-6-7-8-3-46-53-10-20-66-54-43-37-35-68-55-70-1-4-60-17-13-58-25-48-24-50-32-0,7545.092470470255,seed602_lns_start33_late_random_best_rm8_tw10
0-62-61-38-40-44-6-8-7-53-57-34-50-56-54-41-37-43-4-46-3-1-70-68-55-60-17-10-13-58-25-48-24-20-0,7545.7521658514825,seed605_lns_start49_mixed_regret_rm8_tw15
0-63-28-27-31-29-62-64-65-67-53-6-8-61-44-41-38-40-43-37-7-46-4-3-1-55-68-66-20-48-25-10-60-70-54-35-34-0,7546.527290377575,seed702_explore_lns_start7_late_best_rm20_tw8
0-39-36-42-5-45-2-69-65-12-14-47-16-15-11-9-59-52-57-64-22-19-23-21-18-51-62-30-33-49-0,7547.814079766117,seed602_lns_start35_mixed_random_best_rm6_tw10
0-39-36-42-5-45-2-69-65-12-14-47-16-15-11-9-59-52-57-64-22-19-23-21-18-51-62-30-33-49-20-0,7547.818580871152,seed607_lns_start81_mixed_random_best_rm8_tw15
0-39-36-42-45-2-69-65-12-14-47-16-15-11-59-9-52-57-64-19-23-21-18-49-22-51-63-33-30-13-0,7548.936483207897,seed603_lns_start7_mixed_best_rm8_tw15
0-63-31-38-40-44-41-61-6-7-8-3-46-53-10-20-66-54-43-37-35-68-55-70-1-4-60-17-13-58-25-48-24-50-32-0,7549.48610193911,seed602_lns_start18_late_best_rm8_tw12
0-63-29-38-40-44-41-61-6-7-8-3-46-53-10-20-66-54-43-37-35-68-55-70-1-4-60-17-13-58-25-48-24-50-32-0,7552.2106551371,seed604_lns_start37_late_best_rm8_tw6
0-39-36-42-5-2-69-65-11-12-14-47-16-15-59-52-57-23-21-18-19-49-64-51-63-67-33-30-32-26-34-50-56-66-68-58-0,7555.625776294628,seed702_explore_lns_start51_mixed_regret_rm25_tw15
0-63-27-38-40-44-41-61-6-7-8-3-46-53-10-20-66-54-43-37-35-68-55-70-1-4-60-17-13-58-25-48-24-50-32-0,7559.4001410385845,seed607_lns_start20_late_regret_rm8_tw10
0-39-36-42-5-45-2-69-12-14-47-16-15-11-9-59-23-21-18-22-51-62-33-28-29-27-26-32-34-50-56-20-66-55-68-37-35-70-58-0,7560.251259001519,seed702_explore_lns_start63_mixed_random_best_rm25_tw12
0-63-27-38-40-44-41-61-7-8-3-46-6-10-53-66-56-50-32-34-54-43-37-35-68-55-70-4-60-13-58-25-48-20-24-0,7574.1385733060315,seed608_lns_start58_random_regret_rm6_tw10
0-39-36-42-5-45-2-69-12-14-47-16-15-11-9-52-57-23-21-18-49-22-64-51-33-30-28-29-27-26-32-34-50-56-66-55-4-25-48-0,7588.981527820666,seed702_explore_lns_start68_mixed_best_rm20_tw8
0-59-65-52-23-63-30-28-29-31-67-61-38-44-40-6-7-8-46-3-41-43-35-37-54-68-70-1-4-60-53-66-56-25-58-50-26-0,7589.770675528177,seed702_explore_lns_start79_late_random_best_rm25_tw10
0-39-36-42-5-45-2-69-65-12-14-47-16-15-11-9-59-52-57-64-22-19-23-21-18-51-62-30-33-49-60-0,7591.759987872966,seed605_lns_start22_mixed_best_rm8_tw12
0-31-61-63-41-38-40-44-3-6-46-8-7-53-10-20-66-54-43-37-35-68-55-70-4-1-60-17-13-58-25-48-24-50-0,7592.841422130883,seed608_lns_start10_late_best_rm8_tw15
0-39-36-42-5-45-2-69-65-12-14-47-16-15-11-9-52-57-64-49-23-21-18-19-22-51-63-62-30-28-13-0,7599.458761295594,seed601_lns_start12_mixed_random_best_rm8_tw15
0-29-61-63-41-38-40-44-3-6-46-8-7-53-10-20-66-54-43-37-35-68-55-70-4-1-60-17-13-58-25-48-24-50-0,7601.901915758355,seed607_lns_start28_late_regret_rm8_tw12
0-65-33-63-23-30-28-27-31-62-61-38-44-6-7-8-46-3-40-43-41-37-35-54-68-70-1-4-60-53-10-17-58-48-20-50-32-0,7605.129767245951,seed702_explore_lns_start1_late_best_rm20_tw12
0-59-63-31-29-27-33-67-62-19-64-53-7-8-6-61-44-40-38-41-43-37-35-54-68-55-70-1-4-60-10-13-58-25-48-66-56-34-0,7610.474686150967,seed701_explore_lns_start7_late_best_rm25_tw8
0-39-36-42-5-45-2-69-65-12-14-47-16-15-11-9-59-52-57-64-22-19-23-21-18-51-62-30-33-49-58-70-0,7618.780012539676,seed606_lns_start77_mixed_best_rm8_tw8
0-31-61-63-41-38-40-44-3-6-46-8-7-53-10-20-66-54-43-37-35-68-55-70-4-1-60-17-13-58-25-48-24-26-0,7620.485103456071,seed607_lns_start68_late_regret_rm8_tw15
0-64-61-67-7-44-40-38-41-34-50-56-53-55-8-6-46-4-3-1-43-35-37-54-68-70-60-17-10-13-58-25-48-24-0,7625.89810079247,seed604_lns_start73_mixed_random_best_rm8_tw12
0-29-61-63-41-38-40-44-3-6-46-8-7-53-10-20-66-54-43-37-35-68-55-70-4-1-60-17-13-58-25-48-24-26-0,7629.545597083543,seed604_lns_start37_late_best_rm8_tw12
0-14-59-61-44-40-38-41-6-7-8-3-46-53-10-20-66-54-43-37-35-68-55-70-1-4-60-17-13-58-25-48-24-34-26-0,7632.827216771994,seed605_lns_start10_mixed_regret_rm8_tw8
0-27-61-63-41-38-40-44-3-6-46-8-7-53-10-20-66-54-43-37-35-68-55-70-4-1-60-17-13-58-25-48-24-26-0,7633.083322901087,seed604_lns_start5_late_random_best_rm8_tw8
0-39-36-42-5-45-2-69-65-12-14-47-16-15-11-9-59-52-57-64-19-21-18-49-22-51-62-67-33-30-35-0,7639.088037130739,seed606_lns_start45_random_regret_rm8_tw8
0-39-36-42-5-45-2-69-65-12-14-47-16-15-11-9-59-52-57-64-19-23-21-18-49-22-51-63-33-30-0,7655.21043249746,seed601_lns_start41_mixed_regret_rm6_tw15
0-39-36-42-5-45-2-69-12-14-47-16-15-11-59-52-57-23-21-18-19-49-64-51-63-33-30-34-62-9-0,7661.03894243016,seed608_lns_start87_mixed_regret_rm8_tw10
0-39-36-42-5-45-2-69-65-12-14-47-16-15-11-9-59-52-57-64-19-23-21-18-49-22-51-63-33-30-66-0,7663.767254789932,seed607_lns_start10_mixed_best_rm8_tw15
0-65-39-36-42-5-45-2-14-47-16-15-11-59-57-64-22-49-21-18-51-63-67-31-29-28-26-32-34-50-56-20-66-54-10-58-48-0,7666.96980131176,seed701_explore_lns_start69_mixed_best_rm25_tw12
0-39-36-42-5-45-2-69-65-12-14-47-16-15-11-9-59-52-57-64-22-19-23-21-18-51-62-30-33-49-35-1-0,7667.002517009997,seed608_lns_start25_mixed_best_rm8_tw8
0-39-36-42-45-2-69-65-12-14-47-16-15-11-9-52-57-64-22-19-23-21-18-49-51-63-62-67-30-28-48-56-0,7679.989181483002,seed604_lns_start61_mixed_random_best_rm8_tw10
0-39-36-42-5-45-2-69-65-12-14-47-16-15-11-9-59-52-57-64-19-23-21-18-49-22-51-63-33-30-55-0,7682.6518789904485,seed607_lns_start82_mixed_random_best_rm8_tw12
0-39-36-42-5-45-2-69-65-12-14-47-16-15-11-9-59-52-57-64-19-23-21-18-49-22-51-63-33-30-68-55-0,7683.95645491353,seed606_lns_start6_mixed_best_rm8_tw15
0-65-63-33-27-29-62-64-23-52-53-61-6-7-8-46-3-44-38-40-41-43-37-35-54-68-55-70-1-4-60-17-10-66-24-25-48-50-26-0,7691.141905941324,seed702_explore_lns_start53_late_regret_rm25_tw12
0-59-28-61-44-38-40-53-6-7-8-46-3-37-41-55-68-54-34-26-32-50-56-66-20-48-25-58-10-60-4-70-43-35-0,7693.23749904065,seed608_lns_start15_random_best_rm8_tw6
0-39-36-42-5-45-2-69-65-12-14-47-16-15-11-9-59-52-57-64-19-23-21-18-49-22-51-63-33-30-48-66-0,7700.619018945863,seed603_lns_start8_mixed_random_best_rm8_tw15
0-39-36-42-5-45-2-69-65-12-14-47-16-15-11-9-59-52-57-64-19-23-21-18-49-22-51-63-33-30-25-0,7707.087699484082,seed601_lns_start23_mixed_regret_rm8_tw6
0-39-36-5-45-2-69-12-14-47-16-15-11-9-57-22-49-19-23-21-18-51-63-62-67-33-30-29-26-32-34-50-56-66-20-24-13-17-25-48-0,7708.421024645861,seed702_explore_lns_start79_late_regret_rm25_tw8
0-65-39-36-42-5-45-2-12-14-47-16-15-11-59-52-57-64-49-19-23-21-18-22-51-63-33-30-28-32-0,7721.673603243624,seed602_lns_start85_mixed_best_rm8_tw12
0-39-36-42-5-45-2-69-65-12-14-47-16-15-11-9-59-52-57-64-19-23-21-18-49-22-51-63-33-30-13-0,7724.439764050729,seed603_lns_start1_mixed_random_best_rm8_tw10
0-39-36-42-5-45-2-69-65-12-14-47-16-15-11-9-59-52-57-64-19-23-21-18-49-22-51-63-33-30-58-0,7726.070496038408,seed603_lns_start89_mixed_regret_rm8_tw15
0-59-63-33-30-28-27-29-62-67-61-41-38-40-44-3-46-8-6-7-53-68-43-37-35-54-70-1-4-60-10-13-58-48-20-50-34-32-0,7727.641750844159,seed701_explore_lns_start3_late_best_rm25_tw10
0-65-64-61-7-44-41-38-40-6-8-3-53-66-56-34-26-32-50-54-35-37-43-70-46-60-17-10-13-58-25-48-20-24-0,7738.112454426438,seed603_lns_start40_random_random_best_rm8_tw12
0-39-36-42-5-45-2-69-65-12-14-47-16-15-11-9-59-52-57-64-19-23-21-18-49-22-51-63-33-30-48-70-0,7739.593550063962,seed604_lns_start52_mixed_best_rm8_tw15
0-65-61-63-41-38-40-44-3-6-46-8-7-53-10-20-66-54-43-37-35-68-55-70-4-1-60-17-13-58-25-48-24-34-0,7741.745923273038,seed607_lns_start41_mixed_regret_rm8_tw12
0-33-29-38-40-44-41-61-6-7-8-3-46-53-10-20-66-54-43-37-35-68-55-70-1-4-60-17-13-58-25-48-24-32-34-0,7743.4138658762295,seed607_lns_start44_late_regret_rm8_tw10
0-39-36-42-5-45-2-69-65-12-14-47-16-15-11-9-52-57-64-49-23-21-18-19-22-51-63-33-30-62-0,7744.66527703975,seed601_lns_start9_mixed_random_best_rm8_tw8
0-28-27-38-40-44-41-61-6-7-8-3-46-53-10-20-66-54-43-37-35-68-55-70-1-4-60-17-13-58-25-48-24-32-34-0,7745.103106000593,seed603_lns_start12_late_best_rm8_tw10
0-33-28-38-40-44-41-61-6-7-8-3-46-53-10-20-66-54-43-37-35-68-55-70-1-4-60-17-13-58-25-48-24-32-34-0,7746.145370204226,seed606_lns_start29_late_best_rm8_tw8
0-63-33-38-40-44-41-61-6-7-8-3-46-53-10-20-66-54-43-37-35-68-55-70-1-4-60-17-13-58-25-48-24-32-34-0,7747.037586034573,seed604_lns_start66_late_best_rm8_tw8
0-63-29-38-40-44-41-61-6-7-8-3-46-53-10-20-66-54-43-37-35-68-55-70-1-4-60-17-13-58-25-48-24-32-34-0,7748.9613831375555,seed607_lns_start74_late_regret_rm8_tw8
0-39-36-42-5-45-2-69-65-12-14-47-16-15-11-9-52-57-64-49-23-21-18-19-22-51-63-33-30-62-66-0,7752.632111533513,seed605_lns_start42_mixed_random_best_rm8_tw6
0-39-36-42-5-45-2-69-65-12-14-47-16-15-11-9-59-52-57-22-19-23-21-18-51-63-33-30-62-49-66-0,7753.279220009557,seed602_lns_start34_mixed_regret_rm8_tw12
0-39-36-42-5-45-2-69-65-12-14-47-16-15-11-9-59-52-57-64-19-23-21-18-49-22-51-63-33-30-25-17-0,7755.272791598561,seed608_lns_start40_mixed_regret_rm8_tw10
0-63-27-38-40-44-41-61-6-7-8-3-46-53-10-20-66-54-43-37-35-68-55-70-1-4-60-17-13-58-25-48-24-34-32-0,7757.635245610769,seed603_lns_start74_late_best_rm8_tw15
0-42-5-45-2-69-65-12-14-47-16-15-11-59-52-9-57-64-49-19-23-21-18-22-51-33-31-27-26-34-50-20-55-13-17-48-0,7757.905827271991,seed702_explore_lns_start50_late_regret_rm25_tw15
0-39-36-42-5-45-2-69-12-14-47-16-15-11-9-59-52-57-64-22-19-21-18-49-51-33-31-29-27-26-32-34-50-20-24-25-58-13-0,7757.999598149041,seed701_explore_lns_start29_late_regret_rm20_tw10
0-63-29-65-61-44-40-38-41-6-7-8-46-53-10-66-56-50-32-34-54-4-3-1-43-37-35-70-55-60-17-13-25-48-20-0,7763.27658333229,seed606_lns_start88_random_regret_rm8_tw8
0-31-28-33-63-7-41-38-40-44-61-3-46-8-6-10-53-66-56-54-43-37-35-68-55-70-1-4-60-17-13-58-25-48-20-24-32-0,7768.2215711125045,seed605_lns_start13_late_regret_rm8_tw6
0-39-36-42-5-45-2-69-65-12-14-47-16-15-11-9-59-52-57-64-19-23-21-18-49-22-51-63-33-30-35-24-0,7772.909659859574,seed605_lns_start40_mixed_regret_rm8_tw8
0-31-27-33-63-7-41-38-40-44-61-3-46-8-6-10-53-66-56-54-43-37-35-68-55-70-1-4-60-17-13-58-25-48-20-24-32-0,7774.35825723176,seed607_lns_start25_late_random_best_rm8_tw15
0-39-36-42-5-45-2-69-65-12-14-47-16-15-11-9-59-52-57-64-19-23-21-18-49-22-51-63-33-30-35-17-0,7780.42651005669,seed607_lns_start43_mixed_random_best_rm8_tw10
0-65-42-27-29-31-33-30-67-62-51-64-52-53-61-44-41-38-40-6-7-8-3-43-37-35-54-68-70-1-4-60-17-10-58-25-48-24-66-50-0,7780.678328544768,seed702_explore_lns_start44_late_regret_rm25_tw12
0-39-36-42-5-45-2-69-65-12-14-47-16-15-11-9-52-57-64-49-23-21-18-19-22-51-63-33-30-62-70-55-0,7785.29141952526,seed604_lns_start56_mixed_random_best_rm8_tw10
0-65-63-33-28-31-64-21-23-59-53-61-6-7-8-46-3-44-38-40-43-41-37-35-26-32-50-66-54-68-70-1-4-17-10-24-20-48-0,7785.427160263804,seed701_explore_lns_start30_late_random_best_rm25_tw6
0-39-36-42-5-45-2-69-65-12-14-47-16-15-11-9-52-57-64-49-23-21-18-19-22-51-63-33-30-62-32-0,7789.149917067369,seed608_lns_start39_mixed_best_rm8_tw10
0-39-36-42-5-45-2-69-65-12-14-47-16-15-11-9-52-57-64-19-23-21-18-49-22-51-62-67-31-29-30-34-50-26-0,7797.424253460393,seed607_lns_start34_late_regret_rm8_tw6_guarded
0-39-36-42-5-45-2-69-65-12-14-47-16-15-11-9-52-57-64-49-23-21-18-19-22-51-63-33-28-67-0,7801.317807506467,seed601_lns_start32_mixed_best_rm6_tw10
0-39-42-5-45-2-12-14-47-16-15-11-59-9-52-22-49-19-23-21-18-51-63-62-67-33-30-29-26-32-34-50-10-54-35-0,7802.687938317626,seed701_explore_lns_start25_mixed_random_best_rm25_tw6
0-39-36-42-5-45-2-69-65-12-14-47-16-15-11-9-52-57-64-49-23-21-18-19-22-51-63-33-30-50-62-0,7806.246227196275,seed601_lns_start34_mixed_random_best_rm8_tw15
0-31-61-63-41-38-40-44-3-6-46-8-7-53-10-20-66-54-43-37-35-68-55-70-4-1-60-17-13-58-25-48-24-34-0,7806.35983010826,seed602_lns_start63_late_best_rm8_tw10
0-65-62-31-29-27-30-63-21-23-19-41-38-40-44-61-53-10-7-6-8-46-4-3-1-43-37-35-54-68-70-55-13-20-56-34-26-0,7810.116695015815,seed701_explore_lns_start70_late_regret_rm25_tw8
0-29-61-63-41-38-40-44-3-6-46-8-7-53-10-20-66-54-43-37-35-68-55-70-4-1-60-17-13-58-25-48-24-34-0,7815.420323735732,seed607_lns_start57_mixed_regret_rm8_tw12
0-33-28-38-40-44-41-61-6-7-8-3-46-53-66-20-56-54-43-37-35-68-55-70-1-4-60-17-13-58-25-48-24-34-26-0,7830.669541594145,seed603_lns_start46_late_best_rm8_tw8
0-65-59-33-27-29-31-19-23-21-18-64-53-6-7-8-46-61-44-43-40-38-41-37-35-54-68-70-4-3-1-17-13-10-24-25-48-56-50-0,7831.168404504363,seed701_explore_lns_start4_late_regret_rm25_tw6
0-63-33-38-40-44-41-61-6-7-8-3-46-53-66-20-56-54-43-37-35-68-55-70-1-4-60-17-13-58-25-48-24-34-26-0,7831.561757424492,seed604_lns_start15_late_best_rm8_tw12
0-65-33-28-31-63-23-19-62-67-38-36-40-41-61-3-46-8-7-6-10-53-66-44-43-37-35-54-68-70-1-4-60-17-13-58-48-20-34-0,7832.190694257101,seed702_explore_lns_start79_late_random_best_rm25_tw15
0-39-36-42-5-45-2-69-65-12-14-47-16-15-11-9-59-52-57-64-49-19-23-18-20-22-51-29-27-28-26-32-50-56-66-55-17-13-24-0,7832.340552108148,seed702_explore_lns_start42_late_best_rm20_tw12
0-33-27-38-40-44-41-61-6-7-8-3-46-53-66-20-56-54-43-37-35-68-55-70-1-4-60-17-13-58-25-48-24-34-26-0,7833.703058715595,seed603_lns_start13_late_random_best_rm8_tw6
0-63-33-27-31-62-64-19-30-29-38-40-44-41-61-3-46-8-7-53-55-6-1-37-54-68-56-66-20-24-25-58-10-17-70-32-26-0,7836.729589228427,seed701_explore_lns_start58_mixed_regret_rm25_tw8
0-62-29-27-61-44-40-38-41-6-7-8-3-46-53-66-56-50-32-26-34-54-43-37-35-68-55-70-1-4-60-17-13-10-24-48-20-0,7871.460089315944,seed603_lns_start32_random_regret_rm8_tw12
0-36-42-5-45-2-69-12-14-47-16-15-11-9-57-23-21-18-19-49-22-51-63-30-31-27-28-26-34-50-67-56-20-10-58-25-0,7872.778677283298,seed702_explore_lns_start67_late_best_rm25_tw15
0-63-28-38-40-44-41-61-6-7-8-3-46-53-20-56-50-26-34-54-43-37-35-68-55-70-1-4-60-17-13-58-25-48-24-0,7874.601837535192,seed602_lns_start30_late_random_best_rm8_tw8
0-39-36-42-5-45-2-69-65-12-14-47-16-15-11-9-52-57-64-49-23-21-18-19-22-51-63-33-30-50-62-4-0,7876.786590783478,seed601_lns_start48_mixed_best_rm8_tw8
0-63-27-38-40-44-41-61-6-7-8-3-46-53-20-56-50-26-34-54-43-37-35-68-55-70-1-4-60-17-13-58-25-48-24-0,7876.8442038646745,seed603_lns_start63_late_random_best_rm8_tw6
0-59-62-33-28-27-29-31-67-64-18-52-53-61-44-40-38-41-6-7-8-43-35-37-54-68-70-1-4-60-17-24-20-25-48-34-26-0,7880.491087243143,seed701_explore_lns_start89_late_regret_rm25_tw10
0-59-62-31-29-28-33-63-51-18-53-7-6-8-3-46-61-44-40-43-41-38-37-35-54-50-56-66-68-70-1-4-60-17-13-24-20-32-0,7883.11397423855,seed702_explore_lns_start14_late_random_best_rm25_tw8
0-39-36-42-5-45-2-12-14-47-16-15-59-23-21-18-19-22-49-64-51-62-67-30-31-29-27-28-26-32-34-56-66-70-1-4-60-24-48-58-0,7886.647281688978,seed701_explore_lns_start32_mixed_best_rm25_tw12
0-39-36-5-45-2-69-12-14-47-16-15-11-59-9-52-57-64-49-19-23-21-18-22-51-63-62-33-30-0,7888.37377653048,seed601_lns_start10_mixed_regret_rm8_tw12
0-63-27-38-61-53-6-7-8-3-44-41-40-43-37-54-1-4-46-55-68-66-56-20-24-25-58-13-17-10-60-70-35-50-0,7896.075620398269,seed606_lns_start18_mixed_regret_rm8_tw15
0-39-42-5-45-69-65-12-14-47-16-15-11-52-64-22-49-19-23-21-18-51-30-31-29-27-26-28-32-34-50-67-56-10-70-35-48-25-0,7912.989964474977,seed701_explore_lns_start73_mixed_best_rm25_tw12
0-39-36-42-5-45-2-69-12-14-47-16-15-11-9-59-52-57-22-49-19-23-18-51-62-33-30-28-26-31-34-32-20-55-13-58-25-0,7919.93616099202,seed702_explore_lns_start82_late_regret_rm20_tw8
0-59-61-44-39-40-38-41-53-6-7-8-46-3-43-37-34-26-32-50-54-68-55-70-60-17-10-13-58-25-48-20-24-66-56-0,7921.584524698984,seed602_lns_start64_random_regret_rm6_tw8
0-39-36-5-45-2-69-65-12-14-47-16-15-11-59-52-49-23-21-18-19-22-20-51-67-33-30-29-28-26-32-34-50-56-66-55-17-48-0,7921.932603726403,seed702_explore_lns_start75_mixed_random_best_rm25_tw10
0-69-44-67-28-31-38-40-41-61-53-6-7-8-46-3-68-54-34-26-32-50-56-66-20-24-48-25-58-13-10-17-4-1-70-37-0,7927.151601916519,seed605_lns_start50_random_regret_rm8_tw8
0-39-36-5-45-2-69-12-14-47-16-15-11-59-9-52-57-64-49-19-23-21-18-22-51-63-62-33-30-35-0,7939.450592859222,seed601_lns_start31_mixed_random_best_rm8_tw10
0-62-29-27-30-33-63-65-69-53-7-6-61-44-41-38-40-37-43-8-46-4-3-1-68-54-56-50-34-26-32-18-48-25-58-13-17-70-0,7944.3673139054345,seed702_explore_lns_start11_random_best_rm25_tw6
0-42-33-28-27-29-31-30-67-62-51-18-23-52-53-6-7-8-38-41-44-40-43-37-35-54-61-68-46-4-3-1-70-55-60-10-58-25-48-20-24-0,7952.706793793465,seed701_explore_lns_start6_late_regret_rm25_tw6
0-39-36-42-5-45-2-69-65-12-14-47-16-15-11-9-52-57-22-23-21-19-49-63-33-30-31-29-26-32-34-67-50-56-66-54-35-17-70-0,7970.9319493248895,seed702_explore_lns_start6_mixed_best_rm25_tw15
0-39-36-42-5-45-2-69-12-14-47-16-15-11-9-59-52-57-22-19-23-21-18-51-63-62-67-31-29-26-49-20-66-55-58-48-0,7972.601477452474,seed702_explore_lns_start68_late_regret_rm20_tw12
0-28-29-31-38-40-44-41-61-6-7-8-3-46-53-66-20-56-50-32-34-54-43-37-35-68-55-70-1-4-60-17-13-58-25-48-24-0,7989.287552867063,seed603_lns_start6_late_best_rm8_tw8
0-39-36-42-5-45-2-12-14-47-16-15-11-52-64-67-62-31-29-27-30-28-33-63-51-18-19-49-22-57-9-60-68-32-0,7990.677174021917,seed603_lns_start25_random_random_best_rm8_tw12
0-33-28-31-38-40-44-41-61-6-7-8-3-46-53-66-20-56-50-32-34-54-43-37-35-68-55-70-1-4-60-17-13-58-25-48-24-0,7992.672435160603,seed605_lns_start20_late_best_rm8_tw8
0-59-69-52-64-21-19-62-33-30-27-31-61-6-7-8-46-44-43-40-38-41-35-37-54-68-55-1-3-4-60-53-10-13-17-25-26-0,7993.1664169009355,seed702_explore_lns_start3_mixed_best_rm25_tw12
0-28-27-29-38-40-44-41-61-6-7-8-3-46-53-66-20-56-50-32-34-54-43-37-35-68-55-70-1-4-60-17-13-58-25-48-24-0,7993.76219411403,seed601_lns_start66_late_best_rm8_tw12
0-28-27-31-38-40-44-41-61-6-7-8-3-46-53-66-20-56-50-32-34-54-43-37-35-68-55-70-1-4-60-17-13-58-25-48-24-0,7994.733339954774,seed605_lns_start35_late_best_rm8_tw10
0-63-33-31-38-40-44-41-61-6-7-8-3-46-53-66-20-56-50-32-34-54-43-37-35-68-55-70-1-4-60-17-13-58-25-48-24-0,7996.295917967725,seed605_lns_start86_late_best_rm8_tw10
0-39-36-42-5-45-2-69-65-12-14-47-16-15-11-9-52-57-64-19-23-21-18-49-22-51-62-67-29-30-28-34-50-26-0,7997.614217876038,seed608_lns_start80_late_regret_rm8_tw8_guarded
0-33-27-29-38-40-44-41-61-6-7-8-3-46-53-66-20-56-50-32-34-54-43-37-35-68-55-70-1-4-60-17-13-58-25-48-24-0,7997.8379754391135,seed604_lns_start30_late_best_rm8_tw10
0-33-27-31-38-40-44-41-61-6-7-8-3-46-53-66-20-56-50-32-34-54-43-37-35-68-55-70-1-4-60-17-13-58-25-48-24-0,7998.809121279858,seed604_lns_start10_late_best_rm8_tw10
0-33-28-29-31-38-40-44-41-61-6-8-3-46-7-10-53-66-56-50-54-43-37-35-68-55-70-1-4-60-17-13-58-25-48-20-24-32-0,8003.293099594819,seed604_lns_start27_late_best_rm8_tw8
0-63-27-29-38-40-44-41-61-6-7-8-3-46-53-66-20-56-50-32-34-54-43-37-35-68-55-70-1-4-60-17-13-58-25-48-24-0,8004.809957152477,seed608_lns_start55_late_random_best_rm8_tw10
0-39-36-42-5-45-2-69-12-14-47-16-15-11-9-52-57-22-49-19-18-51-63-30-28-31-29-27-26-32-67-34-20-55-13-17-48-0,8005.161755161085,seed702_explore_lns_start26_late_regret_rm25_tw12
0-63-27-31-38-40-44-41-61-6-7-8-3-46-53-66-20-56-50-32-34-54-43-37-35-68-55-70-1-4-60-17-13-58-25-48-24-0,8005.781102993223,seed608_lns_start29_late_best_rm8_tw6
0-33-28-27-29-38-40-44-41-61-6-8-3-46-7-10-53-66-56-50-54-43-37-35-68-55-70-1-4-60-17-13-58-25-48-20-24-32-0,8007.767740841785,seed601_lns_start33_late_best_rm8_tw15
0-63-33-28-31-38-40-44-41-61-6-8-3-46-7-10-53-66-56-50-54-43-37-35-68-55-70-1-4-60-17-13-58-25-48-20-24-32-0,8010.499684827804,seed607_lns_start85_late_best_rm8_tw15
0-63-33-28-29-38-40-44-41-61-6-8-3-46-7-10-53-66-56-50-54-43-37-35-68-55-70-1-4-60-17-13-58-25-48-20-24-32-0,8010.510579556761,seed603_lns_start35_late_regret_rm8_tw12
0-39-36-42-5-45-2-69-12-14-47-16-15-11-9-59-52-64-23-21-18-49-22-51-63-67-29-28-26-32-34-50-35-68-70-1-60-13-25-0,8017.354963047478,seed701_explore_lns_start60_mixed_random_best_rm25_tw15
0-59-63-33-31-27-29-62-67-64-53-61-44-38-40-6-8-46-43-37-41-35-54-68-70-7-3-1-4-60-10-13-17-66-56-50-0,8031.612085264834,seed701_explore_lns_start46_late_regret_rm25_tw12
0-36-42-5-45-2-69-12-14-47-16-15-11-59-9-52-57-64-49-19-23-21-18-22-51-63-62-33-30-35-0,8034.639148800006,seed605_lns_start76_mixed_random_best_rm8_tw10
0-39-36-42-5-45-2-69-65-12-14-47-16-15-11-9-59-52-57-64-19-23-21-18-49-22-20-51-63-67-50-27-26-32-56-48-17-0,8039.875294372488,seed702_explore_lns_start16_late_regret_rm20_tw6
0-63-28-38-40-44-41-61-6-7-8-3-46-53-20-66-56-54-43-37-35-68-55-70-1-4-60-17-13-58-25-48-24-34-26-0,8046.241234841104,seed601_lns_start4_late_random_best_rm8_tw8
0-39-36-42-5-45-2-47-14-12-65-52-59-16-15-11-9-57-64-19-23-21-18-49-22-51-63-62-30-20-0,8056.31450946282,seed605_lns_start77_mixed_regret_rm8_tw6
0-63-33-28-27-29-31-62-67-11-53-61-44-3-46-8-7-6-41-38-40-43-35-37-34-50-56-66-57-10-4-60-17-13-58-25-20-0,8064.547080636445,seed702_explore_lns_start18_mixed_best_rm25_tw10
0-33-29-61-45-40-38-44-41-6-8-3-46-7-10-53-66-56-50-32-26-34-54-43-37-35-68-55-70-1-4-60-17-13-58-25-48-0,8065.927389287852,seed604_lns_start65_random_regret_rm6_tw12
0-33-28-29-31-38-40-44-41-61-6-8-3-46-7-10-53-66-56-50-34-54-43-37-35-68-55-70-1-4-60-17-13-58-25-48-20-24-0,8066.69192893383,seed602_lns_start51_late_best_rm8_tw6
0-63-33-29-31-38-40-44-41-61-6-8-3-46-7-10-53-66-56-50-34-54-43-37-35-68-55-70-1-4-60-17-13-58-25-48-20-24-0,8072.073404549838,seed604_lns_start60_late_regret_rm8_tw12
0-63-28-29-31-38-40-44-41-61-6-8-3-46-7-10-53-66-56-50-34-54-43-37-35-68-55-70-1-4-60-17-13-58-25-48-20-24-0,8074.455061439161,seed601_lns_start35_late_random_best_rm8_tw12
0-31-29-27-61-44-40-38-53-3-46-8-7-6-43-41-37-54-66-56-50-34-26-32-20-24-48-25-58-13-17-10-60-70-1-35-0,8078.755232447686,seed605_lns_start64_mixed_random_best_rm6_tw15
0-63-28-27-29-38-40-44-41-61-6-8-3-46-7-10-53-66-56-50-34-54-43-37-35-68-55-70-1-4-60-17-13-58-25-48-20-24-0,8078.929702686127,seed602_lns_start2_late_regret_rm8_tw6
0-63-28-27-31-38-40-44-41-61-6-8-3-46-7-10-53-66-56-50-34-54-43-37-35-68-55-70-1-4-60-17-13-58-25-48-20-24-0,8079.900848526872,seed601_lns_start26_late_random_best_rm8_tw15
0-31-61-63-41-38-40-44-3-6-46-8-7-53-20-66-54-43-37-35-68-55-70-4-1-60-17-13-58-25-48-24-32-26-0,8083.5380444021375,seed605_lns_start54_late_best_rm8_tw8
0-65-33-63-64-23-21-28-27-29-62-67-61-41-38-44-40-53-7-6-8-46-3-4-1-43-35-37-54-68-66-20-24-48-25-58-10-60-70-26-0,8098.434637476917,seed702_explore_lns_start31_late_random_best_rm20_tw15
0-65-64-62-33-30-28-27-29-67-61-53-6-7-8-46-3-44-38-40-43-41-37-35-54-68-55-70-1-4-60-17-10-24-25-48-66-56-34-0,8100.315839382442,seed702_explore_lns_start59_late_best_rm20_tw10
0-39-42-5-45-2-69-64-12-14-47-16-15-11-9-57-22-49-19-18-51-63-62-67-33-30-27-26-32-34-50-56-20-66-10-17-60-48-0,8108.448766046126,seed702_explore_lns_start15_late_best_rm25_tw15
0-39-36-42-5-45-2-69-65-12-14-47-16-15-11-9-59-52-57-23-18-19-49-22-64-51-63-30-31-34-67-50-26-32-25-24-0,8120.38964031796,seed701_explore_lns_start29_late_regret_rm20_tw8
0-59-62-31-29-27-28-30-67-64-52-53-7-8-61-44-41-38-40-43-37-6-46-4-1-60-10-13-58-25-20-24-66-50-34-32-35-70-0,8122.406417291977,seed702_explore_lns_start56_mixed_regret_rm25_tw15
0-31-27-33-63-7-41-38-40-44-61-3-46-8-6-10-53-66-56-50-54-43-37-35-68-55-70-1-4-60-17-13-58-25-48-20-24-0,8122.672248078249,seed608_lns_start87_late_regret_rm8_tw10
0-65-62-31-29-28-33-67-63-23-53-61-6-7-8-46-3-44-38-40-43-41-37-35-54-68-55-70-1-4-60-17-10-24-20-50-32-0,8126.700388351199,seed701_explore_lns_start16_late_regret_rm20_tw10
0-23-19-33-41-38-40-44-61-3-46-8-7-6-10-53-66-56-50-54-43-37-35-68-55-70-1-60-17-13-58-25-48-20-24-0,8131.035585224554,seed605_lns_start32_mixed_regret_rm8_tw8
0-65-59-64-23-21-30-28-27-29-31-62-67-61-41-44-38-40-3-46-8-7-6-53-55-68-54-37-35-1-4-17-13-10-24-20-48-25-56-70-0,8132.4989649309355,seed702_explore_lns_start79_mixed_random_best_rm25_tw12
0-63-33-28-27-31-62-19-42-39-36-40-38-41-61-53-6-7-8-46-3-44-43-37-35-54-34-26-50-56-68-55-70-1-4-13-58-25-20-0,8134.1267917114965,seed701_explore_lns_start6_late_best_rm25_tw10
0-59-29-61-38-40-44-41-53-6-7-8-46-3-66-56-50-32-26-34-43-37-35-54-68-70-1-60-17-10-13-58-48-20-24-0,8147.394928437248,seed607_lns_start76_random_best_rm5_tw12
0-39-36-42-5-45-2-69-65-12-14-47-16-15-11-9-59-52-57-64-19-23-21-18-49-20-51-62-67-30-29-34-50-26-32-0,8150.148903628688,seed601_lns_start33_late_regret_rm8_tw15_guarded
0-31-29-27-61-44-40-38-41-6-7-8-3-46-53-66-56-50-32-26-34-54-43-37-35-68-55-70-1-60-17-10-13-58-48-20-24-0,8154.454643726922,seed606_lns_start76_mixed_best_rm8_tw10
0-39-36-42-5-45-2-69-12-14-47-16-15-11-9-59-23-19-49-51-62-67-33-28-29-27-26-32-34-50-56-66-57-10-60-35-48-0,8155.386882223134,seed702_explore_lns_start2_mixed_random_best_rm25_tw15
0-29-27-38-40-44-41-61-6-7-8-3-46-53-10-20-66-54-43-37-35-68-55-70-1-4-60-17-13-58-25-48-24-50-26-0,8157.53524797548,seed608_lns_start16_late_best_rm8_tw12
0-28-27-29-31-38-40-44-41-61-6-8-3-46-7-10-53-66-56-50-26-34-54-43-37-35-68-55-70-1-4-60-17-13-58-25-48-24-0,8160.439454209665,seed606_lns_start0_late_random_best_rm8_tw15
0-28-27-38-40-44-41-61-6-7-8-3-46-53-10-20-66-54-43-37-35-68-55-70-1-4-60-17-13-58-25-48-24-50-26-0,8161.878220434509,seed607_lns_start39_late_regret_rm8_tw6
0-33-28-38-40-44-41-61-6-7-8-3-46-53-10-20-66-54-43-37-35-68-55-70-1-4-60-17-13-58-25-48-24-50-26-0,8162.9204846381435,seed605_lns_start49_late_regret_rm8_tw8
0-63-31-38-40-44-41-61-6-7-8-3-46-53-10-20-66-54-43-37-35-68-55-70-1-4-60-17-13-58-25-48-24-50-26-0,8163.011944373483,seed607_lns_start78_late_best_rm8_tw15
0-33-28-27-29-38-40-44-41-61-6-8-3-46-7-10-53-66-56-50-26-34-54-43-37-35-68-55-70-1-4-60-17-13-58-25-48-24-0,8163.835231232161,seed606_lns_start50_late_regret_rm8_tw6
0-33-27-29-31-38-40-44-41-61-6-8-3-46-7-10-53-66-56-50-26-34-54-43-37-35-68-55-70-1-4-60-17-13-58-25-48-24-0,8164.515235534749,seed604_lns_start23_late_best_rm8_tw12
0-63-33-29-31-38-40-44-41-61-6-8-3-46-7-10-53-66-56-50-26-34-54-43-37-35-68-55-70-1-4-60-17-13-58-25-48-24-0,8164.742065601204,seed606_lns_start46_late_best_rm8_tw12
0-33-28-27-31-38-40-44-41-61-6-8-3-46-7-10-53-66-56-50-26-34-54-43-37-35-68-55-70-1-4-60-17-13-58-25-48-24-0,8164.806377072906,seed608_lns_start46_late_regret_rm8_tw6
0-33-27-38-40-44-41-61-6-7-8-3-46-53-10-20-66-54-43-37-35-68-55-70-1-4-60-17-13-58-25-48-24-50-26-0,8165.954001759594,seed605_lns_start38_late_best_rm8_tw15
0-63-33-28-31-38-40-44-41-61-6-8-3-46-7-10-53-66-56-50-26-34-54-43-37-35-68-55-70-1-4-60-17-13-58-25-48-24-0,8166.567175218181,seed602_lns_start3_late_best_rm8_tw8
0-63-33-28-29-38-40-44-41-61-6-8-3-46-7-10-53-66-56-50-26-34-54-43-37-35-68-55-70-1-4-60-17-13-58-25-48-24-0,8166.578069947137,seed601_lns_start13_late_regret_rm8_tw12
0-63-28-29-31-38-40-44-41-61-6-8-3-46-7-10-53-66-56-50-26-34-54-43-37-35-68-55-70-1-4-60-17-13-58-25-48-24-0,8167.123722490527,seed602_lns_start4_late_best_rm8_tw8
0-63-33-28-27-38-40-44-41-61-6-8-3-46-7-10-53-66-56-50-26-34-54-43-37-35-68-55-70-1-4-60-17-13-58-25-48-24-0,8169.827082748063,seed601_lns_start10_late_best_rm8_tw12
0-63-33-27-29-38-40-44-41-61-6-8-3-46-7-10-53-66-56-50-26-34-54-43-37-35-68-55-70-1-4-60-17-13-58-25-48-24-0,8171.732715496691,seed601_lns_start24_late_best_rm8_tw15
0-63-28-27-31-38-40-44-41-61-6-8-3-46-7-10-53-66-56-50-26-34-54-43-37-35-68-55-70-1-4-60-17-13-58-25-48-24-0,8172.569509578238,seed605_lns_start87_late_best_rm8_tw12
0-63-33-27-31-38-40-44-41-61-6-8-3-46-7-10-53-66-56-50-26-34-54-43-37-35-68-55-70-1-4-60-17-13-58-25-48-24-0,8172.703861337435,seed605_lns_start48_late_regret_rm8_tw8
0-28-59-61-44-40-38-41-6-7-8-3-53-10-57-20-66-56-32-34-50-54-68-70-1-4-46-60-17-13-58-25-24-37-43-0,8174.684169722211,seed603_lns_start74_random_best_rm8_tw6
0-39-36-42-5-45-2-69-65-12-14-47-16-15-11-9-59-52-57-64-19-23-21-18-49-22-51-63-62-33-56-66-0,8178.575160707482,seed605_lns_start61_mixed_random_best_rm8_tw6
0-39-42-5-45-2-69-65-12-14-47-16-15-11-59-9-52-64-22-49-19-23-21-18-51-62-67-33-31-34-26-32-50-68-1-4-24-0,8186.246814747561,seed701_explore_lns_start40_mixed_regret_rm25_tw15
0-39-36-42-5-45-2-69-65-12-14-47-16-15-11-9-59-52-57-19-23-21-18-49-22-64-51-62-67-29-30-32-56-0,8188.020376361565,seed603_lns_start49_late_random_best_rm8_tw12
0-39-36-42-5-45-2-69-65-12-14-47-16-15-11-9-59-52-57-19-23-21-18-49-22-64-51-62-67-30-29-34-32-0,8191.910738568903,seed606_lns_start10_late_regret_rm8_tw10
0-39-36-42-5-45-2-69-65-12-14-47-16-15-11-9-59-52-57-49-19-21-18-22-64-30-28-29-31-26-32-34-50-56-66-10-17-24-58-0,8194.738463685082,seed701_explore_lns_start37_late_best_rm20_tw6
0-39-36-42-5-45-2-69-65-12-14-47-16-15-11-9-59-52-57-19-23-21-18-49-22-64-51-62-67-30-29-26-0,8196.041769970743,seed604_lns_start75_late_regret_rm8_tw6
0-39-36-42-5-45-2-69-65-12-14-47-16-15-11-9-59-52-57-19-23-21-18-49-22-64-51-62-67-30-29-26-32-0,8196.596641573635,seed603_lns_start2_late_best_rm8_tw8
0-65-63-27-28-31-62-19-21-23-52-53-61-41-38-40-45-46-6-7-8-3-44-43-37-35-54-50-56-66-68-70-1-4-60-10-13-58-25-20-0,8199.249029535353,seed701_explore_lns_start72_late_random_best_rm25_tw15
0-39-36-42-5-45-2-69-65-12-14-47-16-15-11-9-59-52-57-64-22-19-23-21-18-49-51-62-67-29-30-0,8202.62383040713,seed606_lns_start27_late_regret_rm8_tw12
0-63-31-38-40-44-41-61-7-8-3-46-6-10-53-66-56-50-32-26-34-54-43-37-35-68-55-70-1-60-13-24-25-48-20-0,8204.642642198061,seed605_lns_start71_random_best_rm6_tw10
0-31-27-28-33-7-41-38-40-44-61-3-46-8-6-10-53-66-56-50-34-54-43-37-35-68-55-70-1-4-60-17-13-58-25-48-24-0,8213.64297372127,seed605_lns_start56_late_best_rm8_tw12
0-27-28-33-63-7-41-38-40-44-61-3-46-8-6-10-53-66-56-50-34-54-43-37-35-68-55-70-1-4-60-17-13-58-25-48-24-0,8222.28520032776,seed601_lns_start86_late_regret_rm8_tw8
0-64-63-61-38-40-44-41-53-6-7-8-46-3-66-56-50-32-26-34-43-37-35-54-68-55-60-17-10-13-58-25-48-20-24-70-0,8234.90817200534,seed606_lns_start80_random_regret_rm4_tw6
0-39-36-42-5-45-2-69-12-14-47-16-15-11-9-59-52-57-22-49-19-18-51-63-62-67-33-30-31-26-32-34-50-56-66-20-58-0,8248.118553751576,seed702_explore_lns_start36_mixed_random_best_rm20_tw6
0-33-28-27-63-64-59-18-51-62-67-38-40-41-61-53-6-7-8-46-3-44-43-37-35-54-68-1-4-60-10-13-24-20-25-34-0,8249.239187542615,seed701_explore_lns_start80_mixed_best_rm25_tw10
0-39-36-42-5-45-2-69-65-12-14-47-16-15-11-9-59-52-57-64-19-23-21-18-49-22-51-62-67-30-29-26-20-0,8251.02475407588,seed601_lns_start40_late_regret_rm8_tw12
0-65-39-36-42-5-45-2-12-14-47-16-15-11-9-52-57-64-22-19-21-18-49-51-63-62-67-30-29-28-26-32-34-50-56-55-13-24-70-0,8256.200105779684,seed702_explore_lns_start59_mixed_regret_rm25_tw6
0-39-36-42-5-45-2-69-65-12-14-47-16-15-11-9-59-52-57-64-19-23-21-18-49-22-51-62-67-30-29-34-50-26-0,8257.021662882184,seed603_lns_start47_late_regret_rm8_tw10_guarded
0-31-29-27-61-38-40-44-41-53-6-7-8-46-3-66-56-50-32-26-34-43-37-35-54-68-55-60-17-10-13-58-25-48-20-24-70-0,8258.286357884446,seed604_lns_start1_mixed_random_best_rm5_tw10
0-39-36-42-45-2-69-12-14-47-16-15-11-59-9-52-57-64-49-19-23-21-18-22-51-63-62-67-27-32-34-50-56-66-20-24-58-13-17-60-0,8261.482820119774,seed701_explore_lns_start63_late_best_rm25_tw15
0-39-36-42-5-45-2-69-65-12-14-47-16-15-11-9-59-52-57-64-19-23-21-18-49-22-51-62-67-31-30-20-0,8281.396175962607,seed604_lns_start24_late_best_rm8_tw6
0-39-42-5-45-2-69-65-12-14-47-16-15-11-59-52-57-64-19-23-21-18-49-22-51-63-33-30-62-9-70-0,8281.493845353236,seed606_lns_start41_mixed_regret_rm8_tw12
0-39-42-5-45-2-69-65-12-14-47-16-15-11-59-52-57-64-19-23-21-18-49-22-51-63-33-30-62-9-54-0,8289.150974039083,seed602_lns_start9_mixed_regret_rm8_tw10
0-39-36-42-5-45-2-69-65-12-14-47-16-15-11-9-59-52-57-64-19-23-21-18-49-22-51-62-67-31-30-32-20-0,8289.16349043803,seed604_lns_start13_late_regret_rm8_tw8
0-39-42-5-45-2-69-65-12-14-47-16-15-11-59-52-57-64-19-23-21-18-49-22-51-63-33-30-62-9-58-0,8292.310070185076,seed605_lns_start86_mixed_regret_rm8_tw15
0-39-36-42-5-45-2-69-65-12-14-47-16-15-11-9-59-52-57-64-22-49-19-23-21-18-51-62-67-30-29-34-0,8295.89923369315,seed605_lns_start72_late_best_rm8_tw6
0-39-36-42-5-45-2-69-65-12-14-47-16-15-11-9-59-52-57-64-22-49-19-23-21-18-51-62-67-29-30-32-0,8296.752547920887,seed608_lns_start46_late_random_best_rm8_tw12
0-39-42-5-45-2-69-65-12-14-47-16-15-11-59-52-57-64-19-23-21-18-49-22-51-63-33-30-62-9-25-0,8303.97324102705,seed608_lns_start37_mixed_best_rm8_tw8
0-39-42-5-45-2-69-65-12-14-47-16-15-11-59-52-57-64-19-23-21-18-49-22-51-63-33-30-62-9-56-55-0,8305.802823767724,seed602_lns_start32_mixed_regret_rm8_tw6
0-33-28-29-38-40-44-41-61-6-7-8-3-46-53-20-66-56-50-32-34-54-43-37-35-68-55-70-1-4-60-17-13-58-25-48-24-0,8308.098837300093,seed605_lns_start2_late_random_best_rm8_tw12
0-39-36-42-5-45-2-69-12-14-47-16-15-11-59-52-57-64-49-23-21-18-19-22-51-63-33-30-62-9-0,8318.333779357206,seed604_lns_start21_mixed_best_rm8_tw8
0-33-31-38-40-44-41-61-6-7-8-3-46-53-10-20-66-54-43-37-35-68-55-70-1-4-60-17-13-58-25-48-24-50-34-0,8325.570325978075,seed601_lns_start44_late_regret_rm8_tw12
0-62-31-44-61-41-38-40-3-46-7-8-6-10-53-55-68-54-37-35-43-1-4-60-17-13-58-25-48-20-24-66-56-50-70-0,8329.95674875125,seed608_lns_start67_mixed_regret_rm6_tw10
0-33-28-38-40-44-41-61-6-7-8-3-46-53-10-20-66-54-43-37-35-68-55-70-1-4-60-17-13-58-25-48-24-50-34-0,8330.070717843915,seed608_lns_start82_late_best_rm8_tw8
0-63-33-38-40-44-41-61-6-7-8-3-46-53-10-20-66-54-43-37-35-68-55-70-1-4-60-17-13-58-25-48-24-50-34-0,8330.962933674262,seed604_lns_start14_late_regret_rm8_tw15
0-33-27-38-40-44-41-61-6-7-8-3-46-53-10-20-66-54-43-37-35-68-55-70-1-4-60-17-13-58-25-48-24-50-34-0,8333.104234965365,seed605_lns_start85_late_random_best_rm8_tw15
0-39-36-42-5-45-2-69-65-12-14-47-16-15-11-9-59-52-57-19-23-21-18-49-22-64-51-62-67-31-30-32-66-0,8338.492409772303,seed603_lns_start1_late_regret_rm8_tw8
0-39-36-42-5-45-2-69-65-12-14-47-16-15-11-9-59-52-57-19-23-21-18-49-22-64-51-62-67-31-30-34-32-0,8340.21893232384,seed608_lns_start22_late_random_best_rm8_tw8
0-33-27-31-61-44-40-38-41-6-7-8-3-46-53-10-20-66-56-50-32-26-34-54-43-37-35-68-55-70-1-4-60-17-13-58-24-0,8340.258396208917,seed608_lns_start18_random_best_rm8_tw10
0-33-31-38-40-44-41-61-6-7-8-3-46-53-10-20-66-54-43-37-35-68-55-70-1-4-60-17-13-58-25-48-24-34-26-0,8343.140708869776,seed605_lns_start35_late_regret_rm8_tw12
0-39-36-42-5-45-2-69-65-12-14-47-16-15-11-9-59-52-57-19-23-21-18-49-22-64-51-62-67-31-30-26-0,8343.44794401897,seed605_lns_start11_late_regret_rm8_tw8
0-33-28-38-40-44-41-61-6-7-8-3-46-53-10-20-66-54-43-37-35-68-55-70-1-4-60-17-13-58-25-48-24-34-26-0,8347.641100735615,seed602_lns_start76_late_best_rm8_tw6
0-63-31-38-40-44-41-61-6-7-8-3-46-53-10-20-66-54-43-37-35-68-55-70-1-4-60-17-13-58-25-48-24-34-26-0,8347.732560470955,seed604_lns_start19_late_regret_rm8_tw15
0-63-33-38-40-44-41-61-6-7-8-3-46-53-10-20-66-54-43-37-35-68-55-70-1-4-60-17-13-58-25-48-24-34-26-0,8348.533316565961,seed604_lns_start14_late_best_rm8_tw8
0-63-29-38-40-44-41-61-6-7-8-3-46-53-10-20-66-54-43-37-35-68-55-70-1-4-60-17-13-58-25-48-24-34-26-0,8350.457113668945,seed602_lns_start68_late_regret_rm8_tw12
0-39-36-42-5-45-2-69-65-12-14-47-16-15-11-9-59-52-57-19-23-21-18-49-22-64-51-62-67-31-30-34-26-0,8353.459235801314,seed601_lns_start7_late_regret_rm8_tw10
0-63-28-38-40-44-41-61-6-7-8-3-46-53-10-20-66-54-43-37-35-68-55-70-1-4-60-17-13-58-25-48-24-34-26-0,8355.404233240946,seed601_lns_start70_late_regret_rm8_tw12
0-63-27-38-40-44-41-61-6-7-8-3-46-53-10-20-66-54-43-37-35-68-55-70-1-4-60-17-13-58-25-48-24-34-26-0,8357.64659957043,seed607_lns_start72_late_best_rm8_tw10
0-39-42-5-45-2-69-65-12-14-47-16-15-11-9-59-52-57-64-19-23-21-18-49-22-51-63-33-30-62-32-35-0,8362.948855033414,seed603_lns_start10_mixed_random_best_rm8_tw8
0-39-36-42-5-45-2-69-65-12-14-47-16-15-11-9-59-52-57-22-19-23-21-18-49-51-64-67-62-30-29-34-50-26-32-0,8367.560630881395,seed604_lns_start36_late_regret_rm8_tw6_guarded
0-59-63-62-33-29-27-30-67-38-40-44-41-61-51-18-20-10-53-6-7-8-46-4-3-43-37-35-54-68-55-70-1-60-17-66-24-48-32-0,8371.546871615537,seed702_explore_lns_start58_late_regret_rm25_tw15
0-31-28-33-63-7-41-38-40-44-61-3-46-8-6-10-53-66-56-54-43-37-35-68-55-70-1-4-60-17-13-58-25-48-24-34-32-0,8373.861229158978,seed604_lns_start49_late_regret_rm8_tw15
0-31-27-28-33-7-41-38-40-44-61-3-46-8-6-10-53-66-56-54-43-37-35-68-55-70-1-4-60-17-13-58-25-48-20-24-26-0,8379.044861456,seed607_lns_start36_late_random_best_rm8_tw15
0-39-36-42-5-45-2-69-65-12-14-47-16-15-11-9-59-52-57-64-19-23-21-18-49-22-51-62-67-31-30-26-20-0,8384.696638030122,seed603_lns_start82_late_regret_rm8_tw15
0-27-28-33-63-7-41-38-40-44-61-3-46-8-6-10-53-66-56-54-43-37-35-68-55-70-1-4-60-17-13-58-25-48-20-24-26-0,8387.68708806249,seed605_lns_start36_late_random_best_rm8_tw15
0-39-42-5-45-2-69-65-12-14-47-16-15-11-59-52-57-64-19-23-21-18-49-22-51-63-33-30-62-9-25-35-0,8389.063024461115,seed608_lns_start7_mixed_best_rm8_tw8
0-33-28-27-29-38-40-44-41-61-6-8-3-46-7-10-53-66-56-50-54-43-37-35-68-55-70-1-4-60-17-13-58-25-48-24-32-26-0,8389.316203317661,seed604_lns_start30_late_best_rm8_tw8
0-63-33-29-31-38-40-44-41-61-6-8-3-46-7-10-53-66-56-50-54-43-37-35-68-55-70-1-4-60-17-13-58-25-48-24-32-26-0,8390.223037686705,seed607_lns_start23_late_best_rm8_tw12
0-33-28-27-31-38-40-44-41-61-6-8-3-46-7-10-53-66-56-50-54-43-37-35-68-55-70-1-4-60-17-13-58-25-48-24-32-26-0,8390.287349158407,seed603_lns_start29_late_regret_rm8_tw15
0-63-33-28-31-38-40-44-41-61-6-8-3-46-7-10-53-66-56-50-54-43-37-35-68-55-70-1-4-60-17-13-58-25-48-24-32-26-0,8392.048147303682,seed607_lns_start11_late_regret_rm8_tw6
0-63-33-28-29-38-40-44-41-61-6-8-3-46-7-10-53-66-56-50-54-43-37-35-68-55-70-1-4-60-17-13-58-25-48-24-32-26-0,8392.059042032637,seed605_lns_start75_late_best_rm8_tw12
0-39-36-42-5-45-2-69-65-12-14-47-16-15-11-9-59-52-57-64-22-19-23-21-18-51-62-67-31-30-49-0,8394.847539621414,seed603_lns_start71_late_regret_rm8_tw10
0-63-28-27-31-38-40-44-41-61-6-8-3-46-7-10-53-66-56-50-54-43-37-35-68-55-70-1-4-60-17-13-58-25-48-24-32-26-0,8398.050481663739,seed604_lns_start33_late_best_rm8_tw6
0-63-33-27-31-38-40-44-41-61-6-8-3-46-7-10-53-66-56-50-54-43-37-35-68-55-70-1-4-60-17-13-58-25-48-24-32-26-0,8398.184833422936,seed601_lns_start80_late_regret_rm8_tw8
0-65-31-29-33-30-67-62-63-21-23-64-61-6-7-8-46-44-40-38-41-43-37-35-54-68-70-1-3-4-60-53-17-13-25-24-50-32-0,8398.429951971226,seed701_explore_lns_start16_late_random_best_rm25_tw12
0-39-36-42-5-45-2-69-65-12-14-47-16-15-11-9-52-57-64-22-19-23-21-18-51-62-67-30-28-33-49-60-0,8400.588526687645,seed606_lns_start1_mixed_best_rm8_tw6
0-27-59-7-61-41-44-40-38-8-46-6-53-10-20-56-54-37-43-1-3-4-70-68-55-60-17-13-58-25-48-24-34-26-0,8410.315985934149,seed607_lns_start58_mixed_random_best_rm8_tw10
0-31-29-28-33-7-41-38-40-44-61-3-46-8-6-10-53-66-56-54-43-37-35-68-55-70-1-4-60-17-13-58-25-48-24-34-32-0,8420.500758743001,seed603_lns_start81_late_regret_rm8_tw15
0-39-36-42-5-45-2-69-12-14-47-16-15-11-9-57-64-22-49-19-18-51-62-67-30-31-29-27-28-26-32-34-50-56-66-20-24-60-0,8420.527092622828,seed702_explore_lns_start39_late_best_rm25_tw10
0-31-29-28-33-7-41-38-40-44-61-3-46-8-6-10-53-66-56-54-43-37-35-68-55-70-1-4-60-17-13-58-25-48-20-24-26-0,8428.179182576863,seed605_lns_start66_late_regret_rm8_tw12
0-39-36-5-45-2-69-65-12-14-47-16-15-11-9-52-57-64-49-23-21-18-19-22-51-30-28-27-29-31-26-34-50-20-32-0,8436.624550970897,seed602_lns_start52_mixed_regret_rm8_tw15_guarded
0-28-29-31-38-40-44-41-61-6-7-8-3-46-53-10-20-66-56-50-54-43-37-35-68-55-70-1-4-60-17-13-58-25-48-24-32-0,8438.57139156833,seed601_lns_start27_late_regret_rm8_tw6
0-39-36-42-5-45-2-69-65-12-14-47-16-15-11-9-59-52-57-22-19-23-21-18-49-51-67-31-27-28-32-56-20-66-10-17-58-25-0,8441.385450021076,seed701_explore_lns_start36_late_random_best_rm20_tw8
0-33-28-31-38-40-44-41-61-6-7-8-3-46-53-10-20-66-56-50-54-43-37-35-68-55-70-1-4-60-17-13-58-25-48-24-32-0,8441.95627386187,seed601_lns_start53_late_regret_rm8_tw6
0-33-28-29-38-40-44-41-61-6-7-8-3-46-53-10-20-66-56-50-54-43-37-35-68-55-70-1-4-60-17-13-58-25-48-24-32-0,8441.967168590827,seed607_lns_start28_late_regret_rm8_tw15
0-39-36-42-5-45-2-69-65-12-14-47-16-15-11-9-59-52-57-64-22-49-19-23-21-18-51-62-67-31-30-32-0,8443.020681807202,seed602_lns_start87_late_best_rm8_tw8
0-28-27-29-38-40-44-41-61-6-7-8-3-46-53-10-20-66-56-50-54-43-37-35-68-55-70-1-4-60-17-13-58-25-48-24-32-0,8443.046032815297,seed602_lns_start21_late_regret_rm8_tw15
0-39-36-42-5-45-2-69-65-12-14-47-16-15-11-9-59-52-57-64-22-49-19-23-21-18-51-62-67-31-30-50-0,8443.0465593591,seed601_lns_start73_late_regret_rm8_tw12
0-59-63-64-33-30-27-29-31-38-41-42-44-6-3-46-8-7-53-61-54-43-40-37-35-1-4-70-68-55-60-17-13-58-25-48-50-34-32-0,8443.7700006526,seed701_explore_lns_start49_late_random_best_rm25_tw12
0-27-64-61-5-40-38-44-41-6-8-3-46-7-10-53-66-56-50-32-26-34-54-43-37-35-68-55-70-1-4-60-58-25-24-20-0,8443.97710281635,seed608_lns_start10_random_random_best_rm8_tw15
0-28-27-31-38-40-44-41-61-6-7-8-3-46-53-10-20-66-56-50-54-43-37-35-68-55-70-1-4-60-17-13-58-25-48-24-32-0,8444.017178656042,seed601_lns_start80_late_random_best_rm8_tw8
0-39-36-42-5-45-2-69-65-12-14-47-16-15-11-9-59-52-57-64-22-49-19-23-21-18-51-62-67-31-30-34-50-0,8445.114456639703,seed601_lns_start56_late_regret_rm8_tw15
0-63-29-31-38-40-44-41-61-6-7-8-3-46-53-10-20-66-56-50-54-43-37-35-68-55-70-1-4-60-17-13-58-25-48-24-32-0,8445.67868150622,seed608_lns_start53_late_regret_rm8_tw10
0-33-28-27-29-38-40-44-41-61-6-8-3-46-7-10-53-66-56-54-43-37-35-68-55-70-1-4-60-17-13-58-25-48-20-24-32-26-0,8446.050693944135,seed606_lns_start44_late_random_best_rm8_tw15
0-33-27-29-31-38-40-44-41-61-6-8-3-46-7-10-53-66-56-54-43-37-35-68-55-70-1-4-60-17-13-58-25-48-20-24-32-26-0,8446.730698246723,seed603_lns_start47_late_regret_rm8_tw10
0-33-27-29-38-40-44-41-61-6-7-8-3-46-53-10-20-66-56-50-54-43-37-35-68-55-70-1-4-60-17-13-58-25-48-24-32-0,8447.12181414038,seed607_lns_start65_late_best_rm8_tw15
0-39-36-42-5-45-2-69-65-12-14-47-16-15-11-9-59-52-57-64-22-49-19-23-21-18-51-62-67-31-30-56-0,8447.297602821507,seed608_lns_start2_late_best_rm8_tw8
0-63-33-29-38-40-44-41-61-6-7-8-3-46-53-10-20-66-56-50-54-43-37-35-68-55-70-1-4-60-17-13-58-25-48-24-32-0,8447.348644206835,seed603_lns_start5_late_random_best_rm8_tw6
0-33-27-31-38-40-44-41-61-6-7-8-3-46-53-10-20-66-56-50-54-43-37-35-68-55-70-1-4-60-17-13-58-25-48-24-32-0,8448.092959981126,seed601_lns_start24_late_best_rm8_tw10
0-63-33-28-29-38-40-44-41-61-6-8-3-46-7-10-53-66-56-54-43-37-35-68-55-70-1-4-60-17-13-58-25-48-20-24-32-26-0,8448.79353265911,seed602_lns_start46_late_regret_rm8_tw12
0-63-28-29-38-40-44-41-61-6-7-8-3-46-53-10-20-66-56-50-54-43-37-35-68-55-70-1-4-60-17-13-58-25-48-24-32-0,8449.730301096159,seed606_lns_start76_late_regret_rm8_tw12
0-63-33-28-38-40-44-41-61-6-7-8-3-46-53-10-20-66-56-50-54-43-37-35-68-55-70-1-4-60-17-13-58-25-48-24-32-0,8450.080148534833,seed606_lns_start50_late_random_best_rm8_tw6
0-39-36-42-5-45-2-69-65-12-14-47-16-15-11-9-59-52-57-19-23-21-18-49-22-64-51-62-67-30-28-32-56-0,8451.115114737848,seed603_lns_start85_late_best_rm8_tw10
0-39-36-42-5-45-2-69-65-12-14-47-16-15-11-9-59-52-57-19-23-21-18-49-22-64-51-62-67-30-28-26-0,8452.274548508936,seed607_lns_start54_late_best_rm8_tw6
0-63-33-27-38-40-44-41-61-6-7-8-3-46-53-10-20-66-56-50-54-43-37-35-68-55-70-1-4-60-17-13-58-25-48-24-32-0,8453.113665656283,seed602_lns_start54_late_regret_rm8_tw10
0-63-27-29-38-40-44-41-61-6-7-8-3-46-53-10-20-66-56-50-54-43-37-35-68-55-70-1-4-60-17-13-58-25-48-24-32-0,8454.093795853745,seed603_lns_start51_late_regret_rm8_tw12
0-39-36-42-5-45-2-69-65-12-14-47-16-15-11-9-59-52-57-19-23-21-18-49-22-64-51-62-67-30-28-56-66-0,8455.30557018815,seed602_lns_start74_late_regret_rm8_tw8
0-39-36-42-5-45-2-69-65-12-14-47-16-15-11-9-59-52-57-19-23-21-18-49-22-64-51-62-67-30-28-32-66-0,8455.319014262272,seed602_lns_start64_late_best_rm8_tw12
0-39-42-5-45-2-12-14-47-16-15-11-69-65-64-52-57-23-21-18-19-49-22-51-62-67-33-30-28-34-50-56-66-20-9-13-24-0,8461.549431387133,seed702_explore_lns_start69_late_best_rm25_tw10
0-36-42-5-45-2-69-65-12-14-47-16-15-11-59-9-52-57-22-49-19-21-18-51-63-33-30-29-26-34-50-67-56-66-20-48-25-17-0,8464.555755899602,seed701_explore_lns_start64_late_best_rm25_tw12
0-39-36-42-5-45-2-69-65-12-14-47-16-15-11-9-59-52-57-64-22-19-23-21-18-49-51-62-67-30-28-0,8465.432121892149,seed602_lns_start77_late_regret_rm8_tw15
0-39-36-42-5-45-2-69-65-12-14-47-16-15-11-9-59-52-57-19-23-21-18-49-22-64-51-62-67-30-28-34-26-0,8469.057213663478,seed602_lns_start42_late_regret_rm8_tw12
0-39-36-42-5-45-2-69-65-12-14-47-16-15-11-9-52-57-64-22-19-23-21-18-51-62-67-30-28-33-49-17-70-1-0,8471.38852298549,seed602_lns_start80_mixed_regret_rm8_tw8
0-39-36-42-5-45-2-69-65-12-14-47-16-15-11-9-59-52-57-19-23-21-18-49-22-64-51-62-67-30-28-32-66-56-0,8480.029705874924,seed603_lns_start70_late_random_best_rm8_tw12
0-31-29-33-63-7-41-38-40-44-61-3-46-8-6-10-53-66-56-50-54-43-37-35-68-55-70-1-4-60-17-13-58-25-48-24-32-0,8487.370962928931,seed607_lns_start21_late_regret_rm8_tw8
0-39-36-42-5-45-2-69-65-12-14-47-16-15-11-9-59-52-57-19-23-21-18-49-22-64-51-62-67-30-28-26-50-0,8497.859841058165,seed603_lns_start50_late_random_best_rm8_tw10
0-39-36-42-5-45-2-69-65-12-14-47-16-15-11-9-59-52-57-19-23-21-18-49-22-64-51-62-67-30-27-32-0,8501.47967811318,seed601_lns_start51_late_random_best_rm8_tw15
0-39-36-42-5-45-2-69-65-12-14-47-16-15-11-9-59-52-57-19-23-21-18-49-22-64-51-62-67-30-27-56-0,8503.995082201956,seed606_lns_start57_late_regret_rm8_tw10
0-39-36-42-5-45-2-69-65-12-14-47-16-15-11-9-59-52-57-19-23-21-18-49-22-64-51-62-67-30-27-26-0,8504.490825378234,seed602_lns_start24_late_regret_rm8_tw10
0-39-36-42-5-45-2-69-65-12-14-47-16-15-11-9-59-52-57-64-19-21-18-49-22-51-63-62-33-30-26-0,8504.938701333363,seed607_lns_start84_mixed_regret_rm8_tw12
0-39-36-42-5-45-2-69-65-12-14-47-16-15-11-9-59-52-57-19-23-21-18-49-22-64-51-62-67-30-27-26-32-0,8505.045696981124,seed601_lns_start5_late_random_best_rm8_tw6
0-39-36-42-5-45-2-69-65-12-14-47-16-15-11-9-59-52-57-19-23-21-18-49-22-64-51-62-67-30-27-32-56-0,8505.7653727392,seed602_lns_start63_late_best_rm8_tw6
0-39-36-42-5-45-2-69-65-12-14-47-16-15-11-9-59-52-57-64-19-23-21-18-49-22-51-63-62-67-30-0,8515.664591868868,seed606_lns_start23_late_regret_rm8_tw8
0-39-36-42-5-45-2-69-65-12-14-47-16-15-11-9-59-52-57-64-19-23-21-18-49-22-51-63-62-67-30-32-0,8515.742963025357,seed606_lns_start81_late_regret_rm8_tw12
0-63-31-29-27-28-38-40-44-41-61-7-8-3-46-6-10-53-66-56-50-54-43-37-35-68-55-70-1-4-60-17-13-58-25-48-24-32-26-0,8518.015481502951,seed606_lns_start69_late_regret_rm8_tw15
0-64-62-61-44-38-40-53-6-7-8-46-3-66-56-50-32-34-41-43-37-35-54-68-55-60-17-10-13-58-25-48-20-24-70-1-0,8518.165081792487,seed605_lns_start43_random_random_best_rm6_tw10
0-39-36-42-5-45-2-69-65-12-14-47-16-15-11-9-59-52-57-64-19-23-21-18-49-22-51-63-62-67-30-56-0,8520.019884039662,seed608_lns_start73_late_regret_rm8_tw15
0-39-36-42-5-45-2-69-65-12-14-47-16-15-11-9-59-52-57-64-19-23-21-18-49-22-51-63-62-67-30-50-56-0,8520.455402860429,seed603_lns_start55_late_regret_rm8_tw6
0-39-36-42-5-45-2-69-65-12-14-47-16-15-11-9-59-52-57-64-19-23-21-18-49-22-51-63-62-67-30-66-0,8524.22141416134,seed607_lns_start71_late_regret_rm8_tw8
0-39-36-42-5-45-2-69-65-12-14-47-16-15-11-9-59-52-57-64-19-23-21-18-49-22-51-63-62-67-30-32-66-0,8524.232557175801,seed602_lns_start3_late_best_rm8_tw8
0-39-36-42-5-45-2-69-65-12-14-47-16-15-11-9-59-52-57-64-19-23-21-18-49-22-51-63-62-67-30-56-66-0,8524.25007693004,seed601_lns_start50_late_regret_rm8_tw10
0-39-36-42-5-45-2-69-65-12-14-47-16-15-11-9-59-52-57-64-22-19-23-21-18-49-51-62-67-30-27-26-56-0,8528.239527720716,seed602_lns_start17_late_regret_rm8_tw15
0-39-36-42-5-45-2-69-65-12-14-47-16-15-11-9-59-52-57-64-19-23-21-18-49-22-51-63-62-67-30-26-32-0,8529.742963025357,seed603_lns_start11_late_best_rm8_tw10
0-39-36-42-5-45-2-69-65-12-14-47-16-15-11-9-59-52-57-64-19-23-21-18-49-22-51-63-62-67-30-34-0,8531.857817922732,seed601_lns_start71_late_best_rm8_tw15
0-33-29-31-38-40-44-41-61-6-7-8-3-46-53-10-20-66-56-54-43-37-35-68-55-70-1-4-60-17-13-58-25-48-24-32-26-0,8532.411425806018,seed603_lns_start86_late_regret_rm8_tw8
0-39-36-42-5-45-2-69-65-12-14-47-16-15-11-9-59-52-57-64-22-19-23-21-18-49-51-62-67-30-27-26-66-0,8532.425064023362,seed602_lns_start35_late_random_best_rm8_tw10
0-33-28-31-38-40-44-41-61-6-7-8-3-46-53-10-20-66-56-54-43-37-35-68-55-70-1-4-60-17-13-58-25-48-24-32-26-0,8534.236535422995,seed605_lns_start6_late_best_rm8_tw15
0-33-28-29-38-40-44-41-61-6-7-8-3-46-53-10-20-66-56-54-43-37-35-68-55-70-1-4-60-17-13-58-25-48-24-32-26-0,8534.24743015195,seed601_lns_start82_late_best_rm8_tw12
0-39-36-42-5-45-2-69-65-12-14-47-16-15-11-9-59-52-57-64-22-19-23-21-18-49-51-62-67-30-28-58-0,8536.443486856491,seed608_lns_start42_mixed_best_rm8_tw8
0-39-36-42-5-45-2-69-65-12-14-47-16-15-11-9-59-52-57-64-19-23-21-18-49-22-51-63-62-67-30-34-56-0,8537.451409397525,seed601_lns_start41_late_regret_rm8_tw8
0-33-28-27-38-40-44-41-61-6-7-8-3-46-53-10-20-66-56-54-43-37-35-68-55-70-1-4-60-17-13-58-25-48-24-32-26-0,8537.496442952875,seed606_lns_start24_late_regret_rm8_tw6
0-63-33-31-38-40-44-41-61-6-7-8-3-46-53-10-20-66-56-54-43-37-35-68-55-70-1-4-60-17-13-58-25-48-24-32-26-0,8537.860018230116,seed607_lns_start48_late_random_best_rm8_tw10
0-39-36-42-5-45-2-69-65-12-14-47-16-15-11-9-59-52-57-64-19-23-21-18-49-22-51-63-62-67-30-26-66-0,8538.154810239523,seed608_lns_start88_late_best_rm8_tw8
0-39-36-42-5-45-2-69-65-12-14-47-16-15-11-9-59-52-57-64-22-19-23-21-18-51-62-67-30-28-49-20-0,8538.890293766424,seed601_lns_start61_late_random_best_rm8_tw6
0-33-27-29-38-40-44-41-61-6-7-8-3-46-53-10-20-66-56-54-43-37-35-68-55-70-1-4-60-17-13-58-25-48-24-32-26-0,8539.402075701504,seed608_lns_start17_late_best_rm8_tw12
0-63-33-29-38-40-44-41-61-6-7-8-3-46-53-10-20-66-56-54-43-37-35-68-55-70-1-4-60-17-13-58-25-48-24-32-26-0,8539.628905767959,seed602_lns_start64_late_regret_rm8_tw10
0-33-27-31-38-40-44-41-61-6-7-8-3-46-53-10-20-66-56-54-43-37-35-68-55-70-1-4-60-17-13-58-25-48-24-32-26-0,8540.37322154225,seed606_lns_start40_late_best_rm8_tw12
0-39-36-42-5-45-2-69-65-12-14-47-16-15-11-9-59-52-57-64-19-23-21-18-49-22-51-63-62-67-30-34-32-0,8540.887188983828,seed603_lns_start80_late_random_best_rm8_tw8
0-39-36-42-5-45-2-69-65-12-14-47-16-15-11-9-59-52-57-19-23-21-18-49-22-64-51-62-67-30-27-34-32-0,8541.05197925604,seed602_lns_start76_late_regret_rm8_tw12
0-39-36-42-5-45-2-69-65-12-14-47-16-15-11-9-59-52-57-64-19-23-21-18-49-22-51-63-62-67-30-34-66-0,8541.507488921701,seed601_lns_start19_late_random_best_rm8_tw6
0-63-33-28-38-40-44-41-61-6-7-8-3-46-53-10-20-66-56-54-43-37-35-68-55-70-1-4-60-17-13-58-25-48-24-32-26-0,8542.360410095956,seed608_lns_start77_late_regret_rm8_tw8
0-65-27-28-29-31-30-62-67-38-36-40-44-61-53-9-6-7-8-46-3-43-37-41-68-55-60-17-13-10-66-56-20-25-48-50-34-26-0,8544.08111209064,seed702_explore_lns_start77_mixed_random_best_rm25_tw8
0-63-28-27-38-40-44-41-61-6-7-8-3-46-53-10-20-66-56-54-43-37-35-68-55-70-1-4-60-17-13-58-25-48-24-32-26-0,8545.259575458207,seed602_lns_start10_late_regret_rm8_tw8
0-63-33-27-38-40-44-41-61-6-7-8-3-46-53-10-20-66-56-54-43-37-35-68-55-70-1-4-60-17-13-58-25-48-24-32-26-0,8545.393927217407,seed601_lns_start11_late_random_best_rm8_tw8
0-39-36-42-5-45-2-69-65-12-14-47-16-15-11-9-59-52-57-64-19-23-21-18-49-22-51-63-62-67-30-20-0,8547.105569768397,seed601_lns_start57_late_random_best_rm8_tw8
0-63-27-31-38-40-44-41-61-6-7-8-3-46-53-10-20-66-56-54-43-37-35-68-55-70-1-4-60-17-13-58-25-48-24-32-26-0,8547.345203255614,seed601_lns_start65_late_best_rm8_tw12
0-39-42-5-45-2-69-65-12-14-47-16-15-11-59-9-52-57-22-49-19-23-21-18-51-63-30-31-29-28-26-32-50-56-68-70-55-60-13-48-0,8550.96939315003,seed701_explore_lns_start25_mixed_regret_rm25_tw10
0-27-59-61-38-40-53-6-7-8-3-46-44-43-41-37-54-1-4-55-68-66-56-50-20-24-48-25-58-13-10-60-70-35-0,8551.065811389592,seed607_lns_start37_mixed_best_rm8_tw15
0-36-65-52-64-63-33-30-27-62-67-41-38-40-44-3-46-8-6-7-53-61-43-37-35-54-68-70-4-1-60-10-17-13-24-25-48-50-34-0,8554.095006152995,seed702_explore_lns_start62_late_best_rm25_tw12
0-39-36-42-5-45-2-69-65-12-14-47-16-15-11-9-59-52-57-19-23-21-18-49-51-62-67-31-29-28-26-32-34-50-56-55-4-24-48-0,8554.710480324742,seed701_explore_lns_start62_mixed_regret_rm25_tw15
0-39-36-42-5-45-2-69-65-12-14-47-16-15-11-9-59-52-57-64-19-23-21-18-49-22-51-63-62-67-30-32-66-56-0,8558.87848081035,seed607_lns_start53_late_best_rm8_tw6
0-39-36-42-5-45-2-69-65-12-14-47-16-15-11-9-59-52-57-64-22-49-19-23-21-18-51-62-67-30-28-50-0,8559.725637362915,seed608_lns_start4_late_regret_rm8_tw15
0-39-36-42-5-45-2-69-65-12-14-47-16-15-11-9-59-52-57-64-22-49-19-23-21-18-51-62-67-30-28-32-0,8559.84728629717,seed602_lns_start32_late_random_best_rm8_tw8
0-39-36-42-5-45-2-69-65-12-14-47-16-15-11-9-59-52-57-64-22-49-19-23-21-18-51-62-67-30-28-56-0,8564.093243483116,seed601_lns_start67_late_best_rm8_tw6
0-39-36-42-5-45-2-69-65-12-14-47-16-15-11-9-59-52-57-64-22-49-19-23-21-18-51-62-67-30-28-34-56-0,8565.398996785045,seed604_lns_start52_late_regret_rm8_tw10
0-39-36-42-5-45-2-69-65-12-14-47-16-15-11-9-59-52-57-64-22-49-19-23-21-18-51-62-67-30-28-66-0,8568.285470656021,seed603_lns_start79_late_best_rm8_tw8
0-39-36-42-5-45-2-69-65-12-14-47-16-15-11-9-59-52-57-22-49-19-23-21-18-51-62-67-29-30-64-10-0,8574.832741954982,seed606_lns_start4_late_best_rm8_tw15
0-33-28-31-38-40-44-41-61-6-7-8-3-46-53-10-20-56-50-32-34-54-43-37-35-68-55-70-1-4-60-17-13-58-25-48-24-0,8578.79841534486,seed605_lns_start72_late_random_best_rm8_tw12
0-33-28-27-38-40-44-41-61-6-7-8-3-46-53-10-20-56-50-32-34-54-43-37-35-68-55-70-1-4-60-17-13-58-25-48-24-0,8582.058322874742,seed608_lns_start20_late_random_best_rm8_tw10
0-39-36-42-5-45-2-69-12-14-47-15-11-59-9-57-64-49-23-21-18-19-22-51-63-33-30-28-67-20-0,8583.103141441463,seed607_lns_start54_mixed_best_rm8_tw6
0-65-33-63-64-23-21-28-31-62-67-61-44-40-38-41-53-6-7-8-46-3-43-37-35-54-68-55-70-1-4-60-24-20-25-48-34-32-26-0,8587.30061502893,seed702_explore_lns_start11_late_best_rm20_tw8
0-27-28-33-63-7-41-38-40-44-61-3-46-8-6-10-53-66-56-50-54-43-37-35-68-55-70-1-4-60-17-13-58-25-48-24-26-0,8588.74822207398,seed608_lns_start66_late_regret_rm8_tw10
0-39-36-42-5-45-2-69-65-12-14-47-15-11-59-57-64-49-23-21-18-19-22-20-51-67-33-28-26-27-32-34-50-56-66-68-54-35-70-0,8590.493927208603,seed701_explore_lns_start38_mixed_random_best_rm25_tw15
0-39-36-42-5-45-2-69-65-12-14-47-16-15-11-9-59-52-57-64-19-23-21-18-49-22-51-63-62-67-30-50-20-0,8608.394057624364,seed606_lns_start51_late_regret_rm8_tw12
0-65-63-33-28-27-31-62-64-61-42-38-44-8-7-6-53-18-20-66-41-40-43-35-37-54-68-70-46-4-3-1-55-10-13-50-34-0,8608.67637594838,seed701_explore_lns_start15_late_best_rm25_tw8
0-63-29-31-38-40-44-41-61-6-7-8-3-46-53-20-56-50-32-26-34-54-43-37-35-68-55-70-1-4-60-17-13-58-25-48-24-0,8610.64127455818,seed604_lns_start65_late_random_best_rm8_tw8
0-39-36-42-5-45-2-69-65-12-14-47-16-15-11-9-59-52-57-64-22-49-19-23-21-18-51-62-67-30-27-0,8610.993963264937,seed604_lns_start80_late_random_best_rm8_tw12
0-31-29-28-33-7-41-38-40-44-61-3-46-8-6-10-53-66-56-54-43-37-35-68-55-70-1-4-60-17-13-58-25-48-20-24-34-0,8614.053909229053,seed603_lns_start57_late_regret_rm8_tw6
0-39-36-42-5-45-2-69-65-12-14-47-16-15-11-9-59-52-57-64-22-49-19-23-21-18-51-62-67-30-28-50-20-0,8616.21553535084,seed607_lns_start69_late_regret_rm8_tw6
0-33-28-29-31-38-40-44-41-61-6-8-3-46-7-10-53-66-56-50-54-43-37-35-68-55-70-1-4-60-17-13-58-25-48-20-24-26-0,8616.611181475157,seed607_lns_start64_late_best_rm8_tw15
0-28-27-29-31-38-40-44-41-61-6-8-3-46-7-10-53-66-56-50-54-43-37-35-68-55-70-1-4-60-17-13-58-25-48-20-24-26-0,8617.690045699626,seed606_lns_start5_late_regret_rm8_tw8
0-63-33-29-31-38-40-44-41-61-6-8-3-46-7-10-53-66-56-50-54-43-37-35-68-55-70-1-4-60-17-13-58-25-48-20-24-26-0,8621.992657091165,seed604_lns_start88_late_best_rm8_tw6
0-63-33-28-31-38-40-44-41-61-6-8-3-46-7-10-53-66-56-50-54-43-37-35-68-55-70-1-4-60-17-13-58-25-48-20-24-26-0,8623.81776670814,seed607_lns_start87_late_best_rm8_tw8
0-63-33-28-29-38-40-44-41-61-6-8-3-46-7-10-53-66-56-50-54-43-37-35-68-55-70-1-4-60-17-13-58-25-48-20-24-26-0,8623.828661437097,seed602_lns_start27_late_regret_rm8_tw10
0-65-33-27-28-31-63-19-21-23-52-39-38-40-44-61-3-6-7-8-46-53-10-55-68-41-37-35-43-54-70-1-4-60-24-20-56-34-32-0,8624.779956336644,seed701_explore_lns_start40_late_regret_rm25_tw12
0-63-27-29-31-38-40-44-41-61-6-8-3-46-7-10-53-66-56-50-54-43-37-35-68-55-70-1-4-60-17-13-58-25-48-20-24-26-0,8628.737808738075,seed603_lns_start16_late_regret_rm8_tw15
0-65-59-31-29-28-33-63-19-51-64-53-7-8-6-61-38-41-40-44-43-37-54-68-4-46-3-1-70-55-60-66-56-58-25-48-50-32-35-0,8629.362529482869,seed702_explore_lns_start47_late_best_rm25_tw6
0-63-28-27-31-38-40-44-41-61-6-8-3-46-7-10-53-66-56-50-54-43-37-35-68-55-70-1-4-60-17-13-58-25-48-20-24-26-0,8629.820101068199,seed601_lns_start81_late_regret_rm8_tw12
0-28-33-11-7-61-44-40-38-41-34-50-20-56-66-53-6-8-46-4-3-1-43-35-37-54-68-70-55-60-17-10-58-25-48-26-0,8629.917650925561,seed604_lns_start23_random_regret_rm8_tw10
0-31-29-33-63-7-41-38-40-44-61-3-46-8-6-10-53-66-56-50-54-43-37-35-68-55-70-1-4-60-17-13-58-25-48-20-24-0,8634.623819763932,seed602_lns_start67_late_regret_rm8_tw12
0-31-29-28-33-7-41-38-40-44-61-3-46-8-6-10-53-66-56-50-54-43-37-35-68-55-70-1-4-60-17-13-58-25-48-24-26-0,8641.994297687781,seed608_lns_start72_late_random_best_rm8_tw12
0-63-33-61-44-40-38-41-6-8-7-53-34-26-50-56-66-68-55-70-1-3-46-17-10-13-58-25-48-20-54-37-43-0,8663.172145269651,seed607_lns_start3_random_random_best_rm8_tw12
0-42-62-64-63-33-30-28-27-29-31-67-38-44-61-53-6-7-8-46-40-43-41-37-35-54-68-55-70-1-4-60-10-58-25-48-20-24-66-34-0,8665.366808001987,seed701_explore_lns_start9_late_regret_rm25_tw8
0-39-36-42-5-45-2-69-65-12-14-47-16-15-11-9-52-57-64-49-23-21-18-19-22-51-63-62-67-30-28-24-0,8667.162225621978,seed604_lns_start8_mixed_random_best_rm6_tw10
0-33-27-29-31-38-40-44-41-61-6-8-3-46-7-10-53-66-56-54-43-37-35-68-55-70-1-4-60-17-13-58-25-48-20-24-32-34-0,8669.337517245593,seed603_lns_start29_late_regret_rm8_tw8
0-36-65-23-21-19-33-30-28-29-31-62-67-61-53-6-7-8-46-3-44-43-40-38-41-37-35-54-56-68-70-1-4-60-17-13-58-48-24-26-0,8678.374642439057,seed702_explore_lns_start76_late_random_best_rm25_tw15
0-63-59-23-64-62-33-27-31-67-61-8-7-6-44-41-38-40-37-54-68-1-3-46-4-70-55-53-60-10-17-13-58-25-48-24-34-26-0,8706.472097006856,seed701_explore_lns_start62_mixed_best_rm25_tw15
0-65-59-63-33-27-31-67-62-51-64-61-41-38-40-44-6-46-8-7-53-43-37-35-1-3-4-70-68-54-56-20-48-25-58-13-17-50-26-0,8713.585701193006,seed702_explore_lns_start40_late_best_rm25_tw12
0-65-59-11-21-19-64-33-28-27-29-31-67-61-41-38-44-40-37-6-7-8-46-4-3-1-68-55-53-10-58-25-48-20-24-66-70-54-32-0,8770.756872952434,seed702_explore_lns_start6_mixed_random_best_rm25_tw6
0-65-59-62-31-27-30-33-63-18-67-38-44-40-41-61-3-8-7-46-43-37-35-1-6-4-70-54-68-55-60-53-10-13-24-48-26-0,8778.97365353564,seed701_explore_lns_start33_late_random_best_rm25_tw8
0-65-63-52-23-33-30-28-27-29-31-38-40-44-3-46-8-7-6-53-61-41-43-35-37-54-50-56-66-68-70-1-4-60-10-13-25-48-24-26-0,8803.664168454876,seed702_explore_lns_start79_late_regret_rm25_tw12
0-39-36-5-45-2-69-12-14-47-16-15-11-59-9-52-57-23-21-18-19-49-22-63-33-30-29-27-26-32-34-67-50-20-58-13-17-60-0,8833.414087390673,seed701_explore_lns_start65_late_regret_rm25_tw10
0-39-36-42-5-45-2-69-65-12-14-47-16-15-11-9-59-52-57-22-49-19-23-18-51-62-30-28-29-27-26-32-20-66-10-13-24-25-0,8935.686444525878,seed701_explore_lns_start55_late_best_rm20_tw10
0-39-36-42-5-45-2-69-12-14-47-16-15-11-9-52-57-22-49-19-21-18-51-63-62-67-30-28-29-31-26-32-34-50-56-20-66-70-1-48-0,8971.235163230322,seed701_explore_lns_start50_mixed_random_best_rm25_tw15
0-65-5-45-2-69-12-14-47-16-15-11-59-52-64-22-19-23-21-18-51-62-67-33-30-29-31-28-26-32-34-50-56-57-66-55-68-37-48-0,9005.623270128322,seed702_explore_lns_start16_mixed_regret_rm25_tw6
0-39-36-42-5-45-2-69-12-14-47-16-15-11-9-59-57-64-49-23-21-18-22-51-63-62-67-50-33-31-34-26-32-56-66-13-25-0,9086.868507066652,seed702_explore_lns_start66_mixed_regret_rm25_tw12
0-36-42-5-45-2-69-12-14-47-16-15-11-59-9-52-57-22-49-19-21-18-51-62-67-31-29-28-30-34-50-54-56-66-20-24-48-25-58-17-35-0,9092.300379440736,seed701_explore_lns_start84_mixed_random_best_rm25_tw10
0-39-36-42-5-45-2-69-12-14-47-16-15-11-9-52-57-64-22-23-18-19-49-20-51-62-67-31-29-28-30-32-34-50-56-66-10-13-35-0,9105.326371314473,seed701_explore_lns_start77_mixed_best_rm25_tw15
0-65-59-33-28-27-29-31-67-62-18-23-52-53-61-41-38-40-44-8-7-6-46-4-3-1-43-35-37-54-34-32-26-20-48-25-66-68-55-70-0,9112.504981857783,seed701_explore_lns_start9_late_regret_rm25_tw10
0-39-42-5-45-2-12-14-47-16-15-11-69-65-9-52-22-19-23-21-18-49-20-51-63-33-26-27-31-32-34-50-67-56-66-54-70-4-60-17-58-0,9135.890067405286,seed702_explore_lns_start43_mixed_best_rm25_tw8
0-39-36-42-5-45-2-69-65-12-14-47-16-15-11-9-59-52-57-22-49-19-21-18-51-62-67-33-31-28-26-32-34-50-56-10-17-24-58-0,9169.06979030912,seed701_explore_lns_start80_late_best_rm20_tw10
0-39-36-42-45-2-69-12-14-47-16-15-11-9-52-57-49-23-21-18-19-22-64-51-63-33-30-27-50-67-56-66-20-24-25-58-13-10-17-60-0,9176.057286758361,seed702_explore_lns_start50_late_random_best_rm25_tw15
0-65-42-5-45-2-12-47-16-15-11-59-52-22-23-21-18-19-49-51-62-33-30-31-29-27-26-28-32-34-50-56-66-57-20-48-25-17-4-1-70-0,9402.007885268888,seed702_explore_lns_start82_mixed_random_best_rm25_tw15
0-39-36-42-5-2-69-12-14-47-16-15-11-59-9-52-57-22-49-19-23-18-51-63-33-30-31-29-26-32-34-50-56-20-66-55-3-10-0,9423.793707724913,seed702_explore_lns_start35_late_random_best_rm25_tw12
0-36-42-5-45-2-69-12-14-47-16-15-11-59-9-52-57-64-49-23-21-18-22-51-67-30-28-29-27-26-32-34-50-55-10-13-17-58-48-0,9469.276085693828,seed702_explore_lns_start59_late_random_best_rm25_tw6
0-65-36-27-29-33-63-23-21-18-9-11-53-7-6-8-3-61-44-38-40-43-41-35-37-54-68-1-46-4-55-10-17-13-58-25-48-24-32-34-0,9591.83299039646,seed702_explore_lns_start16_random_random_best_rm25_tw12
0-5-65-23-63-33-28-27-29-31-62-67-38-40-44-41-61-46-8-7-6-3-43-37-35-34-26-32-50-56-66-54-68-70-1-4-53-58-48-25-0,9597.437268408996,seed701_explore_lns_start57_late_best_rm25_tw6
0-65-63-33-28-27-31-29-62-64-36-40-38-41-44-61-51-10-53-6-7-8-46-3-43-35-37-54-68-55-70-1-4-60-17-58-25-48-50-34-26-0,9732.132383867394,seed702_explore_lns_start20_late_best_rm25_tw12
0-39-36-42-5-45-2-69-65-12-14-47-16-15-11-9-59-52-57-49-19-23-21-18-51-63-62-30-28-27-26-32-34-50-56-66-20-24-13-17-48-0,9757.393044829418,seed701_explore_lns_start12_mixed_best_rm25_tw15
0-63-33-28-27-29-31-30-62-67-38-40-61-6-7-8-3-46-10-53-44-43-37-41-35-54-68-70-1-4-60-17-13-25-48-24-66-56-34-32-0,9776.329990587788,seed702_explore_lns_start49_late_random_best_rm20_tw8
0-39-36-42-5-45-2-69-65-12-14-47-16-15-11-9-52-57-64-49-23-21-18-22-20-51-33-30-31-29-27-26-32-34-50-56-66-10-13-35-0,9951.610911031088,seed701_explore_lns_start36_mixed_best_rm25_tw15
0-59-62-31-29-27-28-30-33-63-18-19-15-53-7-6-61-44-38-40-43-37-41-8-46-3-1-70-55-60-10-17-13-25-48-56-50-26-35-0,10020.298705868958,seed701_explore_lns_start46_mixed_regret_rm25_tw15
