route,score,source
0-2-45-46-8-6-4-5-3-1-70-0,103.64534228600695,seed708_explore_lns_start6_mixed_random_best_rm20_tw6
0-2-45-46-8-7-6-4-5-3-70-0,104.56195625513675,seed707_explore_lns_start37_random_best_rm15_tw8
0-2-45-46-8-7-6-4-5-3-1-0,105.37841095197949,seed601_lns_start5_late_best_rm6_tw6
0-20-19-48-21-23-49-22-24-57-52-0,107.60222159640992,seed703_explore_lns_start2_random_random_best_rm20_tw10
0-65-24-23-21-48-18-19-49-20-57-52-0,110.43642848234057,seed705_explore_lns_start8_mixed_best_rm10_tw8
0-52-57-24-22-20-49-19-18-48-21-25-0,113.53940678455277,seed705_explore_lns_start3_random_best_rm25_tw12
0-61-45-46-8-7-6-4-5-3-1-70-0,113.77225811688625,seed703_explore_lns_start46_mixed_random_best_rm25_tw8
0-2-45-5-46-8-7-6-4-3-1-61-0,115.33710746048655,seed601_lns_start1_late_best_rm8_tw6
0-1-3-45-5-8-6-4-46-7-60-0,115.72837724914663,seed703_explore_lns_start43_mixed_random_best_rm25_tw10
0-69-11-14-9-10-13-17-47-12-0,115.81275696255054,seed704_explore_lns_start2_late_best_rm25_tw12
0-12-14-15-11-9-10-13-16-17-47-0,117.07405760058765,seed601_lns_start0_late_best_rm8_tw12
0-60-45-46-8-7-6-4-5-3-1-70-0,117.21528928141188,seed701_explore_lns_start44_random_best_rm25_tw6
0-65-57-23-21-48-18-19-49-24-20-51-0,118.38696016369431,seed704_explore_lns_start8_mixed_random_best_rm20_tw15
0-52-11-15-16-9-10-17-47-14-12-0,120.47203217971722,seed705_explore_lns_start46_random_random_best_rm15_tw10
0-65-57-23-21-48-18-19-49-25-24-20-0,121.31444995545178,seed702_explore_lns_start0_mixed_random_best_rm20_tw10
0-20-23-22-49-19-18-48-21-25-24-0,121.51358380479604,seed705_explore_guarded
0-60-45-5-8-7-6-4-3-1-2-0,122.57439991757323,seed705_explore_lns_start7_late_regret_rm10_tw8
0-60-45-5-6-8-46-4-3-1-2-0,123.14715822060413,seed701_explore_lns_start7_late_random_best_rm10_tw15
0-57-24-23-21-48-18-19-49-25-52-0,124.9425562899569,seed706_explore_lns_start4_mixed_random_best_rm25_tw10
0-60-45-3-5-8-6-7-46-4-2-61-0,125.10180077399485,seed709_explore_lns_start4_late_random_best_rm25_tw10
0-52-57-64-22-20-49-19-18-48-21-24-0,125.33414453378555,seed704_explore_lns_start12_random_random_best_rm20_tw10
0-65-52-57-23-49-19-18-48-21-25-20-0,125.64527700871636,seed707_explore_lns_start7_mixed_random_best_rm10_tw6
0-65-18-23-21-48-22-49-19-20-52-0,125.79412028684308,seed704_explore_lns_start5_random_random_best_rm25_tw15
0-60-14-15-11-9-10-13-17-47-12-0,125.80937429573999,seed701_explore_lns_start14_mixed_random_best_rm15_tw15
0-24-20-19-23-21-48-18-49-25-57-52-0,126.32642128919501,seed704_explore_lns_start1_random_random_best_rm25_tw10
0-52-12-14-11-9-10-13-16-17-47-0,126.35735621669362,seed703_explore_lns_start43_mixed_random_best_rm25_tw10
0-65-57-24-23-21-48-19-49-20-51-63-0,126.77761331992392,seed709_explore_lns_start8_late_best_rm15_tw8
0-65-52-57-24-23-21-49-19-48-18-51-0,126.82074737524312,seed705_explore_guarded
0-52-11-15-16-9-10-13-17-47-14-0,127.51016956950677,seed708_explore_lns_start14_random_random_best_rm10_tw10
0-60-47-15-11-9-10-13-16-17-14-0,127.65789676714456,seed705_explore_lns_start15_late_random_best_rm10_tw10
0-65-52-11-15-16-9-10-13-17-47-14-0,127.83264508073667,seed703_explore_lns_start10_random_regret_rm15_tw12
0-65-57-23-21-48-18-19-49-20-51-63-0,127.89718888073074,seed701_explore_lns_start6_late_best_rm15_tw6
0-2-45-1-3-5-8-6-46-7-60-70-0,129.22847189103044,seed705_explore_lns_start47_random_best_rm25_tw10
0-57-24-23-21-48-18-19-49-20-51-63-0,129.37062754353124,seed703_explore_guarded
0-65-57-24-23-48-18-19-49-20-51-63-0,129.83195661220944,seed708_explore_lns_start7_late_random_best_rm15_tw12
0-52-11-15-47-9-10-13-16-14-12-0,130.13080431518142,seed708_explore_lns_start12_late_best_rm25_tw6
0-24-21-23-19-49-22-20-66-57-52-0,131.63641477950904,seed702_explore_lns_start47_mixed_random_best_rm25_tw10
0-65-52-69-53-60-55-68-61-54-0,131.7658278648949,seed709_explore_lns_start36_random_random_best_rm20_tw12
0-65-52-57-23-21-49-19-48-18-20-51-0,131.92619787948203,seed601_lns_start5_late_best_rm6_tw6
0-65-52-69-53-60-55-68-70-61-0,132.36401184430844,seed703_explore_lns_start40_mixed_random_best_rm25_tw6
0-52-14-15-16-9-10-13-17-47-12-0,132.65096896311195,seed709_explore_lns_start14_random_regret_rm20_tw8
0-20-18-48-21-23-49-22-24-25-57-52-0,133.58751280691453,seed701_explore_guarded
0-60-12-15-11-16-10-13-17-47-14-0,133.89576582751783,seed706_explore_lns_start2_mixed_random_best_rm20_tw6
0-65-52-69-53-2-55-68-61-0,134.26865242138788,seed702_explore_lns_start47_random_best_rm20_tw8
0-61-39-42-44-40-38-41-43-35-37-54-0,136.46248385973135,seed701_explore_lns_start51_mixed_regret_rm20_tw12
0-60-45-3-8-7-6-46-4-5-1-61-0,136.66438949782793,seed706_explore_lns_start3_mixed_random_best_rm10_tw6
0-69-11-15-9-16-17-47-14-12-0,136.81783975327156,seed709_explore_lns_start51_random_random_best_rm25_tw6
0-12-47-15-11-9-59-13-16-17-14-0,138.01122946057257,seed705_explore_lns_start2_random_random_best_rm25_tw6
0-12-16-15-11-53-10-13-17-47-14-0,138.19163234769596,seed709_explore_lns_start45_random_random_best_rm20_tw10
0-52-57-24-23-21-49-19-48-18-20-51-0,138.5279940251666,seed602_lns_start5_late_best_rm6_tw15_guarded
0-2-69-53-60-55-68-61-54-0,139.14386552363794,seed707_explore_lns_start40_mixed_random_best_rm15_tw10
0-39-36-44-40-38-41-37-35-43-0,139.91867745389078,seed608_lns_start8_mixed_regret_rm6_tw6
0-39-36-44-40-38-41-37-35-43-61-0,140.01188000041103,seed605_lns_start6_mixed_regret_rm6_tw15
0-54-45-46-8-7-6-4-5-3-2-0,140.59410269494043,seed707_explore_lns_start8_mixed_regret_rm25_tw10
0-33-30-27-26-28-32-29-31-34-0,140.7904962664497,seed701_explore_lns_start2_late_random_best_rm15_tw15
0-54-45-46-8-7-6-4-5-3-1-0,140.86712462276125,seed705_explore_lns_start8_late_regret_rm10_tw8
0-54-61-69-53-12-10-13-17-60-0,144.26900930462853,seed704_explore_lns_start6_mixed_best_rm20_tw15
0-39-36-44-40-38-41-37-35-70-0,145.2637822689564,seed702_explore_lns_start40_random_regret_rm15_tw10
0-65-52-57-23-21-48-19-49-20-51-63-0,147.69459949105638,seed707_explore_lns_start8_late_best_rm10_tw10
0-39-36-44-40-38-41-35-37-54-61-0,147.76909567504998,seed701_explore_lns_start12_late_random_best_rm15_tw15
0-42-39-36-44-40-41-43-35-37-54-0,148.56940826721436,seed701_explore_lns_start2_mixed_best_rm15_tw6
0-65-52-69-53-2-55-68-70-61-0,149.13853734412794,seed701_explore_lns_start46_mixed_random_best_rm20_tw8
0-42-36-44-40-38-41-37-35-43-61-0,149.41015984146532,seed701_explore_lns_start8_random_random_best_rm20_tw6
0-65-52-69-53-2-55-68-61-54-0,149.65304102936486,seed707_explore_guarded
0-65-52-23-21-48-18-19-49-20-63-0,149.78797445043895,seed704_explore_lns_start7_random_best_rm20_tw15
0-19-18-48-21-23-49-56-66-57-52-0,150.3400714872481,seed701_explore_lns_start74_random_best_rm20_tw12
0-61-69-12-53-10-13-17-60-0,152.49056283009162,seed706_explore_lns_start8_mixed_random_best_rm15_tw10
0-14-47-16-15-11-9-59-58-57-52-0,153.0333030073285,seed702_explore_lns_start7_late_best_rm15_tw12
0-65-52-69-53-60-55-68-70-54-0,153.10581654866863,seed702_explore_guarded
0-52-59-15-16-9-10-13-17-47-12-0,153.38941183045253,seed701_explore_lns_start2_mixed_regret_rm25_tw12
0-42-39-36-44-38-40-43-35-37-54-0,153.8230803577883,seed705_explore_lns_start4_late_random_best_rm25_tw8
0-60-45-1-3-8-6-46-4-5-70-61-0,153.98325106129306,seed705_explore_lns_start47_mixed_regret_rm10_tw15
0-60-45-3-8-7-6-2-46-4-1-61-0,153.9837338429162,seed703_explore_lns_start15_mixed_regret_rm20_tw12
0-60-45-5-46-8-6-1-3-4-2-61-0,156.1294753477083,seed707_explore_lns_start4_late_random_best_rm10_tw6
0-12-14-16-15-11-9-59-58-25-0,156.67331956629016,seed601_lns_start7_late_random_best_rm5_tw12_guarded
0-14-16-15-11-9-53-10-17-47-12-0,157.5568627834274,seed606_lns_start15_mixed_random_best_rm6_tw10
0-20-21-48-18-19-49-22-24-66-57-52-0,158.2921300451287,seed704_explore_lns_start14_mixed_random_best_rm20_tw6
0-19-18-48-21-23-22-49-25-58-0,158.61682139229842,seed709_explore_lns_start62_mixed_regret_rm20_tw6
0-33-32-30-27-26-28-29-31-34-50-0,159.98584435506405,seed601_lns_start5_late_best_rm5_tw10
0-42-39-36-44-40-41-37-35-43-70-0,162.5276886059864,seed706_explore_lns_start5_mixed_regret_rm15_tw12
0-52-59-11-9-10-13-16-17-47-14-0,163.4365539809474,seed708_explore_lns_start3_mixed_regret_rm20_tw10
0-59-11-15-9-10-13-16-47-14-12-0,164.77005355236773,seed708_explore_lns_start0_mixed_regret_rm15_tw10
0-59-16-15-9-10-13-17-47-14-12-0,164.94278428400872,seed704_explore_lns_start2_mixed_regret_rm15_tw10
0-14-47-16-15-11-9-59-58-25-0,165.64148557864198,seed701_explore_lns_start7_late_best_rm10_tw15
0-12-47-16-15-11-9-59-58-25-0,165.8719985331734,seed603_lns_start6_late_regret_rm5_tw10_guarded
0-52-69-11-9-10-16-17-47-14-12-0,168.77919970501466,seed701_explore_lns_start51_mixed_regret_rm20_tw12
0-59-11-15-9-10-13-17-47-14-12-0,169.8388044318604,seed707_explore_lns_start4_mixed_regret_rm10_tw12
0-1-3-45-5-46-8-6-7-2-55-70-0,172.24624739271889,seed708_explore_lns_start7_mixed_best_rm25_tw10
0-65-52-23-21-48-18-19-49-20-51-63-0,173.06336335229906,seed708_explore_lns_start6_random_random_best_rm15_tw12
0-65-57-23-21-48-18-19-49-56-51-0,173.23641279783536,seed708_explore_lns_start6_random_best_rm20_tw10
0-60-11-15-16-47-9-59-58-57-0,173.77470446885889,seed704_explore_lns_start6_mixed_random_best_rm25_tw6
0-52-57-23-21-48-18-19-49-20-51-63-0,174.50956033781608,seed601_lns_start5_late_best_rm5_tw10_guarded
0-65-21-23-48-18-19-49-20-56-57-0,174.51702468816214,seed704_explore_lns_start6_random_best_rm20_tw12
0-57-52-15-16-9-10-13-17-47-14-12-0,174.94785237799516,seed702_explore_lns_start9_random_regret_rm25_tw10
0-65-57-23-48-18-19-49-20-56-52-0,175.70257773582358,seed704_explore_guarded
0-1-5-45-46-8-7-6-2-4-55-0,175.71409627711782,seed703_explore_lns_start7_random_random_best_rm10_tw15
0-65-21-23-48-18-19-49-20-56-52-0,175.72561844545567,seed705_explore_lns_start6_mixed_regret_rm15_tw15
0-59-11-15-9-10-13-16-17-47-14-0,176.0409694803502,seed706_explore_lns_start0_mixed_random_best_rm15_tw10
0-69-15-16-9-10-13-17-47-14-12-0,176.3230146173927,seed703_explore_lns_start15_random_random_best_rm15_tw12
0-47-16-15-11-9-53-10-13-14-12-0,182.1203211891524,seed703_explore_lns_start9_mixed_random_best_rm25_tw10
0-2-69-22-49-19-18-48-21-20-0,182.458592463331,seed705_explore_lns_start88_mixed_best_rm25_tw15
0-52-57-23-21-48-18-49-19-25-20-51-0,182.9447622900081,seed701_explore_lns_start3_mixed_regret_rm20_tw6
0-65-69-64-53-55-68-70-54-0,183.09056831057106,seed703_explore_lns_start14_mixed_regret_rm10_tw6
0-65-57-24-23-21-48-18-19-49-20-63-0,183.8704432638002,seed703_explore_lns_start6_mixed_regret_rm15_tw6
0-65-52-57-64-20-49-19-18-48-21-25-24-0,184.34932665124086,seed705_explore_lns_start14_late_best_rm25_tw6
0-65-52-69-53-60-55-68-70-2-0,184.5866658195526,seed708_explore_lns_start33_mixed_random_best_rm25_tw15
0-12-14-11-15-16-47-9-59-58-52-0,185.12538819471212,seed708_explore_lns_start7_late_best_rm15_tw8
0-65-57-69-53-60-55-68-70-54-0,185.277035872638,seed602_lns_start2_late_random_best_rm8_tw6_guarded
0-3-5-45-46-8-7-6-2-4-55-61-0,186.0294531096657,seed704_explore_guarded
0-33-32-30-27-26-28-29-31-34-54-0,186.13597881245215,seed601_lns_start7_random_regret_rm8_tw8_guarded
0-1-3-45-5-46-8-6-7-2-68-61-0,186.2014338540905,seed707_explore_lns_start1_late_best_rm25_tw15
0-50-62-67-22-56-66-57-0,188.551962318456,seed707_explore_lns_start1_mixed_regret_rm20_tw15
0-65-69-15-53-55-68-70-2-0,189.0475581181699,seed703_explore_lns_start43_mixed_random_best_rm25_tw10
0-52-57-64-23-18-48-21-25-19-20-0,190.56718414237082,seed705_explore_lns_start13_mixed_best_rm20_tw12
0-65-64-23-21-22-49-19-18-20-52-0,194.47767524449358,seed708_explore_lns_start6_mixed_regret_rm25_tw12
0-19-18-48-21-23-49-20-56-66-52-0,197.26741440843162,seed708_explore_lns_start43_mixed_random_best_rm15_tw15
0-65-52-57-24-23-21-19-49-48-18-63-0,199.50326564143714,seed707_explore_lns_start7_mixed_regret_rm15_tw10
0-52-57-24-23-21-48-18-49-19-51-63-0,199.90632493568228,seed706_explore_guarded
0-45-3-5-46-8-7-6-2-4-68-61-0,200.6549927706567,seed704_explore_lns_start5_mixed_regret_rm20_tw6
0-1-3-45-7-6-8-46-4-2-55-61-0,201.43662421829686,seed709_explore_lns_start2_mixed_regret_rm25_tw15
0-54-61-45-8-7-6-46-4-5-3-1-0,202.54773459981993,seed709_explore_lns_start7_late_random_best_rm10_tw8
0-65-52-57-23-21-48-18-49-19-20-63-0,202.59774225457159,seed603_lns_start8_random_random_best_rm5_tw6
0-14-47-16-15-11-9-59-58-24-57-0,202.91507862932835,seed702_explore_lns_start6_late_best_rm15_tw8
0-54-61-45-46-8-6-2-4-5-3-1-0,203.20711361941142,seed703_explore_lns_start8_late_regret_rm10_tw6
0-61-45-46-7-6-8-5-3-4-60-70-0,203.4102582468202,seed706_explore_lns_start43_random_random_best_rm15_tw15
0-45-1-3-5-8-7-6-46-4-60-12-0,205.03319352330954,seed709_explore_lns_start62_mixed_regret_rm20_tw6
0-65-52-57-24-19-23-49-18-48-21-25-0,205.66157523805353,seed705_explore_lns_start0_random_random_best_rm20_tw10
0-1-3-5-45-46-8-7-6-2-55-70-61-0,207.14534573486947,seed702_explore_lns_start8_mixed_best_rm25_tw6
0-57-24-23-51-49-19-18-48-21-25-0,209.6489262542774,seed702_explore_lns_start2_mixed_regret_rm15_tw10
0-12-14-47-16-15-9-59-58-25-57-0,210.93097313700207,seed703_explore_lns_start7_mixed_random_best_rm20_tw15
0-12-14-16-15-11-9-59-58-25-24-0,211.37785641983604,seed601_lns_start5_late_best_rm5_tw10_guarded
0-65-69-11-53-60-55-68-70-54-0,211.65018275883605,seed705_explore_guarded
0-47-16-15-11-9-59-58-25-57-0,212.82142312415027,seed708_explore_lns_start6_random_random_best_rm15_tw12
0-52-24-23-21-48-18-19-49-25-20-51-0,212.8318660985815,seed704_explore_guarded
0-14-16-15-11-9-53-10-17-47-60-0,213.04045002665103,seed703_explore_guarded
0-65-57-23-21-48-18-19-49-20-66-52-0,213.0461235834832,seed707_explore_lns_start8_mixed_best_rm15_tw8
0-52-64-23-49-22-20-19-18-48-25-0,213.15422627896814,seed705_explore_lns_start9_random_regret_rm25_tw10
0-65-69-64-53-55-68-70-2-0,214.57141758145502,seed703_explore_lns_start44_random_random_best_rm20_tw6
0-65-69-64-53-60-55-68-70-0,215.68135824186444,seed701_explore_lns_start3_late_best_rm10_tw10
0-20-19-23-21-48-18-51-56-66-57-0,217.85024426632705,seed707_explore_lns_start45_mixed_random_best_rm10_tw15
0-51-62-67-22-58-59-52-0,217.86251547424865,seed706_explore_lns_start13_mixed_best_rm20_tw10
0-52-57-23-48-18-19-49-20-56-51-0,218.20890175737804,seed701_explore_lns_start6_late_best_rm15_tw12
0-69-45-6-8-46-4-5-3-1-2-0,221.2751441354781,seed707_explore_lns_start6_mixed_regret_rm20_tw8
0-57-64-20-23-49-19-18-48-21-25-24-0,222.88445808845145,seed701_explore_guarded
0-19-18-48-21-23-49-20-24-58-57-52-0,223.23207028643304,seed708_explore_lns_start3_random_random_best_rm25_tw8
0-65-57-52-69-53-60-55-68-61-0,223.66917306615068,seed702_explore_lns_start35_random_random_best_rm10_tw8
0-12-14-16-15-11-9-59-58-25-20-0,223.7416001675981,seed706_explore_guarded
0-65-64-24-23-49-19-18-48-21-25-20-0,224.1479161156018,seed702_explore_lns_start9_random_regret_rm25_tw10
0-57-24-23-21-48-18-19-49-20-66-52-0,225.0691315978443,seed702_explore_lns_start2_random_best_rm20_tw12
0-52-59-15-16-9-10-13-17-47-14-12-0,225.39039098678043,seed705_explore_lns_start2_random_regret_rm15_tw12
0-14-47-16-15-11-9-59-58-51-0,225.7434965821716,seed703_explore_lns_start8_late_random_best_rm15_tw8
0-51-62-67-54-68-55-60-70-0,225.9333237497981,seed705_explore_lns_start75_random_best_rm10_tw8
0-57-24-20-19-23-18-48-21-25-58-52-0,226.4730013259306,seed604_lns_start2_mixed_regret_rm6_tw12
0-14-47-16-15-11-9-59-58-25-24-0,228.03302187134665,seed601_lns_start5_late_best_rm5_tw10
0-12-47-16-15-11-9-59-58-25-24-0,228.46111735833352,seed601_lns_start8_late_best_rm6_tw8_guarded
0-57-24-23-21-48-18-19-49-25-58-52-0,228.54335634441753,seed708_explore_lns_start0_mixed_best_rm15_tw12
0-61-69-11-12-53-10-13-17-60-0,229.69617651298262,seed703_explore_lns_start6_mixed_best_rm15_tw10
0-65-69-60-53-66-55-68-70-0,230.00470812724956,seed707_explore_lns_start10_mixed_random_best_rm25_tw12
0-65-21-23-48-18-19-49-20-56-63-0,231.54321120119286,seed704_explore_lns_start6_random_best_rm20_tw15
0-52-57-24-20-22-23-49-25-21-19-0,232.66047575807647,seed707_explore_lns_start0_mixed_best_rm15_tw8
0-52-24-20-22-23-49-19-48-21-25-0,233.1366705234685,seed709_explore_lns_start2_mixed_best_rm15_tw15
0-52-57-24-23-21-20-49-19-48-18-63-0,233.22756618484578,seed701_explore_lns_start5_mixed_random_best_rm10_tw10
0-52-57-23-21-48-18-19-49-56-51-0,233.73237008064606,seed706_explore_lns_start7_random_best_rm15_tw15
0-65-57-52-69-53-60-55-68-54-0,233.81447333076324,seed702_explore_lns_start34_random_random_best_rm25_tw8
0-33-32-30-27-26-28-29-31-34-63-0,234.80073215793263,seed601_lns_start1_late_best_rm8_tw6
0-60-45-1-3-5-8-6-7-46-2-70-61-0,235.92468774321853,seed701_explore_lns_start2_mixed_regret_rm25_tw15
0-65-52-23-21-22-20-49-19-48-18-63-0,236.20344681651292,seed607_lns_start7_random_random_best_rm8_tw12
0-12-14-16-15-11-9-59-58-25-21-0,237.23861457154604,seed708_explore_lns_start5_random_best_rm10_tw8
0-60-14-11-15-16-9-59-58-25-0,238.60210716715477,seed704_explore_lns_start6_random_regret_rm20_tw6
0-42-39-36-38-44-40-41-37-35-61-0,238.6524488221164,seed701_explore_lns_start8_random_best_rm20_tw8
0-42-39-36-38-44-40-41-35-37-54-0,238.85690046160866,seed601_lns_start4_late_best_rm5_tw15
0-12-16-15-11-9-53-10-13-17-47-0,238.91186315408595,seed704_explore_lns_start13_random_regret_rm25_tw8
0-1-3-5-45-7-6-8-46-4-55-0,239.7979422103307,seed701_explore_lns_start5_late_random_best_rm10_tw6
0-14-47-16-15-11-9-59-58-25-20-0,240.39676561910872,seed602_lns_start6_random_regret_rm8_tw6
0-12-47-16-15-11-9-59-58-25-20-0,240.8248611060956,seed704_explore_guarded
0-42-45-6-8-5-3-1-4-46-7-0,241.71989150761158,seed708_explore_lns_start33_mixed_random_best_rm25_tw15
0-57-24-23-21-19-49-20-66-56-51-0,241.89420293503113,seed708_explore_lns_start43_mixed_best_rm15_tw15
0-61-69-64-53-10-12-17-60-0,242.44020706992964,seed702_explore_lns_start5_mixed_best_rm10_tw10
0-42-39-36-38-44-40-41-43-37-54-0,242.67833815689207,seed701_explore_lns_start12_random_random_best_rm25_tw6
0-12-14-47-15-11-9-59-58-25-52-0,243.0728562107822,seed703_explore_guarded
0-39-36-44-40-38-41-37-35-2-0,243.143680364907,seed701_explore_lns_start35_random_random_best_rm15_tw8
0-42-39-36-38-44-40-41-37-35-43-0,243.18778855595704,seed601_lns_start5_late_best_rm5_tw10
0-57-64-23-21-49-19-48-18-20-24-52-0,243.7608572411917,seed702_explore_guarded
0-65-24-23-21-48-18-19-49-20-56-51-0,243.93250488198723,seed602_lns_start8_mixed_random_best_rm5_tw10_guarded
0-57-69-60-53-10-13-16-17-12-0,244.25565459837878,seed709_explore_lns_start8_random_random_best_rm15_tw8
0-52-57-24-21-23-48-18-19-20-25-51-0,244.66268170349207,seed709_explore_lns_start2_random_random_best_rm15_tw12
0-69-64-53-10-13-17-14-12-0,244.84132242903013,seed704_explore_lns_start6_mixed_random_best_rm25_tw6
0-45-1-3-5-8-7-6-46-4-2-14-0,244.8902574477626,seed701_explore_lns_start74_random_best_rm20_tw12
0-65-21-23-48-18-19-49-20-56-57-52-0,245.02177188052818,seed605_lns_start6_mixed_random_best_rm6_tw12
0-65-57-52-69-53-60-55-68-61-54-0,245.936232889436,seed707_explore_lns_start37_random_best_rm15_tw8
0-54-45-46-8-7-6-4-5-3-1-60-0,246.19485137882185,seed707_explore_lns_start47_random_regret_rm20_tw10
0-45-1-3-5-46-8-6-4-7-60-14-0,246.21526631581133,seed705_explore_lns_start88_mixed_best_rm25_tw15
0-19-18-48-21-23-49-20-66-56-51-0,246.83620528293568,seed701_explore_lns_start46_mixed_random_best_rm20_tw8
0-52-57-24-23-22-20-49-19-21-48-63-0,247.48831227533583,seed706_explore_guarded
0-65-57-23-21-48-18-19-49-20-56-61-0,248.66482574444754,seed709_explore_lns_start8_random_best_rm20_tw12
0-52-11-15-47-9-10-13-17-14-12-60-0,248.92311767932725,seed705_explore_lns_start40_random_random_best_rm20_tw6
0-20-24-23-21-48-18-19-49-56-57-52-0,249.342314526737,seed607_lns_start8_late_best_rm8_tw6_guarded
0-65-52-57-23-21-48-19-49-24-20-51-63-0,249.69459949105638,seed701_explore_lns_start8_late_random_best_rm10_tw8
0-57-24-23-21-48-18-19-49-20-56-54-0,250.04609445380692,seed703_explore_lns_start7_mixed_random_best_rm25_tw6
0-14-47-16-15-11-9-59-58-20-57-0,250.0678256732478,seed709_explore_lns_start5_late_best_rm25_tw6
0-14-16-15-11-9-53-10-13-17-47-0,250.39083205101198,seed703_explore_lns_start15_mixed_regret_rm20_tw12
0-12-14-16-15-11-9-59-58-25-52-0,250.71938282125367,seed706_explore_lns_start7_random_best_rm15_tw6
0-52-64-23-49-19-18-48-21-25-24-20-0,251.09720375180942,seed602_lns_start2_late_random_best_rm8_tw6_guarded
0-65-64-62-67-63-20-24-57-52-0,252.31863378171732,seed709_explore_lns_start62_mixed_regret_rm20_tw6
0-62-67-22-58-59-52-57-0,252.72568116289585,seed703_explore_lns_start45_mixed_best_rm25_tw12
0-33-32-30-27-26-28-29-31-34-51-0,253.07764107837406,seed607_lns_start5_late_regret_rm8_tw12
0-14-47-16-15-11-9-59-58-25-21-0,253.89378002305665,seed701_explore_lns_start7_random_best_rm15_tw15
0-42-45-8-7-6-46-4-5-3-1-70-0,254.19427953249212,seed701_explore_lns_start35_random_random_best_rm15_tw8
0-57-19-23-48-18-49-20-56-51-63-0,254.3991378273184,seed702_explore_lns_start5_random_random_best_rm15_tw8
0-61-69-64-53-10-13-17-12-0,254.67138606547422,seed601_lns_start8_late_random_best_rm6_tw6
0-65-52-23-21-48-18-49-19-25-24-20-51-0,257.80229708850607,seed704_explore_lns_start6_mixed_random_best_rm25_tw6
0-65-69-64-53-10-13-17-47-12-0,259.4512284999097,seed704_explore_lns_start6_random_regret_rm20_tw6
0-65-69-64-53-10-13-17-14-12-0,259.4512284999097,seed704_explore_guarded
0-54-62-67-22-58-59-12-0,259.72146225406937,seed703_explore_lns_start15_mixed_regret_rm20_tw12
0-61-45-5-46-8-7-6-4-3-1-43-0,260.16308615186404,seed705_explore_lns_start4_mixed_random_best_rm10_tw10
0-57-64-23-49-19-18-48-21-25-24-52-0,260.6279182763344,seed703_explore_lns_start10_mixed_regret_rm15_tw8
0-57-24-23-21-48-18-19-49-25-51-63-0,261.0679806338177,seed703_explore_lns_start45_mixed_random_best_rm25_tw6
0-14-47-15-11-9-59-58-25-18-0,261.406968642885,seed701_explore_lns_start5_mixed_random_best_rm15_tw12
0-24-21-23-48-18-19-49-66-56-51-0,261.6586133593862,seed703_explore_lns_start35_random_random_best_rm20_tw12
0-57-64-20-23-49-19-18-48-21-25-52-0,262.2259844898691,seed705_explore_lns_start9_mixed_best_rm25_tw12
0-65-52-57-23-21-48-18-49-19-20-51-63-0,265.336028051703,seed701_explore_lns_start8_late_regret_rm10_tw10
0-57-64-19-23-21-48-18-25-20-24-52-0,267.27847883226866,seed707_explore_lns_start15_mixed_best_rm15_tw6
0-57-21-23-48-18-19-49-20-56-63-0,267.30393443116634,seed701_explore_lns_start8_random_random_best_rm25_tw12
0-65-69-64-53-55-68-61-2-0,267.3338406904524,seed702_explore_lns_start47_mixed_random_best_rm25_tw10
0-14-47-16-15-11-9-59-58-25-52-0,267.3745482727643,seed601_lns_start7_random_regret_rm8_tw8_guarded
0-65-62-67-51-22-24-66-54-0,267.5985442771366,seed701_explore_lns_start5_late_random_best_rm15_tw15
0-12-47-16-15-11-9-59-58-25-52-0,267.80264375975116,seed703_explore_guarded
0-50-62-67-51-22-24-58-59-0,269.4160004679199,seed701_explore_lns_start9_mixed_regret_rm10_tw6
0-24-21-23-48-18-22-49-19-20-56-0,271.2294843969293,seed707_explore_lns_start47_mixed_best_rm25_tw10
0-61-69-12-53-10-13-17-60-70-0,272.1220396615516,seed705_explore_lns_start5_mixed_regret_rm10_tw15
0-42-45-8-7-6-46-4-5-3-1-2-0,272.35965014318367,seed605_lns_start6_mixed_regret_rm6_tw15
0-65-24-23-48-18-19-49-56-66-57-52-0,273.55718115220117,seed704_explore_lns_start73_late_random_best_rm25_tw8
0-14-47-16-15-11-9-59-58-25-48-0,273.9382025412775,seed701_explore_lns_start7_random_random_best_rm10_tw8
0-33-32-30-27-26-28-29-31-34-50-54-0,275.40427056535293,seed602_lns_start8_late_random_best_rm6_tw8
0-57-64-24-23-49-19-21-48-18-20-51-0,276.4834706618394,seed704_explore_lns_start2_random_best_rm20_tw15
0-52-57-23-21-48-18-19-49-24-20-51-63-0,276.5095603378161,seed701_explore_guarded
0-57-24-20-19-23-18-48-21-25-59-52-0,277.1525450419815,seed701_explore_lns_start1_mixed_random_best_rm10_tw12
0-51-62-67-54-68-55-7-60-0,277.46192434760644,seed704_explore_lns_start73_late_random_best_rm25_tw8
0-51-63-62-67-54-68-55-60-70-0,277.74595863480295,seed701_explore_lns_start73_late_random_best_rm25_tw8
0-65-52-57-23-21-48-19-49-20-56-54-0,279.2718578050961,seed703_explore_lns_start8_late_best_rm15_tw12
0-65-64-69-53-60-55-68-70-61-0,279.74380196923755,seed706_explore_lns_start15_late_best_rm10_tw6
0-52-57-20-23-49-19-18-48-21-25-58-0,279.843837890567,seed705_explore_lns_start1_mixed_regret_rm10_tw15
0-65-64-69-53-60-55-68-61-54-0,280.25830565447467,seed708_explore_lns_start40_random_regret_rm15_tw12
0-61-69-64-52-10-13-17-12-60-0,281.70278774655816,seed702_explore_lns_start6_random_random_best_rm25_tw12
0-65-24-23-21-48-18-19-49-20-66-57-52-0,282.42771809044734,seed707_explore_lns_start8_mixed_regret_rm25_tw10
0-16-15-11-53-10-9-13-17-14-12-0,282.79595963214774,seed703_explore_lns_start31_mixed_regret_rm15_tw12
0-47-15-11-53-10-9-13-17-14-12-0,282.89243916944474,seed707_explore_lns_start9_random_regret_rm10_tw15
0-57-21-23-48-19-49-20-66-56-51-0,283.094667344001,seed702_explore_lns_start47_random_best_rm10_tw12
0-52-57-24-23-19-49-48-21-25-18-63-0,283.6631626565767,seed707_explore_lns_start10_mixed_random_best_rm25_tw12
0-24-21-23-48-18-19-49-56-66-57-52-0,285.1978855726693,seed708_explore_lns_start74_mixed_random_best_rm20_tw12
0-2-45-5-3-1-8-6-7-46-4-47-0,285.32627712741703,seed703_explore_lns_start31_mixed_regret_rm15_tw12
0-12-14-47-16-15-11-9-59-58-25-0,285.5988012007305,seed705_explore_lns_start5_late_random_best_rm15_tw10
0-57-64-20-23-49-19-18-21-25-24-52-0,285.7733944914896,seed701_explore_lns_start14_mixed_random_best_rm15_tw10
0-69-11-16-9-10-13-17-14-12-52-0,285.7824058169755,seed705_explore_lns_start16_mixed_regret_rm20_tw15
0-14-47-16-15-11-9-59-58-24-51-0,285.92685095877823,seed703_explore_lns_start8_mixed_best_rm15_tw12
0-14-47-16-15-11-9-59-58-20-51-0,286.8382437776679,seed706_explore_lns_start8_mixed_best_rm20_tw6
0-51-63-62-67-56-58-59-0,287.10449175831695,seed703_explore_lns_start31_mixed_regret_rm15_tw12
0-62-67-22-24-25-58-59-0,287.4815692802128,seed704_explore_lns_start45_mixed_random_best_rm15_tw6
0-12-14-15-11-9-59-58-25-51-0,287.634442629997,seed709_explore_lns_start8_random_best_rm20_tw12
0-1-3-45-5-46-8-6-4-55-68-70-0,287.8549077301552,seed701_explore_lns_start51_mixed_regret_rm20_tw12
0-14-47-16-15-11-9-59-58-25-18-0,288.0712080153627,seed604_lns_start5_random_best_rm5_tw6
0-62-67-22-19-25-58-59-0,289.02875284547935,seed706_explore_lns_start43_mixed_best_rm15_tw6
0-14-47-15-11-9-59-58-25-51-0,289.77056031307575,seed701_explore_lns_start8_random_random_best_rm15_tw8
0-12-16-15-11-9-59-58-25-51-0,290.2374718672083,seed703_explore_lns_start7_random_best_rm15_tw15
0-14-16-15-11-9-59-58-25-51-0,290.8416281249413,seed706_explore_lns_start6_random_best_rm15_tw12
0-54-61-69-60-53-10-13-16-17-12-0,291.0491866075745,seed701_explore_lns_start5_mixed_random_best_rm15_tw12
0-57-24-48-21-23-19-20-66-56-51-0,291.14196051440683,seed703_explore_lns_start44_mixed_random_best_rm25_tw10
0-47-16-15-11-9-59-58-25-51-0,292.1279218543565,seed702_explore_lns_start7_mixed_random_best_rm10_tw6
0-12-14-47-15-11-9-59-58-25-51-0,292.1331076235714,seed601_lns_start8_mixed_regret_rm6_tw10
0-57-24-23-21-48-18-49-66-56-51-0,292.4930829939584,seed709_explore_lns_start47_random_random_best_rm25_tw15
0-54-62-67-51-66-68-55-70-0,292.62097039441596,seed707_explore_guarded
0-65-57-23-21-48-19-49-20-56-51-63-0,292.68057287584577,seed701_explore_lns_start8_random_best_rm20_tw8
0-57-21-23-48-19-49-22-20-56-63-0,293.521289036256,seed706_explore_lns_start8_random_regret_rm20_tw12
0-65-57-24-23-21-48-18-19-20-56-52-0,293.87509206117517,seed602_lns_start7_late_regret_rm5_tw12
0-65-69-64-53-55-68-2-60-0,294.2831002805532,seed703_explore_lns_start46_mixed_random_best_rm25_tw8
0-64-69-53-10-13-16-17-12-0,294.5031251593839,seed702_explore_lns_start8_random_random_best_rm15_tw10
0-19-18-48-21-23-20-66-56-51-63-0,294.551368257588,seed702_explore_lns_start34_random_random_best_rm20_tw15
0-65-69-53-60-55-68-70-43-0,294.6258854675186,seed701_explore_lns_start1_late_best_rm20_tw8
0-52-64-23-22-49-19-48-21-25-24-20-0,294.7273844656238,seed709_explore_guarded
0-52-57-23-22-20-49-18-48-21-25-58-0,295.10773425498815,seed701_explore_guarded
0-54-62-67-51-22-24-58-59-0,296.3241654850631,seed701_explore_guarded
0-52-57-24-23-21-48-19-49-20-56-54-0,297.1910187719537,seed709_explore_lns_start5_late_best_rm10_tw8
0-65-52-57-24-23-21-49-20-19-48-18-63-0,297.25814158588594,seed601_lns_start5_late_random_best_rm8_tw8
0-65-52-23-21-19-49-18-48-25-51-63-0,298.2115390835229,seed709_explore_lns_start5_late_best_rm25_tw6
0-19-18-48-21-23-49-66-56-51-63-0,298.3110279910011,seed602_lns_start45_mixed_regret_rm5_tw15_guarded
0-65-19-23-21-48-18-49-56-66-57-52-0,298.5764130138416,seed705_explore_lns_start75_random_best_rm10_tw8
0-24-21-23-48-18-19-49-22-20-66-52-0,300.21622298640426,seed709_explore_lns_start33_mixed_best_rm10_tw6
0-69-64-53-10-13-17-47-60-0,300.32490967225374,seed602_lns_start5_late_best_rm6_tw6_guarded
0-52-59-23-49-19-18-48-21-25-24-20-0,300.9002915585257,seed702_explore_guarded
0-12-14-47-15-11-9-16-13-59-58-52-0,302.0697876045646,seed705_explore_lns_start2_late_regret_rm25_tw15
0-60-45-5-46-8-7-6-4-3-1-43-0,303.8073962753343,seed708_explore_lns_start0_late_random_best_rm10_tw12
0-50-62-67-22-24-66-56-54-0,304.0288108220534,seed705_explore_lns_start5_late_random_best_rm15_tw10
0-54-62-67-51-22-58-59-52-0,304.48451986273244,seed701_explore_guarded
0-1-45-5-46-8-7-6-3-4-2-52-0,304.5487141646927,seed705_explore_lns_start8_random_regret_rm10_tw15
0-51-62-67-22-48-58-59-0,304.7590032716168,seed708_explore_lns_start13_mixed_random_best_rm10_tw8
0-52-57-20-23-49-19-48-21-25-18-63-0,306.36916067115277,seed703_explore_lns_start15_mixed_random_best_rm25_tw15
0-65-57-52-69-53-60-55-68-2-0,306.9697094121036,seed703_explore_lns_start39_mixed_random_best_rm25_tw6
0-24-21-23-48-18-19-49-20-56-51-63-0,307.0834380194921,seed705_explore_lns_start45_random_best_rm20_tw10
0-52-64-23-48-19-49-21-25-24-20-57-0,307.1343623042758,seed703_explore_lns_start10_random_regret_rm15_tw8
0-69-64-53-10-13-17-14-60-0,308.573171624539,seed702_explore_guarded
0-42-45-8-7-6-2-4-5-3-1-61-0,311.1797750384204,seed709_explore_lns_start3_mixed_regret_rm15_tw12
0-57-21-23-48-18-49-20-66-56-51-0,312.736095904648,seed702_explore_lns_start44_mixed_regret_rm10_tw8
0-24-21-23-48-18-19-66-56-51-63-0,313.1496042320693,seed705_explore_lns_start39_random_random_best_rm25_tw6
0-65-20-23-21-48-18-19-49-56-51-63-0,313.16712933961867,seed708_explore_lns_start5_random_best_rm20_tw10
0-52-23-21-48-18-19-49-20-56-63-0,313.75739049966177,seed707_explore_lns_start6_random_best_rm10_tw15
0-65-52-69-53-12-55-68-61-2-0,314.5581264207718,seed707_explore_lns_start44_random_regret_rm25_tw8
0-52-57-24-19-23-49-18-48-21-25-59-0,314.79263855459106,seed702_explore_lns_start2_mixed_random_best_rm10_tw10
0-57-64-24-23-22-49-18-48-21-25-20-0,314.83426221534734,seed707_explore_guarded
0-65-69-64-53-10-13-17-47-60-0,314.93481574313336,seed601_lns_start5_late_best_rm5_tw10_guarded
0-14-47-16-15-11-9-59-58-25-51-0,316.43479968555346,seed601_lns_start7_random_regret_rm8_tw8
0-65-52-57-23-21-48-19-49-20-56-51-0,316.9991562204188,seed607_lns_start6_mixed_regret_rm4_tw8
0-50-62-67-51-22-19-58-59-0,317.3517219747041,seed706_explore_lns_start13_mixed_regret_rm15_tw12
0-52-57-23-21-48-18-19-49-20-25-59-0,317.9152065189081,seed704_explore_lns_start1_mixed_regret_rm20_tw10
0-52-57-23-21-48-18-19-49-20-56-54-0,318.4629544272833,seed608_lns_start6_random_best_rm6_tw15
0-69-64-52-10-13-17-47-12-60-0,318.6436440611278,seed704_explore_lns_start5_random_random_best_rm15_tw10
0-65-52-69-53-60-55-68-70-43-0,318.92241895255876,seed701_explore_lns_start0_random_random_best_rm10_tw12
0-69-64-53-10-13-17-12-60-0,319.24949448402725,seed601_lns_start5_late_best_rm5_tw10
0-57-69-53-12-10-13-17-60-61-0,320.7811845513312,seed706_explore_lns_start7_random_regret_rm20_tw6
0-57-21-23-48-18-19-20-24-58-59-52-0,322.2540649046251,seed709_explore_lns_start2_random_random_best_rm10_tw15
0-65-69-64-53-10-13-17-14-60-0,323.18307769541855,seed601_lns_start8_late_best_rm6_tw8_guarded
0-65-24-23-21-48-18-19-49-20-56-63-0,323.25543954230545,seed706_explore_lns_start8_random_best_rm20_tw12
0-51-63-62-67-56-66-57-58-0,323.4154484000671,seed705_explore_lns_start9_random_regret_rm25_tw10
0-54-62-67-51-22-20-58-59-0,323.7771563903493,seed703_explore_guarded
0-65-62-67-22-24-66-68-54-0,325.24448361009877,seed707_explore_lns_start6_late_best_rm10_tw15
0-50-62-67-22-24-66-68-54-0,325.9915251652533,seed706_explore_lns_start6_late_regret_rm10_tw10
0-19-18-48-21-23-49-20-66-56-63-0,326.1591399432539,seed706_explore_lns_start47_mixed_random_best_rm15_tw12
0-33-32-30-27-26-28-29-31-34-50-63-0,326.6713496586605,seed601_lns_start6_late_random_best_rm6_tw12
0-65-57-24-23-21-48-18-19-49-20-56-0,327.1932100915195,seed708_explore_lns_start8_random_random_best_rm20_tw8
0-65-69-64-53-55-68-61-70-2-0,327.39178857748743,seed702_explore_lns_start45_random_regret_rm15_tw10
0-54-62-67-22-24-66-68-70-0,327.58822749637363,seed604_lns_start8_mixed_random_best_rm8_tw15
0-33-32-30-27-26-28-29-31-34-50-51-0,327.9914801234611,seed601_lns_start8_late_best_rm6_tw8
0-65-52-57-24-23-21-49-19-18-48-20-54-0,328.16304862736934,seed705_explore_lns_start7_late_random_best_rm15_tw12
0-61-45-5-46-8-7-6-4-3-1-68-0,328.16753694212997,seed709_explore_lns_start6_late_regret_rm10_tw12
0-65-62-67-22-18-25-58-59-0,329.9923456580854,seed705_explore_lns_start43_mixed_random_best_rm20_tw15
0-65-69-57-52-53-55-68-61-2-0,331.85323049279145,seed701_explore_lns_start46_random_best_rm10_tw15
0-52-57-24-23-21-48-18-49-20-25-59-0,333.00215278906603,seed703_explore_lns_start0_random_random_best_rm15_tw8
0-7-45-5-3-1-46-8-6-4-55-61-0,333.28586558443965,seed708_explore_lns_start8_late_regret_rm10_tw12
0-65-69-64-53-10-13-17-12-60-0,333.85940055490687,seed602_lns_start5_late_best_rm6_tw15_guarded
0-69-64-53-55-68-70-43-0,334.2972646435816,seed701_explore_lns_start12_mixed_best_rm25_tw8
0-65-69-60-12-53-55-68-70-43-0,334.35057929935346,seed706_explore_lns_start0_mixed_random_best_rm15_tw10
0-57-64-20-23-21-49-19-48-18-51-63-0,334.83280262079484,seed701_explore_guarded
0-65-69-9-53-55-68-70-43-0,335.47296187208974,seed706_explore_lns_start2_mixed_random_best_rm20_tw6
0-65-52-57-24-23-49-19-21-25-48-18-63-0,337.3126163693186,seed706_explore_lns_start8_mixed_best_rm20_tw6
0-65-69-64-53-55-68-70-5-0,337.3741006747439,seed707_explore_lns_start0_random_best_rm20_tw8
0-43-45-6-8-5-3-1-4-7-2-0,337.5317163132779,seed705_explore_lns_start2_late_regret_rm25_tw15
0-61-45-5-46-8-6-1-3-4-2-55-0,337.7998976631355,seed602_lns_start6_late_regret_rm8_tw8
0-57-24-23-21-48-18-19-20-56-51-63-0,339.2836215861661,seed706_explore_lns_start6_late_regret_rm15_tw15
0-52-57-24-20-23-49-19-21-48-25-59-0,341.06107779181207,seed703_explore_lns_start3_mixed_random_best_rm15_tw15
0-54-69-60-53-10-13-17-14-12-70-0,342.0392016838441,seed709_explore_lns_start7_random_best_rm25_tw6
0-65-52-57-23-21-48-18-19-20-56-51-0,342.401083403367,seed601_lns_start6_late_random_best_rm6_tw12
0-33-32-30-27-26-28-29-31-34-70-0,343.6504273020551,seed608_lns_start5_late_regret_rm8_tw12
0-64-69-53-10-13-16-17-60-0,345.5331037628281,seed601_lns_start8_mixed_regret_rm6_tw10
0-12-16-15-11-53-9-13-17-47-14-60-0,346.4041577236678,seed701_explore_lns_start10_random_random_best_rm15_tw15
0-65-52-57-24-23-19-49-20-56-51-63-0,346.7961957043079,seed705_explore_lns_start7_late_best_rm15_tw10
0-24-18-48-21-23-19-20-66-56-63-0,347.2806685351193,seed705_explore_lns_start40_random_random_best_rm20_tw6
0-54-62-67-53-60-55-68-70-0,347.7929459251212,seed701_explore_lns_start75_mixed_random_best_rm10_tw12
0-50-62-67-51-22-25-58-59-0,348.35107218430153,seed702_explore_guarded
0-65-69-64-53-55-68-70-43-0,348.9071707144612,seed702_explore_lns_start0_mixed_random_best_rm15_tw15
0-60-69-52-53-55-68-70-43-0,350.0645359306583,seed705_explore_lns_start3_random_regret_rm10_tw12
0-63-20-23-21-48-18-49-19-25-24-57-0,350.26273347140983,seed706_explore_lns_start0_mixed_regret_rm10_tw12
0-65-57-23-21-48-18-19-49-20-56-63-0,351.5004213118762,seed601_lns_start7_random_regret_rm8_tw8
0-61-45-5-46-8-6-1-3-4-2-68-0,354.6730052334443,seed607_lns_start7_late_regret_rm8_tw6
0-52-57-23-21-48-18-19-49-20-56-51-0,356.190252842606,seed601_lns_start8_late_best_rm6_tw8_guarded
0-57-64-69-53-10-13-17-12-60-0,357.5493614176128,seed602_lns_start8_mixed_random_best_rm5_tw10
0-65-16-15-53-60-55-68-70-43-0,358.09933556315167,seed704_explore_lns_start2_late_best_rm25_tw12
0-52-57-23-21-48-19-49-20-56-51-63-0,358.7119879816658,seed701_explore_lns_start7_late_random_best_rm10_tw10
0-50-62-67-22-24-58-59-52-57-0,359.14666033472116,seed703_explore_lns_start13_late_random_best_rm25_tw10
0-65-52-57-23-19-49-18-48-21-25-20-63-0,359.5796265812539,seed705_explore_lns_start6_late_regret_rm15_tw6
0-65-52-64-69-53-55-68-2-0,359.74687220791077,seed709_explore_lns_start44_mixed_random_best_rm10_tw15
0-42-45-8-7-6-46-4-5-3-1-60-0,359.87825326469135,seed705_explore_lns_start46_random_random_best_rm15_tw10
0-65-52-57-23-48-18-19-49-20-56-51-0,362.3172875559741,seed702_explore_lns_start8_random_random_best_rm15_tw10
0-65-69-64-53-10-13-17-12-52-0,362.7639357010713,seed703_explore_lns_start7_mixed_random_best_rm25_tw6
0-52-23-21-48-18-19-20-66-56-51-0,363.0025480213235,seed704_explore_lns_start43_mixed_random_best_rm15_tw12
0-54-62-67-51-22-25-58-59-0,363.11134785229706,seed702_explore_guarded
0-57-21-23-48-18-49-66-56-51-63-0,364.21091861271304,seed703_explore_lns_start43_random_regret_rm20_tw10
0-52-57-24-23-19-49-18-48-21-25-20-63-0,366.1814227269383,seed601_lns_start0_late_random_best_rm4_tw8
0-51-64-57-53-10-13-17-12-60-0,366.26074950731464,seed704_explore_lns_start6_mixed_regret_rm15_tw12
0-57-24-23-21-48-18-19-49-20-56-63-0,367.0963275294478,seed703_explore_lns_start6_mixed_random_best_rm10_tw12
0-57-64-69-53-10-13-16-17-60-0,367.6547879712542,seed703_explore_guarded
0-50-62-67-53-55-68-70-1-0,370.0088977870929,seed707_explore_lns_start8_mixed_regret_rm25_tw10
0-65-57-64-23-21-49-19-18-48-20-24-52-0,371.1225064952142,seed702_explore_lns_start15_random_best_rm15_tw8
0-60-45-5-46-8-7-6-4-3-1-68-0,371.8118470656002,seed705_explore_lns_start6_late_random_best_rm10_tw10
0-57-24-23-21-18-49-20-66-56-63-0,371.8514236632476,seed708_explore_lns_start47_mixed_random_best_rm20_tw10
0-52-57-24-20-19-49-18-48-21-25-58-59-0,372.73719203698556,seed707_explore_lns_start3_late_random_best_rm10_tw6
0-52-24-23-21-22-49-19-18-48-56-0,374.2472473921042,seed707_explore_guarded
0-50-62-67-51-22-58-59-12-0,374.6422207665028,seed703_explore_lns_start14_mixed_random_best_rm10_tw12
0-52-57-23-48-18-19-20-51-56-70-0,376.35623070158925,seed707_explore_lns_start6_late_regret_rm20_tw15
0-65-52-69-53-10-55-68-61-2-0,377.0064108817867,seed704_explore_lns_start46_random_random_best_rm25_tw10
0-65-69-11-53-60-55-68-70-43-0,377.46678516272624,seed704_explore_lns_start2_mixed_regret_rm15_tw10
0-65-64-69-53-60-55-68-70-54-0,378.08984814206184,seed701_explore_guarded
0-14-47-16-15-11-9-59-58-25-24-20-0,378.20408105991163,seed708_explore_lns_start6_random_best_rm20_tw10
0-33-32-30-27-26-28-29-31-34-63-51-0,382.3953369583761,seed602_lns_start2_late_random_best_rm8_tw6_guarded
0-54-62-67-22-24-66-55-70-0,383.7420206161496,seed701_explore_lns_start6_mixed_regret_rm15_tw6
0-52-64-69-53-10-13-17-12-60-0,383.81214908109837,seed601_lns_start7_random_regret_rm8_tw8
0-65-57-64-69-53-55-68-70-2-0,385.7963700398649,seed602_lns_start45_mixed_regret_rm5_tw15_guarded
0-60-14-47-15-11-9-59-58-25-21-0,390.47145454223937,seed702_explore_lns_start8_random_random_best_rm15_tw10
0-60-7-45-46-8-6-55-4-5-3-1-0,390.64179672806875,seed704_explore_lns_start8_mixed_regret_rm10_tw10
0-57-64-23-19-49-24-48-21-25-20-51-0,391.2167026453886,seed701_explore_lns_start2_mixed_regret_rm25_tw12
0-65-61-69-53-60-55-68-70-43-0,392.7052958596192,seed708_explore_lns_start3_mixed_random_best_rm20_tw15
0-54-69-11-53-10-13-17-47-12-60-0,393.0751991256541,seed708_explore_lns_start6_mixed_regret_rm25_tw12
0-52-20-23-19-49-18-48-21-25-58-59-0,395.3173656492249,seed707_explore_lns_start0_mixed_regret_rm15_tw8
0-65-52-57-23-21-48-19-49-20-56-63-0,396.322090880737,seed701_explore_lns_start8_mixed_regret_rm10_tw8
0-52-57-64-24-20-49-19-18-48-21-25-58-0,397.14596415905476,seed709_explore_lns_start4_mixed_random_best_rm15_tw10
0-52-57-24-23-21-48-18-20-25-58-59-0,397.3554938342889,seed701_explore_lns_start2_mixed_regret_rm25_tw15
0-24-21-23-48-18-19-49-20-66-56-51-0,397.6721133630467,seed702_explore_lns_start36_mixed_random_best_rm10_tw10
0-63-62-67-22-58-59-16-0,398.6961759304851,seed709_explore_lns_start14_mixed_regret_rm10_tw6
0-52-57-24-23-21-48-18-49-19-51-56-0,399.5625510393621,seed704_explore_guarded
0-52-57-23-21-48-18-19-49-20-51-63-54-0,399.65514287717167,seed709_explore_lns_start5_late_random_best_rm10_tw12
0-60-47-16-15-11-9-59-58-25-20-0,399.90443188907295,seed708_explore_lns_start74_mixed_random_best_rm20_tw12
0-61-69-64-22-10-13-17-12-0,402.47817085859504,seed701_explore_lns_start73_late_random_best_rm25_tw8
0-62-67-22-66-56-51-19-0,403.5356190587793,seed704_explore_lns_start2_random_random_best_rm25_tw10
0-14-47-16-15-11-9-59-58-25-21-20-0,404.86636963437354,seed704_explore_lns_start73_late_random_best_rm25_tw8
0-14-47-16-15-11-9-59-58-25-21-24-0,404.86636963437354,seed704_explore_guarded
0-54-62-67-22-24-56-66-70-0,405.3960002662965,seed705_explore_lns_start7_late_regret_rm10_tw12
0-69-60-53-12-10-13-17-68-0,405.7845667963963,seed709_explore_lns_start8_random_regret_rm15_tw6
0-52-57-23-21-48-18-19-49-20-56-70-0,407.74905624347315,seed706_explore_lns_start5_late_regret_rm10_tw10
0-42-43-45-8-6-7-46-4-5-3-1-0,408.40851754499744,seed703_explore_lns_start40_mixed_random_best_rm25_tw6
0-65-64-69-53-60-55-68-70-2-0,409.57069741294583,seed701_explore_lns_start2_late_regret_rm10_tw6
0-50-62-67-22-49-66-56-51-0,409.743290965663,seed701_explore_lns_start2_mixed_regret_rm25_tw15
0-65-69-64-53-10-12-17-60-61-0,411.36567815712954,seed706_explore_lns_start7_mixed_random_best_rm10_tw8
0-52-64-53-12-10-13-17-60-7-0,411.6055017397022,seed707_explore_lns_start6_mixed_regret_rm20_tw8
0-63-62-67-22-24-25-58-59-0,412.10953499240725,seed709_explore_lns_start43_mixed_random_best_rm25_tw8
0-14-47-16-15-11-9-59-58-25-24-52-0,413.09301746294983,seed703_explore_lns_start5_mixed_regret_rm10_tw15
0-50-62-67-64-22-19-58-59-0,417.31714558122195,seed703_explore_lns_start13_mixed_best_rm10_tw10
0-64-69-53-10-13-17-47-12-60-0,417.3318341976161,seed701_explore_lns_start6_mixed_regret_rm15_tw15
0-64-69-53-10-13-17-14-12-60-0,417.3318341976161,seed702_explore_lns_start7_mixed_random_best_rm10_tw6
0-52-11-15-16-9-13-59-58-25-0,417.38151184655095,seed708_explore_lns_start5_random_best_rm20_tw10
0-14-47-16-15-11-9-59-58-25-21-48-0,417.4674226763792,seed705_explore_lns_start7_late_best_rm15_tw10
0-14-47-16-15-11-9-59-58-25-63-0,417.7321660400678,seed601_lns_start6_late_best_rm6_tw12
0-52-69-53-12-10-13-17-47-60-61-0,418.00999997187705,seed708_explore_lns_start8_random_random_best_rm20_tw8
0-65-69-57-52-53-55-68-4-0,418.0362168393252,seed705_explore_lns_start47_random_best_rm25_tw10
0-50-62-67-51-22-58-59-16-0,418.450659110479,seed701_explore_lns_start14_mixed_random_best_rm15_tw15
0-51-64-69-53-10-13-17-12-60-0,418.69316780205963,seed601_lns_start7_random_regret_rm8_tw8_guarded
0-14-47-11-15-16-9-13-59-58-25-0,418.82401765846896,seed702_explore_lns_start5_mixed_best_rm10_tw10
0-63-33-32-30-27-26-28-29-31-34-54-0,418.8247025809769,seed608_lns_start8_late_best_rm8_tw6
0-63-62-67-22-58-59-60-0,420.045206475445,seed704_explore_lns_start13_random_regret_rm25_tw8
0-52-23-21-48-18-19-49-20-56-68-0,420.69448632066116,seed707_explore_lns_start5_random_best_rm20_tw12
0-24-19-48-21-23-49-20-66-56-51-63-0,421.129323505707,seed705_explore_lns_start43_mixed_random_best_rm20_tw15
0-54-45-46-8-7-6-4-5-3-1-55-0,421.39607769292,seed708_explore_lns_start5_late_regret_rm10_tw6
0-65-52-64-69-53-60-55-68-61-0,422.07567137145554,seed701_explore_lns_start35_random_random_best_rm15_tw8
0-14-47-15-11-9-59-58-25-20-51-0,422.6476700264325,seed703_explore_lns_start8_random_random_best_rm10_tw10
0-52-57-24-23-22-20-49-21-25-48-18-63-0,423.321126628993,seed709_explore_guarded
0-14-16-15-11-9-59-58-25-20-51-0,423.7187378382979,seed706_explore_lns_start8_mixed_random_best_rm10_tw10
0-51-64-24-20-49-23-21-25-48-18-19-0,424.4149318826336,seed707_explore_lns_start15_mixed_random_best_rm20_tw6
0-50-62-67-22-56-66-68-70-0,424.80618226574836,seed705_explore_lns_start7_late_random_best_rm15_tw12
0-47-16-15-11-9-59-58-25-20-51-0,425.00503156771316,seed701_explore_lns_start74_random_best_rm20_tw12
0-20-21-23-48-18-19-49-24-25-57-66-0,425.86309228374904,seed603_lns_start3_random_regret_rm8_tw12
0-65-64-69-53-10-13-17-60-70-0,426.1828528077285,seed705_explore_lns_start5_late_random_best_rm15_tw10
0-14-47-15-11-9-59-58-25-24-51-0,426.228029724128,seed703_explore_lns_start8_mixed_best_rm15_tw8
0-14-16-15-11-9-59-58-25-24-51-0,427.2990975359935,seed701_explore_lns_start6_mixed_regret_rm15_tw15
0-61-69-64-53-10-13-17-12-60-0,427.49357175920073,seed701_explore_lns_start5_random_best_rm15_tw8
0-65-52-64-69-53-55-68-70-2-0,428.0257874437143,seed706_explore_lns_start44_mixed_best_rm15_tw15
0-47-16-15-11-9-59-58-25-24-51-0,428.5853912654087,seed709_explore_lns_start5_mixed_random_best_rm15_tw12
0-50-62-67-22-56-66-58-0,429.1305785548511,seed701_explore_lns_start2_mixed_regret_rm25_tw12
0-65-52-64-20-49-23-21-48-25-19-24-57-0,431.4428381875943,seed702_explore_lns_start10_mixed_best_rm20_tw6
0-51-63-62-67-56-66-59-58-0,432.17033390570003,seed706_explore_lns_start3_mixed_random_best_rm10_tw6
0-63-62-67-22-19-25-58-59-0,432.2229213408731,seed703_explore_lns_start47_mixed_random_best_rm20_tw6
0-65-52-23-21-48-18-19-49-20-56-63-0,433.39951498563016,seed602_lns_start8_mixed_random_best_rm5_tw10
0-52-57-64-23-21-49-18-48-19-20-63-0,433.7047780672401,seed709_explore_lns_start8_random_regret_rm15_tw6
0-52-64-69-53-60-55-68-70-54-0,433.7673726308319,seed708_explore_guarded
0-65-69-53-60-4-55-70-43-0,434.48066685762643,seed707_explore_lns_start1_late_best_rm25_tw15
0-65-69-64-53-10-13-17-12-61-0,435.2907191467316,seed705_explore_lns_start7_late_regret_rm10_tw8
0-52-57-23-21-48-18-19-49-20-56-63-0,435.5131875029242,seed607_lns_start5_mixed_random_best_rm5_tw6
0-52-57-23-21-48-19-49-20-56-55-0,437.23250543012,seed702_explore_lns_start8_mixed_regret_rm20_tw8
0-65-69-2-60-53-55-68-54-52-0,437.41827109027463,seed707_explore_lns_start33_mixed_best_rm25_tw8
0-33-32-30-27-26-28-29-31-34-50-52-0,437.6059481251006,seed704_explore_lns_start5_random_regret_rm10_tw15
0-52-57-20-19-23-21-48-18-25-24-56-0,437.60754320981323,seed704_explore_lns_start2_mixed_regret_rm15_tw12
0-24-20-18-19-23-49-48-21-25-57-60-0,437.7869005253158,seed702_explore_lns_start0_mixed_random_best_rm15_tw15
0-52-57-24-20-23-19-49-18-48-21-25-61-0,437.79208118799426,seed703_explore_lns_start31_mixed_regret_rm15_tw12
0-52-57-24-23-48-18-20-66-56-63-0,438.2610967032936,seed708_explore_lns_start40_random_regret_rm15_tw12
0-65-57-64-69-53-55-68-61-2-0,438.55879314886204,seed704_explore_lns_start43_mixed_random_best_rm15_tw12
0-14-47-16-15-9-59-58-25-18-24-0,439.04711336491573,seed708_explore_lns_start7_random_random_best_rm15_tw10
0-19-18-48-21-23-49-20-66-56-51-63-0,439.6526718886598,seed701_explore_lns_start44_random_best_rm25_tw6
0-50-62-67-51-22-58-59-60-0,439.7996896554389,seed702_explore_lns_start9_late_random_best_rm10_tw15
0-65-24-23-21-48-18-19-49-20-56-51-63-0,440.02418668727364,seed702_explore_lns_start7_late_best_rm15_tw12
0-63-62-67-51-22-24-58-59-0,440.0376754428715,seed701_explore_lns_start11_mixed_random_best_rm25_tw6
0-54-62-67-22-24-66-68-61-70-0,440.40859849240604,seed707_explore_lns_start6_mixed_regret_rm20_tw8
0-2-69-53-60-55-68-66-52-0,441.3969210867193,seed705_explore_lns_start45_random_best_rm20_tw10
0-39-45-8-6-7-46-4-5-3-1-2-0,441.50480066826856,seed707_explore_lns_start14_random_random_best_rm25_tw12
0-65-52-57-23-21-18-19-49-20-56-63-0,441.6402222162923,seed701_explore_lns_start6_mixed_best_rm15_tw8
0-65-52-57-23-48-18-19-49-20-56-63-0,441.6402222162923,seed701_explore_lns_start7_random_best_rm15_tw15
0-54-62-67-22-20-24-66-68-0,441.7415606064201,seed702_explore_lns_start8_mixed_best_rm25_tw6
0-60-11-15-16-47-14-9-59-58-25-0,441.7900744589168,seed701_explore_lns_start8_late_regret_rm10_tw10
0-52-57-24-23-21-48-19-49-20-25-66-0,441.7928941934423,seed705_explore_lns_start0_random_random_best_rm20_tw12
0-24-62-67-66-68-55-70-54-0,442.1675919466972,seed607_lns_start7_random_random_best_rm8_tw12
0-45-1-3-5-8-7-6-46-4-2-13-0,442.4790221932317,seed704_explore_lns_start8_random_random_best_rm25_tw8
0-65-69-64-22-10-13-17-14-12-0,442.480623827144,seed708_explore_lns_start74_mixed_random_best_rm20_tw12
0-57-24-23-21-48-18-49-20-66-56-51-0,442.7378766751133,seed703_explore_lns_start47_mixed_random_best_rm20_tw6
0-65-69-16-53-55-68-61-54-43-0,442.87865968447016,seed705_explore_lns_start40_random_random_best_rm20_tw6
0-62-67-64-22-25-58-59-0,442.9152027334925,seed707_explore_lns_start37_random_best_rm15_tw8
0-50-62-67-63-51-22-58-59-0,444.3852894545815,seed706_explore_lns_start15_late_best_rm20_tw12
0-65-52-69-53-60-55-68-66-61-0,446.57042608504065,seed706_explore_lns_start39_random_best_rm20_tw6
0-14-47-16-15-11-9-59-58-51-63-0,448.47611420283954,seed703_explore_lns_start5_mixed_best_rm10_tw10
0-20-18-48-21-23-19-49-56-63-51-57-0,449.29121304015786,seed701_explore_lns_start8_late_best_rm15_tw10
0-65-62-67-22-18-48-25-58-59-0,449.9923456580854,seed708_explore_lns_start43_mixed_best_rm15_tw15
0-52-57-23-21-48-18-19-49-20-24-55-0,450.0407863384653,seed706_explore_guarded
0-57-14-15-16-9-59-58-25-51-0,450.2728849324841,seed708_explore_lns_start6_mixed_regret_rm25_tw12
0-65-69-60-53-10-55-68-70-43-0,452.1717512407536,seed705_explore_lns_start2_random_random_best_rm25_tw6
0-60-14-47-15-11-9-59-58-25-51-0,453.01247420473624,seed709_explore_lns_start7_mixed_regret_rm15_tw15
0-65-62-67-64-22-66-68-70-0,454.18079547009734,seed706_explore_lns_start8_mixed_regret_rm15_tw8
0-69-64-51-56-66-68-55-70-0,455.5503648449498,seed709_explore_lns_start11_mixed_random_best_rm20_tw8
0-64-69-53-10-13-16-17-12-60-0,456.15982174900967,seed701_explore_lns_start6_mixed_best_rm15_tw8
0-14-47-15-11-9-59-58-25-48-51-0,456.40976177055995,seed701_explore_lns_start6_mixed_best_rm15_tw8
0-52-57-64-24-20-49-23-25-21-48-18-0,457.6610425200755,seed706_explore_lns_start13_mixed_regret_rm15_tw12
0-61-64-69-53-10-13-17-47-60-0,457.98058576723145,seed706_explore_lns_start7_random_best_rm15_tw6
0-61-69-12-53-10-13-17-60-55-0,458.0953071846648,seed706_explore_lns_start8_random_best_rm10_tw8
0-50-33-30-27-26-28-32-29-31-34-20-0,458.123098586016,seed707_explore_lns_start7_mixed_regret_rm15_tw10
0-52-24-23-21-48-18-19-49-20-56-63-0,459.02960531956296,seed709_explore_lns_start5_mixed_best_rm15_tw6
0-24-21-23-48-18-49-20-66-56-51-63-0,459.37189518966625,seed705_explore_lns_start44_mixed_best_rm20_tw8
0-52-57-64-24-20-49-23-25-48-18-19-0,460.2297369667126,seed704_explore_lns_start9_mixed_random_best_rm25_tw10
0-65-64-69-53-10-13-16-17-12-60-0,460.86676913215126,seed706_explore_lns_start5_mixed_regret_rm20_tw15
0-33-32-30-27-26-28-29-31-34-43-0,460.99498194689,seed608_lns_start14_mixed_regret_rm8_tw8
0-62-67-22-24-25-58-59-52-0,461.024665143783,seed709_explore_lns_start44_mixed_random_best_rm25_tw15
0-24-21-23-48-18-19-49-66-56-51-63-0,461.3161913850106,seed703_explore_lns_start39_mixed_random_best_rm25_tw6
0-24-21-23-48-18-19-20-66-56-51-63-0,461.36793862889186,seed702_explore_lns_start40_random_regret_rm15_tw10
0-14-47-16-15-11-9-59-58-25-21-52-0,461.5063164777439,seed702_explore_lns_start5_random_random_best_rm15_tw8
0-62-67-22-49-25-58-59-52-0,462.0894048469481,seed709_explore_lns_start39_mixed_best_rm15_tw8
0-69-64-53-10-13-17-12-2-0,463.00013155058156,seed705_explore_lns_start5_late_regret_rm10_tw10
0-14-47-11-15-16-59-58-25-48-51-0,463.19552641433006,seed703_explore_lns_start5_random_best_rm15_tw6
0-33-32-30-27-26-28-29-31-34-56-0,463.7772401557193,seed606_lns_start5_late_random_best_rm8_tw10
0-54-62-67-22-56-66-68-70-0,463.86223663203896,seed602_lns_start6_late_regret_rm8_tw8
0-65-64-23-49-22-20-24-21-18-51-63-0,467.9433562731126,seed709_explore_lns_start51_random_random_best_rm25_tw6
0-65-62-67-22-66-68-55-70-0,468.5968488610846,seed702_explore_lns_start8_late_random_best_rm10_tw6
0-50-62-67-22-66-68-55-70-0,469.3438904162391,seed701_explore_guarded
0-65-52-69-53-12-10-13-17-60-55-0,469.3968911191101,seed701_explore_guarded
0-65-69-64-51-56-66-68-55-70-0,470.1602709158294,seed606_lns_start15_mixed_random_best_rm6_tw10
0-65-51-62-67-56-66-68-55-70-0,470.51639800891826,seed706_explore_guarded
0-69-60-53-12-10-13-16-17-68-0,472.019662266962,seed707_explore_lns_start6_mixed_random_best_rm20_tw10
0-16-15-11-9-59-58-25-18-51-0,473.5469729426228,seed706_explore_lns_start8_random_regret_rm20_tw12
0-51-62-67-64-22-58-59-0,473.8314461829806,seed706_explore_lns_start11_random_random_best_rm25_tw12
0-65-57-64-69-53-60-55-68-61-54-0,474.19504343771683,seed709_explore_lns_start39_mixed_best_rm15_tw8
0-50-62-67-22-24-25-58-59-52-0,474.2110997637011,seed707_explore_guarded
0-54-62-67-51-22-58-59-60-0,474.39507044761456,seed707_explore_lns_start14_random_random_best_rm25_tw12
0-51-62-67-22-56-66-57-24-0,475.72341897557794,seed707_explore_lns_start0_mixed_regret_rm15_tw8
0-62-67-22-57-59-58-25-0,476.6276857574332,seed708_explore_lns_start38_random_best_rm15_tw10
0-61-54-67-51-56-66-68-55-70-0,476.9979437769638,seed705_explore_lns_start88_mixed_best_rm25_tw15
0-63-62-67-51-22-58-59-52-0,477.3402112270079,seed703_explore_lns_start13_mixed_random_best_rm25_tw10
0-57-64-69-53-10-13-16-17-12-60-0,478.2815059574358,seed703_explore_lns_start8_mixed_best_rm15_tw8
0-24-62-67-56-66-68-55-70-0,481.6817220153765,seed708_explore_lns_start6_mixed_regret_rm25_tw12
0-54-62-67-64-22-25-58-59-0,483.00980237055376,seed702_explore_lns_start35_random_random_best_rm10_tw8
0-54-62-67-63-51-22-58-59-0,483.4413438208728,seed705_explore_lns_start2_mixed_regret_rm15_tw10
0-62-67-64-22-24-25-58-57-0,483.5914297240259,seed707_explore_lns_start44_random_regret_rm25_tw8
0-52-57-23-21-48-18-19-49-56-55-0,483.7631162461367,seed706_explore_lns_start5_mixed_regret_rm20_tw15
0-51-64-69-53-60-55-68-70-54-0,484.7473230691601,seed701_explore_guarded
0-65-52-57-23-21-48-18-49-19-63-56-0,485.86534901415814,seed602_lns_start6_random_regret_rm8_tw6
0-33-32-30-27-26-28-29-31-34-68-0,487.0965387129445,seed604_lns_start6_late_regret_rm8_tw8
0-50-62-67-22-56-66-57-58-0,489.19143938084574,seed702_explore_lns_start0_mixed_regret_rm10_tw12
0-24-19-21-23-18-49-20-66-56-51-63-0,489.58664551992007,seed701_explore_lns_start35_random_random_best_rm15_tw8
0-61-69-11-53-10-13-17-60-55-0,489.7430935199794,seed702_explore_lns_start8_mixed_best_rm20_tw12
0-33-32-30-27-26-28-29-31-34-63-20-0,490.67184572495285,seed706_explore_lns_start5_mixed_regret_rm20_tw15
0-63-62-67-51-22-20-58-59-0,491.02180140983194,seed701_explore_lns_start15_random_random_best_rm10_tw12
0-52-57-23-21-48-19-49-20-56-68-70-0,491.6473452649284,seed701_explore_lns_start5_late_random_best_rm15_tw15
0-52-57-23-21-48-18-19-49-20-24-25-14-0,493.0202687783863,seed704_explore_lns_start13_random_regret_rm25_tw8
0-62-67-22-24-25-58-59-57-0,493.06489143483407,seed701_explore_lns_start44_mixed_best_rm15_tw12
0-62-67-22-49-25-58-59-57-0,494.1296311379991,seed703_explore_lns_start34_random_best_rm15_tw8
0-2-45-53-6-8-4-5-3-1-7-0,495.2211381175066,seed708_explore_lns_start74_mixed_random_best_rm20_tw12
0-61-69-64-52-53-55-68-2-0,495.2341351654295,seed702_explore_lns_start43_random_regret_rm10_tw8
0-52-57-24-23-19-49-18-48-21-25-17-0,495.29024508131727,seed707_explore_lns_start10_mixed_regret_rm15_tw6
0-24-64-69-53-10-13-17-12-60-0,496.8715041370334,seed608_lns_start6_mixed_regret_rm8_tw10
0-65-57-64-69-53-55-68-61-70-2-0,498.6167410358971,seed707_explore_guarded
0-50-62-67-22-57-58-59-13-0,498.75686042286446,seed707_explore_lns_start15_mixed_random_best_rm20_tw6
0-54-62-67-22-58-59-13-12-0,499.7417653717914,seed703_explore_guarded
0-65-64-69-53-66-68-55-70-0,500.06369938636533,seed704_explore_lns_start14_mixed_regret_rm10_tw12
0-50-62-67-51-22-58-59-17-0,503.4869014205176,seed708_explore_lns_start12_late_best_rm25_tw6
0-2-7-60-53-10-13-59-58-57-52-0,504.31134184888174,seed709_explore_lns_start51_random_random_best_rm25_tw6
0-65-62-67-22-24-25-58-59-57-0,505.5042844995976,seed702_explore_lns_start43_random_regret_rm10_tw8
0-50-62-67-22-24-25-58-59-57-0,506.2513260547521,seed602_lns_start45_mixed_regret_rm5_tw15
0-62-67-64-22-20-25-58-57-0,506.5526681127269,seed704_explore_lns_start46_random_random_best_rm25_tw10
0-65-69-11-53-2-55-68-61-43-0,507.28454809059815,seed703_explore_lns_start43_mixed_regret_rm25_tw6
0-50-62-67-22-49-25-58-59-57-0,507.3160657579172,seed702_explore_lns_start45_random_random_best_rm15_tw8
0-54-62-67-22-66-68-55-70-0,508.39994478252936,seed601_lns_start7_late_random_best_rm5_tw12
0-54-62-67-22-24-25-58-59-57-0,508.86371237360004,seed705_explore_lns_start46_random_random_best_rm15_tw10
0-65-62-67-53-60-55-68-70-54-0,508.9287971945788,seed701_explore_lns_start74_random_best_rm20_tw12
0-54-62-67-22-49-25-58-59-57-0,509.9284520767651,seed708_explore_lns_start40_random_random_best_rm10_tw12
0-33-32-30-27-26-28-29-31-34-25-0,510.19304210825754,seed702_explore_lns_start7_late_best_rm15_tw12
0-65-69-64-22-66-68-55-70-60-0,510.4710212843087,seed703_explore_lns_start31_mixed_regret_rm15_tw12
0-54-62-67-64-22-56-66-61-0,511.19543987605715,seed705_explore_lns_start16_mixed_regret_rm20_tw15
0-57-64-62-67-66-56-51-58-0,512.1203892280635,seed705_explore_guarded
0-65-69-23-21-49-19-18-48-20-56-0,513.0381716470333,seed704_explore_lns_start6_mixed_regret_rm15_tw12
0-61-64-69-53-10-13-16-17-60-0,516.333953350736,seed701_explore_lns_start6_random_best_rm25_tw12
0-65-57-64-69-53-10-13-17-12-60-0,516.6983752875258,seed707_explore_lns_start6_random_best_rm10_tw15
0-39-36-44-40-38-41-35-37-54-46-0,517.3138504645752,seed709_explore_lns_start3_mixed_regret_rm15_tw12
0-65-52-64-23-21-48-18-19-20-51-56-0,517.5941573488586,seed703_explore_lns_start7_mixed_random_best_rm20_tw15
0-61-69-60-53-9-10-13-17-12-55-0,519.4603871816274,seed703_explore_lns_start5_random_best_rm15_tw6
0-51-62-67-22-66-68-70-2-0,519.8339164065134,seed708_explore_lns_start5_late_regret_rm10_tw6
0-33-32-30-27-26-28-29-31-34-2-0,519.935457170456,seed706_explore_lns_start6_late_regret_rm10_tw10
0-54-62-67-22-56-66-55-70-0,520.0160297518149,seed607_lns_start7_late_regret_rm8_tw6
0-65-69-2-60-53-55-68-61-54-52-0,520.1781249858254,seed706_explore_lns_start39_mixed_random_best_rm25_tw15
0-7-69-53-12-10-13-17-60-55-0,520.2044230813165,seed708_explore_lns_start6_mixed_random_best_rm20_tw6
0-65-52-57-64-20-49-19-18-48-21-25-24-63-0,520.5216706778657,seed701_explore_lns_start9_late_random_best_rm25_tw6
0-51-63-62-67-54-61-68-55-70-46-0,520.8561492075245,seed708_explore_lns_start74_mixed_random_best_rm20_tw12
0-63-62-67-51-22-25-58-59-0,521.4002999510705,seed702_explore_lns_start2_random_best_rm20_tw12
0-57-69-53-12-10-13-17-60-70-61-0,521.4877175363458,seed704_explore_lns_start5_random_random_best_rm25_tw15
0-65-52-23-21-48-18-19-49-20-24-57-55-0,523.2992719802678,seed703_explore_lns_start6_late_regret_rm15_tw10
0-33-32-30-27-26-28-29-31-34-50-56-0,523.7772401557193,seed601_lns_start7_late_random_best_rm5_tw12
0-62-67-64-22-24-25-58-59-0,524.8619677228639,seed701_explore_lns_start46_random_best_rm10_tw15
0-65-52-57-23-21-48-19-49-20-51-63-56-0,526.3390765109232,seed604_lns_start5_random_best_rm5_tw6
0-52-57-20-18-23-21-49-19-48-25-66-0,526.4675428620014,seed708_explore_lns_start4_random_best_rm25_tw8
0-65-62-67-22-24-66-68-70-54-0,527.7103563231235,seed701_explore_lns_start7_late_random_best_rm10_tw10
0-52-20-23-21-48-18-49-19-25-51-56-0,527.9238017685315,seed702_explore_lns_start6_late_best_rm15_tw8
0-65-69-16-53-60-55-68-70-43-0,528.4384849084408,seed709_explore_lns_start4_mixed_regret_rm20_tw12
0-50-62-67-22-24-66-68-70-54-0,528.457397878278,seed702_explore_lns_start8_mixed_regret_rm20_tw8
0-52-64-69-53-10-13-16-17-12-60-0,528.5442936209213,seed706_explore_lns_start8_mixed_best_rm10_tw8
0-65-64-23-24-22-49-18-48-21-20-66-0,529.5099887467192,seed701_explore_lns_start51_mixed_regret_rm20_tw12
0-52-57-23-21-48-18-19-49-20-51-55-0,529.7897872039948,seed706_explore_guarded
0-2-7-60-53-15-13-59-58-57-0,530.1837728249252,seed701_explore_lns_start51_mixed_regret_rm20_tw12
0-65-19-48-21-23-18-49-66-56-51-63-0,530.210063287807,seed708_explore_lns_start44_random_random_best_rm10_tw15
0-65-52-64-69-53-60-55-68-61-54-0,531.5406149738494,seed702_explore_lns_start40_random_regret_rm15_tw10
0-50-62-67-22-24-66-68-55-0,533.1059044116644,seed706_explore_lns_start5_late_random_best_rm15_tw12
0-62-67-22-18-25-58-59-57-0,534.5069548518184,seed706_explore_lns_start44_mixed_best_rm15_tw15
0-65-69-64-52-53-55-68-61-2-0,534.6940560060932,seed602_lns_start45_mixed_regret_rm5_tw15
0-33-32-30-27-26-28-29-31-34-63-19-0,536.4633929406632,seed701_explore_lns_start2_mixed_regret_rm25_tw15
0-51-62-67-64-22-24-58-59-0,536.8900461422786,seed703_explore_lns_start15_mixed_random_best_rm25_tw15
0-54-62-67-22-48-25-58-59-57-0,537.8759226834419,seed701_explore_lns_start35_random_random_best_rm15_tw8
0-36-67-62-56-51-19-25-0,538.0491927036107,seed701_explore_lns_start51_mixed_regret_rm20_tw12
0-52-57-24-23-20-49-18-48-21-25-58-59-0,538.7514770224823,seed705_explore_lns_start2_mixed_random_best_rm25_tw10
0-64-69-53-60-55-68-70-43-0,539.1995031628104,seed702_explore_lns_start0_mixed_random_best_rm20_tw10
0-33-32-30-27-26-28-29-31-34-50-18-0,540.1828951722702,seed703_explore_lns_start2_random_random_best_rm20_tw10
0-65-62-67-22-66-55-68-54-0,540.9023168760103,seed706_explore_lns_start8_random_random_best_rm25_tw10
0-50-62-67-22-66-55-68-54-0,541.649358431165,seed703_explore_lns_start6_late_regret_rm15_tw10
0-52-57-23-21-48-18-19-49-20-56-68-0,542.4502833239236,seed701_explore_lns_start6_mixed_regret_rm15_tw6
0-52-23-21-48-18-19-49-20-66-56-51-0,543.0025480213235,seed704_explore_lns_start46_mixed_best_rm10_tw12
0-69-60-53-56-66-68-55-70-0,543.8682885945037,seed701_explore_lns_start9_late_random_best_rm25_tw6
0-65-64-69-53-60-55-68-70-43-0,543.906450545952,seed601_lns_start3_late_random_best_rm4_tw10
0-47-16-15-11-9-52-59-58-25-51-0,544.068434981889,seed705_explore_lns_start7_mixed_random_best_rm10_tw8
0-65-69-11-14-53-60-55-68-70-43-0,544.2092128218345,seed701_explore_lns_start2_mixed_regret_rm25_tw12
0-52-57-24-23-21-48-19-49-20-51-63-56-0,544.2582374777809,seed701_explore_guarded
0-50-62-67-22-24-56-66-59-0,546.7033551367058,seed705_explore_lns_start2_mixed_regret_rm20_tw8
0-65-62-67-22-18-25-58-59-57-0,546.946347916582,seed707_explore_lns_start46_mixed_best_rm10_tw12
0-65-69-64-20-56-66-68-55-70-0,547.5059577828582,seed707_explore_lns_start10_mixed_regret_rm15_tw6
0-62-67-64-22-20-25-58-59-0,547.8232061115648,seed703_explore_lns_start39_mixed_random_best_rm25_tw6
0-63-62-67-22-25-58-59-57-0,548.1840132853829,seed702_explore_lns_start46_random_random_best_rm20_tw6
0-51-62-67-22-19-48-25-58-59-0,549.2257184147057,seed708_explore_lns_start47_mixed_random_best_rm20_tw10
0-63-62-67-22-66-68-70-54-0,550.4148756285414,seed701_explore_lns_start7_mixed_random_best_rm15_tw8
0-65-52-57-24-23-48-19-49-20-51-63-56-0,551.5840229789153,seed709_explore_lns_start8_late_random_best_rm15_tw8
0-62-67-22-20-66-56-51-63-0,552.7989546216554,seed701_explore_lns_start1_mixed_best_rm20_tw15
0-33-32-30-27-26-28-29-31-34-50-21-0,553.7934545708576,seed709_explore_lns_start8_late_random_best_rm15_tw8
0-65-52-64-69-53-55-68-2-1-0,555.0170977240475,seed706_explore_lns_start43_random_random_best_rm15_tw15
0-50-33-30-27-26-28-32-29-31-34-43-0,555.3461408299677,seed701_explore_lns_start8_random_best_rm20_tw8
0-51-62-67-22-56-66-68-61-0,555.7312883626587,seed705_explore_lns_start2_late_regret_rm25_tw15
0-52-57-20-18-23-21-49-19-48-25-56-0,556.3405437209981,seed708_explore_lns_start2_random_random_best_rm10_tw12
0-50-62-67-64-22-19-25-58-59-0,558.1617886912478,seed705_explore_guarded
0-65-69-60-53-56-66-68-55-70-0,558.4781946653833,seed608_lns_start14_mixed_regret_rm8_tw8
0-51-62-67-22-56-66-58-0,558.6240522490652,seed709_explore_lns_start2_mixed_regret_rm25_tw15
0-65-52-64-23-21-49-19-18-48-24-20-63-0,558.8702607333435,seed706_explore_lns_start7_random_regret_rm20_tw6
0-54-62-67-22-56-68-70-1-0,558.891177399789,seed704_explore_guarded
0-54-62-67-22-66-55-70-1-0,559.8981983366924,seed704_explore_lns_start5_mixed_regret_rm20_tw6
0-50-62-67-22-24-66-68-70-2-0,559.938247149162,seed709_explore_lns_start7_late_regret_rm15_tw10
0-54-62-67-22-24-66-68-55-0,560.0140694288071,seed706_explore_lns_start5_late_regret_rm10_tw10
0-50-62-67-64-22-20-25-58-59-0,561.0096407314829,seed702_explore_lns_start34_random_random_best_rm25_tw8
0-65-52-23-21-48-18-19-49-20-51-63-56-0,563.4165006158164,seed709_explore_lns_start7_random_best_rm25_tw6
0-65-64-69-53-10-13-17-47-14-12-60-0,563.9429385691872,seed706_explore_lns_start8_random_regret_rm20_tw12
0-52-64-23-49-19-18-48-21-25-20-66-0,564.198759483816,seed703_explore_lns_start43_mixed_regret_rm25_tw6
0-33-32-30-27-26-28-29-31-34-50-66-0,564.2390325269316,seed704_explore_lns_start14_late_random_best_rm10_tw6
0-65-52-69-53-56-66-68-55-70-0,564.8861843304252,seed608_lns_start12_random_regret_rm8_tw15
0-50-62-67-63-51-22-24-58-59-0,564.9326807654859,seed705_explore_lns_start9_mixed_best_rm25_tw12
0-52-57-23-21-48-18-19-49-20-51-63-56-0,565.5301731331105,seed701_explore_lns_start7_late_best_rm10_tw15
0-52-57-23-21-48-18-19-49-20-63-68-0,568.9093657831324,seed705_explore_lns_start7_late_regret_rm10_tw12
0-63-62-67-51-22-21-58-59-0,569.4902841319674,seed709_explore_lns_start15_random_random_best_rm15_tw6
0-54-64-69-53-10-13-17-47-12-60-0,569.6911423955028,seed709_explore_lns_start5_random_best_rm15_tw10
0-51-63-62-67-56-66-19-24-59-0,571.1267986048424,seed701_explore_guarded
0-51-63-62-67-56-66-57-59-58-0,572.1774595488882,seed709_explore_lns_start2_mixed_best_rm15_tw15
0-65-69-64-22-56-66-68-55-70-0,572.8586136068036,seed701_explore_lns_start10_random_random_best_rm15_tw15
0-12-69-53-56-66-68-55-70-0,573.1901003589584,seed703_explore_lns_start10_random_regret_rm15_tw12
0-63-62-67-22-20-19-25-58-59-0,573.2157788481244,seed709_explore_lns_start47_random_random_best_rm25_tw15
0-51-62-67-22-23-58-59-0,574.5516497533788,seed709_explore_lns_start15_random_best_rm25_tw6
0-33-32-30-27-26-28-29-31-34-63-18-0,576.6805758960805,seed701_explore_lns_start2_mixed_regret_rm25_tw12
0-14-47-16-15-11-9-59-58-25-56-0,576.7086740378544,seed601_lns_start7_late_best_rm6_tw6
0-65-69-11-15-14-53-55-68-70-43-0,576.8735210727218,seed705_explore_lns_start9_random_regret_rm25_tw10
0-51-62-67-22-56-66-57-59-0,579.7576871334128,seed703_explore_lns_start2_mixed_random_best_rm25_tw12
0-51-63-62-67-10-58-59-0,581.4014751100324,seed701_explore_lns_start10_random_random_best_rm15_tw15
0-63-62-67-51-22-58-59-12-0,582.0932929229539,seed707_explore_lns_start11_late_random_best_rm10_tw8
0-50-62-67-22-56-66-24-58-0,582.3845941594052,seed704_explore_lns_start1_mixed_regret_rm20_tw10
0-64-69-53-10-13-17-12-60-70-0,584.8925504060423,seed601_lns_start8_late_regret_rm6_tw15
0-61-69-64-53-10-13-17-47-12-60-0,585.9075853979301,seed706_explore_lns_start6_random_best_rm15_tw12
0-65-69-60-53-66-68-55-70-43-0,586.3147427342299,seed705_explore_lns_start13_mixed_best_rm20_tw12
0-33-32-30-27-26-28-29-31-34-50-25-0,586.4645596558939,seed703_explore_lns_start45_mixed_best_rm25_tw12
0-65-69-11-53-60-55-68-70-35-0,586.7441266758641,seed707_explore_lns_start1_mixed_regret_rm20_tw15
0-51-62-67-64-22-20-58-59-0,587.8741721092388,seed704_explore_lns_start12_mixed_random_best_rm15_tw12
0-63-51-64-20-49-23-21-48-18-19-25-0,588.1619546268007,seed703_explore_lns_start13_late_random_best_rm25_tw10
0-61-69-64-53-10-13-17-12-7-0,589.6933744926189,seed701_explore_lns_start7_late_random_best_rm10_tw15
0-51-62-67-22-24-25-58-59-57-0,589.7554872742335,seed703_explore_lns_start45_mixed_best_rm15_tw12
0-63-51-64-22-56-66-59-58-0,589.8169516367767,seed706_explore_lns_start1_random_best_rm25_tw6
0-63-62-67-22-24-19-25-58-59-0,591.4563939347514,seed706_explore_lns_start46_random_regret_rm25_tw12
0-65-69-64-51-56-66-68-55-2-0,594.2498208260307,seed709_explore_lns_start14_late_random_best_rm20_tw12
0-63-62-67-51-49-22-58-59-0,594.5400877480799,seed702_explore_lns_start10_mixed_random_best_rm20_tw8
0-1-3-45-5-8-7-6-46-4-2-53-0,595.5436528222671,seed702_explore_lns_start6_random_random_best_rm25_tw12
0-61-62-67-22-24-25-58-59-57-0,597.2086126658589,seed701_explore_lns_start43_mixed_best_rm10_tw12
0-63-62-67-51-22-48-58-59-0,597.5963087632439,seed701_explore_lns_start14_mixed_random_best_rm15_tw10
0-51-62-67-22-24-56-57-58-0,597.9245108395226,seed703_explore_lns_start43_mixed_regret_rm25_tw6
0-65-62-67-22-24-66-55-70-54-0,598.7043616520267,seed702_explore_lns_start6_mixed_regret_rm10_tw6
0-50-62-67-20-22-24-25-58-59-52-0,598.7155715511141,seed602_lns_start45_mixed_regret_rm5_tw15_guarded
0-50-62-67-64-22-49-25-58-59-0,599.2248862672291,seed705_explore_lns_start47_mixed_best_rm25_tw15
0-50-62-67-22-24-66-55-70-54-0,599.4514032071813,seed703_explore_lns_start6_late_regret_rm15_tw8
0-65-69-11-53-66-68-55-70-7-0,599.5626193313925,seed708_explore_lns_start0_late_regret_rm25_tw15
0-52-64-69-53-60-55-68-70-43-0,599.583975034722,seed708_explore_lns_start2_random_random_best_rm20_tw12
0-51-48-21-19-49-23-18-25-20-24-58-0,603.961195552368,seed708_explore_lns_start1_mixed_random_best_rm20_tw12
0-65-69-12-53-66-56-68-55-70-0,604.0475542166123,seed703_explore_lns_start13_mixed_random_best_rm20_tw10
0-61-64-69-53-10-13-17-14-12-60-0,605.6776573724859,seed708_explore_lns_start6_random_random_best_rm15_tw12
0-52-57-23-21-48-18-19-49-20-56-55-0,606.2209990080967,seed706_explore_lns_start8_late_regret_rm10_tw8
0-52-57-24-23-21-48-18-49-19-51-63-56-0,606.7271308398545,seed706_explore_lns_start5_late_regret_rm25_tw12
0-64-69-53-10-13-17-60-55-0,607.4491729477002,seed708_explore_lns_start7_late_best_rm15_tw8
0-50-62-67-63-51-22-58-59-52-0,610.210425035728,seed701_explore_lns_start11_mixed_random_best_rm20_tw12
0-54-62-67-22-56-66-68-61-70-0,611.6173248590741,seed701_explore_lns_start6_late_best_rm15_tw12
0-65-52-57-23-21-48-18-49-19-20-56-63-0,611.6441787770667,seed601_lns_start8_late_best_rm6_tw8
0-12-14-47-15-11-9-59-58-25-68-0,612.1797235626289,seed701_explore_lns_start8_random_random_best_rm20_tw10
0-24-62-67-66-68-55-70-52-0,613.4493601219115,seed706_explore_lns_start8_random_regret_rm20_tw12
0-50-62-67-22-58-59-17-60-0,613.8305222964275,seed708_explore_lns_start10_mixed_regret_rm20_tw6
0-12-14-47-16-15-9-59-58-51-56-0,614.0989611216023,seed702_explore_lns_start8_mixed_best_rm20_tw12
0-50-62-67-63-51-22-20-58-59-0,615.916806732446,seed608_lns_start14_mixed_regret_rm8_tw8
0-65-64-69-53-10-13-16-17-60-61-0,616.550049119784,seed701_explore_lns_start8_random_random_best_rm20_tw10
0-54-62-67-22-56-66-57-52-59-0,617.0327184929665,seed708_explore_lns_start1_mixed_random_best_rm20_tw12
0-62-67-20-22-24-25-58-59-57-0,617.569363222247,seed703_explore_lns_start44_random_best_rm10_tw12
0-57-64-62-67-66-56-63-58-0,618.2470673296039,seed705_explore_lns_start2_random_regret_rm15_tw12
0-51-62-67-22-56-66-57-58-0,618.6849130750599,seed606_lns_start2_mixed_regret_rm8_tw10
0-61-64-69-53-10-13-17-12-2-0,620.6558076455592,seed604_lns_start8_late_random_best_rm8_tw8
0-65-64-69-53-10-13-17-12-60-61-0,621.1387065498459,seed701_explore_lns_start5_mixed_random_best_rm10_tw10
0-50-62-67-64-22-58-59-51-0,621.2012876983317,seed708_explore_lns_start14_random_random_best_rm15_tw6
0-63-62-67-22-58-59-12-60-0,621.3103683887505,seed708_explore_lns_start13_late_random_best_rm20_tw6
0-52-23-21-48-18-19-49-20-66-56-63-0,622.3254826816417,seed706_explore_lns_start46_random_best_rm20_tw12
0-65-62-67-22-20-19-24-25-58-59-0,622.9426603750525,seed703_explore_lns_start43_random_regret_rm20_tw10
0-65-69-64-53-55-68-70-2-43-0,624.3057004190239,seed701_explore_lns_start1_late_random_best_rm10_tw12
0-64-69-53-10-13-17-12-60-2-0,624.4001434076513,seed607_lns_start7_late_regret_rm6_tw8
0-61-69-64-22-10-13-17-12-60-0,627.5296357692015,seed707_explore_lns_start8_mixed_regret_rm25_tw10
0-65-64-69-53-10-13-17-12-60-2-0,629.1070907907929,seed703_explore_lns_start6_late_regret_rm15_tw10
0-54-62-67-22-49-24-66-68-70-0,629.2119133646455,seed703_explore_lns_start7_mixed_random_best_rm20_tw15
0-65-52-64-69-53-60-55-68-70-54-0,629.3721574614367,seed708_explore_lns_start38_random_best_rm15_tw10
0-52-57-24-23-21-48-18-49-19-20-56-63-0,629.5633397439243,seed701_explore_lns_start5_late_random_best_rm20_tw6
0-63-62-67-51-22-18-58-59-0,630.6307139425496,seed702_explore_lns_start10_mixed_best_rm20_tw6
0-50-62-67-20-22-24-25-58-59-57-0,630.7557978421651,seed708_explore_lns_start44_random_random_best_rm10_tw15
0-52-64-24-23-49-20-19-18-48-21-25-58-0,632.8032650413004,seed703_explore_lns_start2_mixed_random_best_rm25_tw12
0-54-62-67-22-58-59-17-60-0,636.1772629656601,seed703_explore_lns_start9_mixed_random_best_rm25_tw10
0-51-62-67-22-49-25-58-59-57-0,636.2066148155094,seed709_explore_lns_start43_mixed_random_best_rm15_tw12
0-69-64-52-53-55-68-61-70-2-0,638.1973226148347,seed707_explore_lns_start46_mixed_best_rm10_tw12
0-65-69-60-53-10-17-55-70-46-0,638.2847227618633,seed705_explore_lns_start2_late_regret_rm25_tw15
0-57-64-69-53-10-13-17-12-60-61-0,638.5534433751303,seed607_lns_start7_random_random_best_rm8_tw12
0-65-52-57-24-20-49-23-21-48-25-18-51-63-0,642.2479154857645,seed703_explore_lns_start13_mixed_best_rm10_tw10
0-63-62-67-22-66-56-51-19-0,643.1869912162585,seed608_lns_start0_mixed_random_best_rm8_tw15
0-64-69-53-10-13-16-17-60-7-0,643.4903639346901,seed701_explore_lns_start5_mixed_regret_rm10_tw15
0-52-64-69-53-10-13-17-12-60-70-0,645.2770222779541,seed703_explore_lns_start7_mixed_best_rm20_tw10
0-50-62-67-51-22-66-59-58-0,646.8004786703046,seed705_explore_lns_start12_late_best_rm15_tw12
0-63-62-67-51-22-58-59-60-0,647.25076181189,seed608_lns_start12_random_regret_rm8_tw15
0-33-32-30-27-26-28-29-31-34-50-55-0,648.0334028779284,seed707_explore_lns_start7_random_random_best_rm15_tw12
0-64-69-53-10-13-17-12-60-7-0,648.0790213647521,seed602_lns_start6_late_regret_rm8_tw8
0-14-47-16-15-11-9-59-58-51-56-0,648.1323403065194,seed707_explore_lns_start7_mixed_random_best_rm10_tw6
0-62-67-64-22-25-58-59-57-0,648.4985248881137,seed703_explore_lns_start40_mixed_random_best_rm25_tw6
0-51-62-67-22-66-68-70-55-0,649.0148719727201,seed602_lns_start8_late_random_best_rm6_tw8
0-62-67-22-49-66-56-51-63-0,650.7546437209969,seed702_explore_lns_start4_mixed_best_rm20_tw15
0-63-62-67-22-24-25-58-59-57-0,651.8172957671454,seed701_explore_lns_start46_mixed_random_best_rm10_tw15
0-65-64-69-53-10-13-17-12-60-7-0,652.7859687478937,seed705_explore_lns_start7_late_regret_rm10_tw12
0-65-69-64-52-53-55-68-61-70-2-0,652.8072286857142,seed702_explore_lns_start46_mixed_best_rm10_tw15
0-65-52-57-23-21-48-18-49-19-24-56-63-0,653.0657224246552,seed703_explore_lns_start8_random_random_best_rm10_tw10
0-61-69-64-22-24-10-13-17-14-0,654.5802499043604,seed705_explore_lns_start75_random_best_rm10_tw8
0-61-69-64-22-24-10-13-17-12-0,654.6131803264363,seed701_explore_lns_start74_random_best_rm20_tw12
0-65-69-64-52-53-55-68-2-7-0,654.7935475212198,seed705_explore_lns_start47_mixed_regret_rm10_tw15
0-63-62-67-22-58-59-14-60-0,655.0319726091976,seed709_explore_lns_start14_mixed_regret_rm10_tw10
0-24-21-23-48-18-19-49-20-66-56-51-63-0,657.3460326235811,seed703_explore_lns_start40_mixed_random_best_rm25_tw6
0-63-62-67-22-49-24-25-58-59-0,659.0976087928768,seed704_explore_lns_start43_mixed_random_best_rm15_tw12
0-65-62-67-64-22-25-58-59-57-0,660.9379179528772,seed705_explore_lns_start45_random_best_rm20_tw10
0-33-32-30-27-26-28-29-31-34-63-56-0,661.3744977223741,seed707_explore_lns_start8_mixed_regret_rm25_tw10
0-50-62-67-64-22-25-58-59-57-0,661.6849595080319,seed707_explore_guarded
0-50-62-67-51-22-23-58-59-0,663.375372921939,seed701_explore_lns_start9_late_random_best_rm25_tw6
0-14-47-16-15-11-9-59-58-25-55-0,664.6235512483418,seed602_lns_start5_late_best_rm6_tw15_guarded
0-62-67-22-20-49-25-58-59-57-0,664.7097983945903,seed703_explore_lns_start44_mixed_best_rm20_tw10
0-63-62-67-22-24-18-25-58-59-0,664.9902996425479,seed702_explore_lns_start47_random_best_rm10_tw12
0-50-62-67-22-49-19-66-56-51-0,665.7151741162235,seed703_explore_lns_start3_random_regret_rm25_tw15
0-57-64-69-53-10-17-47-14-12-60-61-0,666.6295618208792,seed708_explore_lns_start5_random_best_rm20_tw10
0-50-62-67-22-24-56-66-68-70-0,669.7971584435796,seed704_explore_lns_start6_late_best_rm15_tw8
0-63-62-67-22-49-18-25-58-59-0,670.0150527376865,seed703_explore_lns_start44_mixed_random_best_rm25_tw10
0-69-11-53-66-56-68-55-70-0,670.6553378388361,seed702_explore_lns_start9_random_regret_rm25_tw10
0-61-64-69-53-10-13-16-17-12-60-0,673.829001141969,seed703_explore_lns_start6_mixed_regret_rm10_tw15
0-52-64-69-53-10-13-17-12-60-61-0,676.8162310386159,seed701_explore_lns_start8_random_random_best_rm25_tw12
0-51-62-67-22-49-19-21-25-58-59-0,677.3189581768765,seed708_explore_lns_start40_random_regret_rm15_tw12
0-65-64-69-53-60-55-68-70-61-43-0,677.5567325290873,seed701_explore_lns_start4_late_best_rm10_tw6
0-62-67-22-24-66-68-55-70-0,677.5943233432773,seed701_explore_lns_start5_mixed_random_best_rm20_tw12
0-63-62-67-22-56-66-57-58-0,678.4887560666698,seed603_lns_start1_mixed_random_best_rm5_tw10
0-33-32-30-27-26-28-29-31-34-50-59-0,678.69688679647,seed701_explore_lns_start1_mixed_best_rm20_tw15
0-19-51-62-67-56-66-59-58-0,678.7118607962202,seed703_explore_lns_start2_mixed_regret_rm10_tw6
0-65-69-64-53-55-68-61-43-2-0,679.6705314650035,seed705_explore_lns_start45_random_best_rm15_tw6
0-65-69-15-12-53-55-68-70-2-43-0,680.8083271636362,seed708_explore_lns_start3_mixed_regret_rm20_tw10
0-54-62-67-20-22-24-25-58-59-57-0,681.9597415576029,seed704_explore_lns_start44_mixed_regret_rm15_tw10
0-65-69-11-53-66-56-68-70-55-0,683.603688661889,seed709_explore_lns_start14_random_regret_rm20_tw8
0-33-32-30-27-26-28-29-31-34-50-1-0,684.1834263080564,seed707_explore_lns_start37_random_best_rm15_tw8
0-33-32-30-27-26-28-29-31-34-61-43-0,684.4579412501841,seed702_explore_lns_start34_random_random_best_rm25_tw8
0-63-62-67-22-20-25-58-59-57-0,685.3760287967854,seed703_explore_lns_start35_random_random_best_rm20_tw12
0-50-33-32-30-27-26-28-29-31-34-35-0,686.3782202742821,seed701_explore_lns_start12_random_random_best_rm25_tw6
0-65-62-67-22-24-66-68-70-55-0,688.3721611602141,seed607_lns_start5_mixed_random_best_rm5_tw6
0-54-62-67-64-22-25-58-59-57-0,688.593124525175,seed706_explore_lns_start39_random_best_rm20_tw6
0-50-62-67-22-24-66-68-70-55-0,689.1192027153686,seed608_lns_start8_late_best_rm8_tw6
0-63-33-32-30-27-26-28-29-31-34-43-0,693.6837057154146,seed701_explore_lns_start9_mixed_regret_rm10_tw6
0-51-62-67-22-20-56-66-59-0,694.1560732749928,seed708_explore_lns_start0_mixed_random_best_rm15_tw6
0-50-62-67-63-51-22-21-58-59-0,694.3852894545814,seed704_explore_lns_start9_mixed_random_best_rm25_tw10
0-63-62-67-22-58-59-47-60-0,695.5819657319552,seed709_explore_lns_start14_late_random_best_rm20_tw12
0-62-67-22-56-66-59-58-0,695.6726713348094,seed701_explore_lns_start3_mixed_regret_rm20_tw6
0-65-62-67-22-56-66-68-70-54-0,696.0962016363387,seed703_explore_lns_start8_late_best_rm10_tw15
0-54-69-60-53-12-10-13-17-55-61-0,696.1216055997947,seed706_explore_lns_start8_mixed_regret_rm15_tw8
0-1-3-45-46-8-6-53-4-5-2-70-0,696.1945348175052,seed704_explore_lns_start73_late_random_best_rm25_tw8
0-50-62-67-22-56-66-68-70-54-0,696.8432431914932,seed705_explore_lns_start8_late_random_best_rm10_tw8
0-33-32-30-27-26-28-29-31-34-50-63-24-0,697.3131262744481,seed701_explore_lns_start3_mixed_regret_rm20_tw6
0-50-62-67-51-22-24-25-58-59-57-0,699.5799832000474,seed701_explore_lns_start45_random_random_best_rm15_tw8
0-65-69-64-53-55-68-70-1-43-0,700.0843809359696,seed709_explore_lns_start4_late_random_best_rm25_tw10
0-62-67-22-49-24-25-58-59-57-0,700.7419900838236,seed702_explore_lns_start46_random_best_rm15_tw10
0-69-64-22-24-13-10-12-14-17-0,700.9277171282158,seed707_explore_lns_start73_random_best_rm15_tw6
0-33-32-30-27-26-28-29-31-34-50-58-0,702.6096463873546,seed706_explore_lns_start0_mixed_random_best_rm15_tw10
0-52-57-24-23-21-48-19-49-20-51-63-55-0,703.9352961207296,seed703_explore_lns_start8_late_best_rm10_tw15
0-65-69-64-52-9-55-68-61-2-0,705.1936262659444,seed709_explore_lns_start45_random_random_best_rm20_tw10
0-54-62-67-22-24-66-68-70-3-0,705.6297446759461,seed703_explore_lns_start7_random_random_best_rm10_tw15
0-50-62-67-22-24-66-56-54-68-0,707.2592288815829,seed707_explore_lns_start8_late_best_rm10_tw10
0-63-62-67-51-23-25-58-59-0,707.3992975502645,seed704_explore_lns_start14_mixed_random_best_rm20_tw6
0-65-62-67-22-56-66-59-58-0,708.1120643995728,seed701_explore_guarded
0-63-62-67-22-24-58-59-10-0,708.6457534613421,seed709_explore_lns_start11_mixed_random_best_rm20_tw8
0-50-62-67-22-56-66-59-58-0,708.8591059547274,seed601_lns_start0_late_best_rm8_tw12
0-62-67-64-22-66-56-51-63-0,710.3511278331123,seed706_explore_lns_start0_mixed_random_best_rm15_tw10
0-51-63-62-67-56-22-58-59-0,712.242533509037,seed708_explore_lns_start9_late_random_best_rm15_tw10
0-52-69-60-53-10-13-17-12-55-61-0,713.0999691782683,seed702_explore_lns_start5_random_best_rm20_tw15
0-50-62-67-22-49-24-25-58-59-57-0,713.9284247037416,seed702_explore_lns_start34_random_random_best_rm20_tw15
0-61-64-69-53-10-12-17-60-55-0,714.9888649366194,seed709_explore_lns_start8_random_random_best_rm15_tw12
0-63-62-67-51-49-22-24-58-59-0,715.0874790589841,seed705_explore_lns_start13_mixed_best_rm20_tw12
0-33-26-27-30-32-28-29-31-34-63-25-0,719.0267071509684,seed704_explore_lns_start0_mixed_random_best_rm15_tw8
0-54-62-67-22-24-56-66-68-70-0,721.0011021590179,seed701_explore_lns_start6_late_best_rm15_tw6
0-62-67-64-22-56-66-58-0,722.4090982146392,seed704_explore_lns_start2_mixed_regret_rm15_tw10
0-51-62-67-22-66-55-68-54-0,722.9818952354726,seed701_explore_lns_start8_late_best_rm15_tw15
0-63-62-67-22-58-59-13-60-0,723.430225745079,seed606_lns_start15_mixed_random_best_rm6_tw10
0-54-62-67-64-22-24-66-68-70-0,723.5543910405828,seed702_explore_lns_start8_mixed_best_rm20_tw12
0-52-57-64-23-21-49-19-18-48-20-24-66-0,724.1475546418551,seed702_explore_lns_start3_mixed_best_rm20_tw10
0-54-62-67-22-56-66-55-68-0,724.2997360605175,seed601_lns_start8_late_regret_rm6_tw15
0-65-69-64-53-55-68-4-43-0,726.1405793019636,seed701_explore_lns_start2_mixed_regret_rm25_tw15
0-51-62-67-22-20-56-66-16-0,727.2406163200073,seed708_explore_lns_start3_mixed_regret_rm10_tw10
0-51-64-69-53-10-13-17-12-60-61-0,727.796181476944,seed701_explore_lns_start5_mixed_random_best_rm10_tw6
0-51-62-67-22-24-56-66-59-0,728.0358919410135,seed708_explore_lns_start1_mixed_regret_rm15_tw6
0-54-62-67-22-24-66-68-70-55-0,728.175257081659,seed601_lns_start6_late_best_rm8_tw8
0-14-16-15-11-53-9-59-58-25-51-0,728.3058932713274,seed704_explore_lns_start5_random_random_best_rm15_tw10
0-39-36-44-40-38-41-37-35-43-13-0,728.7073931180603,seed705_explore_lns_start46_random_random_best_rm15_tw10
0-63-62-67-19-58-59-16-60-0,729.1916644897101,seed707_explore_lns_start9_random_regret_rm10_tw15
0-61-64-69-53-10-13-17-12-55-0,732.6402420460563,seed701_explore_lns_start8_late_regret_rm10_tw10
0-50-62-67-64-22-56-66-58-0,735.5955328345574,seed709_explore_lns_start4_mixed_regret_rm20_tw12
0-50-62-67-51-22-56-66-57-58-0,737.9022238426669,seed602_lns_start3_mixed_regret_rm8_tw12
0-65-69-11-53-60-68-70-5-43-0,740.0592875729342,seed709_explore_lns_start2_mixed_regret_rm25_tw15
0-52-57-23-21-48-18-19-49-20-63-56-54-0,740.1896888134779,seed702_explore_lns_start6_late_best_rm10_tw15
0-51-63-62-67-66-57-59-58-25-0,741.0719589506056,seed707_explore_lns_start47_mixed_best_rm25_tw10
0-54-62-67-20-22-66-68-55-70-0,742.8806815039159,seed703_explore_lns_start7_random_random_best_rm10_tw15
0-65-62-67-22-66-68-55-70-54-0,743.2888576663561,seed701_explore_lns_start5_late_random_best_rm20_tw6
0-51-62-67-22-20-56-66-58-0,743.7955060446695,seed702_explore_lns_start2_mixed_random_best_rm10_tw10
0-50-62-67-22-66-68-55-70-54-0,744.0358992215106,seed606_lns_start5_late_random_best_rm8_tw10
0-65-64-69-53-60-4-68-43-0,747.3302691126614,seed702_explore_lns_start1_late_best_rm20_tw8
0-51-63-62-67-56-66-22-59-0,748.7370387853871,seed708_explore_lns_start3_random_random_best_rm25_tw8
0-65-52-57-64-69-53-55-68-61-2-0,749.1801772300186,seed704_explore_lns_start45_mixed_random_best_rm15_tw6
0-54-62-67-51-22-24-25-58-59-57-0,750.783926915486,seed708_explore_lns_start46_mixed_best_rm15_tw12
0-64-69-53-10-13-17-12-60-1-0,752.2833160844518,seed701_explore_lns_start5_mixed_regret_rm15_tw12
0-64-69-53-10-13-17-12-60-5-0,756.5006540226649,seed705_explore_lns_start6_random_regret_rm15_tw6
0-2-7-60-53-47-15-59-58-25-0,756.6453895398602,seed705_explore_lns_start16_mixed_regret_rm20_tw15
0-62-67-22-24-25-58-59-52-57-0,757.3897102199569,seed703_explore_lns_start44_random_random_best_rm20_tw6
0-65-62-67-51-22-66-68-70-55-0,758.0923263433796,seed709_explore_lns_start5_late_best_rm10_tw8
0-50-62-67-51-22-66-68-70-55-0,758.8393678985342,seed709_explore_lns_start5_late_random_best_rm15_tw8
0-51-63-62-67-64-57-52-59-58-0,758.8666052866549,seed701_explore_lns_start14_mixed_best_rm20_tw8
0-62-67-22-19-25-58-59-52-57-0,758.9368937852236,seed705_explore_lns_start44_mixed_best_rm20_tw8
0-50-62-67-64-22-58-59-52-51-0,761.6757416785713,seed707_explore_lns_start15_late_best_rm25_tw10
0-65-62-67-22-24-66-55-68-54-0,762.3391844229667,seed701_explore_lns_start8_late_best_rm15_tw10
0-50-62-67-22-24-66-55-68-54-0,763.0862259781212,seed706_explore_lns_start5_late_regret_rm10_tw6
0-57-64-69-53-2-55-68-61-52-0,765.2779823441762,seed705_explore_lns_start43_mixed_random_best_rm20_tw15
0-64-69-53-10-13-16-17-60-55-0,766.2771604990937,seed702_explore_lns_start6_random_best_rm15_tw12
0-33-32-30-27-26-28-29-31-34-50-63-48-0,767.3004525067528,seed708_explore_lns_start6_mixed_regret_rm25_tw12
0-51-63-62-67-66-22-58-59-0,767.7059418988176,seed601_lns_start2_random_random_best_rm8_tw15
0-50-62-67-22-56-66-55-70-54-0,767.8372485203967,seed604_lns_start6_late_regret_rm8_tw8
0-54-62-67-63-51-56-22-58-0,770.488202637189,seed708_explore_lns_start0_late_regret_rm25_tw15
0-50-62-67-22-24-25-58-59-52-57-0,770.576144839875,seed705_explore_lns_start44_mixed_random_best_rm15_tw6
0-62-67-64-22-24-25-58-59-57-0,770.788689061465,seed702_explore_lns_start47_random_best_rm20_tw8
0-64-69-53-10-13-17-12-60-55-0,770.8658179291556,seed604_lns_start8_mixed_random_best_rm8_tw15
0-61-64-69-53-10-13-17-12-60-70-0,773.238373580912,seed701_explore_lns_start8_late_best_rm15_tw15
0-65-62-67-22-66-68-55-70-2-0,774.76970693724,seed705_explore_lns_start8_late_regret_rm10_tw8
0-65-64-69-53-10-13-17-12-60-55-0,775.5727653122972,seed704_explore_lns_start7_mixed_best_rm10_tw12
0-54-62-67-22-56-66-68-70-2-0,779.5280361778152,seed701_explore_lns_start5_late_random_best_rm10_tw6
0-54-62-67-64-22-24-66-55-70-0,779.7081841603587,seed707_explore_lns_start6_mixed_random_best_rm20_tw10
0-50-62-67-63-51-22-58-59-60-0,780.1209756206102,seed702_explore_lns_start9_random_regret_rm25_tw10
0-54-62-67-51-22-66-68-4-0,781.9036114587185,seed708_explore_lns_start7_mixed_best_rm25_tw10
0-50-62-67-64-22-24-25-58-59-57-0,783.975123681383,seed703_explore_lns_start43_mixed_random_best_rm25_tw10
0-52-57-23-21-48-19-49-20-56-63-68-0,785.8563233946229,seed703_explore_lns_start8_late_regret_rm15_tw6
0-65-69-64-53-55-68-70-7-43-0,786.8662345274089,seed707_explore_lns_start4_late_random_best_rm10_tw6
0-54-62-67-20-22-24-55-70-68-0,787.6385578385975,seed705_explore_lns_start6_mixed_random_best_rm10_tw15
0-62-67-22-66-68-55-70-60-0,787.747532259945,seed703_explore_lns_start7_mixed_random_best_rm25_tw6
0-63-62-67-22-20-56-66-16-0,789.3024248129194,seed707_explore_lns_start4_mixed_regret_rm10_tw12
0-51-63-62-67-56-66-19-58-59-0,790.0480855841176,seed701_explore_lns_start2_mixed_best_rm15_tw6
0-65-69-64-53-60-55-68-70-63-0,790.6764367580244,seed705_explore_lns_start0_late_random_best_rm15_tw6
0-57-64-69-53-10-13-17-12-60-55-0,792.9875021375817,seed709_explore_lns_start7_mixed_random_best_rm15_tw8
0-51-63-62-67-56-57-59-58-25-0,794.74255460029,seed709_explore_lns_start33_mixed_best_rm10_tw6
0-65-52-69-53-60-55-68-70-61-41-0,796.5627619444983,seed705_explore_lns_start4_late_random_best_rm25_tw8
0-33-32-30-27-26-28-29-31-34-63-51-18-0,799.3441054698332,seed709_explore_lns_start0_mixed_regret_rm25_tw12
0-65-64-11-53-60-55-68-70-43-0,801.3948129737095,seed705_explore_lns_start2_mixed_random_best_rm25_tw10
0-51-62-67-22-49-56-66-59-0,804.2903304993902,seed604_lns_start2_mixed_regret_rm6_tw12
0-54-62-67-22-56-66-68-70-60-0,804.9452545652839,seed701_explore_lns_start6_late_best_rm10_tw8
0-65-69-64-51-56-66-68-55-70-60-0,808.182618431678,seed709_explore_lns_start14_mixed_regret_rm10_tw6
0-50-62-67-22-56-66-68-70-7-0,808.8131316020192,seed703_explore_lns_start6_late_regret_rm15_tw10
0-51-63-62-67-56-66-22-24-59-0,808.9408273715399,seed607_lns_start4_mixed_regret_rm5_tw15
0-52-64-69-53-10-13-17-47-14-60-61-0,810.8929312879957,seed703_explore_lns_start7_random_best_rm15_tw15
0-65-64-69-53-66-68-55-70-60-0,812.5007456310556,seed708_explore_lns_start9_late_random_best_rm15_tw10
0-54-62-67-51-22-66-68-70-55-0,813.814195929499,seed602_lns_start6_late_best_rm8_tw6
0-61-69-60-53-12-10-17-13-22-0,814.683188135636,seed709_explore_lns_start6_mixed_best_rm25_tw8
0-65-64-69-53-10-13-17-12-60-68-0,817.4306296885662,seed706_explore_lns_start7_late_random_best_rm10_tw15
0-50-62-67-64-22-20-25-58-59-57-0,817.533856711023,seed708_explore_lns_start33_mixed_random_best_rm25_tw15
0-65-62-67-64-22-24-66-68-61-54-0,819.0067930698277,seed708_explore_lns_start6_mixed_random_best_rm20_tw6
0-63-62-67-22-49-58-59-66-0,821.5148148290925,seed704_explore_lns_start2_mixed_regret_rm15_tw12
0-65-64-69-53-10-13-17-12-2-61-0,822.9894144893992,seed706_explore_lns_start5_late_random_best_rm15_tw12
0-51-63-62-67-56-66-59-58-25-0,825.1173912574375,seed703_explore_lns_start2_random_random_best_rm20_tw10
0-64-69-53-10-13-17-12-60-4-0,826.0878919566827,seed702_explore_lns_start8_mixed_best_rm25_tw6
0-36-67-62-56-66-19-48-25-0,826.1580137085849,seed709_explore_lns_start51_random_random_best_rm25_tw6
0-24-64-69-53-10-13-17-12-60-61-0,829.5358359535294,seed706_explore_lns_start8_mixed_regret_rm10_tw10
0-51-63-62-67-64-22-58-59-0,830.648745398376,seed701_explore_lns_start13_mixed_best_rm10_tw6
0-52-64-69-53-10-13-17-12-60-55-0,831.2502898010673,seed701_explore_lns_start8_random_best_rm20_tw8
0-54-62-67-63-51-22-58-59-60-0,831.3249193360493,seed702_explore_lns_start11_random_random_best_rm10_tw10
0-52-23-21-48-19-18-49-66-56-51-63-0,832.0719623349596,seed704_explore_lns_start44_mixed_regret_rm15_tw10
0-61-64-69-53-10-13-17-12-60-7-0,836.4248445396219,seed703_explore_lns_start7_late_random_best_rm10_tw10
0-54-62-67-22-49-66-68-55-70-0,836.5035232310194,seed601_lns_start6_late_random_best_rm6_tw12
0-62-67-22-56-66-68-70-55-0,844.3186134086659,seed706_explore_lns_start8_mixed_best_rm20_tw6
0-57-52-69-53-12-10-13-17-60-55-61-0,845.0733159070458,seed704_explore_lns_start6_random_best_rm20_tw15
0-54-62-67-22-24-56-68-55-70-0,846.1379388844758,seed707_explore_lns_start8_mixed_best_rm15_tw8
0-52-23-21-48-18-19-49-20-66-56-51-63-0,849.145655403247,seed702_explore_lns_start45_random_regret_rm15_tw10
0-65-62-67-22-56-68-55-70-54-0,849.340342633418,seed708_explore_lns_start7_mixed_best_rm15_tw12
0-54-62-67-22-56-66-55-70-2-0,850.5220415067187,seed705_explore_lns_start6_late_random_best_rm10_tw10
0-50-62-67-64-22-49-25-58-59-57-0,851.5400458248209,seed705_explore_lns_start40_random_random_best_rm20_tw6
0-14-47-16-15-9-59-58-25-22-51-0,854.9218468570416,seed703_explore_lns_start6_mixed_best_rm15_tw10
0-65-62-67-22-56-66-68-70-55-0,856.7580064734293,seed703_explore_lns_start7_late_best_rm10_tw6
0-51-64-62-67-56-66-68-55-70-54-0,856.9910512597576,seed709_explore_lns_start6_mixed_best_rm25_tw8
0-50-62-67-22-56-66-68-70-55-0,857.5050480285839,seed701_explore_lns_start7_late_random_best_rm15_tw8
0-50-62-67-22-49-66-55-68-54-0,857.6050475305065,seed707_explore_lns_start6_late_regret_rm20_tw15
0-65-57-64-69-53-55-68-2-60-52-0,860.0582409522169,seed706_explore_lns_start43_mixed_best_rm15_tw6
0-62-67-64-22-48-25-58-59-57-0,861.1856069086904,seed706_explore_lns_start39_mixed_random_best_rm25_tw15
0-65-69-64-22-53-55-68-70-2-0,866.440710556213,seed706_explore_lns_start3_mixed_random_best_rm10_tw6
0-61-69-64-22-24-10-13-17-14-12-0,868.1688754543275,seed701_explore_lns_start75_mixed_random_best_rm10_tw12
0-62-67-64-22-24-66-68-55-0,879.4419652885116,seed709_explore_lns_start7_random_best_rm25_tw6
0-54-62-67-24-57-66-68-55-70-0,881.9553152488573,seed709_explore_lns_start6_random_regret_rm15_tw15
0-51-63-62-67-66-22-24-58-59-0,888.253333209722,seed702_explore_lns_start0_random_regret_rm10_tw12
0-51-62-67-22-56-66-59-58-0,890.1916427590352,seed601_lns_start0_late_random_best_rm4_tw8
0-51-63-62-67-56-66-22-57-58-0,892.3775961887455,seed605_lns_start0_mixed_random_best_rm8_tw15
0-51-62-67-22-49-56-66-17-0,895.1002189932744,seed708_explore_lns_start0_mixed_regret_rm10_tw12
0-65-52-64-20-49-23-21-48-18-19-63-56-0,899.3680954925201,seed709_explore_lns_start8_random_random_best_rm15_tw8
0-51-62-67-22-23-56-66-0,900.4965021859512,seed709_explore_lns_start4_mixed_random_best_rm15_tw10
0-65-62-67-22-24-56-66-68-55-0,901.4759588208584,seed709_explore_lns_start5_late_random_best_rm10_tw12
0-50-62-67-22-24-56-66-68-55-0,902.2230003760129,seed702_explore_lns_start8_late_best_rm15_tw8
0-51-63-62-67-56-66-22-19-58-0,903.0445515238168,seed703_explore_lns_start0_random_random_best_rm15_tw8
0-51-62-67-22-49-66-56-58-0,905.3274531894943,seed701_explore_lns_start1_mixed_random_best_rm10_tw12
0-65-69-64-51-56-66-68-55-70-5-0,905.5680831374982,seed703_explore_lns_start15_mixed_regret_rm20_tw12
0-33-32-30-27-26-28-29-31-34-50-41-0,907.2100087857373,seed707_explore_lns_start0_random_best_rm20_tw8
0-54-62-67-64-22-66-68-55-70-0,908.2478966922826,seed706_explore_lns_start8_mixed_random_best_rm15_tw10
0-54-62-67-22-56-66-68-70-55-0,908.7089917440221,seed601_lns_start6_late_best_rm5_tw6
0-65-64-69-53-66-68-55-70-5-0,909.8862103368758,seed705_explore_lns_start2_mixed_regret_rm15_tw10
0-63-62-67-51-22-25-58-59-60-0,912.1565845660166,seed701_explore_lns_start12_mixed_best_rm25_tw8
0-54-62-67-22-66-68-55-70-46-0,916.6314487580919,seed705_explore_lns_start7_late_regret_rm10_tw8
0-24-21-59-9-10-13-16-17-47-12-5-0,917.8740658278192,seed705_explore_lns_start9_random_regret_rm25_tw10
0-50-62-67-22-23-66-56-51-0,918.2236765478203,seed707_explore_lns_start3_late_random_best_rm10_tw6
0-65-64-69-53-66-68-55-70-43-0,921.4192803765932,seed701_explore_lns_start10_late_random_best_rm10_tw8
0-65-62-67-64-22-25-58-59-52-57-0,925.2627367380003,seed707_explore_lns_start40_mixed_random_best_rm15_tw10
0-65-62-67-22-56-66-55-68-54-0,930.7250297361821,seed701_explore_lns_start6_late_random_best_rm10_tw15
0-50-62-67-22-56-66-55-68-54-0,931.4720712913366,seed608_lns_start5_late_regret_rm8_tw12
0-65-64-69-53-10-13-17-12-60-70-61-0,931.968413014199,seed708_explore_lns_start7_random_random_best_rm25_tw15
0-63-62-67-22-56-66-59-58-0,952.2534512519471,seed601_lns_start3_late_random_best_rm4_tw10
0-33-26-27-30-32-28-29-31-34-56-66-0,952.537859834259,seed703_explore_lns_start14_mixed_regret_rm10_tw6
0-65-64-69-53-66-56-68-70-55-0,952.8005292588269,seed704_explore_lns_start12_mixed_random_best_rm15_tw6
0-54-62-67-22-24-56-66-68-55-0,953.4269440914514,seed701_explore_lns_start6_late_random_best_rm15_tw8
0-61-64-69-53-10-13-17-12-60-55-0,959.2116411040253,seed701_explore_lns_start6_late_best_rm15_tw6
0-63-62-67-22-51-56-66-58-0,959.4175446273512,seed708_explore_lns_start3_mixed_regret_rm20_tw10
0-54-62-67-64-56-66-68-55-24-0,960.1293868992134,seed704_explore_lns_start5_random_random_best_rm25_tw15
0-63-62-67-64-56-66-68-55-70-54-0,961.6316206113385,seed703_explore_lns_start6_mixed_best_rm15_tw10
0-51-63-62-67-56-18-48-25-58-59-0,964.2434396152717,seed702_explore_lns_start47_mixed_random_best_rm25_tw10
0-65-62-64-24-23-25-58-59-52-57-0,969.3722596249137,seed705_explore_lns_start88_mixed_best_rm25_tw15
0-63-62-67-51-22-24-25-58-59-57-0,978.2256260790059,seed708_explore_lns_start43_mixed_random_best_rm15_tw15
0-51-64-62-67-56-22-20-58-59-0,981.9424096179483,seed707_explore_lns_start10_mixed_random_best_rm25_tw12
0-61-64-69-53-10-13-16-17-60-55-0,983.9463398920531,seed706_explore_lns_start7_mixed_regret_rm15_tw6
0-24-64-69-53-10-13-17-12-60-55-0,983.9698947159808,seed701_explore_lns_start7_mixed_random_best_rm15_tw8
0-54-62-67-64-22-24-66-55-68-0,983.9918904690612,seed705_explore_lns_start5_mixed_regret_rm10_tw15
0-50-62-67-22-49-51-56-66-17-0,995.3051644991599,seed708_explore_lns_start0_mixed_regret_rm15_tw10
0-50-62-67-22-23-56-66-60-0,1005.163290396822,seed709_explore_lns_start4_late_regret_rm15_tw15
0-52-64-69-53-10-13-16-17-47-60-55-0,1006.1811443795101,seed709_explore_lns_start8_random_best_rm20_tw12
0-62-67-22-49-56-66-59-58-0,1006.4970230090062,seed709_explore_lns_start2_random_random_best_rm15_tw12
0-50-62-67-51-22-56-66-59-58-0,1011.6669190279443,seed603_lns_start3_late_best_rm8_tw8
0-51-62-67-22-56-66-52-59-58-0,1011.9683074483872,seed702_explore_lns_start0_mixed_random_best_rm20_tw10
0-69-60-53-56-66-68-55-70-43-0,1018.0552888308712,seed705_explore_lns_start14_late_best_rm25_tw6
0-50-62-67-22-49-56-66-59-58-0,1019.6834576289243,seed708_explore_lns_start0_mixed_random_best_rm20_tw15
0-63-62-67-64-66-22-51-58-0,1019.9862261192997,seed705_explore_lns_start2_random_random_best_rm25_tw6
0-51-63-62-67-56-66-22-18-58-0,1020.0468395904356,seed703_explore_lns_start3_mixed_random_best_rm15_tw15
0-52-57-64-69-53-10-13-16-17-60-61-0,1022.8170576208275,seed706_explore_lns_start8_random_best_rm20_tw12
0-62-67-22-20-56-66-52-59-58-0,1027.9643653541082,seed702_explore_lns_start2_mixed_regret_rm15_tw10
0-65-69-60-53-56-66-68-55-70-43-0,1032.6651949017507,seed706_explore_lns_start11_random_random_best_rm25_tw12
0-54-62-67-22-56-66-68-55-2-0,1034.46009690205,seed601_lns_start8_late_random_best_rm6_tw6
0-65-62-67-22-24-66-68-55-70-54-0,1037.811051807088,seed701_explore_lns_start6_random_random_best_rm10_tw6
0-50-62-67-22-24-66-68-55-70-54-0,1038.5580933622423,seed702_explore_lns_start8_random_random_best_rm15_tw10
0-61-69-64-52-53-55-68-43-2-0,1040.108929318355,seed708_explore_lns_start43_mixed_best_rm15_tw15
0-65-52-11-53-56-66-68-55-70-43-0,1040.4329184524402,seed703_explore_lns_start15_random_random_best_rm15_tw12
0-50-62-67-22-20-56-66-52-59-58-0,1041.1507999740263,seed703_explore_lns_start45_mixed_random_best_rm25_tw6
0-57-24-62-67-56-66-68-55-70-54-0,1043.2484714344232,seed703_explore_lns_start5_random_best_rm15_tw15
0-50-62-67-22-49-24-25-58-59-52-57-0,1045.277092613373,seed708_explore_lns_start43_random_best_rm25_tw6
0-33-26-27-30-32-28-29-31-34-68-55-0,1047.3207386106892,seed705_explore_lns_start5_late_random_best_rm15_tw10
0-65-69-64-52-53-55-68-61-43-2-0,1058.6301884261889,seed704_explore_lns_start46_mixed_best_rm15_tw12
0-51-63-62-67-56-66-22-58-59-0,1060.9925578380014,seed601_lns_start4_late_best_rm5_tw15
0-54-61-69-53-2-55-68-70-66-51-0,1079.3243064431933,seed709_explore_lns_start62_mixed_regret_rm20_tw6
0-65-64-69-53-60-55-68-70-38-0,1083.8255731635745,seed701_explore_lns_start2_mixed_best_rm15_tw6
0-50-62-67-64-22-56-66-59-58-0,1088.2769179466889,seed704_explore_lns_start3_late_random_best_rm20_tw8
0-65-51-64-69-53-60-55-68-70-43-0,1088.6001557518,seed709_explore_lns_start3_late_best_rm15_tw6
0-63-62-67-22-20-51-56-66-59-0,1092.001111408177,seed706_explore_lns_start3_mixed_regret_rm10_tw15
0-50-62-67-51-22-56-66-12-58-0,1105.063186215333,seed707_explore_lns_start4_late_random_best_rm10_tw12
0-65-62-67-51-22-66-56-59-58-0,1106.588612444478,seed705_explore_lns_start3_random_regret_rm10_tw12
0-62-67-64-22-24-66-68-55-70-0,1110.0696765522978,seed701_explore_lns_start5_mixed_random_best_rm15_tw12
0-62-67-64-22-20-49-25-58-59-57-0,1113.214829318303,seed705_explore_lns_start39_random_random_best_rm25_tw6
0-63-62-67-64-22-24-25-58-59-57-0,1129.354663708734,seed701_explore_lns_start46_mixed_random_best_rm20_tw8
0-51-62-67-22-20-56-66-59-58-0,1142.4429732758801,seed705_explore_lns_start0_random_random_best_rm20_tw10
0-65-62-67-64-22-56-66-68-70-54-0,1148.466871340555,seed706_explore_lns_start8_random_best_rm10_tw8
0-65-62-67-49-22-66-68-55-70-54-0,1153.2080185360905,seed706_explore_lns_start6_late_regret_rm15_tw15
0-51-64-62-67-56-66-22-58-59-0,1159.1609166690482,seed702_explore_lns_start0_random_random_best_rm25_tw10
0-63-62-67-49-22-66-56-51-25-0,1161.3947631413455,seed709_explore_lns_start2_random_random_best_rm10_tw15
0-63-62-67-22-56-66-68-70-55-0,1167.633290474196,seed706_explore_lns_start6_late_random_best_rm10_tw8
0-51-63-62-67-56-66-18-48-58-59-0,1168.9176804936742,seed707_explore_lns_start0_mixed_best_rm15_tw8
0-50-62-67-22-24-56-66-68-70-55-0,1180.274791032715,seed703_explore_lns_start7_late_best_rm10_tw12
0-52-64-69-53-10-13-17-12-60-55-61-0,1184.821089715982,seed709_explore_lns_start7_random_best_rm15_tw8
0-51-63-62-67-56-66-22-20-58-59-0,1232.524075115866,seed707_explore_lns_start3_mixed_best_rm20_tw12
0-50-62-67-22-56-66-68-55-70-54-0,1251.203664202155,seed708_explore_lns_start6_late_random_best_rm10_tw12
0-50-62-67-63-22-56-66-59-58-0,1257.7045001323381,seed701_explore_lns_start3_mixed_random_best_rm20_tw10
0-65-62-67-69-53-60-55-68-70-43-0,1264.8033241290007,seed706_explore_lns_start1_random_best_rm25_tw6
0-63-62-67-64-56-66-22-58-59-0,1265.9413140876588,seed706_explore_lns_start2_mixed_random_best_rm20_tw6
0-65-62-67-22-56-66-68-55-70-2-0,1281.937471917885,seed709_explore_lns_start6_late_random_best_rm10_tw12
0-57-64-62-67-56-66-55-68-38-0,1320.7943399450342,seed706_explore_lns_start5_mixed_regret_rm15_tw12
0-51-63-62-67-56-66-22-25-58-59-0,1373.4381729991271,seed702_explore_lns_start0_mixed_best_rm20_tw15
0-51-63-62-67-56-66-59-58-23-0,1379.3366233315105,seed705_explore_lns_start3_random_best_rm25_tw12
0-50-62-67-63-51-56-66-22-58-59-0,1422.3101193305858,seed707_explore_lns_start0_mixed_random_best_rm10_tw8
0-65-69-60-53-56-66-68-55-70-41-0,1426.4927948618763,seed706_explore_lns_start13_mixed_best_rm20_tw10
0-50-62-67-64-22-66-56-51-58-59-0,1549.2022814400752,seed701_explore_lns_start1_late_best_rm20_tw8
