route,score,source
0-41-39-38-37-35-36-40-43-42-0,95.94313062205805,seed702_explore_lns_start37_mixed_best_rm25_tw10
0-69-6-7-8-46-4-45-5-3-1-0,96.71809961385824,seed702_explore_guarded
0-69-2-6-7-8-46-4-45-3-70-0,96.78568463569061,seed701_explore_lns_start17_late_random_best_rm25_tw6
0-70-2-6-7-8-46-4-45-5-55-0,97.03266342706831,seed603_lns_start43_late_random_best_rm8_tw15
0-12-14-47-17-16-15-13-9-11-10-0,97.2271627850669,seed601_lns_start2_late_best_rm8_tw12
0-70-2-4-45-5-46-8-6-55-68-0,97.77535798907769,seed702_explore_lns_start42_late_best_rm20_tw8
0-69-60-6-7-8-46-45-4-2-55-0,97.82477720963551,seed702_explore_lns_start59_late_random_best_rm25_tw6
0-70-7-8-46-5-3-45-4-2-55-0,98.04551223567354,seed702_explore_lns_start44_late_random_best_rm20_tw8
0-69-53-12-10-11-13-15-17-47-14-0,98.18745680807882,seed701_explore_lns_start64_late_best_rm20_tw8
0-69-53-60-7-6-4-2-70-55-0,99.1061406745541,seed702_explore_lns_start50_late_best_rm25_tw6
0-69-53-60-6-7-8-46-45-4-55-0,99.20852529654418,seed701_explore_guarded
0-41-38-37-35-36-40-43-42-54-0,99.44782676717949,seed702_explore_lns_start37_mixed_random_best_rm25_tw8
0-69-53-11-10-9-13-15-17-47-14-0,99.59183945791233,seed602_lns_start64_mixed_best_rm8_tw8_guarded
0-6-7-8-46-4-45-5-3-1-70-55-0,99.60737963952458,seed701_explore_lns_start8_random_best_rm20_tw12
0-42-44-39-40-36-35-37-38-41-54-0,99.86522617609046,seed601_lns_start4_late_regret_rm8_tw6
0-61-41-38-37-36-39-42-70-68-0,100.41340565447459,seed702_explore_lns_start14_mixed_random_best_rm10_tw6
0-41-39-38-37-35-36-40-43-54-0,100.42986733688116,seed605_lns_start35_mixed_random_best_rm8_tw12
0-23-21-48-18-19-49-20-22-24-66-0,100.67159544693514,seed702_explore_lns_start4_mixed_best_rm10_tw10
0-61-42-44-43-40-37-39-41-54-68-0,100.7374847280545,seed701_explore_lns_start31_random_random_best_rm25_tw12
0-61-41-38-37-35-36-40-43-54-0,100.8545909333794,seed701_explore_guarded
0-61-41-39-38-36-44-42-70-68-0,100.99008554060264,seed701_explore_lns_start14_mixed_best_rm20_tw15
0-65-52-57-24-22-19-49-20-56-66-0,101.38356510133177,seed701_explore_lns_start56_mixed_best_rm25_tw12
0-25-23-21-48-19-49-20-22-24-66-0,101.5189338122669,seed602_lns_start4_late_random_best_rm6_tw12
0-61-42-44-43-40-38-37-35-36-39-0,101.56199260272969,seed701_explore_lns_start18_mixed_best_rm25_tw6
0-61-41-39-38-37-43-44-42-70-68-0,101.76468492122132,seed701_explore_lns_start14_random_random_best_rm10_tw6
0-61-41-39-38-37-36-44-42-70-68-0,101.76468492122132,seed702_explore_lns_start14_late_random_best_rm25_tw15
0-61-41-39-38-37-35-40-43-42-54-0,101.83663150308104,seed701_explore_lns_start27_mixed_random_best_rm25_tw12
0-65-25-23-21-48-19-49-20-22-24-0,102.23743617341515,seed702_explore_lns_start7_mixed_best_rm20_tw6
0-69-53-9-10-11-13-15-17-14-0,102.83004837826425,seed702_explore_lns_start64_late_best_rm20_tw12
0-69-53-12-11-10-9-13-17-47-14-0,103.01760261661184,seed701_explore_guarded
0-61-41-42-44-39-38-37-36-43-68-0,103.18903521936892,seed702_explore_lns_start32_random_random_best_rm25_tw15
0-61-44-40-36-35-37-38-39-54-68-0,103.1920537980195,seed701_explore_lns_start64_random_best_rm25_tw8
0-25-23-21-48-18-19-49-20-22-24-0,103.7191867837378,seed601_lns_start3_late_regret_rm8_tw10
0-64-19-48-18-21-23-49-20-22-24-0,103.95863057845975,seed701_explore_lns_start25_late_best_rm25_tw12
0-70-6-8-46-4-45-5-3-1-55-68-0,104.00068854451767,seed701_explore_lns_start24_mixed_best_rm20_tw8
0-41-42-44-43-40-38-37-35-36-39-0,104.35964342091188,seed702_explore_lns_start18_mixed_random_best_rm20_tw10
0-61-41-42-44-43-40-38-36-37-54-0,104.4535246890328,seed702_explore_lns_start42_late_best_rm20_tw8
0-65-25-23-21-48-18-49-20-22-24-66-0,104.70245789835927,seed702_explore_lns_start3_random_random_best_rm20_tw6
0-65-52-57-22-20-49-51-56-66-0,104.86935403784015,seed702_explore_guarded
0-44-39-38-37-35-36-40-43-42-54-0,104.965217829527,seed701_explore_lns_start16_late_random_best_rm25_tw10
0-12-14-47-17-16-15-13-11-10-66-0,105.23340108629407,seed608_lns_start5_mixed_best_rm8_tw8
0-6-7-8-46-5-45-4-2-60-55-0,105.76706220594022,seed702_explore_lns_start51_late_random_best_rm20_tw10
0-65-64-24-23-21-48-18-49-22-20-66-0,105.8222023891718,seed701_explore_lns_start10_random_best_rm20_tw6
0-2-45-6-7-46-4-5-3-1-55-0,105.83424846659993,seed701_explore_lns_start5_mixed_random_best_rm25_tw15
0-64-25-23-21-48-18-19-49-20-24-0,105.98361325681154,seed603_lns_start5_late_regret_rm8_tw6_guarded
0-64-25-23-21-48-18-49-20-22-24-66-0,106.06347017462114,seed702_explore_lns_start12_late_random_best_rm25_tw12
0-65-64-19-48-18-21-49-20-22-24-66-0,106.06834193824692,seed702_explore_lns_start0_late_random_best_rm25_tw8
0-64-25-23-21-48-18-19-49-20-24-66-0,106.16852509247514,seed701_explore_lns_start11_late_best_rm25_tw10
0-2-6-7-8-46-5-3-45-4-60-0,106.33791184785804,seed702_explore_lns_start18_random_best_rm20_tw10
0-61-38-44-43-40-36-35-37-54-0,106.56246588760476,seed701_explore_lns_start64_late_random_best_rm25_tw15
0-69-7-8-46-4-45-5-6-60-55-0,106.87462910123156,seed701_explore_lns_start52_late_random_best_rm20_tw12
0-69-6-7-8-46-45-3-4-2-60-0,107.32231149193726,seed701_explore_lns_start54_late_random_best_rm25_tw10
0-12-14-47-17-16-15-13-9-10-66-0,107.40244919144877,seed607_lns_start6_late_random_best_rm8_tw15
0-65-24-23-21-48-18-19-49-20-56-66-0,107.4156807726905,seed702_explore_lns_start2_late_best_rm25_tw8
0-25-23-21-48-19-49-20-22-24-56-0,107.62848964738822,seed602_lns_start5_late_random_best_rm6_tw8
0-65-52-57-22-20-49-19-51-56-66-0,108.00623598222313,seed701_explore_lns_start64_mixed_best_rm25_tw12
0-69-7-8-46-5-3-45-4-6-60-55-0,108.05247096377899,seed701_explore_lns_start51_late_random_best_rm20_tw6
0-69-7-8-46-45-3-4-2-60-55-0,108.13678490499368,seed701_explore_lns_start14_late_best_rm15_tw12
0-61-6-8-46-5-3-1-45-4-55-0,108.15363239417178,seed702_explore_guarded
0-12-14-47-16-15-13-9-11-10-66-0,108.17277880571777,seed701_explore_lns_start5_late_best_rm10_tw12
0-12-14-47-17-15-13-9-11-10-66-0,108.17277880571777,seed701_explore_lns_start0_mixed_random_best_rm25_tw15
0-12-14-47-17-16-15-11-13-9-66-0,108.32207532067201,seed601_lns_start1_mixed_random_best_rm8_tw10
0-70-2-6-7-8-46-45-3-4-60-0,108.32519913877036,seed701_explore_lns_start15_mixed_random_best_rm20_tw8
0-69-53-60-7-6-5-2-70-55-0,108.73188911465624,seed701_explore_lns_start31_random_random_best_rm25_tw12
0-2-6-8-46-45-5-3-1-4-60-0,109.07764259671652,seed702_explore_lns_start2_late_best_rm25_tw8
0-11-13-16-15-9-10-53-68-0,109.36492546597665,seed702_explore_lns_start34_mixed_best_rm15_tw10
0-6-7-8-46-45-5-3-1-4-60-0,109.74249871106592,seed701_explore_lns_start13_late_random_best_rm20_tw12
0-14-47-17-16-15-13-9-11-10-66-0,109.75468357650735,seed602_lns_start3_late_best_rm8_tw8
0-52-25-23-21-48-19-49-22-24-20-66-0,110.59249566708705,seed604_lns_start2_late_random_best_rm8_tw15
0-65-52-57-22-21-19-49-20-56-66-0,110.71945225019702,seed702_explore_lns_start64_mixed_random_best_rm25_tw12
0-65-25-23-21-48-18-19-49-20-24-56-0,110.9170686513346,seed702_explore_lns_start5_late_random_best_rm25_tw15
0-6-7-8-4-45-3-1-2-60-55-0,111.04259037604575,seed701_explore_lns_start58_late_random_best_rm20_tw12
0-65-6-7-8-46-4-45-5-3-1-0,111.16935833350593,seed608_lns_start0_late_random_best_rm8_tw15
0-64-51-19-18-48-21-23-25-24-66-0,111.22636265630085,seed702_explore_lns_start56_mixed_random_best_rm20_tw12
0-65-69-7-8-46-4-45-5-3-1-55-0,111.48453517211114,seed702_explore_lns_start0_random_random_best_rm20_tw15
0-65-6-7-8-46-4-45-5-3-1-70-0,111.60533777268809,seed701_explore_lns_start0_random_random_best_rm20_tw10
0-64-51-18-48-21-23-25-24-20-66-0,111.86016585441861,seed701_explore_lns_start52_mixed_random_best_rm15_tw12
0-25-23-21-19-48-18-49-20-24-66-0,112.18420850868192,seed605_lns_start6_mixed_regret_rm6_tw8
0-65-6-7-8-46-4-45-5-3-1-68-0,112.24525227841289,seed601_lns_start4_late_best_rm8_tw6
0-64-25-23-21-48-18-19-49-20-24-56-0,112.27808092759648,seed701_explore_lns_start26_late_best_rm25_tw10
0-65-6-8-5-3-1-45-4-2-55-0,112.35076483660791,seed702_explore_lns_start12_late_random_best_rm25_tw12
0-65-6-7-8-46-4-45-5-3-1-55-0,112.72772599588126,seed601_lns_start4_late_best_rm8_tw10
0-14-47-17-16-15-13-9-11-10-60-0,113.112807925068,seed604_lns_start2_late_random_best_rm8_tw15
0-69-11-15-16-13-10-9-52-57-0,113.2304821868108,seed701_explore_lns_start34_random_best_rm25_tw6
0-64-24-25-23-21-48-18-51-56-66-0,113.27919280052406,seed701_explore_lns_start64_mixed_random_best_rm20_tw8
0-65-52-22-20-49-18-48-21-23-25-24-0,113.3131916309336,seed701_explore_lns_start0_random_best_rm10_tw6
0-52-24-22-19-49-48-21-23-25-66-0,113.83064405101842,seed702_explore_lns_start5_mixed_best_rm25_tw15
0-69-65-22-20-18-48-21-23-25-24-0,114.05919448794265,seed701_explore_lns_start34_late_best_rm20_tw8
0-70-6-7-8-46-45-5-3-1-4-60-0,114.11548618208093,seed601_lns_start7_mixed_regret_rm4_tw10
0-69-12-60-7-8-46-45-4-2-55-0,114.16984793049399,seed702_explore_guarded
0-61-6-8-46-4-45-5-3-1-70-68-0,114.33816465429076,seed702_explore_lns_start23_late_random_best_rm25_tw6
0-61-70-1-3-5-45-8-46-4-55-68-0,114.50034352444418,seed702_explore_lns_start22_late_best_rm25_tw12
0-52-9-13-12-11-15-16-17-47-14-0,114.60703386907983,seed605_lns_start2_random_regret_rm6_tw12
0-61-42-44-1-3-5-45-4-70-68-0,115.33000863669729,seed701_explore_lns_start25_late_random_best_rm25_tw10
0-65-69-60-7-6-4-45-5-3-1-0,115.49301352743193,seed702_explore_lns_start13_random_best_rm20_tw8
0-61-42-44-39-38-36-35-37-41-54-68-0,115.62674887417074,seed702_explore_lns_start30_mixed_random_best_rm25_tw6
0-69-53-2-6-7-8-46-45-4-55-0,115.90410957032711,seed701_explore_guarded
0-65-2-7-6-46-4-45-3-5-1-0,116.20106609747143,seed701_explore_lns_start6_random_random_best_rm25_tw6
0-65-69-60-6-7-8-46-3-45-4-55-0,116.52654380057484,seed702_explore_lns_start9_late_random_best_rm20_tw8
0-52-9-13-16-15-11-10-12-14-17-0,116.57890966133462,seed702_explore_lns_start1_late_random_best_rm10_tw15
0-23-19-18-48-21-49-24-22-20-56-0,116.68123705792667,seed601_lns_start1_mixed_random_best_rm8_tw10
0-65-69-6-7-8-46-45-5-3-2-55-0,116.68510658488216,seed702_explore_lns_start4_late_best_rm25_tw6
0-65-52-13-16-15-11-10-12-14-47-17-0,116.70552499981093,seed702_explore_lns_start7_random_random_best_rm10_tw8
0-69-52-9-13-15-16-11-10-68-0,116.72090590960273,seed701_explore_lns_start23_late_best_rm20_tw15
0-52-25-21-23-18-19-49-22-20-24-0,116.97363640418723,seed702_explore_lns_start0_random_random_best_rm20_tw15
0-64-57-22-20-49-18-48-21-23-25-24-0,117.34656473676844,seed702_explore_lns_start9_mixed_random_best_rm20_tw6
0-42-44-1-3-5-45-46-4-70-68-0,117.41577902933096,seed702_explore_lns_start26_mixed_random_best_rm25_tw6
0-61-41-42-44-1-3-5-70-68-0,117.4205288663549,seed701_explore_guarded
0-65-69-60-6-7-8-46-3-5-45-4-0,117.47368988102188,seed702_explore_lns_start12_late_best_rm20_tw10
0-65-52-57-24-22-20-49-19-63-56-0,118.52062401884635,seed701_explore_lns_start64_random_best_rm25_tw8
0-65-69-60-7-8-46-5-3-1-45-4-0,118.98962380479047,seed702_explore_lns_start10_random_best_rm15_tw6
0-12-11-15-16-13-9-59-57-0,120.00068945702958,seed701_explore_lns_start34_late_random_best_rm20_tw10
0-69-12-60-2-6-8-46-45-4-55-0,120.52926015044952,seed702_explore_lns_start51_late_best_rm25_tw10
0-61-70-6-46-4-45-5-3-1-55-68-0,120.86367321771192,seed702_explore_lns_start20_random_regret_rm15_tw8
0-69-65-64-19-21-51-56-66-0,120.90224494912505,seed702_explore_lns_start39_late_random_best_rm20_tw12
0-42-44-1-3-5-45-46-4-2-55-68-0,120.90423845774019,seed702_explore_lns_start35_late_best_rm25_tw8
0-52-9-13-16-15-11-10-12-14-47-60-0,121.0428781967936,seed701_explore_lns_start0_late_best_rm10_tw15
0-52-9-13-15-11-10-12-14-47-17-60-0,121.16653247409064,seed701_explore_lns_start5_late_regret_rm10_tw6
0-69-14-16-15-13-11-10-9-59-0,121.30474696571433,seed701_explore_lns_start36_late_random_best_rm15_tw6
0-61-39-44-42-1-3-5-70-68-0,122.05091153551224,seed701_explore_lns_start58_late_random_best_rm25_tw6
0-61-70-2-53-69-68-54-0,122.22910222996735,seed701_explore_lns_start12_late_best_rm25_tw6
0-12-14-47-17-16-15-11-13-9-56-0,122.24697775356853,seed601_lns_start0_mixed_regret_rm6_tw10
0-65-7-8-46-5-3-45-4-6-60-55-0,122.30670368323399,seed701_explore_lns_start2_late_best_rm25_tw8
0-12-14-47-16-15-13-9-11-10-56-0,122.32859610933028,seed701_explore_lns_start6_late_random_best_rm10_tw10
0-12-14-47-17-15-13-9-11-10-56-0,122.32859610933028,seed702_explore_lns_start11_mixed_random_best_rm15_tw12
0-52-9-13-15-16-17-47-11-10-14-60-0,122.4772380964518,seed601_lns_start1_late_regret_rm8_tw6_guarded
0-69-47-16-15-13-11-10-9-59-0,122.52588770566344,seed702_explore_lns_start37_late_random_best_rm20_tw6
0-67-64-20-49-19-51-56-66-0,122.53804191176643,seed701_explore_lns_start34_random_best_rm25_tw6
0-64-69-6-7-8-46-4-2-55-0,122.63932780701016,seed702_explore_lns_start30_mixed_random_best_rm25_tw6
0-12-14-47-17-16-13-11-10-9-59-0,122.71669605930691,seed701_explore_lns_start16_late_random_best_rm25_tw10
0-42-44-1-3-5-45-8-46-4-70-68-0,122.97251671171928,seed701_explore_lns_start26_late_best_rm25_tw10
0-61-41-38-1-3-5-70-68-0,123.17938375076874,seed701_explore_lns_start58_late_best_rm25_tw15
0-14-17-16-15-13-11-10-9-59-0,123.44364972021083,seed701_explore_lns_start36_late_best_rm15_tw8
0-14-47-17-16-15-13-11-10-9-59-0,123.44364972021083,seed701_explore_lns_start3_mixed_random_best_rm10_tw10
0-45-6-7-8-46-5-3-1-4-60-55-0,123.6604952708559,seed701_explore_lns_start12_late_best_rm25_tw6
0-25-23-21-48-18-49-20-22-24-66-68-0,123.7823677575848,seed702_explore_lns_start2_random_random_best_rm10_tw8
0-52-25-23-21-48-18-49-22-24-20-66-0,123.87781003214124,seed604_lns_start2_late_random_best_rm8_tw15_guarded
0-14-47-17-16-15-13-9-11-10-56-0,123.91050088011987,seed605_lns_start4_late_best_rm8_tw15
0-67-37-35-36-40-43-54-0,123.94402698161609,seed701_explore_lns_start51_late_random_best_rm20_tw6
0-61-70-2-60-53-68-54-0,124.02126037545091,seed701_explore_lns_start11_late_best_rm25_tw10
0-64-51-18-48-19-49-20-22-25-24-0,124.03648167188322,seed702_explore_lns_start37_late_random_best_rm25_tw6
0-52-23-21-48-18-19-49-20-22-24-66-0,124.1842010219964,seed702_explore_lns_start6_mixed_best_rm15_tw15
0-52-13-16-15-11-10-12-14-47-17-60-0,124.21078821835722,seed701_explore_lns_start0_late_random_best_rm15_tw8
0-12-53-11-10-9-13-15-17-47-14-0,124.58022459452378,seed601_lns_start64_mixed_random_best_rm6_tw10_guarded
0-42-44-1-3-5-45-4-70-55-68-0,124.58735190458478,seed702_explore_lns_start26_late_best_rm25_tw8
0-65-52-57-64-51-63-62-56-66-0,124.6050165153664,seed701_explore_lns_start3_random_best_rm25_tw10
0-52-9-13-16-15-11-10-17-47-14-55-0,124.79669413970927,seed602_lns_start5_late_random_best_rm8_tw6
0-12-47-17-60-7-8-2-70-68-0,124.8172493883057,seed605_lns_start35_mixed_random_best_rm8_tw12
0-12-53-11-10-13-16-15-17-47-14-0,124.89140832340944,seed602_lns_start1_random_regret_rm8_tw8
0-52-59-13-16-15-11-10-9-66-0,125.01306643445075,seed702_explore_lns_start23_late_random_best_rm25_tw6
0-52-21-48-18-19-49-20-22-57-56-0,125.0704960574098,seed701_explore_lns_start1_random_random_best_rm25_tw8
0-64-51-18-48-21-23-49-20-66-68-0,125.46544114984398,seed701_explore_lns_start17_mixed_random_best_rm25_tw12
0-65-52-22-19-48-18-49-23-21-20-24-0,125.51834670464169,seed606_lns_start8_mixed_best_rm8_tw10
0-67-38-37-35-36-40-43-54-0,125.58967539047586,seed701_explore_lns_start56_mixed_best_rm25_tw12
0-67-38-37-35-36-40-43-42-54-0,125.58967539047586,seed702_explore_lns_start54_late_best_rm25_tw12
0-65-69-6-8-46-5-1-3-45-4-60-0,125.61216029662289,seed701_explore_lns_start10_mixed_random_best_rm20_tw10
0-64-24-19-18-48-21-23-25-58-0,125.74219631827383,seed701_explore_lns_start24_late_best_rm20_tw12
0-42-44-1-3-5-45-46-6-4-70-68-0,125.80094383646546,seed701_explore_lns_start24_late_best_rm20_tw12
0-61-70-2-60-53-55-68-54-0,125.80271622418395,seed702_explore_guarded
0-64-51-18-48-19-49-21-23-25-20-24-0,125.90250078048797,seed702_explore_guarded
0-11-13-15-16-17-47-10-9-59-0,126.04840102142047,seed702_explore_lns_start37_mixed_random_best_rm25_tw8
0-65-52-57-19-18-63-56-66-0,126.2662093469509,seed701_explore_lns_start36_late_random_best_rm15_tw6
0-12-53-9-10-11-16-15-17-47-14-0,126.32306798910479,seed604_lns_start1_random_regret_rm6_tw8
0-69-65-52-57-64-51-63-56-66-0,126.50653516143028,seed702_explore_lns_start39_late_best_rm20_tw6
0-65-6-7-8-46-45-5-3-1-4-60-0,126.53133990455888,seed601_lns_start3_late_best_rm8_tw8
0-65-6-7-46-45-5-3-1-4-60-55-0,126.5786033874626,seed701_explore_lns_start5_late_best_rm20_tw15
0-62-51-18-21-19-49-22-24-20-66-0,126.61756383240436,seed701_explore_lns_start6_random_random_best_rm25_tw6
0-51-18-48-49-20-22-21-23-25-24-0,126.63949769506189,seed701_explore_lns_start37_late_regret_rm10_tw8
0-67-44-43-40-36-35-37-54-0,127.09762088132013,seed601_lns_start64_mixed_random_best_rm3_tw10
0-65-7-8-46-45-5-3-1-4-60-55-0,127.1487873174226,seed601_lns_start3_random_random_best_rm5_tw8
0-67-42-44-43-40-36-35-37-54-0,127.14886926085339,seed701_explore_lns_start54_late_best_rm25_tw12
0-67-41-44-43-40-36-35-37-54-0,127.25441364968087,seed701_explore_lns_start64_mixed_best_rm25_tw12
0-65-52-57-64-18-19-20-56-66-0,127.40869693370158,seed702_explore_lns_start36_late_random_best_rm20_tw8
0-67-39-37-35-36-40-43-42-54-0,127.52664009035108,seed701_explore_lns_start64_late_best_rm25_tw10
0-67-38-37-35-36-40-43-39-54-0,128.27627133042964,seed701_explore_guarded
0-65-52-59-9-13-15-16-11-10-68-0,128.32379923840588,seed701_explore_lns_start27_mixed_random_best_rm25_tw12
0-64-51-18-48-22-20-49-21-23-25-24-0,128.33429070085037,seed604_lns_start11_mixed_regret_rm8_tw8
0-65-52-59-57-22-49-20-56-66-0,128.5120554120693,seed702_explore_guarded
0-38-39-41-42-1-5-3-70-68-0,128.74323809802274,seed702_explore_lns_start60_random_random_best_rm10_tw8
0-12-47-53-60-7-8-46-2-55-0,128.79541092233546,seed701_explore_lns_start36_late_best_rm15_tw8
0-61-70-2-6-53-55-68-54-0,129.01025564287843,seed608_lns_start11_random_best_rm8_tw6
0-39-38-41-42-1-3-45-2-70-68-0,129.20251390741703,seed602_lns_start64_mixed_best_rm8_tw8_guarded
0-65-6-7-8-46-5-3-1-4-60-55-0,129.27791048265357,seed606_lns_start11_mixed_random_best_rm8_tw10
0-11-12-53-9-13-16-15-17-47-14-0,129.36543728412772,seed701_explore_lns_start52_late_random_best_rm20_tw12
0-65-69-53-60-7-2-70-54-68-0,129.43966356590803,seed702_explore_guarded
0-67-39-44-43-40-36-35-37-54-0,129.69273203754022,seed701_explore_lns_start64_mixed_best_rm15_tw10
0-64-24-19-48-21-23-25-58-59-0,129.7938726095481,seed701_explore_lns_start27_late_random_best_rm20_tw10
0-62-22-24-49-19-18-48-21-23-25-0,129.83247115921233,seed701_explore_lns_start6_random_random_best_rm25_tw12
0-12-7-8-46-45-4-2-6-60-55-0,129.846899179292,seed701_explore_lns_start54_late_best_rm25_tw12
0-69-53-60-6-7-8-46-5-4-55-0,130.10472104139072,seed701_explore_lns_start64_late_best_rm25_tw10
0-65-52-59-57-19-49-22-20-56-0,130.34909961025863,seed701_explore_lns_start64_mixed_random_best_rm20_tw6
0-69-65-57-56-67-50-62-66-0,130.44493879702927,seed702_explore_lns_start22_late_best_rm25_tw12
0-39-38-41-42-1-3-5-2-70-68-0,130.51489176985808,seed702_explore_guarded
0-69-61-70-2-6-60-55-68-54-0,130.73748322747934,seed601_lns_start3_late_regret_rm8_tw10_guarded
0-52-23-48-18-21-19-49-22-25-24-0,130.84646437213496,seed606_lns_start2_mixed_random_best_rm5_tw8
0-12-15-16-14-47-17-11-10-13-59-0,131.01243108513225,seed702_explore_lns_start50_late_best_rm25_tw6
0-64-21-18-48-23-25-49-19-66-68-0,131.05036167131914,seed702_explore_lns_start4_late_best_rm25_tw10
0-67-38-44-43-40-36-35-37-54-0,131.43032595148154,seed604_lns_start64_mixed_best_rm8_tw12
0-69-2-6-8-7-60-55-66-56-0,131.49107282517187,seed701_explore_lns_start31_random_best_rm25_tw12
0-67-41-38-43-40-36-35-37-54-0,131.64409004829244,seed702_explore_lns_start64_mixed_random_best_rm25_tw12
0-67-41-38-44-43-40-36-35-37-0,131.73590735451515,seed701_explore_lns_start64_late_best_rm20_tw15
0-67-64-19-49-18-48-21-23-25-24-0,131.77168743585523,seed701_explore_lns_start27_mixed_random_best_rm25_tw12
0-64-24-19-18-48-21-23-25-58-59-0,132.1790374166826,seed701_explore_lns_start25_late_random_best_rm25_tw10
0-35-40-1-3-5-45-4-0,132.25958496524058,seed701_explore_lns_start29_late_best_rm20_tw10
0-65-24-22-18-48-21-23-25-58-59-0,132.3523010125764,seed701_explore_lns_start34_random_best_rm25_tw6
0-67-38-37-35-36-40-43-54-68-0,132.56191901315592,seed701_explore_lns_start54_late_random_best_rm25_tw10
0-67-41-38-44-43-40-36-35-37-39-0,132.56870390779562,seed701_explore_guarded
0-65-12-14-47-17-16-15-10-9-13-59-0,132.5819272380225,seed701_explore_lns_start18_late_random_best_rm25_tw6
0-11-16-47-7-6-8-46-45-4-55-0,132.7690339024789,seed702_explore_guarded
0-52-19-18-20-22-25-23-21-48-24-0,132.8397791188176,seed604_lns_start1_random_regret_rm6_tw8
0-64-51-18-48-21-49-22-56-66-68-0,132.8463532530355,seed702_explore_lns_start18_mixed_random_best_rm20_tw10
0-42-44-40-36-35-37-39-43-1-70-0,132.9486004203078,seed701_explore_lns_start18_late_random_best_rm25_tw6
0-42-44-61-70-3-5-45-46-4-55-0,132.9812028516452,seed701_explore_lns_start35_late_best_rm25_tw15
0-65-52-57-58-23-21-56-66-0,133.02467721995342,seed702_explore_lns_start37_late_random_best_rm25_tw6
0-42-39-41-2-4-45-3-1-70-68-0,133.08049295733005,seed701_explore_lns_start64_late_random_best_rm25_tw15
0-64-25-23-21-48-18-51-56-66-68-0,133.19508902607654,seed702_explore_lns_start15_late_random_best_rm25_tw6
0-14-53-9-10-11-13-15-17-47-0,133.56908812778792,seed701_explore_lns_start64_random_random_best_rm20_tw12
0-39-38-41-44-42-5-3-1-70-68-0,133.59334156236423,seed702_explore_lns_start55_late_best_rm20_tw10
0-69-64-19-51-67-56-66-0,133.60147571932305,seed701_explore_lns_start34_late_random_best_rm20_tw10
0-11-15-16-13-9-10-53-17-47-14-0,133.7101798514925,seed702_explore_guarded
0-65-52-57-24-22-48-19-49-20-56-66-0,133.80911146098367,seed702_explore_guarded
0-65-25-48-20-49-22-24-57-66-68-0,133.892689100371,seed702_explore_lns_start34_late_best_rm25_tw15
0-12-14-47-17-7-8-46-2-60-55-0,134.0274943623108,seed702_explore_lns_start39_late_best_rm20_tw6
0-67-44-43-40-36-35-37-54-68-0,134.06986450400018,seed701_explore_lns_start64_mixed_best_rm15_tw10
0-52-12-47-17-16-15-13-9-10-14-60-0,134.13523330645242,seed605_lns_start1_late_regret_rm8_tw6
0-65-52-57-22-20-49-19-58-59-0,134.14242570551812,seed701_explore_lns_start64_mixed_random_best_rm20_tw8
0-69-52-53-12-11-10-9-13-17-14-0,134.17426003419027,seed702_explore_lns_start44_late_random_best_rm20_tw8
0-69-65-57-22-20-51-63-50-56-0,134.33126903429016,seed702_explore_lns_start23_late_random_best_rm25_tw6
0-52-57-24-22-20-19-58-59-0,134.48406304542297,seed701_explore_lns_start18_mixed_best_rm25_tw6
0-65-52-57-24-22-20-19-58-59-0,134.80653855665287,seed701_explore_lns_start18_late_best_rm25_tw8
0-65-52-57-24-22-20-49-19-58-59-0,134.80653855665287,seed702_explore_lns_start18_late_random_best_rm25_tw15
0-69-16-60-6-7-8-46-45-4-55-0,135.0893857987356,seed601_lns_start64_mixed_random_best_rm6_tw10_guarded
0-69-14-53-11-10-15-16-17-47-13-0,135.09642818385072,seed701_explore_lns_start54_late_best_rm25_tw12
0-69-2-6-7-8-46-53-60-55-70-0,135.10716801737007,seed701_explore_lns_start29_late_best_rm20_tw10
0-69-61-53-12-10-11-13-15-17-47-0,135.2390463034954,seed702_explore_lns_start54_late_regret_rm20_tw10
0-39-38-36-35-37-40-43-44-42-1-0,135.2842332786235,seed702_explore_lns_start18_late_random_best_rm25_tw15
0-67-61-43-40-36-35-37-54-0,135.2911684366706,seed702_explore_lns_start55_late_best_rm20_tw10
0-2-7-8-60-53-12-14-47-17-0,135.29747223049043,seed701_explore_lns_start23_late_best_rm20_tw15
0-12-15-16-13-11-10-9-59-58-0,135.4507844118027,seed701_explore_lns_start39_mixed_random_best_rm20_tw8
0-65-52-57-22-20-49-25-58-59-0,135.65744877021808,seed702_explore_guarded
0-69-61-70-2-53-55-68-54-0,135.66243271840085,seed601_lns_start1_late_regret_rm8_tw6
0-12-14-47-17-16-15-13-9-10-66-68-0,135.7004127324031,seed607_lns_start3_late_random_best_rm8_tw12
0-12-16-15-11-9-19-20-66-0,135.87641678503886,seed702_explore_lns_start37_late_random_best_rm25_tw10
0-42-44-1-3-5-45-46-4-70-55-68-0,135.91045320531674,seed702_explore_lns_start26_random_regret_rm10_tw10
0-12-14-53-60-7-8-6-2-46-55-0,136.08001700513444,seed702_explore_lns_start37_mixed_random_best_rm25_tw8
0-69-2-6-4-45-46-8-7-60-13-0,136.1360040246226,seed702_explore_guarded
0-2-7-8-6-60-12-47-17-55-0,136.16995468059702,seed702_explore_lns_start39_late_best_rm15_tw10
0-62-64-22-20-49-19-48-21-23-25-24-0,136.21097317038695,seed701_explore_lns_start4_late_random_best_rm20_tw12
0-65-52-57-24-22-21-19-49-20-56-66-0,136.24174660031974,seed603_lns_start43_late_random_best_rm8_tw15
0-65-52-57-22-20-49-19-48-59-0,136.30327991216376,seed601_lns_start64_mixed_random_best_rm8_tw12
0-14-16-15-13-11-10-9-59-58-0,136.43855620866543,seed701_explore_lns_start37_late_regret_rm10_tw8
0-35-40-1-3-5-46-70-0,136.48457645344027,seed701_explore_lns_start30_late_best_rm25_tw10
0-69-61-70-2-60-53-68-54-0,136.53438970644467,seed601_lns_start0_late_best_rm6_tw15_guarded
0-12-14-47-17-16-15-11-10-13-58-0,136.55506698922431,seed702_explore_lns_start3_late_random_best_rm20_tw8
0-62-32-30-34-31-29-27-26-28-33-0,136.62721568640637,seed702_explore_guarded
0-38-41-61-1-3-45-2-70-68-0,136.78987779623588,seed701_explore_guarded
0-12-14-47-17-16-15-11-13-9-58-0,136.88422460449553,seed701_explore_lns_start1_late_random_best_rm15_tw12
0-25-23-21-48-19-49-20-22-24-58-0,136.98403594284974,seed605_lns_start1_late_regret_rm8_tw10
0-39-38-41-61-5-3-1-70-68-0,137.0390700511939,seed701_explore_lns_start54_late_best_rm25_tw12
0-42-38-39-41-61-1-2-70-68-0,137.66543289712388,seed701_explore_lns_start64_mixed_best_rm25_tw12
0-52-47-17-16-15-11-10-9-13-59-0,137.69685560752671,seed702_explore_lns_start27_late_random_best_rm25_tw6
0-69-7-8-46-5-4-6-60-17-0,137.8292762416732,seed701_explore_lns_start64_random_best_rm25_tw8
0-25-23-21-48-18-19-49-22-58-0,137.93264500153253,seed701_explore_lns_start21_mixed_random_best_rm20_tw10
0-12-14-47-17-16-15-13-10-9-58-0,137.955292416361,seed603_lns_start3_late_regret_rm8_tw10
0-44-39-41-61-1-3-5-70-68-0,138.02435676318055,seed702_explore_lns_start54_late_best_rm25_tw12
0-62-67-44-43-40-36-35-37-54-0,138.02522688606507,seed607_lns_start64_random_regret_rm6_tw8
0-64-51-18-21-23-48-25-58-0,138.14417277792884,seed701_explore_lns_start64_late_random_best_rm20_tw10
0-42-44-39-41-61-1-5-70-68-0,138.2241823315328,seed701_explore_lns_start60_late_random_best_rm20_tw15
0-69-61-2-60-53-55-68-54-0,138.3075672856013,seed701_explore_lns_start6_mixed_best_rm15_tw10
0-69-61-70-2-60-53-55-54-0,138.31584555517773,seed608_lns_start6_late_random_best_rm8_tw12
0-42-44-39-41-61-70-1-5-55-0,138.41882028140824,seed701_explore_lns_start54_late_random_best_rm25_tw10
0-62-18-48-19-49-20-21-23-25-24-0,138.46986814343995,seed604_lns_start4_mixed_random_best_rm6_tw15
0-69-2-45-4-46-8-7-6-60-54-0,138.4919930819807,seed701_explore_lns_start18_late_random_best_rm25_tw6
0-65-67-20-22-49-19-21-23-25-24-0,138.56549200695747,seed701_explore_lns_start8_random_random_best_rm20_tw12
0-14-47-17-16-15-13-11-10-9-58-0,138.68224607726492,seed601_lns_start1_late_regret_rm8_tw12
0-69-65-57-22-20-49-51-63-50-0,138.8843532747279,seed701_explore_lns_start25_late_random_best_rm20_tw10
0-62-51-18-48-49-22-21-23-25-24-0,138.8865451595755,seed702_explore_lns_start37_mixed_best_rm25_tw10
0-42-41-61-6-5-3-1-70-68-0,138.92718255426058,seed702_explore_guarded
0-15-16-60-6-7-8-46-5-45-4-0,139.03150151132974,seed701_explore_guarded
0-12-11-13-59-9-10-14-47-17-60-0,139.24070496022492,seed701_explore_lns_start64_late_random_best_rm20_tw10
0-2-7-8-6-60-12-15-17-47-14-0,139.2957745922077,seed702_explore_lns_start34_late_best_rm25_tw15
0-65-52-57-24-22-20-49-25-58-59-0,139.33123018374044,seed701_explore_guarded
0-42-38-41-61-5-3-1-70-68-0,139.52457695905088,seed701_explore_lns_start60_mixed_regret_rm15_tw15
0-64-19-51-63-67-50-56-0,139.92111374670156,seed702_explore_lns_start34_random_regret_rm25_tw10
0-16-60-7-6-8-46-5-4-55-0,139.94998835688526,seed702_explore_lns_start64_mixed_best_rm10_tw10
0-67-41-36-35-37-54-55-0,139.9595754059617,seed701_explore_lns_start18_late_best_rm25_tw8
0-67-61-42-40-36-35-37-54-68-0,140.0015564735382,seed702_explore_guarded
0-69-61-70-2-60-53-55-68-54-0,140.0443806223246,seed601_lns_start3_late_regret_rm8_tw10
0-11-15-16-13-9-59-52-57-68-0,140.0965506759339,seed702_explore_lns_start35_mixed_best_rm20_tw15
0-42-44-61-4-46-45-3-1-70-68-0,140.1334756268471,seed701_explore_lns_start37_random_random_best_rm20_tw12
0-42-38-39-41-61-3-5-1-70-0,140.3217502132461,seed702_explore_lns_start58_late_best_rm25_tw6
0-38-42-61-2-45-3-1-70-68-0,140.35903283061012,seed701_explore_lns_start64_mixed_random_best_rm20_tw6
0-69-16-7-8-46-4-6-60-55-0,140.36430923544555,seed701_explore_lns_start64_mixed_best_rm15_tw10
0-1-5-6-40-43-68-0,140.6057303205774,seed701_explore_lns_start14_late_best_rm15_tw12
0-2-7-8-4-60-12-47-17-55-0,140.65747237306167,seed702_explore_lns_start37_mixed_best_rm25_tw10
0-64-51-22-24-49-19-18-23-63-0,140.89235566228993,seed701_explore_lns_start30_late_best_rm25_tw10
0-64-51-24-18-48-21-23-25-58-0,140.9250464765505,seed607_lns_start64_mixed_best_rm8_tw15
0-69-64-18-19-49-51-56-66-68-0,141.01851003868282,seed701_explore_lns_start35_late_best_rm25_tw15
0-64-63-51-49-19-18-48-21-23-25-24-0,141.07594092379153,seed701_explore_lns_start24_mixed_best_rm20_tw8
0-59-58-24-49-19-48-21-23-25-0,141.42087704125854,seed701_explore_lns_start23_late_best_rm20_tw15
0-64-24-18-48-21-23-25-58-66-0,141.56078637792746,seed604_lns_start64_mixed_random_best_rm8_tw6
0-52-13-15-16-11-10-9-59-58-0,141.79672557071558,seed702_explore_lns_start23_mixed_regret_rm20_tw6
0-42-44-40-36-35-37-39-43-1-5-0,142.34757690413556,seed701_explore_lns_start15_mixed_random_best_rm20_tw8
0-42-39-41-61-1-3-70-55-68-0,142.52283345302527,seed701_explore_lns_start64_late_best_rm20_tw8
0-69-61-70-7-53-55-68-54-0,142.64044983294062,seed702_explore_lns_start2_late_best_rm25_tw8
0-63-18-21-23-19-49-22-24-20-56-0,142.88066883199195,seed702_explore_lns_start5_mixed_regret_rm15_tw15
0-69-61-70-2-53-12-60-55-68-0,143.0454860745968,seed601_lns_start4_late_regret_rm8_tw6
0-16-7-8-46-4-2-6-60-55-0,143.13428075713995,seed701_explore_lns_start52_late_best_rm25_tw15
0-69-65-64-19-23-57-52-66-56-0,143.4572829410185,seed701_explore_lns_start36_late_best_rm15_tw8
0-69-61-70-2-53-11-55-68-0,143.8451775638003,seed602_lns_start4_late_regret_rm8_tw15
0-59-58-25-48-49-22-24-20-66-0,143.99219676493055,seed702_explore_lns_start30_mixed_random_best_rm25_tw6
0-42-44-1-3-5-45-4-46-6-55-68-0,144.0438983933151,seed701_explore_lns_start25_late_random_best_rm20_tw10
0-17-16-15-13-11-10-9-59-58-0,144.37690014210256,seed702_explore_lns_start39_late_random_best_rm20_tw12
0-65-64-19-57-52-53-66-56-0,144.38767148470868,seed701_explore_lns_start37_late_regret_rm10_tw8
0-64-51-18-21-23-48-25-58-59-0,144.58101387633764,seed701_explore_lns_start64_mixed_best_rm25_tw12
0-65-69-53-52-57-19-56-66-0,144.5984534705869,seed702_explore_lns_start39_late_best_rm15_tw8
0-65-67-61-54-41-70-55-0,144.76698421635348,seed702_explore_lns_start18_random_best_rm20_tw10
0-69-67-43-40-36-35-37-54-0,145.43258862937688,seed701_explore_lns_start58_late_random_best_rm20_tw12
0-12-14-47-17-60-7-8-6-2-68-0,145.45772271063504,seed701_explore_lns_start35_late_best_rm15_tw15
0-65-61-41-38-1-3-5-70-68-0,145.4741593730983,seed701_explore_guarded
0-64-51-18-48-21-23-25-49-56-66-0,145.8711955637387,seed701_explore_lns_start15_mixed_random_best_rm20_tw8
0-44-38-41-61-2-3-5-1-70-0,146.02036506418528,seed701_explore_guarded
0-39-42-44-1-3-5-8-46-45-4-55-0,146.05658051022397,seed701_explore_guarded
0-64-51-18-25-49-20-22-24-66-56-0,146.25144572886063,seed701_explore_lns_start14_random_random_best_rm10_tw6
0-45-7-8-46-4-1-3-5-6-60-68-0,146.33090622568898,seed702_explore_lns_start4_late_best_rm20_tw8
0-11-15-16-13-9-10-52-57-59-0,146.7379362288125,seed701_explore_lns_start24_late_random_best_rm15_tw12
0-69-52-57-24-18-48-25-58-59-0,146.78454792247751,seed701_explore_lns_start10_late_random_best_rm25_tw12
0-69-12-53-16-15-10-9-13-59-0,146.85964996466817,seed702_explore_lns_start37_late_random_best_rm25_tw6
0-63-51-22-20-49-18-48-21-23-25-24-0,147.1384678358798,seed601_lns_start10_mixed_regret_rm6_tw6
0-69-70-53-60-6-7-8-46-45-4-55-0,147.25806034946592,seed702_explore_lns_start18_late_best_rm25_tw10
0-64-51-24-18-48-23-25-58-59-0,147.3618875749593,seed702_explore_lns_start64_mixed_random_best_rm25_tw12
0-67-32-30-28-26-27-29-31-34-33-0,147.37207678130187,seed601_lns_start4_late_random_best_rm6_tw10
0-69-61-70-2-8-53-68-54-0,147.8172423802326,seed701_explore_lns_start5_late_best_rm20_tw15
0-51-22-24-49-48-21-23-25-58-0,147.8310105202399,seed702_explore_lns_start36_late_random_best_rm20_tw8
0-64-51-18-48-21-23-25-58-13-0,147.9789566826379,seed701_explore_guarded
0-65-64-23-21-18-19-49-51-63-56-0,148.05459511282237,seed701_explore_lns_start29_late_best_rm20_tw10
0-69-11-16-15-53-10-9-13-59-0,148.13297907717828,seed701_explore_lns_start34_late_best_rm15_tw6
0-64-19-51-50-67-56-66-68-0,148.43595908757973,seed701_explore_lns_start34_late_best_rm15_tw6
0-14-16-15-13-11-10-9-57-59-0,148.4909254351625,seed701_explore_lns_start34_mixed_random_best_rm15_tw6
0-61-70-2-8-7-60-17-47-14-0,148.49248302146026,seed701_explore_lns_start25_late_random_best_rm20_tw10
0-61-2-6-46-8-7-60-47-14-0,148.67186690490604,seed702_explore_lns_start26_late_best_rm25_tw8
0-67-61-41-40-36-35-37-54-68-0,148.72460776068323,seed702_explore_lns_start51_mixed_best_rm25_tw12
0-64-67-51-19-49-57-66-56-0,149.16972292213794,seed701_explore_lns_start34_late_best_rm20_tw8
0-65-64-57-52-10-12-53-66-56-0,149.48390058066116,seed608_lns_start38_random_regret_rm6_tw15
0-14-16-9-60-7-6-45-4-55-0,149.4958355745995,seed702_explore_lns_start54_late_regret_rm20_tw10
0-16-60-2-6-7-8-46-45-4-55-0,149.65790489644422,seed702_explore_lns_start52_mixed_random_best_rm15_tw8
0-64-51-18-48-21-23-25-58-66-0,149.69559951888877,seed601_lns_start64_mixed_random_best_rm6_tw10_guarded
0-64-24-48-18-19-49-21-23-25-58-0,149.69630621702447,seed702_explore_lns_start23_late_random_best_rm25_tw6
0-69-61-70-2-53-11-60-68-0,150.30266016958035,seed608_lns_start3_late_regret_rm8_tw15
0-5-6-1-40-36-35-54-0,150.47448900945605,seed701_explore_lns_start14_random_random_best_rm10_tw6
0-61-42-44-39-41-38-37-35-36-43-68-0,150.78089408007585,seed701_explore_lns_start31_random_best_rm25_tw12
0-64-19-23-21-48-18-51-63-56-66-0,150.97197219654345,seed701_explore_guarded
0-69-2-7-8-60-53-12-14-47-17-0,150.99772564823408,seed702_explore_lns_start34_random_regret_rm25_tw10
0-12-16-60-6-7-8-46-5-4-55-0,151.19821177832546,seed602_lns_start64_mixed_best_rm8_tw8_guarded
0-12-16-15-11-53-10-9-13-17-14-0,151.7119173948491,seed608_lns_start5_random_random_best_rm8_tw8
0-69-52-22-19-20-49-18-48-21-25-24-0,151.80812043383645,seed602_lns_start6_mixed_regret_rm8_tw10
0-11-22-20-49-18-48-21-23-25-24-0,152.03794273207396,seed602_lns_start5_random_regret_rm8_tw12
0-69-53-60-7-8-6-2-46-45-4-0,152.15529911109468,seed702_explore_lns_start15_late_random_best_rm25_tw6
0-52-12-14-47-17-16-15-10-9-13-55-0,152.35989430664304,seed604_lns_start0_late_regret_rm8_tw6
0-42-38-39-41-2-45-5-1-70-68-0,152.5892073480844,seed702_explore_lns_start64_late_best_rm25_tw15
0-65-67-61-38-41-54-68-55-0,153.5959778748002,seed701_explore_lns_start15_mixed_random_best_rm20_tw8
0-69-65-57-22-20-50-62-56-66-0,153.78598431647407,seed702_explore_lns_start20_random_regret_rm15_tw8
0-64-51-24-19-18-48-21-23-25-58-0,153.79460564737735,seed702_explore_guarded
0-11-15-16-13-9-10-59-57-66-0,153.8061615855445,seed702_explore_lns_start34_random_regret_rm25_tw10
0-61-70-2-7-53-55-54-68-0,153.88907538552354,seed701_explore_lns_start10_mixed_random_best_rm20_tw10
0-65-52-13-16-15-11-10-9-59-58-0,154.49578503106136,seed701_explore_lns_start25_late_best_rm25_tw12
0-61-70-2-60-53-11-55-68-0,154.63707271421026,seed606_lns_start13_late_regret_rm8_tw8
0-65-59-57-22-49-19-21-20-56-0,154.80903053095153,seed702_explore_lns_start64_mixed_random_best_rm20_tw6
0-12-14-47-17-16-15-13-9-10-66-56-0,155.1128782456745,seed603_lns_start5_late_regret_rm8_tw6
0-67-61-44-43-40-36-35-37-54-0,155.61913514291928,seed602_lns_start64_mixed_best_rm8_tw8
0-69-16-60-6-7-8-46-5-4-55-0,155.67005062548182,seed607_lns_start64_random_regret_rm6_tw8
0-38-39-42-44-43-1-3-5-70-55-0,155.93568248234578,seed702_explore_lns_start51_mixed_best_rm25_tw12
0-62-67-38-43-40-36-35-37-54-0,156.59449307400035,seed702_explore_lns_start57_mixed_random_best_rm20_tw12
0-64-63-51-20-22-49-19-23-24-66-0,156.85652984079712,seed702_explore_lns_start13_mixed_random_best_rm20_tw15
0-39-38-41-61-70-1-3-5-60-0,156.9079599648182,seed701_explore_guarded
0-61-2-6-8-7-60-17-47-14-0,157.0349215290437,seed702_explore_lns_start26_random_regret_rm10_tw10
0-67-42-44-43-40-36-35-37-54-68-0,157.05846249665194,seed701_explore_guarded
0-38-36-35-3-8-46-4-45-1-0,157.1306194019287,seed701_explore_lns_start31_random_random_best_rm25_tw12
0-52-57-9-11-10-16-15-17-47-13-0,157.14914462842722,seed701_explore_lns_start27_late_random_best_rm20_tw10
0-33-32-30-28-26-27-29-31-34-50-0,157.38440267863112,seed702_explore_guarded
0-64-51-63-18-48-19-49-22-20-66-0,157.54832845067997,seed702_explore_lns_start14_late_random_best_rm25_tw15
0-39-44-61-70-1-3-5-45-4-68-0,157.6042652765417,seed702_explore_lns_start37_mixed_random_best_rm25_tw8
0-52-59-58-57-19-20-56-66-0,157.77453750021866,seed701_explore_lns_start10_mixed_random_best_rm25_tw12
0-69-12-14-47-17-53-10-11-13-59-0,158.05465962718648,seed603_lns_start43_late_random_best_rm8_tw15
0-64-25-23-21-48-18-49-20-56-66-68-0,158.22376223720443,seed701_explore_lns_start17_mixed_best_rm20_tw12
0-42-44-61-70-6-46-3-45-4-55-0,158.3655563780354,seed701_explore_lns_start35_late_regret_rm25_tw8
0-62-63-51-64-57-58-59-0,158.92823359308755,seed702_explore_lns_start4_late_regret_rm15_tw10
0-69-15-9-60-7-8-46-45-4-55-0,159.39921045536963,seed701_explore_lns_start58_random_regret_rm20_tw8
0-42-44-41-61-45-5-3-1-70-68-0,159.42093379713415,seed702_explore_guarded
0-42-44-39-41-61-3-5-1-70-68-0,159.48963719885393,seed701_explore_lns_start56_mixed_best_rm25_tw12
0-65-52-53-7-8-5-3-45-46-4-70-0,159.79341946815165,seed607_lns_start4_late_random_best_rm8_tw10_guarded
0-11-52-57-66-64-51-63-56-0,160.14449794903285,seed702_explore_lns_start9_late_random_best_rm20_tw8
0-42-44-41-61-1-3-45-2-70-68-0,160.75743884635415,seed604_lns_start64_mixed_best_rm8_tw12_guarded
0-64-51-18-57-52-58-59-0,160.81034456658008,seed701_explore_lns_start2_late_best_rm20_tw12
0-2-70-61-55-53-66-56-68-0,160.83745336927495,seed701_explore_lns_start13_mixed_best_rm15_tw10
0-2-5-8-6-7-60-17-47-14-55-0,161.05919234025689,seed701_explore_lns_start37_random_random_best_rm20_tw12
0-44-41-61-7-5-3-1-70-68-0,161.2420878643252,seed702_explore_lns_start51_late_best_rm25_tw10
0-39-38-41-44-43-1-3-5-70-55-0,161.80794210480587,seed702_explore_guarded
0-67-39-37-35-36-40-43-42-54-68-0,162.13219136581512,seed701_explore_guarded
0-64-63-51-20-22-49-19-21-23-66-0,163.28781217032184,seed701_explore_lns_start10_late_random_best_rm25_tw12
0-69-12-14-47-17-7-8-2-60-68-0,163.70225713095272,seed701_explore_lns_start35_random_random_best_rm10_tw12
0-69-11-52-57-64-51-63-66-0,164.28081980269414,seed702_explore_lns_start12_random_regret_rm10_tw10
0-69-2-53-6-7-8-46-5-4-55-0,164.9053191044712,seed701_explore_lns_start64_mixed_best_rm25_tw12
0-5-6-1-43-40-35-37-54-0,165.440442626776,seed701_explore_lns_start14_mixed_best_rm20_tw15
0-69-61-70-2-53-10-14-55-68-0,166.0235253902103,seed604_lns_start3_late_random_best_rm8_tw15_guarded
0-69-2-6-4-46-8-7-53-60-55-0,166.4020346646687,seed702_explore_guarded
0-64-51-63-50-62-57-59-0,167.75309355474985,seed607_lns_start0_mixed_random_best_rm8_tw10
0-61-41-44-39-38-37-36-43-42-54-68-0,167.91160081999064,seed701_explore_lns_start30_late_best_rm25_tw10
0-25-57-51-63-50-66-0,168.07302595643534,seed701_explore_lns_start25_late_best_rm25_tw12
0-65-52-59-58-19-49-22-57-66-0,168.26503613321114,seed702_explore_guarded
0-67-42-44-43-40-36-35-37-39-54-0,168.92842579020748,seed701_explore_lns_start64_mixed_random_best_rm20_tw8
0-69-61-70-2-8-7-60-17-47-14-0,168.95271814346827,seed702_explore_lns_start23_mixed_regret_rm20_tw6
0-69-61-53-12-10-13-15-17-14-60-0,169.18150366620597,seed702_explore_lns_start64_late_best_rm25_tw15
0-52-12-14-47-17-16-15-13-9-10-68-0,169.57315270112184,seed606_lns_start0_late_random_best_rm8_tw6
0-67-41-44-43-40-36-35-37-39-54-0,169.66723651199976,seed701_explore_lns_start64_mixed_random_best_rm20_tw6
0-39-42-44-1-3-5-46-6-4-45-70-0,170.42120001924403,seed702_explore_guarded
0-64-51-18-25-48-24-22-20-56-66-0,170.71732832709188,seed701_explore_lns_start14_mixed_best_rm20_tw15
0-42-44-61-70-1-3-5-45-46-4-55-0,170.78264517130506,seed701_explore_lns_start35_late_best_rm15_tw15
0-42-38-39-41-61-3-5-1-70-68-0,170.79348354891232,seed701_explore_lns_start64_late_random_best_rm15_tw15
0-69-2-6-4-45-46-7-53-60-55-0,171.01768780180907,seed702_explore_lns_start60_late_random_best_rm25_tw6
0-69-2-45-4-8-7-6-53-60-55-0,171.2664092862247,seed701_explore_lns_start30_late_best_rm25_tw10
0-2-1-8-7-6-60-53-17-14-0,171.2980861707143,seed701_explore_lns_start35_late_best_rm25_tw15
0-42-44-61-6-45-3-5-1-70-68-0,171.7400137740346,seed702_explore_lns_start37_late_regret_rm15_tw12
0-64-23-21-48-18-19-49-25-58-59-0,172.02936788360526,seed702_explore_lns_start26_late_best_rm25_tw8
0-65-52-59-58-19-49-22-24-20-56-0,172.76523233767546,seed602_lns_start64_mixed_best_rm8_tw8_guarded
0-33-32-30-28-26-27-29-31-34-56-0,174.07096496180648,seed701_explore_lns_start3_random_random_best_rm20_tw15
0-61-41-42-44-43-40-38-37-35-39-54-0,174.16318948243006,seed702_explore_lns_start44_late_random_best_rm20_tw8
0-44-61-6-46-45-3-5-1-70-68-0,174.17945544382854,seed702_explore_lns_start37_mixed_best_rm25_tw10
0-67-62-64-20-49-19-51-56-66-0,174.55651671735097,seed701_explore_guarded
0-62-63-22-20-49-19-48-21-23-25-24-0,174.58738339676563,seed701_explore_lns_start2_late_best_rm20_tw12
0-12-47-17-13-9-11-10-53-4-0,174.72688135301377,seed702_explore_lns_start64_mixed_random_best_rm25_tw12
0-42-39-41-61-2-3-5-1-70-68-0,174.99608124690025,seed701_explore_lns_start64_late_random_best_rm20_tw10
0-12-16-47-7-6-8-46-4-60-55-0,175.58836186823245,seed702_explore_lns_start64_late_best_rm20_tw12
0-64-19-51-63-67-50-56-68-0,175.73426983537877,seed702_explore_guarded
0-69-61-70-2-53-11-60-55-68-0,176.11862118706262,seed603_lns_start3_late_regret_rm8_tw10
0-69-61-2-6-8-7-60-17-47-14-0,177.49515665105173,seed702_explore_lns_start26_mixed_random_best_rm25_tw6
0-39-38-41-61-1-3-45-2-70-68-0,177.68141375460976,seed702_explore_guarded
0-64-63-51-22-24-18-48-21-23-25-0,178.1204256077302,seed701_explore_guarded
0-65-25-21-48-18-19-49-20-22-24-63-0,178.22320429041096,seed701_explore_lns_start8_random_best_rm20_tw12
0-39-38-41-61-2-3-5-1-70-68-0,178.72324890399017,seed601_lns_start64_mixed_random_best_rm6_tw10_guarded
0-64-57-19-20-49-18-48-21-23-25-24-0,178.86632770722227,seed702_explore_lns_start24_mixed_random_best_rm20_tw8
0-42-39-41-61-2-45-3-1-70-68-0,178.95333445532094,seed604_lns_start64_mixed_best_rm8_tw12
0-67-41-38-37-36-40-43-42-39-54-0,179.48254078304086,seed701_explore_lns_start52_late_best_rm25_tw15
0-65-52-59-57-22-49-19-24-20-56-0,179.62836904994754,seed601_lns_start64_mixed_random_best_rm6_tw10_guarded
0-42-44-38-41-61-3-5-1-70-68-0,179.87996878596442,seed605_lns_start55_mixed_random_best_rm8_tw8
0-16-60-2-6-7-8-46-5-45-4-0,179.9436873790862,seed701_explore_guarded
0-65-52-57-25-23-21-18-48-20-56-66-0,180.06207083093508,seed702_explore_guarded
0-63-33-32-30-34-31-29-27-26-28-0,180.89380557594612,seed702_explore_lns_start35_mixed_best_rm20_tw15
0-11-12-53-47-16-15-9-10-13-14-0,181.2011729216178,seed701_explore_lns_start64_random_best_rm25_tw8
0-64-51-63-18-21-23-25-58-59-0,181.4039773400179,seed702_explore_guarded
0-69-12-16-7-6-8-46-4-60-55-0,181.68564753734762,seed701_explore_lns_start64_random_random_best_rm20_tw12
0-2-7-8-46-6-60-12-14-17-55-0,181.78516753703505,seed702_explore_lns_start37_late_random_best_rm20_tw6
0-65-13-15-16-11-9-10-53-66-0,181.83850169982745,seed701_explore_lns_start25_late_random_best_rm25_tw10
0-69-61-70-2-60-53-66-68-55-0,182.20315906091636,seed601_lns_start4_late_random_best_rm6_tw8
0-65-52-53-7-8-46-3-1-5-45-4-0,182.28106903173543,seed601_lns_start3_late_regret_rm8_tw10_guarded
0-64-63-51-19-49-22-24-58-59-0,182.3300687446915,seed702_explore_lns_start4_late_best_rm25_tw12
0-65-12-6-7-8-46-3-1-5-45-4-0,182.71262088939267,seed601_lns_start1_late_regret_rm8_tw6
0-69-65-57-56-67-50-62-66-68-0,182.75350092862948,seed701_explore_lns_start21_mixed_random_best_rm20_tw10
0-64-51-18-48-19-49-23-21-25-58-0,182.8795972109782,seed702_explore_lns_start20_random_regret_rm15_tw8
0-69-61-1-2-6-60-55-54-68-0,183.42307750290547,seed607_lns_start4_late_random_best_rm8_tw10_guarded
0-69-65-57-22-20-51-63-50-66-0,183.68106321208825,seed701_explore_lns_start26_late_best_rm25_tw10
0-42-44-6-46-4-45-3-5-1-70-55-0,183.90766439783664,seed701_explore_lns_start35_random_random_best_rm10_tw12
0-69-67-51-19-64-56-66-68-0,183.9851831477446,seed702_explore_lns_start35_late_best_rm15_tw10
0-42-44-40-39-38-37-36-43-41-66-0,184.3684263534031,seed702_explore_lns_start2_mixed_random_best_rm15_tw12
0-64-51-24-58-59-57-66-56-0,184.64579978184116,seed701_explore_lns_start5_late_best_rm20_tw15
0-14-47-16-15-13-11-10-9-52-56-0,185.0194256442445,seed702_explore_lns_start3_late_random_best_rm10_tw6
0-69-61-70-2-53-11-66-68-0,185.8959639101743,seed605_lns_start6_late_regret_rm8_tw12_guarded
0-67-38-37-35-36-40-43-54-55-0,186.33736228967084,seed701_explore_lns_start60_late_random_best_rm20_tw15
0-67-38-39-44-43-40-36-35-37-54-0,186.79180013334675,seed702_explore_guarded
0-65-52-6-7-8-46-3-1-5-45-4-0,186.92304202387868,seed601_lns_start3_late_regret_rm8_tw10
0-65-61-6-7-8-1-3-5-46-45-4-0,187.10270363692922,seed701_explore_lns_start6_random_random_best_rm25_tw12
0-67-61-54-70-1-5-55-0,187.5320540676588,seed702_explore_lns_start18_mixed_random_best_rm20_tw10
0-52-24-22-19-20-49-18-48-21-25-66-0,188.54484871966076,seed702_explore_lns_start1_mixed_best_rm25_tw12
0-61-2-6-7-60-53-17-47-14-0,189.85818409786947,seed701_explore_lns_start26_late_best_rm25_tw10
0-69-67-44-43-40-36-35-37-54-0,190.33922523087548,seed702_explore_lns_start64_mixed_best_rm10_tw10
0-42-44-61-1-3-5-45-46-4-70-68-0,190.91454435722346,seed702_explore_lns_start37_late_random_best_rm25_tw10
0-52-11-15-16-53-10-9-13-68-0,191.01806253307518,seed701_explore_lns_start35_late_regret_rm15_tw10
0-64-25-18-22-49-51-63-56-66-0,191.33863409240345,seed702_explore_lns_start42_late_best_rm20_tw8
0-65-52-57-64-56-10-13-59-0,191.35335696264067,seed702_explore_lns_start37_late_random_best_rm25_tw10
0-69-2-6-46-8-7-60-17-47-14-55-0,191.63559852024122,seed701_explore_lns_start25_late_random_best_rm25_tw10
0-69-61-2-55-53-66-54-68-0,192.193694387655,seed701_explore_lns_start8_random_random_best_rm20_tw12
0-11-15-16-14-12-53-10-9-13-59-0,192.28131362562408,seed701_explore_lns_start38_mixed_random_best_rm20_tw8
0-69-52-57-64-51-63-50-56-66-0,192.77934638218136,seed701_explore_lns_start13_late_random_best_rm20_tw15
0-63-51-22-20-49-19-18-48-21-25-24-0,192.84747011097357,seed606_lns_start13_mixed_random_best_rm5_tw10
0-38-39-44-42-41-61-70-2-1-68-0,193.30602028210885,seed701_explore_lns_start51_late_random_best_rm20_tw6
0-39-44-42-61-2-45-3-1-70-68-0,193.78672448920247,seed702_explore_lns_start64_mixed_random_best_rm25_tw12
0-52-13-15-16-47-11-10-9-59-58-0,193.92554641459895,seed702_explore_lns_start37_late_regret_rm15_tw12
0-65-12-9-52-57-64-56-66-70-0,194.30364327997327,seed702_explore_lns_start38_mixed_random_best_rm25_tw15
0-69-61-70-2-53-11-54-0,194.36763495688265,seed601_lns_start2_late_regret_rm8_tw15
0-11-16-47-7-6-8-3-46-4-55-0,195.01028010935062,seed702_explore_lns_start64_late_best_rm25_tw15
0-12-14-47-17-16-15-13-10-9-59-58-0,195.46430918957407,seed701_explore_lns_start11_late_random_best_rm25_tw12
0-64-51-24-18-48-21-23-25-58-59-0,196.42878928664246,seed701_explore_lns_start53_late_best_rm25_tw15
0-52-41-39-38-40-36-35-37-54-0,196.44414622827898,seed701_explore_lns_start21_mixed_random_best_rm20_tw10
0-69-13-60-7-2-3-45-46-4-55-0,196.4695046912061,seed702_explore_lns_start14_late_random_best_rm25_tw15
0-70-6-8-7-60-12-10-17-47-14-0,196.675791768115,seed702_explore_lns_start35_late_best_rm25_tw8
0-65-52-57-24-19-20-23-25-58-59-0,197.24894258937178,seed702_explore_lns_start18_mixed_random_best_rm20_tw10
0-69-16-60-6-8-46-3-5-4-55-0,197.56574634671964,seed702_explore_lns_start64_mixed_random_best_rm20_tw6
0-65-52-9-57-22-49-19-20-56-66-0,198.05544401507413,seed701_explore_guarded
0-65-52-57-22-20-49-19-59-47-0,198.28764581735663,seed701_explore_lns_start60_mixed_regret_rm15_tw15
0-62-67-42-44-43-40-36-35-37-54-0,198.36878859526882,seed601_lns_start64_mixed_random_best_rm6_tw10_guarded
0-67-38-37-35-36-40-43-42-39-54-0,198.53167993987793,seed702_explore_lns_start51_late_best_rm25_tw10
0-12-14-53-60-7-2-42-55-0,198.54793737799034,seed702_explore_lns_start27_late_random_best_rm25_tw6
0-64-19-18-51-67-50-56-66-0,198.80630525221147,seed701_explore_lns_start35_late_regret_rm15_tw10
0-65-52-13-15-16-11-10-9-59-66-0,198.9084669648414,seed702_explore_lns_start26_random_regret_rm10_tw10
0-36-44-1-3-45-8-46-5-4-55-0,199.06263296976107,seed701_explore_lns_start27_mixed_random_best_rm25_tw12
0-61-6-7-8-46-1-3-5-45-4-60-0,199.8087067868625,seed701_explore_lns_start4_random_random_best_rm25_tw8
0-69-61-70-2-6-55-68-54-56-0,199.8477265048245,seed604_lns_start2_late_random_best_rm8_tw15_guarded
0-2-7-8-6-53-12-14-47-60-55-0,200.26978203388353,seed702_explore_lns_start39_late_random_best_rm20_tw12
0-2-70-61-55-53-66-54-68-0,201.30064216822467,seed601_lns_start13_random_random_best_rm8_tw10
0-65-64-51-18-57-52-58-59-0,202.06260242089465,seed701_explore_lns_start7_mixed_best_rm20_tw15
0-42-44-39-41-61-1-3-2-70-68-0,202.23411826044844,seed701_explore_lns_start52_late_random_best_rm20_tw12
0-69-61-70-2-6-55-66-54-68-0,202.30073837721216,seed601_lns_start1_late_regret_rm8_tw6_guarded
0-64-63-51-20-57-52-58-59-0,202.38668791631451,seed701_explore_lns_start6_random_random_best_rm25_tw12
0-42-39-38-41-61-70-3-1-55-68-0,202.9715573946159,seed701_explore_guarded
0-65-6-7-8-46-4-45-5-3-1-54-0,203.01994466335756,seed601_lns_start4_late_regret_rm8_tw6_guarded
0-67-64-22-20-49-18-48-21-23-25-24-0,203.14782477260337,seed701_explore_lns_start13_random_random_best_rm25_tw6
0-64-51-18-48-21-23-25-58-59-13-0,203.29485016031055,seed701_explore_lns_start56_mixed_best_rm25_tw12
0-52-59-57-24-22-49-19-20-56-66-0,203.74542040138718,seed701_explore_guarded
0-2-53-12-47-17-16-11-10-13-14-0,204.73852975185332,seed701_explore_lns_start58_random_regret_rm20_tw8
0-64-63-51-22-57-52-58-59-0,205.21914198534242,seed604_lns_start4_mixed_random_best_rm6_tw15
0-12-47-16-15-11-10-9-52-57-13-0,205.51026085651648,seed701_explore_lns_start35_late_best_rm25_tw15
0-65-25-23-21-48-18-49-20-22-24-58-0,206.15348624089663,seed701_explore_lns_start34_late_random_best_rm15_tw8
0-19-25-23-21-48-18-20-24-58-59-0,206.4015498094513,seed702_explore_lns_start2_late_random_best_rm25_tw8
0-69-65-52-57-22-18-64-56-66-0,206.42922752525845,seed702_explore_lns_start37_mixed_random_best_rm25_tw8
0-65-64-63-51-57-52-58-59-0,206.95878917107112,seed702_explore_lns_start4_late_best_rm20_tw8
0-2-7-8-60-53-12-14-47-17-55-0,206.99749607520016,seed701_explore_lns_start24_late_random_best_rm15_tw12
0-67-41-54-61-70-5-55-0,207.01791459165932,seed702_explore_lns_start18_late_random_best_rm25_tw15
0-52-11-15-16-53-10-9-13-59-0,207.0428031636692,seed701_explore_lns_start35_late_best_rm15_tw15
0-69-2-70-61-54-50-68-55-0,207.32782474238084,seed602_lns_start1_random_regret_rm8_tw8
0-64-51-18-21-23-25-58-24-66-0,207.4979474443896,seed601_lns_start64_mixed_random_best_rm8_tw12
0-64-51-18-48-23-25-58-24-66-0,207.4979474443896,seed702_explore_lns_start64_mixed_random_best_rm20_tw6
0-69-64-19-51-67-50-56-66-0,207.8235909644824,seed605_lns_start35_mixed_random_best_rm8_tw12
0-69-61-2-12-53-55-54-68-0,209.5669146462047,seed702_explore_lns_start7_mixed_random_best_rm25_tw15
0-67-41-38-35-43-44-39-42-70-68-0,210.0395091187213,seed702_explore_lns_start54_late_regret_rm20_tw10
0-39-38-41-61-6-3-5-1-70-68-0,210.10297003252242,seed701_explore_lns_start58_random_regret_rm20_tw8
0-38-39-42-61-2-3-45-1-70-68-0,210.15622100036506,seed601_lns_start64_mixed_random_best_rm8_tw12
0-12-53-11-10-9-16-15-17-47-13-0,210.21035211233783,seed702_explore_lns_start51_late_random_best_rm20_tw10
0-2-7-8-46-4-12-14-17-60-55-0,210.44040327440467,seed702_explore_lns_start37_late_regret_rm15_tw12
0-61-42-44-37-35-36-38-39-41-54-70-0,211.10218279883688,seed701_explore_lns_start14_late_best_rm15_tw12
0-69-61-70-45-2-53-55-68-54-0,211.15254523587004,seed603_lns_start6_mixed_regret_rm8_tw8
0-61-2-8-7-60-17-47-14-55-0,211.30464801841407,seed701_explore_lns_start39_mixed_random_best_rm20_tw8
0-69-61-70-2-55-53-66-56-68-0,211.7884534757405,seed702_explore_lns_start3_late_random_best_rm20_tw6
0-65-52-59-57-22-49-19-48-20-56-0,211.8064993879176,seed701_explore_lns_start64_mixed_best_rm15_tw10
0-65-67-41-61-70-1-5-55-0,212.43118609256248,seed701_explore_lns_start17_mixed_random_best_rm25_tw12
0-67-62-63-51-64-57-58-59-0,212.65157356927568,seed702_explore_guarded
0-69-61-53-55-2-6-5-1-70-68-0,212.88130913455228,seed701_explore_lns_start3_late_regret_rm20_tw6
0-65-12-53-7-8-46-3-1-5-45-4-0,213.04460042367975,seed601_lns_start1_late_regret_rm8_tw6_guarded
0-42-38-41-61-2-3-45-1-70-68-0,213.17731945115383,seed601_lns_start64_mixed_random_best_rm6_tw10
0-2-1-70-61-53-55-54-68-0,213.26935960724248,seed702_explore_lns_start12_late_best_rm20_tw10
0-62-63-51-64-57-52-58-59-0,213.46900298332454,seed601_lns_start0_late_best_rm4_tw10
0-2-7-8-6-60-11-14-47-17-55-0,213.77519387890987,seed702_explore_lns_start37_late_random_best_rm25_tw6
0-52-9-13-15-16-17-47-12-10-14-60-55-0,214.0477555097209,seed605_lns_start6_late_regret_rm8_tw12_guarded
0-65-52-57-23-21-18-19-51-63-56-0,214.16528928247055,seed702_explore_lns_start32_random_random_best_rm25_tw15
0-65-52-57-24-22-20-49-19-63-56-66-0,214.66402956356814,seed701_explore_guarded
0-12-47-17-53-7-8-46-2-60-55-0,214.73900551800733,seed701_explore_lns_start36_late_random_best_rm15_tw6
0-15-16-12-53-10-11-9-59-58-0,215.21761367466914,seed702_explore_lns_start22_late_best_rm25_tw12
0-61-42-39-38-40-43-44-1-5-70-0,215.29338102308196,seed701_explore_lns_start18_late_best_rm25_tw8
0-62-63-51-64-66-57-58-59-0,215.64702422935036,seed601_lns_start6_late_random_best_rm8_tw8
0-65-52-59-57-19-49-22-20-56-66-0,215.8246186420264,seed701_explore_lns_start58_late_best_rm25_tw15
0-69-2-7-70-61-54-66-68-55-0,216.01804126990947,seed702_explore_lns_start6_mixed_best_rm15_tw8
0-38-39-44-42-41-61-5-46-70-68-0,216.13761372354855,seed701_explore_lns_start58_late_random_best_rm20_tw12
0-61-2-8-7-12-14-47-17-60-0,217.6459253212613,seed701_explore_lns_start24_late_best_rm20_tw12
0-67-35-36-37-40-44-43-54-70-0,218.83208478133128,seed608_lns_start64_mixed_random_best_rm8_tw15
0-52-51-19-22-24-57-58-59-0,219.68907558664546,seed701_explore_lns_start17_mixed_best_rm20_tw12
0-67-51-22-18-48-21-23-25-24-66-0,220.30412077418998,seed702_explore_lns_start34_late_best_rm20_tw6
0-52-25-48-18-23-49-20-22-57-24-0,220.32215261392875,seed702_explore_lns_start39_late_random_best_rm20_tw12
0-2-7-8-3-60-17-47-14-55-0,220.85661466149313,seed702_explore_lns_start39_late_best_rm15_tw8
0-65-52-24-22-20-49-18-48-21-23-25-66-0,221.07457113327405,seed702_explore_lns_start35_late_best_rm25_tw8
0-52-11-13-15-16-14-10-9-59-58-0,221.12214122993856,seed702_explore_lns_start39_late_best_rm15_tw10
0-52-59-58-57-49-19-20-56-66-0,221.15157060480786,seed701_explore_guarded
0-52-59-13-16-11-10-9-57-68-0,221.32544557014597,seed702_explore_lns_start27_late_random_best_rm25_tw12
0-67-38-41-61-3-5-55-0,221.72126229473827,seed701_explore_lns_start18_late_random_best_rm25_tw6
0-62-67-38-39-43-40-36-35-37-54-0,221.9726325607905,seed604_lns_start64_mixed_best_rm8_tw12_guarded
0-2-45-70-61-69-53-54-68-0,222.68722843361786,seed702_explore_lns_start2_late_random_best_rm25_tw8
0-69-61-70-8-60-53-55-68-54-0,224.33065595363072,seed701_explore_lns_start6_random_random_best_rm25_tw6
0-67-38-41-61-54-68-55-60-0,224.4849967257055,seed701_explore_lns_start17_late_random_best_rm25_tw6
0-65-61-7-8-46-5-3-1-45-4-60-0,224.84992152013615,seed606_lns_start4_random_random_best_rm8_tw12
0-62-22-25-23-21-48-19-24-66-56-0,225.2667042608495,seed702_explore_lns_start3_late_random_best_rm25_tw6
0-42-44-61-6-46-4-45-5-1-70-68-0,225.5403856208229,seed702_explore_lns_start39_late_best_rm15_tw8
0-42-39-41-61-8-3-5-1-70-68-0,227.26488209405966,seed702_explore_lns_start60_late_random_best_rm25_tw6
0-44-38-41-61-2-3-45-1-70-68-0,227.73930969765144,seed701_explore_lns_start64_late_best_rm25_tw10
0-39-38-44-42-41-61-3-1-70-68-0,227.75998591612563,seed702_explore_lns_start51_late_random_best_rm20_tw10
0-67-51-22-20-49-18-48-21-23-25-24-0,227.800773054142,seed702_explore_lns_start38_mixed_random_best_rm25_tw15
0-64-23-21-48-18-19-49-20-51-63-56-0,228.09786581721153,seed702_explore_lns_start50_late_best_rm25_tw6
0-12-14-47-17-16-15-13-10-9-57-66-0,228.4527455035586,seed701_explore_lns_start3_random_random_best_rm15_tw12
0-62-33-32-30-28-26-27-29-31-34-50-0,229.0490468268103,seed602_lns_start64_mixed_best_rm8_tw8_guarded
0-65-69-53-22-51-63-50-0,229.0803413068863,seed701_explore_lns_start24_late_random_best_rm25_tw10
0-64-51-62-50-57-58-59-0,229.3516325548399,seed701_explore_lns_start3_late_regret_rm20_tw6
0-69-61-70-2-53-12-54-68-0,229.76564126983817,seed601_lns_start4_late_best_rm8_tw10
0-52-13-9-53-12-10-11-15-17-47-14-0,229.90301849038852,seed702_explore_lns_start64_mixed_random_best_rm20_tw6
0-69-65-64-24-20-49-18-21-23-25-58-0,230.3855243344743,seed702_explore_lns_start34_mixed_regret_rm15_tw8
0-69-61-53-60-7-46-70-54-68-0,230.71959164939656,seed702_explore_lns_start12_late_random_best_rm25_tw12
0-64-51-63-50-62-56-57-59-0,231.36989423881172,seed604_lns_start4_late_random_best_rm8_tw8
0-69-2-53-55-61-54-56-68-0,231.57337562173808,seed606_lns_start7_random_best_rm6_tw10
0-65-52-57-19-48-21-23-58-59-13-0,231.64054730004796,seed701_explore_lns_start14_random_random_best_rm10_tw6
0-69-61-2-8-7-60-17-47-14-55-0,231.76488314042209,seed608_lns_start38_random_regret_rm6_tw15
0-69-65-57-22-51-63-50-66-68-0,231.90883476762173,seed702_explore_lns_start27_late_random_best_rm25_tw6
0-42-44-61-3-5-46-6-4-1-68-0,232.17832556101155,seed702_explore_lns_start38_mixed_random_best_rm25_tw15
0-12-14-47-16-15-13-11-10-9-52-66-0,232.2297386604701,seed702_explore_lns_start0_late_best_rm10_tw12
0-67-69-53-12-11-10-9-13-47-0,232.31675206341413,seed701_explore_lns_start64_late_random_best_rm25_tw15
0-65-52-57-22-20-49-19-48-59-13-0,232.68262124105115,seed605_lns_start55_mixed_random_best_rm8_tw8
0-65-52-57-24-20-19-48-21-23-58-59-0,234.64901002480394,seed702_explore_lns_start42_late_best_rm20_tw8
0-69-61-41-39-42-44-1-3-5-70-68-0,234.978270382603,seed702_explore_lns_start52_mixed_random_best_rm15_tw8
0-61-2-8-6-7-60-17-47-55-0,235.39131740250593,seed701_explore_lns_start38_mixed_random_best_rm20_tw8
0-44-35-61-70-3-5-45-1-68-0,235.69952303944564,seed701_explore_lns_start52_late_best_rm25_tw15
0-52-60-6-7-8-46-5-3-1-45-4-0,235.83717536331358,seed701_explore_lns_start3_late_best_rm20_tw6
0-69-65-52-57-64-49-19-48-56-66-0,235.90440273619163,seed701_explore_lns_start38_mixed_random_best_rm20_tw8
0-52-11-14-47-17-16-15-13-9-10-66-0,236.05699311305528,seed604_lns_start2_late_random_best_rm8_tw10_guarded
0-2-7-8-46-6-60-53-47-17-13-0,236.12405975680159,seed701_explore_lns_start21_mixed_random_best_rm20_tw10
0-64-62-63-51-18-48-23-25-58-0,236.30352301430514,seed603_lns_start43_late_random_best_rm8_tw15
0-70-61-42-44-43-1-3-5-45-4-55-0,236.4774105932947,seed701_explore_lns_start21_mixed_random_best_rm20_tw10
0-52-12-14-47-17-16-15-13-9-10-55-68-0,236.52265863284265,seed601_lns_start2_late_regret_rm8_tw15
0-12-47-17-16-15-11-13-9-52-66-56-0,237.21223775655716,seed604_lns_start3_late_random_best_rm8_tw15_guarded
0-52-58-59-9-10-11-16-15-13-55-0,237.47942791539856,seed701_explore_lns_start26_late_best_rm25_tw10
0-52-12-14-47-17-16-15-13-9-10-66-0,237.5849257445788,seed603_lns_start4_late_random_best_rm8_tw15
0-64-62-63-51-20-57-58-59-0,237.64081732907863,seed606_lns_start2_mixed_random_best_rm5_tw8
0-52-59-58-57-64-51-63-56-0,238.39288755134092,seed701_explore_lns_start4_late_best_rm20_tw12
0-69-51-64-66-57-52-58-59-0,238.6303281696836,seed701_explore_lns_start9_late_random_best_rm10_tw12
0-65-57-24-22-20-49-48-21-23-25-58-0,239.11407006930185,seed701_explore_lns_start35_late_best_rm15_tw15
0-64-65-6-7-8-5-3-4-46-45-1-0,239.56286367900674,seed602_lns_start12_late_best_rm8_tw15
0-69-11-16-9-10-53-57-59-0,239.9607072269936,seed702_explore_lns_start34_late_best_rm20_tw15
0-11-15-16-53-10-9-13-59-58-0,240.3144753691338,seed702_explore_lns_start39_late_best_rm20_tw6
0-5-6-1-44-40-35-43-54-0,241.08176423137985,seed702_explore_lns_start14_mixed_random_best_rm10_tw6
0-64-51-63-18-48-21-23-25-58-59-0,241.4039773400179,seed701_explore_guarded
0-2-7-8-46-6-60-12-14-47-17-55-0,241.78516753703505,seed702_explore_lns_start36_late_random_best_rm20_tw8
0-69-61-70-2-53-11-17-60-68-0,242.32157245771413,seed701_explore_lns_start4_late_regret_rm15_tw8
0-64-51-63-18-20-57-58-59-0,243.31747314556694,seed702_explore_lns_start5_mixed_best_rm25_tw15
0-2-1-5-8-7-60-53-10-47-14-0,243.69456847792617,seed701_explore_lns_start35_late_regret_rm25_tw8
0-67-62-30-28-26-27-29-31-34-32-33-0,244.38720937765868,seed606_lns_start11_mixed_random_best_rm8_tw10
0-64-51-18-48-21-23-25-49-56-66-68-0,244.41512855092006,seed701_explore_lns_start18_late_best_rm25_tw8
0-69-2-6-8-7-53-12-14-47-17-60-0,244.5746136291174,seed701_explore_lns_start25_late_best_rm25_tw12
0-69-61-70-2-60-53-10-14-55-68-0,244.59741524764846,seed702_explore_lns_start4_late_regret_rm15_tw10
0-65-52-57-24-19-49-18-21-23-25-63-0,244.65830755116005,seed701_explore_lns_start31_random_best_rm25_tw12
0-25-21-23-18-19-49-20-24-57-58-0,244.75073635439247,seed701_explore_lns_start35_late_regret_rm25_tw8
0-62-33-32-30-28-26-27-29-31-34-63-0,244.75910111219898,seed605_lns_start35_mixed_random_best_rm8_tw12
0-69-61-70-2-60-53-66-54-68-0,245.00942358333225,seed603_lns_start6_late_random_best_rm6_tw10
0-62-33-32-30-28-26-27-29-31-34-68-0,245.05490766721084,seed702_explore_lns_start34_random_regret_rm25_tw10
0-62-33-32-30-28-26-27-29-31-34-56-0,245.73560910998566,seed602_lns_start12_mixed_random_best_rm6_tw12
0-64-19-21-24-22-49-20-51-63-50-0,245.90675111336478,seed701_explore_lns_start12_late_best_rm25_tw6
0-65-52-25-23-21-48-18-19-49-20-24-56-0,246.52944603546842,seed701_explore_lns_start4_random_random_best_rm25_tw8
0-69-65-57-24-22-20-51-63-50-66-0,247.26292730526694,seed702_explore_lns_start26_late_best_rm25_tw8
0-64-51-63-62-56-57-58-59-0,248.46363230966494,seed601_lns_start4_late_regret_rm8_tw6_guarded
0-52-25-23-21-48-18-19-49-20-24-59-0,248.56973897427474,seed606_lns_start3_mixed_regret_rm5_tw6
0-69-52-57-64-66-23-58-59-0,249.20580748864853,seed606_lns_start13_mixed_random_best_rm5_tw10
0-65-69-6-7-8-46-3-1-45-4-54-0,249.58929158164412,seed701_explore_lns_start11_late_random_best_rm25_tw12
0-69-61-53-12-10-9-13-15-17-14-60-0,249.68402898314764,seed702_explore_guarded
0-65-6-7-8-46-4-45-5-3-1-43-0,249.7123151586243,seed601_lns_start4_late_regret_rm8_tw6
0-12-14-16-15-11-10-9-59-20-24-0,250.56393683742766,seed701_explore_lns_start21_mixed_random_best_rm20_tw10
0-65-64-57-22-20-18-51-63-56-66-0,250.59343596571676,seed701_explore_lns_start23_late_best_rm20_tw15
0-64-24-48-18-19-49-20-21-23-25-58-0,251.12181018235964,seed702_explore_lns_start27_late_random_best_rm25_tw6
0-42-61-70-1-3-2-55-68-54-0,251.4772318047129,seed701_explore_guarded
0-2-5-8-7-60-12-15-17-47-14-55-0,253.98862390918083,seed701_explore_lns_start24_late_random_best_rm25_tw10
0-12-14-47-17-16-15-13-9-10-60-66-0,254.87342074870037,seed607_lns_start4_late_random_best_rm8_tw8
0-69-2-45-8-7-60-53-14-47-17-55-0,254.95235114874853,seed702_explore_lns_start38_mixed_random_best_rm25_tw15
0-64-51-63-62-56-52-57-59-0,255.82350286519568,seed702_explore_lns_start4_late_regret_rm15_tw15
0-65-21-48-19-49-22-24-57-59-58-0,256.1592589685279,seed702_explore_lns_start44_late_random_best_rm20_tw8
0-69-65-52-57-19-20-64-66-56-54-0,257.11382201852416,seed702_explore_lns_start37_mixed_best_rm25_tw10
0-69-61-70-2-53-52-66-68-55-0,257.3004639829086,seed603_lns_start0_late_random_best_rm8_tw15
0-69-67-64-51-19-23-56-66-0,257.59289488194156,seed702_explore_lns_start34_mixed_best_rm15_tw10
0-65-52-57-19-49-21-23-58-59-13-0,258.34508025122045,seed701_explore_lns_start14_mixed_best_rm20_tw15
0-69-2-7-8-6-60-53-14-47-17-55-0,258.4162682334947,seed702_explore_lns_start37_late_random_best_rm25_tw10
0-67-32-30-28-26-27-29-31-34-50-56-0,258.57514370656094,seed701_explore_lns_start2_mixed_best_rm10_tw15
0-64-51-22-24-49-18-48-21-23-25-63-0,259.368207294636,seed701_explore_lns_start10_mixed_random_best_rm25_tw12
0-12-52-57-24-22-19-25-58-59-0,259.4699905590496,seed701_explore_lns_start17_mixed_random_best_rm25_tw12
0-52-57-9-11-10-16-13-59-58-0,259.9014575485195,seed701_explore_lns_start24_late_random_best_rm25_tw10
0-61-53-60-4-1-70-68-54-0,261.1361586256179,seed702_explore_lns_start4_late_best_rm25_tw6
0-64-24-19-23-21-48-18-51-63-56-66-0,262.81054242339604,seed702_explore_guarded
0-65-52-9-13-15-16-47-14-12-10-58-0,263.2126114690235,seed701_explore_lns_start4_late_regret_rm15_tw8
0-65-52-6-7-8-5-3-1-46-4-60-0,263.9939320918562,seed603_lns_start6_mixed_regret_rm8_tw8
0-69-2-7-8-60-53-12-14-47-17-55-0,264.20408465944274,seed702_explore_guarded
0-42-38-39-41-61-2-3-1-45-68-0,264.236218204317,seed608_lns_start64_mixed_random_best_rm8_tw15
0-64-51-63-18-48-21-23-25-20-24-56-0,265.1467931028385,seed702_explore_guarded
0-42-44-61-1-3-45-6-46-4-70-68-0,265.52584405175696,seed701_explore_lns_start24_late_random_best_rm25_tw10
0-69-61-70-2-53-11-68-54-0,265.97050855904774,seed603_lns_start0_late_regret_rm8_tw12
0-64-65-69-53-57-19-56-66-0,266.70692585266534,seed702_explore_lns_start39_late_best_rm15_tw10
0-11-15-16-13-9-19-58-59-0,267.12419242556416,seed608_lns_start38_random_regret_rm6_tw15
0-64-51-18-48-21-23-25-58-24-66-0,267.49794744438964,seed601_lns_start64_mixed_random_best_rm6_tw10
0-65-52-24-22-20-49-18-48-21-23-25-58-0,267.611280534374,seed701_explore_lns_start34_late_random_best_rm20_tw10
0-64-63-51-66-57-52-59-58-0,268.06826251019163,seed701_explore_lns_start4_late_best_rm20_tw8
0-64-61-70-2-53-55-68-54-0,269.2088715202698,seed602_lns_start12_late_best_rm8_tw15
0-65-52-57-59-58-25-23-21-24-56-0,269.42237581416475,seed702_explore_lns_start14_late_random_best_rm25_tw15
0-64-63-51-18-25-24-22-20-56-66-0,269.58849605777687,seed701_explore_lns_start14_late_best_rm15_tw12
0-64-51-63-50-62-66-57-59-0,270.3871839617351,seed604_lns_start5_late_regret_rm8_tw15
0-69-61-70-8-60-53-66-56-68-0,272.2127761541507,seed701_explore_lns_start5_mixed_random_best_rm25_tw15
0-67-63-51-64-57-52-58-59-0,272.57468279769284,seed601_lns_start7_mixed_regret_rm4_tw10
0-67-63-51-22-57-52-58-59-0,272.57468279769284,seed603_lns_start5_late_regret_rm8_tw6_guarded
0-64-51-63-18-48-21-23-25-57-66-0,274.24036381473263,seed602_lns_start64_mixed_best_rm8_tw8_guarded
0-12-14-47-17-53-60-7-6-2-70-68-0,274.8975958546066,seed701_explore_lns_start34_random_best_rm25_tw6
0-69-2-7-53-61-54-68-70-55-0,275.92187121926463,seed701_explore_lns_start3_mixed_random_best_rm25_tw10
0-5-6-7-8-46-4-45-3-1-55-54-0,276.29759266206344,seed701_explore_lns_start4_late_regret_rm15_tw8
0-69-2-6-8-7-60-53-15-17-47-14-0,276.72869330187257,seed702_explore_lns_start27_late_random_best_rm25_tw12
0-64-52-57-59-58-25-23-48-56-0,277.0521467103655,seed701_explore_lns_start6_random_random_best_rm25_tw6
0-62-63-22-49-19-18-23-21-48-20-24-0,277.2279856569056,seed701_explore_lns_start6_late_random_best_rm25_tw8
0-69-57-22-20-49-51-63-50-66-0,277.4944184381362,seed701_explore_lns_start24_late_best_rm20_tw12
0-42-44-61-2-7-60-14-47-17-0,278.14379656581525,seed701_explore_lns_start24_mixed_best_rm20_tw8
0-64-63-51-22-24-57-52-59-58-0,278.27044189258584,seed701_explore_lns_start5_mixed_random_best_rm25_tw15
0-64-51-24-18-48-21-23-25-58-13-0,278.2996369819842,seed701_explore_lns_start58_late_best_rm25_tw15
0-64-51-48-20-22-9-59-58-0,278.5245705960285,seed701_explore_lns_start31_random_best_rm25_tw12
0-67-32-30-28-26-27-29-31-34-33-63-0,278.9073326053924,seed604_lns_start0_mixed_best_rm8_tw6
0-65-52-57-24-22-20-49-18-48-21-25-58-0,278.9948046138972,seed702_explore_lns_start34_mixed_best_rm15_tw10
0-15-16-7-6-8-5-3-46-60-55-0,279.5098423717339,seed701_explore_lns_start26_late_best_rm25_tw10
0-69-2-70-61-54-50-62-68-55-0,279.5600310982152,seed702_explore_lns_start0_random_random_best_rm10_tw12
0-69-61-70-2-53-11-55-54-0,279.94399932392196,seed601_lns_start3_late_regret_rm8_tw8
0-42-44-61-1-3-5-6-46-45-4-55-0,280.1398138564007,seed605_lns_start35_mixed_random_best_rm8_tw12
0-69-52-59-58-19-51-63-66-0,281.13537417071024,seed702_explore_lns_start9_mixed_random_best_rm20_tw6
0-52-11-15-16-12-53-10-9-13-17-0,281.46326378233175,seed702_explore_lns_start26_late_best_rm25_tw8
0-33-30-32-28-26-27-29-31-34-50-56-0,282.04609017446404,seed702_explore_lns_start0_random_random_best_rm20_tw15
0-2-70-61-55-53-56-54-68-0,282.48726064300996,seed702_explore_lns_start10_random_best_rm15_tw15
0-42-44-61-1-3-5-8-46-45-4-55-0,283.20583792808094,seed701_explore_lns_start34_random_best_rm25_tw6
0-67-41-61-7-6-1-70-68-0,284.23446193066997,seed701_explore_lns_start16_late_random_best_rm25_tw10
0-69-64-19-57-52-59-58-66-0,284.48218718898545,seed601_lns_start10_mixed_regret_rm6_tw6
0-69-2-70-61-54-67-50-68-55-0,284.8490469461297,seed601_lns_start6_random_best_rm8_tw10
0-12-14-47-17-16-15-13-9-10-53-66-0,285.62329230333785,seed602_lns_start5_random_regret_rm8_tw12
0-64-62-63-51-19-57-58-59-0,286.4018604057534,seed604_lns_start2_late_random_best_rm8_tw15_guarded
0-67-63-20-22-49-19-48-21-23-25-24-0,286.5742484518589,seed701_explore_lns_start7_mixed_best_rm20_tw15
0-65-52-11-12-7-8-3-45-46-4-60-0,288.1708246738965,seed701_explore_lns_start3_late_regret_rm20_tw6
0-69-61-2-8-7-12-47-17-60-55-0,288.4770460949818,seed701_explore_lns_start37_late_regret_rm10_tw8
0-12-14-47-17-16-15-11-13-9-52-56-0,288.8913651552434,seed701_explore_lns_start4_mixed_random_best_rm15_tw6
0-42-44-61-6-1-3-5-45-4-70-68-0,289.30262696869926,seed701_explore_lns_start36_late_random_best_rm15_tw6
0-69-61-70-2-55-53-66-54-68-0,289.32447851013904,seed601_lns_start0_late_best_rm6_tw15
0-52-57-25-51-63-50-56-66-0,289.8364391326779,seed701_explore_lns_start11_late_random_best_rm25_tw12
0-67-39-37-35-36-40-43-54-56-0,291.62563071888246,seed605_lns_start55_mixed_random_best_rm8_tw8
0-42-44-2-8-7-60-47-17-13-0,292.79268359171283,seed702_explore_lns_start20_random_regret_rm15_tw8
0-64-63-51-24-22-20-49-19-21-48-66-0,293.3837035586595,seed701_explore_lns_start2_late_best_rm25_tw8
0-33-32-30-28-26-27-29-31-34-50-63-0,294.1449675371647,seed601_lns_start64_mixed_random_best_rm6_tw10_guarded
0-52-59-9-11-15-16-14-53-60-68-0,295.10228407559595,seed701_explore_lns_start34_late_best_rm20_tw8
0-2-5-8-7-60-12-14-47-17-59-0,297.30244570547677,seed702_explore_lns_start34_mixed_best_rm15_tw10
0-12-57-22-20-51-63-50-66-0,298.1599397931611,seed702_explore_lns_start26_mixed_random_best_rm25_tw6
0-42-38-41-61-7-2-45-1-70-68-0,299.19138301495013,seed702_explore_lns_start64_mixed_random_best_rm20_tw6
0-69-61-70-2-53-12-55-68-54-0,299.8649187784906,seed601_lns_start3_late_best_rm8_tw8
0-31-30-28-26-27-29-34-32-33-66-0,300.70397803709153,seed701_explore_lns_start4_random_random_best_rm25_tw8
0-16-9-60-6-7-8-46-5-4-55-0,300.7628428519108,seed701_explore_lns_start64_mixed_random_best_rm20_tw6
0-11-15-16-14-12-53-10-9-59-24-0,301.33276208104473,seed702_explore_lns_start20_random_regret_rm15_tw8
0-69-65-52-57-64-51-63-50-56-66-0,302.2234776114286,seed701_explore_lns_start13_late_random_best_rm20_tw12
0-12-14-47-17-16-15-13-10-9-52-56-0,302.8152467094946,seed602_lns_start3_late_random_best_rm8_tw8
0-52-59-58-22-57-66-56-63-0,302.94953399805274,seed702_explore_guarded
0-38-39-42-61-70-1-3-45-60-68-0,303.0268351453512,seed701_explore_lns_start64_mixed_best_rm25_tw12
0-52-53-55-61-70-2-68-54-0,303.0974361718896,seed606_lns_start11_mixed_random_best_rm8_tw15
0-11-15-16-14-53-10-9-13-59-58-0,303.96690973310007,seed702_explore_lns_start37_mixed_best_rm25_tw10
0-62-33-32-30-28-26-27-29-31-34-66-0,304.0642751807044,seed606_lns_start8_mixed_best_rm8_tw10
0-69-64-22-51-50-67-56-66-68-0,304.12722383404423,seed701_explore_lns_start35_late_regret_rm25_tw8
0-65-52-57-22-19-49-20-56-66-14-0,304.9086560034981,seed702_explore_lns_start51_late_random_best_rm20_tw10
0-64-51-25-23-21-48-49-22-20-24-58-0,304.92686048350765,seed701_explore_lns_start36_late_random_best_rm15_tw6
0-2-53-55-68-61-54-50-0,305.1823369037206,seed701_explore_lns_start10_random_best_rm20_tw6
0-69-12-65-57-22-51-63-66-0,305.22150100939245,seed701_explore_lns_start26_late_best_rm25_tw10
0-62-51-64-57-52-59-58-25-0,305.49204955693074,seed702_explore_lns_start5_mixed_regret_rm15_tw15
0-11-53-55-61-70-2-68-54-0,306.628516624095,seed701_explore_lns_start9_late_random_best_rm10_tw12
0-65-52-9-59-57-22-19-20-24-66-0,307.06062881195896,seed701_explore_lns_start17_late_random_best_rm25_tw6
0-64-51-18-57-52-59-58-66-0,307.2328297793331,seed702_explore_lns_start5_late_best_rm20_tw8
0-67-33-32-30-28-26-27-29-31-34-50-0,307.88721610700384,seed601_lns_start0_late_best_rm6_tw15
0-39-42-44-1-3-5-46-6-4-45-70-55-0,307.9352787668003,seed702_explore_lns_start34_random_regret_rm25_tw10
0-64-51-63-18-57-52-59-58-0,309.16925624382424,seed702_explore_lns_start7_mixed_best_rm20_tw6
0-12-14-47-17-16-15-13-9-11-53-66-0,309.849163261157,seed605_lns_start4_random_random_best_rm5_tw8
0-64-57-19-51-67-50-56-66-0,310.42012372206534,seed701_explore_lns_start35_random_random_best_rm10_tw12
0-2-7-8-60-53-12-14-66-68-0,310.71867598331414,seed701_explore_lns_start27_late_random_best_rm20_tw10
0-61-53-11-15-16-9-10-13-59-0,310.8377712369902,seed701_explore_lns_start35_random_random_best_rm10_tw12
0-45-5-8-46-3-1-40-35-54-0,310.87521661921016,seed702_explore_lns_start50_late_best_rm25_tw6
0-69-52-57-59-58-19-63-66-0,311.70360955122464,seed604_lns_start11_mixed_regret_rm8_tw8
0-52-59-58-57-19-51-63-56-0,311.9347748609126,seed702_explore_lns_start12_late_random_best_rm25_tw12
0-69-61-70-2-53-55-68-54-56-0,311.9361737406339,seed602_lns_start5_late_random_best_rm5_tw10
0-65-52-57-56-22-49-19-58-59-0,313.80139914055457,seed702_explore_lns_start51_mixed_best_rm25_tw12
0-64-63-51-57-52-59-58-25-0,314.83890942144666,seed702_explore_lns_start2_mixed_random_best_rm15_tw12
0-64-51-23-57-52-59-58-66-0,315.6191157772247,seed701_explore_lns_start8_random_best_rm20_tw12
0-67-44-43-40-36-35-37-54-56-0,316.1931631929864,seed701_explore_lns_start52_mixed_random_best_rm15_tw12
0-64-25-23-21-48-18-49-20-24-57-66-56-0,317.1157353578999,seed702_explore_lns_start23_mixed_regret_rm20_tw6
0-62-63-18-48-19-49-20-21-23-25-24-0,317.1335994117886,seed608_lns_start4_random_random_best_rm8_tw12
0-69-61-70-2-53-11-66-54-0,317.25238647210307,seed605_lns_start6_late_regret_rm8_tw12
0-42-44-61-6-46-45-3-1-4-70-55-0,317.2677868476692,seed702_explore_lns_start34_mixed_best_rm15_tw10
0-65-52-57-18-48-23-25-58-59-66-0,317.38217627817494,seed701_explore_lns_start12_late_best_rm25_tw6
0-52-12-14-47-17-16-15-10-9-13-58-0,318.3810591776111,seed604_lns_start5_late_regret_rm8_tw15
0-63-51-24-20-49-19-48-21-23-25-58-0,318.5054183975351,seed702_explore_lns_start37_mixed_random_best_rm25_tw8
0-69-61-70-2-53-10-55-68-54-0,319.46038949711976,seed601_lns_start0_mixed_regret_rm6_tw10
0-67-32-30-28-26-27-29-31-34-33-56-0,320.37898983137916,seed601_lns_start4_late_regret_rm8_tw6
0-69-52-53-55-61-70-2-68-54-0,320.8047893977346,seed602_lns_start3_mixed_random_best_rm5_tw10
0-65-52-9-58-25-22-24-57-66-0,320.99416129945587,seed702_explore_lns_start50_late_best_rm25_tw6
0-42-44-61-70-1-3-5-45-46-4-55-68-0,321.1895177312091,seed701_explore_lns_start25_late_best_rm25_tw12
0-12-14-47-17-16-15-13-9-10-56-54-0,321.20701017725685,seed702_explore_lns_start3_late_random_best_rm10_tw6
0-52-59-9-11-10-53-12-14-47-17-13-0,321.4547427771547,seed701_explore_lns_start26_late_best_rm25_tw10
0-70-40-1-3-5-45-46-4-54-0,322.42415926056253,seed701_explore_lns_start31_random_best_rm25_tw12
0-12-14-47-17-16-15-13-10-9-58-66-0,322.9194194988296,seed602_lns_start3_late_regret_rm8_tw10
0-63-51-22-24-49-18-48-21-23-25-58-0,323.33430796242504,seed702_explore_lns_start37_late_random_best_rm25_tw10
0-69-2-45-46-8-5-3-4-53-60-55-0,324.6769129263181,seed701_explore_lns_start16_late_random_best_rm25_tw10
0-69-15-16-14-60-7-8-6-46-5-55-0,324.9950898539664,seed702_explore_lns_start64_mixed_random_best_rm25_tw12
0-69-65-58-19-49-20-64-56-68-0,325.8541860467665,seed702_explore_lns_start34_late_best_rm20_tw6
0-5-1-8-6-43-40-35-54-0,326.59521323642616,seed702_explore_lns_start14_late_random_best_rm25_tw15
0-64-51-63-50-62-57-58-59-0,326.6135269457011,seed601_lns_start4_late_regret_rm8_tw6
0-38-39-42-61-2-3-5-45-1-70-68-0,326.7566197376012,seed702_explore_lns_start64_late_best_rm20_tw12
0-65-6-7-8-5-1-3-45-4-46-47-0,327.08365870259865,seed702_explore_lns_start1_late_random_best_rm10_tw15
0-64-51-63-67-56-57-58-59-0,327.6844196177999,seed607_lns_start4_late_regret_rm8_tw8_guarded
0-64-51-18-21-23-48-25-58-59-66-0,329.0620447507947,seed701_explore_lns_start64_random_best_rm25_tw8
0-69-53-60-7-3-1-39-35-0,330.4692827379711,seed702_explore_lns_start42_late_best_rm20_tw8
0-69-2-70-61-68-53-66-56-54-0,332.98084259242614,seed701_explore_lns_start6_mixed_best_rm25_tw15
0-52-19-18-22-20-49-21-23-25-48-63-0,333.05556808045895,seed701_explore_lns_start5_late_best_rm20_tw15
0-65-52-6-7-8-46-5-3-1-45-4-55-0,333.197047522542,seed702_explore_lns_start6_late_best_rm15_tw12
0-65-52-57-23-21-48-18-19-51-63-56-0,334.16528928247055,seed701_explore_lns_start31_random_random_best_rm25_tw12
0-69-61-70-2-53-12-60-68-54-0,334.3461588994977,seed606_lns_start1_late_regret_rm8_tw6
0-33-32-30-28-26-27-29-31-34-56-66-0,334.7983176683591,seed601_lns_start6_random_best_rm8_tw10
0-69-52-57-59-58-19-51-63-0,334.8369556761395,seed701_explore_lns_start13_mixed_best_rm15_tw10
0-69-70-2-53-55-68-54-50-0,335.53358374567273,seed701_explore_lns_start4_random_random_best_rm25_tw8
0-69-15-16-53-7-8-6-46-45-4-55-0,335.72531900260594,seed701_explore_lns_start64_late_random_best_rm20_tw10
0-12-15-16-13-9-11-10-53-52-66-0,337.4308754523406,seed701_explore_lns_start25_late_random_best_rm20_tw10
0-44-61-1-3-5-8-6-46-45-4-70-0,337.90244991201695,seed702_explore_lns_start27_late_random_best_rm25_tw6
0-65-67-41-54-1-5-70-55-0,338.1249575150981,seed701_explore_lns_start18_mixed_best_rm25_tw6
0-64-51-18-48-49-21-23-25-58-56-0,339.3437972613809,seed701_explore_lns_start17_late_random_best_rm25_tw6
0-69-61-70-2-53-11-55-68-54-0,339.94399932392196,seed602_lns_start3_late_random_best_rm8_tw8
0-64-51-22-58-59-52-57-66-68-0,340.7492753322761,seed608_lns_start4_random_random_best_rm8_tw12
0-67-33-32-30-28-26-27-29-31-34-54-0,340.93251704691204,seed601_lns_start0_late_best_rm4_tw10
0-61-2-7-60-12-15-17-47-14-13-0,341.65727305750124,seed702_explore_lns_start34_late_best_rm20_tw15
0-65-6-7-8-5-3-1-45-4-46-17-0,341.760237475935,seed701_explore_lns_start0_late_best_rm10_tw15
0-65-12-22-20-51-50-56-66-0,341.91137026734555,seed702_explore_lns_start27_late_random_best_rm25_tw12
0-42-44-2-6-7-60-14-47-17-13-0,342.28065588868833,seed702_explore_lns_start22_late_best_rm25_tw12
0-52-59-58-57-64-51-63-50-0,343.0845187197185,seed601_lns_start12_random_best_rm8_tw12
0-69-52-59-58-22-57-66-63-0,344.95784584069565,seed602_lns_start13_mixed_random_best_rm5_tw12
0-2-70-61-68-55-53-59-58-0,345.6045462839741,seed701_explore_lns_start13_late_random_best_rm20_tw12
0-69-2-70-61-54-50-56-68-55-0,345.6202461974027,seed605_lns_start3_random_random_best_rm3_tw8
0-65-16-52-57-22-19-49-20-56-0,346.1984821292317,seed702_explore_lns_start57_mixed_random_best_rm20_tw12
0-42-44-6-8-46-5-3-1-45-4-70-55-0,347.20310205025413,seed702_explore_lns_start34_late_best_rm20_tw15
0-12-47-17-53-7-8-2-60-70-68-0,347.6858250025908,seed701_explore_lns_start34_mixed_random_best_rm15_tw6
0-52-16-13-11-53-10-9-59-58-0,349.108508205834,seed702_explore_lns_start34_late_best_rm25_tw15
0-19-11-15-16-13-10-59-58-0,349.3904127735395,seed702_explore_lns_start38_mixed_random_best_rm25_tw15
0-65-52-9-15-16-17-47-14-12-10-13-58-0,349.81921685188945,seed701_explore_lns_start1_late_regret_rm15_tw6
0-70-61-53-8-46-2-55-68-54-0,349.86882092364476,seed702_explore_lns_start13_random_best_rm20_tw8
0-65-6-8-46-45-5-3-1-4-60-66-0,350.0854485644637,seed701_explore_lns_start3_mixed_random_best_rm25_tw10
0-64-63-51-57-52-11-59-58-0,350.58147424947913,seed702_explore_lns_start0_random_random_best_rm10_tw12
0-39-38-44-42-41-61-3-5-1-70-68-0,351.2515313840775,seed702_explore_lns_start55_late_best_rm20_tw15
0-69-65-22-18-49-20-51-63-50-56-0,351.6695918281607,seed701_explore_lns_start27_late_random_best_rm20_tw10
0-12-14-47-17-16-15-13-9-10-53-56-0,352.51253501453175,seed702_explore_lns_start0_random_random_best_rm10_tw12
0-65-52-60-6-7-8-46-3-1-5-45-4-0,354.3187756860128,seed701_explore_lns_start5_random_random_best_rm20_tw12
0-52-59-58-25-23-18-57-56-68-0,354.6093285452408,seed701_explore_lns_start2_late_best_rm25_tw8
0-52-12-14-47-17-16-15-13-9-10-54-0,357.270539340793,seed602_lns_start4_late_regret_rm8_tw15
0-69-2-7-8-46-45-3-4-6-53-60-0,358.519484574557,seed702_explore_lns_start18_late_random_best_rm25_tw15
0-61-53-12-60-6-2-70-68-54-0,359.166646713767,seed702_explore_lns_start0_random_random_best_rm20_tw15
0-52-41-38-43-40-36-35-37-39-54-0,359.5805914838345,seed702_explore_lns_start22_late_best_rm25_tw12
0-64-19-51-50-67-56-58-0,359.6140903536841,seed702_explore_lns_start35_late_best_rm25_tw8
0-65-52-57-24-22-20-19-58-15-0,360.2000061957376,seed701_explore_lns_start16_late_random_best_rm25_tw10
0-59-58-25-49-20-22-24-64-66-0,360.82366882317405,seed701_explore_lns_start31_random_random_best_rm25_tw12
0-69-52-57-18-48-21-25-58-59-60-0,361.22654535349216,seed702_explore_lns_start13_mixed_random_best_rm20_tw15
0-65-64-19-21-57-52-53-66-56-0,362.17445191471455,seed702_explore_lns_start37_late_random_best_rm20_tw6
0-42-38-39-41-61-2-3-5-45-1-70-0,363.2632437308526,seed701_explore_lns_start64_mixed_best_rm15_tw10
0-42-38-39-41-61-2-45-3-1-70-68-0,363.9187330952091,seed601_lns_start64_mixed_random_best_rm3_tw10
0-67-39-44-43-40-36-35-37-54-56-0,364.35894128652694,seed701_explore_lns_start60_mixed_regret_rm15_tw15
0-2-5-8-46-3-1-40-36-37-54-0,365.27381888931365,seed702_explore_lns_start54_late_regret_rm20_tw10
0-69-52-59-58-57-64-51-63-0,365.75808973815975,seed601_lns_start13_mixed_best_rm8_tw15
0-69-64-51-56-66-52-57-59-58-0,366.49576362722337,seed601_lns_start10_late_random_best_rm4_tw15
0-15-16-47-60-6-1-36-68-0,367.90308239342755,seed702_explore_lns_start44_late_random_best_rm20_tw8
0-64-48-21-18-49-20-22-23-25-24-54-0,368.74951480233216,seed701_explore_lns_start13_mixed_best_rm15_tw10
0-12-14-47-17-53-7-8-6-2-60-0,370.0502780395815,seed702_explore_lns_start34_late_best_rm20_tw6
0-65-52-59-9-13-16-15-11-10-53-55-0,372.2283185164858,seed701_explore_lns_start24_late_best_rm20_tw12
0-12-14-47-17-16-15-13-9-10-56-63-0,372.2572432528975,seed606_lns_start13_late_regret_rm8_tw8
0-14-47-17-16-15-13-9-10-66-56-63-0,372.3982813425313,seed701_explore_lns_start3_late_regret_rm20_tw6
0-64-25-48-20-49-22-24-58-59-66-0,372.76360116754097,seed702_explore_lns_start32_random_random_best_rm25_tw15
0-69-61-70-2-53-9-55-68-54-0,372.7791843501591,seed608_lns_start5_mixed_best_rm8_tw8
0-69-2-70-61-53-9-68-54-0,372.835552772994,seed701_explore_lns_start0_late_random_best_rm15_tw8
0-45-7-6-8-46-4-5-3-1-54-56-0,373.0365898406005,seed701_explore_lns_start1_late_regret_rm15_tw6
0-65-64-19-57-52-53-69-66-56-0,373.85178429240204,seed701_explore_lns_start37_random_random_best_rm20_tw12
0-52-9-13-16-15-11-10-17-47-14-54-0,374.009726385582,seed608_lns_start0_late_random_best_rm8_tw15
0-12-14-47-17-16-15-13-10-9-52-66-56-0,374.53167942398187,seed604_lns_start3_late_random_best_rm8_tw15
0-65-52-57-19-49-48-21-23-58-59-13-0,376.68957790252813,seed701_explore_lns_start14_late_best_rm15_tw12
0-64-51-63-56-66-52-57-59-58-0,378.77665800700356,seed601_lns_start0_late_best_rm6_tw15_guarded
0-64-62-63-51-18-57-59-58-0,379.62230596789306,seed604_lns_start2_late_random_best_rm8_tw15
0-67-32-30-28-26-27-29-31-34-33-66-0,379.8349111674049,seed601_lns_start3_late_regret_rm8_tw8
0-64-62-63-51-18-23-25-20-56-66-0,380.1067184078808,seed702_explore_lns_start44_late_random_best_rm20_tw8
0-64-51-63-50-62-57-52-59-0,382.69767926594574,seed601_lns_start1_late_regret_rm8_tw12
0-69-61-70-2-53-11-60-55-54-0,385.14637756438253,seed606_lns_start5_late_regret_rm8_tw12
0-64-51-63-62-56-66-57-59-58-0,385.67055998384666,seed605_lns_start0_late_best_rm8_tw15_guarded
0-42-41-70-55-2-3-45-1-43-0,387.1957001458546,seed701_explore_lns_start64_random_best_rm25_tw8
0-65-52-57-22-19-49-20-51-56-59-0,387.72962034264214,seed604_lns_start64_mixed_random_best_rm8_tw6
0-64-63-24-49-19-18-48-21-23-25-58-0,388.0668323254421,seed702_explore_lns_start27_late_random_best_rm25_tw12
0-63-51-22-20-24-21-18-23-25-58-0,388.26738675519067,seed701_explore_lns_start38_mixed_random_best_rm20_tw8
0-11-16-15-53-10-9-13-59-57-0,389.73077497748136,seed701_explore_lns_start35_late_random_best_rm15_tw6
0-42-38-39-41-61-2-3-1-5-45-68-0,389.8632130071419,seed701_explore_lns_start64_random_random_best_rm20_tw12
0-62-63-51-64-66-52-57-59-58-0,391.0622586489514,seed601_lns_start0_mixed_regret_rm6_tw10
0-2-70-61-68-55-53-66-56-54-0,391.08947115561296,seed601_lns_start13_mixed_best_rm8_tw15
0-39-42-61-70-2-3-1-55-68-54-0,391.69337801960376,seed701_explore_lns_start64_late_best_rm20_tw15
0-69-61-2-53-66-56-54-68-55-0,391.8042086890655,seed601_lns_start7_mixed_regret_rm4_tw10
0-64-51-63-50-62-22-57-58-0,394.0705209135902,seed606_lns_start3_mixed_regret_rm5_tw6
0-64-51-63-50-62-52-59-58-0,394.61928654944916,seed701_explore_lns_start3_random_random_best_rm15_tw12
0-69-12-53-57-22-20-66-50-0,394.6882394845479,seed701_explore_lns_start24_mixed_best_rm20_tw8
0-63-51-22-20-49-18-48-23-25-24-58-0,396.011709353404,seed702_explore_lns_start37_late_random_best_rm20_tw6
0-14-15-16-17-7-6-8-5-46-60-55-0,398.58887679954927,seed701_explore_lns_start64_late_random_best_rm25_tw15
0-2-7-8-6-60-53-10-17-47-14-68-0,401.55863815331804,seed701_explore_lns_start34_late_random_best_rm20_tw10
0-69-61-70-2-53-17-55-68-54-0,401.57137593286575,seed701_explore_lns_start5_late_best_rm10_tw12
0-67-62-63-51-64-57-52-59-58-0,401.90887047705394,seed604_lns_start6_random_regret_rm8_tw8
0-62-63-51-64-57-52-58-59-13-0,402.1234049863144,seed604_lns_start0_random_random_best_rm8_tw12
0-64-51-62-56-66-52-57-59-58-0,402.3658462494097,seed601_lns_start1_mixed_regret_rm5_tw6
0-65-64-51-63-62-56-57-59-58-0,403.16293236738716,seed701_explore_lns_start3_late_best_rm20_tw6
0-62-63-51-56-64-57-52-59-58-0,404.2668800711185,seed701_explore_lns_start3_mixed_random_best_rm25_tw10
0-42-44-61-1-45-4-2-70-68-56-0,408.1541168036532,seed701_explore_lns_start26_late_best_rm25_tw10
0-69-12-53-66-22-51-63-50-0,408.39265153148074,seed702_explore_lns_start24_mixed_random_best_rm20_tw8
0-11-16-15-53-10-9-52-57-59-0,409.0059605875798,seed702_explore_lns_start34_mixed_regret_rm15_tw8
0-69-11-15-16-13-9-10-53-52-59-0,409.7474044432456,seed701_explore_lns_start34_late_best_rm15_tw10
0-69-2-70-61-54-50-66-68-55-0,412.70484773965063,seed604_lns_start0_random_random_best_rm8_tw12
0-69-70-2-60-53-55-68-54-50-0,414.1074736031109,seed701_explore_lns_start6_random_random_best_rm25_tw12
0-64-51-18-48-21-23-25-58-59-9-0,415.0772861875946,seed701_explore_lns_start52_late_best_rm25_tw15
0-52-64-57-22-49-51-62-50-63-0,415.094078777041,seed702_explore_lns_start2_late_random_best_rm25_tw8
0-52-59-58-57-19-51-63-50-0,416.6264060292902,seed702_explore_lns_start13_random_best_rm20_tw8
0-69-2-60-53-68-61-54-50-0,417.3064233879378,seed701_explore_lns_start8_random_best_rm25_tw12
0-67-41-44-40-43-36-35-37-54-56-0,418.66370315058407,seed601_lns_start64_mixed_random_best_rm8_tw12
0-64-51-63-18-48-21-23-25-56-66-68-0,420.2877847888468,seed702_explore_lns_start18_late_random_best_rm25_tw15
0-63-51-24-22-20-49-18-48-21-25-58-0,420.45526745108043,seed701_explore_lns_start36_late_best_rm15_tw8
0-69-61-2-53-55-68-54-50-0,422.35301100430945,seed701_explore_lns_start0_random_best_rm10_tw6
0-69-61-70-2-53-55-54-50-0,422.4109588913447,seed608_lns_start4_random_random_best_rm8_tw12
0-64-24-21-48-18-23-25-58-59-9-0,422.66684244724183,seed701_explore_lns_start64_mixed_best_rm25_tw12
0-52-59-58-19-57-66-56-50-0,422.7520323077149,seed702_explore_lns_start10_mixed_best_rm25_tw10
0-69-70-2-6-53-55-68-54-50-0,423.53358374567273,seed606_lns_start4_random_random_best_rm8_tw12
0-62-33-32-30-28-26-27-29-31-34-50-63-0,426.0333429510803,seed601_lns_start64_mixed_random_best_rm6_tw10
0-65-16-7-6-8-3-4-46-45-5-1-0,426.8578341669522,seed701_explore_lns_start5_late_regret_rm10_tw6
0-65-2-5-3-1-41-54-63-0,427.83589537202477,seed702_explore_lns_start18_late_best_rm25_tw10
0-69-12-57-22-20-51-63-50-66-0,429.5077117641796,seed701_explore_lns_start27_mixed_random_best_rm25_tw12
0-69-61-70-2-55-53-66-56-50-0,430.64887932017746,seed702_explore_lns_start4_late_best_rm20_tw8
0-69-61-70-2-53-55-68-54-35-0,431.7627513322359,seed702_explore_lns_start2_mixed_random_best_rm15_tw12
0-12-14-47-17-16-15-11-13-9-66-48-0,432.13946440023756,seed702_explore_lns_start5_mixed_regret_rm15_tw15
0-62-63-51-20-22-24-57-52-59-58-0,433.04193450262903,seed702_explore_lns_start4_late_best_rm25_tw10
0-11-53-52-57-22-19-20-24-58-0,433.8575992043843,seed701_explore_lns_start18_late_random_best_rm25_tw6
0-65-52-11-12-17-16-15-13-9-59-48-0,435.8274154593187,seed701_explore_lns_start35_late_regret_rm25_tw8
0-67-51-64-66-65-52-57-59-58-0,437.37425386502196,seed608_lns_start8_mixed_best_rm6_tw10
0-69-2-70-61-68-55-53-59-58-0,438.69083687160565,seed702_explore_lns_start0_late_random_best_rm25_tw8
0-64-62-63-51-18-57-52-59-0,438.73273849665316,seed605_lns_start1_late_regret_rm8_tw10
0-70-2-6-7-60-53-14-47-17-58-0,439.53569183122863,seed701_explore_lns_start27_mixed_random_best_rm25_tw12
0-65-53-6-8-46-45-5-3-1-4-60-0,440.4122758750081,seed702_explore_lns_start6_mixed_best_rm15_tw8
0-65-52-57-22-19-49-20-59-13-56-0,442.51000719218973,seed701_explore_lns_start64_late_random_best_rm15_tw15
0-64-51-63-62-56-66-57-52-59-0,444.78099251260676,seed603_lns_start3_late_regret_rm8_tw10
0-65-64-62-50-63-51-57-59-58-0,445.28496975624654,seed701_explore_lns_start4_late_best_rm15_tw8
0-69-64-19-23-21-18-51-67-56-0,445.4174853015388,seed702_explore_lns_start34_late_best_rm25_tw15
0-42-44-61-70-6-46-3-1-5-45-4-55-0,446.2997144195824,seed701_explore_lns_start23_late_best_rm20_tw15
0-64-67-62-63-51-22-57-59-58-0,446.5683239945695,seed701_explore_lns_start4_random_random_best_rm25_tw8
0-67-63-51-64-57-9-59-58-0,448.1319718113263,seed702_explore_lns_start7_random_random_best_rm10_tw8
0-65-64-63-51-57-52-59-58-66-0,448.368132307673,seed702_explore_lns_start7_mixed_random_best_rm15_tw10
0-64-63-51-22-57-52-59-58-25-0,449.30126934376966,seed702_explore_lns_start2_late_best_rm25_tw8
0-11-15-16-14-53-10-9-13-59-57-0,451.76914579261506,seed605_lns_start35_mixed_random_best_rm8_tw12
0-65-12-53-22-19-51-63-50-0,451.793764995046,seed702_explore_lns_start23_mixed_regret_rm20_tw6
0-69-61-65-66-22-20-51-63-50-0,452.53470689036163,seed701_explore_lns_start24_late_random_best_rm15_tw12
0-62-33-32-30-28-26-27-29-31-34-50-66-0,453.6010258193513,seed606_lns_start7_random_best_rm6_tw10
0-69-12-53-57-22-20-51-63-50-0,456.42550978814677,seed702_explore_lns_start26_random_regret_rm10_tw10
0-52-12-47-17-16-15-13-9-10-14-60-66-0,456.84764857836194,seed608_lns_start4_late_random_best_rm8_tw12
0-64-51-24-18-48-21-23-25-58-59-66-0,457.5950623528297,seed702_explore_lns_start57_mixed_random_best_rm20_tw12
0-69-52-59-58-57-51-63-56-66-0,458.19641499965223,seed602_lns_start12_late_best_rm8_tw15
0-69-64-19-18-51-67-50-56-66-0,460.0124641327111,seed701_explore_lns_start35_late_best_rm15_tw15
0-67-62-32-30-34-31-29-27-26-28-33-63-0,461.2863080183396,seed601_lns_start10_late_random_best_rm4_tw15
0-2-70-61-55-53-68-54-50-0,461.42561035408187,seed601_lns_start10_late_random_best_rm4_tw15
0-64-51-63-50-62-56-57-59-58-0,461.5506918023927,seed601_lns_start3_late_regret_rm8_tw10
0-2-70-61-53-69-68-54-50-0,461.86304204071087,seed702_explore_lns_start9_late_best_rm25_tw10
0-62-63-51-64-57-52-59-58-25-0,464.6224397685936,seed601_lns_start1_mixed_random_best_rm8_tw10
0-52-57-25-23-51-62-50-63-56-0,464.872621720497,seed702_explore_lns_start0_late_random_best_rm25_tw8
0-64-62-63-51-22-57-52-59-58-0,467.6504296376183,seed605_lns_start6_mixed_regret_rm6_tw8
0-64-51-25-58-59-52-57-66-56-0,467.8877973276095,seed701_explore_lns_start6_late_random_best_rm25_tw8
0-61-70-2-60-53-68-54-50-0,468.05442268564343,seed604_lns_start13_late_random_best_rm8_tw8
0-69-61-70-2-60-53-55-68-50-0,468.6129853986066,seed607_lns_start4_late_random_best_rm8_tw10
0-70-2-53-55-68-54-56-50-0,469.23256343911385,seed702_explore_lns_start13_mixed_random_best_rm20_tw15
0-62-63-51-64-57-52-9-59-58-0,475.2563355914033,seed602_lns_start1_random_regret_rm8_tw8
0-62-63-51-64-57-52-58-59-47-0,475.43402362226897,seed608_lns_start5_random_random_best_rm8_tw8
0-64-51-24-18-48-21-23-25-58-10-0,476.2594683650785,seed701_explore_lns_start52_late_random_best_rm20_tw12
0-61-70-2-60-53-55-54-50-0,480.5246136267749,seed601_lns_start11_late_best_rm6_tw12
0-67-62-33-32-30-28-26-27-29-31-34-50-0,482.16075086145133,seed601_lns_start0_late_best_rm6_tw15_guarded
0-69-61-70-2-53-55-68-54-50-0,482.4109588913447,seed601_lns_start1_mixed_regret_rm5_tw6
0-69-2-70-61-68-55-53-66-56-54-0,485.58628839075595,seed601_lns_start3_late_best_rm8_tw8
0-2-7-8-6-60-12-14-47-17-57-0,485.886947469744,seed701_explore_lns_start34_late_best_rm15_tw6
0-64-51-18-57-52-59-58-54-0,486.0575705706689,seed702_explore_lns_start3_late_random_best_rm20_tw6
0-69-52-57-64-51-63-50-56-66-54-0,487.170273260326,seed702_explore_lns_start11_late_random_best_rm20_tw15
0-69-61-70-2-60-53-68-54-50-0,488.5146578076515,seed601_lns_start6_mixed_best_rm5_tw12
0-62-63-51-64-57-52-58-59-60-0,490.46966657722345,seed701_explore_lns_start6_mixed_best_rm25_tw15
0-64-62-63-51-49-57-58-59-13-0,491.30824412631085,seed604_lns_start1_random_regret_rm6_tw8
0-69-52-57-51-63-19-25-58-59-0,492.2336044147924,seed701_explore_lns_start10_random_best_rm20_tw6
0-67-63-51-48-19-22-56-66-13-0,492.6284408768941,seed702_explore_lns_start34_mixed_regret_rm15_tw8
0-65-52-57-22-20-49-58-59-16-0,493.0716820300131,seed702_explore_lns_start56_mixed_random_best_rm20_tw12
0-62-63-51-64-57-52-58-59-17-0,494.1568783423021,seed702_explore_lns_start6_late_best_rm10_tw10
0-69-61-70-2-53-16-55-68-54-0,495.9606115422481,seed701_explore_lns_start0_mixed_random_best_rm25_tw15
0-65-16-52-57-22-49-19-20-56-66-0,496.7267518382468,seed701_explore_lns_start51_late_random_best_rm20_tw6
0-69-61-70-2-6-53-68-54-50-0,497.9407679502133,seed601_lns_start3_random_random_best_rm5_tw8
0-65-52-57-22-19-49-58-59-16-0,498.6206494223404,seed701_explore_lns_start52_mixed_random_best_rm15_tw12
0-67-62-33-32-30-28-26-27-29-31-34-56-0,498.8473131446267,seed702_explore_lns_start13_mixed_random_best_rm10_tw12
0-2-7-8-6-12-10-47-17-13-58-0,499.3483037133384,seed701_explore_lns_start34_late_best_rm20_tw8
0-65-48-21-23-25-18-19-49-20-62-54-0,500.6562261402363,seed701_explore_lns_start5_mixed_random_best_rm25_tw15
0-69-61-70-2-8-53-54-50-0,500.7737142239997,seed702_explore_lns_start4_late_best_rm25_tw10
0-69-61-70-2-60-53-55-54-50-0,500.98484874878284,seed601_lns_start0_late_best_rm8_tw12
0-64-51-63-33-32-30-28-26-27-29-31-34-0,501.2049944235779,seed701_explore_lns_start21_mixed_random_best_rm20_tw10
0-69-61-70-2-53-12-17-55-68-54-0,506.4640413153286,seed702_explore_lns_start3_late_random_best_rm10_tw6
0-2-5-70-61-53-11-60-55-68-0,509.6075434060559,seed701_explore_lns_start11_late_random_best_rm25_tw12
0-69-61-70-2-60-53-55-66-50-0,510.2746452530238,seed608_lns_start6_late_best_rm6_tw15
0-69-61-2-12-53-55-68-54-56-0,510.97485226744766,seed702_explore_lns_start7_mixed_best_rm20_tw6
0-69-61-70-1-2-53-54-50-0,511.05092018086225,seed701_explore_lns_start2_late_best_rm25_tw8
0-64-51-63-50-62-66-57-59-58-0,518.5759613974346,seed601_lns_start2_late_best_rm8_tw12
0-69-52-59-58-57-64-51-63-56-0,519.6142812907042,seed601_lns_start13_random_random_best_rm8_tw10
0-69-64-63-51-56-66-57-59-58-0,519.803107477305,seed606_lns_start11_mixed_random_best_rm8_tw15
0-64-51-63-50-62-56-57-52-59-0,520.6611243311528,seed602_lns_start3_late_regret_rm8_tw10
0-70-40-43-1-3-5-45-60-47-0,520.8954638357686,seed702_explore_lns_start30_mixed_random_best_rm25_tw6
0-65-52-57-59-58-25-21-48-20-56-66-0,526.8138560353804,seed701_explore_lns_start30_late_best_rm25_tw10
0-65-67-62-34-32-30-28-26-27-29-31-33-0,529.963964333236,seed701_explore_lns_start8_mixed_best_rm20_tw8
0-15-16-9-60-3-1-36-68-0,535.5866402798365,seed603_lns_start43_late_random_best_rm8_tw15
0-62-63-51-64-57-52-10-59-58-0,540.3673290444865,seed605_lns_start4_random_random_best_rm5_tw8
0-69-61-53-11-15-16-13-9-59-57-0,540.4805620573695,seed702_explore_lns_start35_late_best_rm25_tw8
0-65-52-9-57-19-49-22-20-56-59-0,542.4174255808982,seed701_explore_lns_start54_late_best_rm25_tw12
0-67-33-32-30-28-26-27-29-31-34-50-63-0,543.889949769203,seed701_explore_lns_start6_random_random_best_rm25_tw6
0-69-11-53-2-70-61-54-50-0,545.5846393942305,seed603_lns_start1_late_regret_rm8_tw8
0-67-61-41-38-3-5-55-54-0,549.1372488481285,seed702_explore_lns_start15_late_random_best_rm25_tw6
0-65-62-33-32-30-28-26-27-29-31-34-50-0,554.8011393954712,seed702_explore_lns_start7_mixed_random_best_rm25_tw15
0-67-62-63-51-64-57-59-58-48-0,558.2220436243438,seed702_explore_lns_start0_random_random_best_rm20_tw15
0-52-9-57-24-20-22-48-25-58-59-0,558.2466146513142,seed701_explore_lns_start29_late_best_rm20_tw10
0-69-61-70-45-2-53-68-54-50-0,559.6228224211968,seed606_lns_start11_mixed_random_best_rm8_tw10
0-64-51-23-58-59-57-66-56-63-0,559.8404110393215,seed602_lns_start6_mixed_regret_rm8_tw10
0-67-62-30-28-26-27-29-31-34-32-33-54-0,559.8924831633794,seed701_explore_lns_start13_late_random_best_rm20_tw12
0-69-2-60-53-55-61-68-54-50-0,560.3246112487266,seed701_explore_lns_start0_random_random_best_rm20_tw10
0-67-62-32-30-34-31-29-27-26-28-33-66-0,562.2138865803521,seed701_explore_lns_start4_late_best_rm20_tw12
0-69-61-70-2-60-53-55-68-54-50-0,562.7133838159298,seed608_lns_start5_late_regret_rm8_tw12
0-69-61-2-8-7-60-12-14-47-17-59-0,563.540727738688,seed701_explore_lns_start35_late_regret_rm15_tw10
0-69-52-57-59-58-22-51-63-50-0,564.9448300500221,seed701_explore_lns_start11_late_best_rm25_tw10
0-69-61-70-2-8-53-68-54-50-0,567.4946265241668,seed701_explore_lns_start2_late_random_best_rm25_tw6
0-52-59-58-57-18-51-63-50-0,571.879597391242,seed701_explore_lns_start4_late_random_best_rm20_tw12
0-69-52-59-58-57-64-51-63-66-0,572.008682052553,seed702_explore_lns_start10_random_best_rm15_tw15
0-65-67-20-22-24-48-21-23-25-58-59-0,573.7107874182493,seed701_explore_lns_start35_late_best_rm25_tw15
0-64-62-63-51-19-57-52-59-58-0,575.1347264746846,seed602_lns_start5_random_regret_rm8_tw12
0-12-52-57-22-20-49-51-63-50-56-0,575.4262382242005,seed701_explore_lns_start25_late_random_best_rm25_tw10
0-64-51-62-56-57-52-58-59-17-0,575.5565278898616,seed702_explore_lns_start1_late_best_rm20_tw12
0-64-51-18-21-23-48-25-58-59-12-0,576.4836428622834,seed701_explore_lns_start58_late_random_best_rm20_tw12
0-64-51-63-50-62-66-57-52-59-0,577.6863939261947,seed701_explore_lns_start0_late_random_best_rm10_tw10
0-64-51-63-62-56-57-59-58-25-0,578.3784076167312,seed702_explore_lns_start6_mixed_best_rm15_tw15
0-52-9-13-16-15-11-10-53-57-59-0,581.6330698087277,seed701_explore_lns_start34_late_random_best_rm15_tw8
0-69-61-70-1-2-53-68-54-50-0,582.833841693601,seed702_explore_lns_start5_random_best_rm15_tw6
0-67-33-32-30-28-26-27-29-31-34-56-66-0,584.5432999003974,seed601_lns_start4_late_best_rm8_tw10
0-69-2-53-55-68-61-54-56-50-0,586.8096351094817,seed608_lns_start8_mixed_best_rm6_tw10
0-64-52-57-51-63-50-62-56-58-0,588.393762062927,seed701_explore_lns_start3_mixed_random_best_rm10_tw10
0-65-6-7-8-46-45-5-3-1-4-60-53-0,597.500990294697,seed605_lns_start2_random_random_best_rm8_tw12
0-69-2-60-53-68-61-54-56-50-0,598.1450759540518,seed701_explore_lns_start8_random_best_rm20_tw12
0-69-61-70-2-53-55-68-54-33-0,609.6049410977525,seed701_explore_lns_start2_mixed_best_rm10_tw15
0-69-2-70-61-68-55-53-66-56-50-0,610.4340431318333,seed601_lns_start0_late_best_rm4_tw10
0-65-52-59-58-57-64-51-63-56-66-0,610.9265253372747,seed702_explore_lns_start9_late_best_rm25_tw10
0-67-63-51-64-65-52-57-59-58-0,614.3107206631666,seed606_lns_start7_random_best_rm6_tw10
0-64-19-51-50-67-62-56-66-10-0,616.4662929687759,seed702_explore_lns_start35_mixed_best_rm20_tw15
0-69-52-57-24-22-20-19-58-59-53-0,616.9244001463269,seed701_explore_lns_start15_mixed_random_best_rm20_tw8
0-52-59-58-57-64-51-63-50-66-0,621.799487267516,seed601_lns_start12_random_best_rm8_tw10
0-69-52-59-58-57-64-51-63-50-0,624.3059124590818,seed602_lns_start11_random_best_rm8_tw15
0-64-51-63-50-62-57-52-59-58-0,634.0174712245378,seed601_lns_start6_late_regret_rm6_tw15
0-69-61-70-2-60-53-55-66-56-50-0,643.3766997346349,seed601_lns_start6_late_best_rm5_tw6
0-69-12-53-2-70-61-68-54-50-0,643.9111743161573,seed602_lns_start5_late_random_best_rm8_tw6
0-64-51-63-50-56-57-52-59-58-0,652.2599474678482,seed702_explore_lns_start2_random_best_rm20_tw6
0-67-32-30-28-26-27-29-31-34-33-23-0,654.1404079428817,seed702_explore_lns_start1_mixed_best_rm25_tw12
0-64-51-63-50-62-66-57-58-48-0,656.1713010889291,seed702_explore_lns_start2_mixed_random_best_rm20_tw12
0-64-51-63-18-49-20-57-52-59-58-0,657.3451857574105,seed702_explore_lns_start3_late_random_best_rm25_tw6
0-69-61-70-2-53-55-68-56-43-0,676.1110171663457,seed702_explore_lns_start6_mixed_best_rm25_tw15
0-67-33-32-30-28-26-27-29-31-34-56-54-0,691.4615232420092,seed603_lns_start0_late_random_best_rm8_tw15
0-61-70-1-2-53-55-68-54-50-0,694.6874962515243,seed702_explore_lns_start11_mixed_best_rm20_tw10
0-69-52-53-60-2-70-61-54-68-66-0,696.4331072135128,seed702_explore_lns_start1_mixed_random_best_rm15_tw6
0-64-51-63-50-62-56-66-57-59-58-0,701.1667120918922,seed605_lns_start0_late_best_rm8_tw15
0-64-62-63-51-18-57-52-59-58-0,715.8030179856421,seed602_lns_start5_late_random_best_rm6_tw8
0-69-61-70-2-60-53-68-66-56-50-0,718.0639805813289,seed601_lns_start4_late_best_rm5_tw10
0-64-19-51-63-62-56-57-59-58-0,721.8564904738157,seed701_explore_lns_start3_mixed_random_best_rm20_tw10
0-69-11-53-55-61-2-70-54-50-0,726.7229691088909,seed607_lns_start3_late_random_best_rm8_tw12
0-52-59-58-57-19-51-63-50-66-0,729.2837841045824,seed701_explore_lns_start13_random_random_best_rm25_tw6
0-64-51-63-62-56-66-57-52-59-58-0,729.3700059696578,seed601_lns_start2_late_best_rm8_tw15
0-64-51-63-50-62-24-23-25-58-59-0,753.2868302523957,seed701_explore_lns_start1_random_random_best_rm25_tw8
0-64-51-63-50-62-56-66-57-52-59-0,760.2771446206523,seed607_lns_start4_late_random_best_rm8_tw12
0-64-51-63-50-67-57-59-58-25-0,768.1114282723689,seed606_lns_start8_mixed_best_rm8_tw10
0-45-7-8-46-5-3-1-4-6-59-58-0,777.2917467937145,seed701_explore_lns_start3_random_best_rm25_tw10
0-67-62-33-32-30-28-26-27-29-31-34-50-63-0,792.6428970115553,seed701_explore_lns_start14_mixed_best_rm20_tw15
0-2-5-1-70-61-53-68-54-50-0,797.7988072233177,seed702_explore_lns_start9_late_random_best_rm20_tw8
0-69-61-70-2-53-55-68-54-56-50-0,814.0282549117276,seed702_explore_lns_start5_mixed_best_rm25_tw15
0-64-51-63-50-62-56-57-52-59-58-0,837.7416982613165,seed601_lns_start4_late_random_best_rm6_tw10
0-42-44-2-7-60-53-12-14-47-17-55-0,860.053342503924,seed702_explore_lns_start23_late_random_best_rm25_tw6
0-2-70-61-68-55-53-59-58-54-0,872.3526062987926,seed701_explore_lns_start13_late_random_best_rm20_tw15
0-64-51-63-18-48-57-52-59-58-56-0,884.7848739915605,seed701_explore_lns_start8_random_random_best_rm20_tw12
