route,score,source
0-42-36-39-5-45-2-69-12-47-15-16-11-52-64-19-18-21-23-51-49-22-57-9-20-56-32-1-58-0,2318.765807087013,seed702_explore_lns_start44_late_best_rm25_tw10
0-65-59-63-33-28-27-29-31-30-62-44-40-38-41-61-6-7-8-46-3-53-10-66-68-54-37-35-43-1-4-70-13-48-0,3446.7208076247707,seed701_explore_guarded
0-65-63-33-27-62-64-30-67-44-40-38-41-61-53-6-7-8-46-3-55-68-54-37-35-43-1-4-60-17-13-10-70-0,4025.303566431805,seed702_explore_guarded
0-65-39-36-42-5-45-2-69-12-47-16-15-11-52-64-51-19-23-21-18-49-22-57-9-50-34-26-32-4-1-60-0,4101.282698210936,seed701_explore_guarded
0-14-65-63-33-28-27-29-31-30-44-40-38-41-61-53-7-8-6-46-3-43-54-37-35-68-55-4-1-60-17-58-25-24-20-70-0,4905.462267529538,seed702_explore_guarded
0-42-36-39-5-45-2-14-47-15-11-52-69-12-16-9-57-23-21-18-49-22-33-26-20-66-68-17-13-24-58-0,4907.888272410505,seed701_explore_lns_start58_late_regret_rm25_tw6
0-65-63-33-27-28-31-62-30-29-38-40-44-41-61-7-8-3-46-6-53-10-55-68-54-37-35-43-4-60-13-24-20-48-25-70-0,4915.416289759325,seed702_explore_guarded
0-14-65-63-27-31-29-62-64-67-44-40-38-41-61-6-7-8-46-3-53-10-66-56-54-37-35-43-1-4-60-17-13-55-70-0,4917.175174136857,seed702_explore_guarded
0-42-36-39-5-45-2-14-47-15-11-69-12-16-9-57-23-21-18-19-49-22-67-30-34-32-56-55-68-0,5015.570249705856,seed702_explore_lns_start53_late_regret_rm25_tw12
0-42-36-39-5-45-2-14-47-15-11-52-69-12-16-9-57-19-18-21-49-22-30-29-56-66-55-4-60-13-24-25-0,5175.256493773098,seed702_explore_lns_start48_late_random_best_rm25_tw15
0-65-14-59-63-33-28-29-62-67-61-44-40-38-41-7-8-3-46-6-53-10-55-68-43-35-37-54-56-66-24-20-48-13-17-70-0,5267.60014056451,seed701_explore_guarded
0-65-59-63-33-28-27-29-64-61-44-40-38-41-6-7-8-3-46-53-10-66-56-54-37-35-43-4-1-70-68-55-60-17-13-58-25-0,5300.10529826967,seed701_explore_guarded
0-65-14-59-63-33-28-27-31-61-44-40-38-41-6-7-8-3-46-53-10-66-56-54-37-35-43-1-4-55-68-70-60-13-58-25-48-0,5350.09439790012,seed701_explore_guarded
0-65-42-36-39-5-45-2-69-12-47-16-11-64-19-18-57-22-49-51-62-67-30-26-50-20-66-55-68-48-0,5580.127954491097,seed702_explore_lns_start52_random_best_rm25_tw6
0-65-63-33-28-31-27-29-62-67-61-44-40-38-41-7-8-3-46-6-53-10-66-56-68-54-37-35-43-1-4-70-55-60-13-58-25-48-0,5926.672288664568,seed701_explore_guarded
0-65-59-63-33-28-27-29-31-62-61-44-40-38-41-6-7-8-3-46-53-10-66-56-54-37-35-43-4-1-70-55-60-17-13-24-20-0,6073.346250005735,seed702_explore_guarded
0-65-59-63-33-28-27-29-31-62-64-61-44-40-38-41-7-8-3-46-6-53-10-55-68-54-37-35-43-1-4-70-66-50-32-48-0,6186.291373124651,seed702_explore_guarded
0-42-36-39-5-45-2-69-12-47-16-15-11-52-59-9-57-23-21-18-49-22-64-67-50-34-26-32-56-66-68-4-1-24-48-0,6240.055240859004,seed701_explore_guarded
0-42-36-39-5-45-2-69-47-15-16-12-11-52-59-9-19-18-49-22-57-51-30-29-26-20-24-68-55-17-13-58-25-0,6255.646420812713,seed702_explore_lns_start83_late_best_rm25_tw10
0-63-52-62-30-29-31-38-40-44-61-7-8-6-53-9-10-55-41-37-43-3-1-4-46-60-17-13-58-25-48-24-0,6262.465232562987,seed701_explore_lns_start38_mixed_random_best_rm25_tw15
0-59-63-33-28-27-29-31-30-64-61-44-40-38-41-3-8-46-6-7-10-53-55-68-54-37-35-43-1-4-60-17-58-24-56-70-0,6372.315823694248,seed702_explore_guarded
0-42-36-39-5-45-2-69-14-47-15-59-11-12-16-9-52-57-23-21-18-49-22-51-30-26-34-50-56-1-4-17-13-58-48-25-0,6445.675588500166,seed701_explore_guarded
0-65-42-36-39-5-45-2-69-47-15-16-11-12-52-9-57-23-18-19-49-22-62-67-30-50-66-55-60-13-58-25-0,6450.691813485085,seed702_explore_lns_start6_late_regret_rm25_tw15
0-65-59-63-33-28-27-31-62-64-67-44-40-38-41-61-6-7-8-46-3-53-10-55-68-54-37-35-43-1-4-70-60-13-58-25-48-32-0,6488.7896777675605,seed702_explore_guarded
0-42-36-39-5-45-2-69-14-47-15-11-12-59-16-9-52-22-19-23-21-18-49-57-64-66-56-32-68-55-13-58-48-0,6505.265615923716,seed701_explore_lns_start66_late_random_best_rm25_tw12
0-42-36-39-5-45-2-69-12-47-15-16-11-52-21-23-57-22-64-51-31-28-26-49-20-9-55-68-17-48-25-0,6598.79709627573,seed701_explore_lns_start4_late_regret_rm25_tw10
0-42-36-39-5-45-2-69-12-47-16-15-11-52-59-9-57-22-49-19-18-51-30-26-29-34-20-68-55-10-13-17-24-48-25-0,6647.074094039278,seed702_explore_guarded
0-65-59-63-28-27-31-61-44-38-19-57-53-6-7-8-46-3-41-37-40-43-4-55-60-10-17-13-24-20-48-25-58-0,6693.993346042912,seed701_explore_lns_start5_mixed_best_rm25_tw8
0-42-36-39-5-45-2-69-14-47-15-11-12-59-16-9-52-57-19-18-21-23-22-49-51-67-34-26-32-56-13-17-25-0,6791.267142147918,seed701_explore_lns_start23_late_best_rm20_tw15
0-42-36-39-5-45-2-14-47-12-69-52-11-15-16-9-57-23-21-18-19-49-22-51-30-26-34-67-56-20-24-13-17-60-58-25-0,6805.614612370333,seed702_explore_guarded
0-42-36-39-5-45-2-14-47-15-11-52-69-12-16-9-57-19-23-21-18-22-49-51-67-31-32-56-66-48-25-0,6814.436585634925,seed702_explore_lns_start37_late_random_best_rm20_tw8
0-42-36-39-5-45-2-69-47-15-12-52-11-16-9-57-22-49-18-51-67-31-30-33-26-56-68-4-60-17-58-0,6885.319687026556,seed702_explore_lns_start2_late_regret_rm25_tw15
0-42-36-39-5-45-2-69-12-47-16-15-11-52-59-9-57-23-21-18-49-22-51-30-29-34-26-32-50-20-24-13-17-48-58-0,6923.6038119866935,seed701_explore_guarded
0-42-36-39-5-45-2-47-65-69-15-16-11-12-9-59-57-19-18-21-22-49-51-30-34-50-20-55-4-60-13-25-0,6926.313341057603,seed701_explore_lns_start24_late_random_best_rm25_tw12
0-42-36-39-5-45-2-69-14-47-15-59-11-12-16-9-52-57-22-49-18-51-30-31-29-26-32-55-17-13-0,6936.200202658722,seed702_explore_lns_start85_late_random_best_rm25_tw12
0-42-36-39-5-45-2-69-12-47-15-16-11-52-19-18-21-23-9-57-22-49-51-63-33-26-50-56-66-68-4-48-25-0,6952.644580332361,seed702_explore_lns_start74_late_best_rm25_tw12
0-42-36-39-5-45-2-14-47-12-11-15-16-52-23-21-18-19-64-51-49-22-57-31-30-28-26-20-24-13-17-60-70-0,6973.017819269064,seed701_explore_lns_start62_random_regret_rm25_tw8
0-42-36-39-5-45-2-69-14-47-15-52-11-12-16-57-22-19-18-49-51-62-67-50-34-30-26-32-20-24-10-13-60-55-70-0,6991.459322116199,seed701_explore_guarded
0-42-36-39-5-45-2-69-14-47-15-11-52-12-16-9-57-22-49-19-18-51-63-62-50-30-34-26-32-68-1-4-60-48-0,7029.876784565799,seed702_explore_guarded
0-14-59-63-33-28-27-31-62-64-61-44-40-38-41-7-6-8-53-46-3-43-37-35-54-56-66-20-24-25-58-10-17-60-70-1-0,7037.172629598384,seed701_explore_guarded
0-42-36-39-5-45-2-14-47-15-11-52-69-12-16-9-19-23-21-18-49-22-57-64-51-62-56-55-24-25-48-0,7054.061463395948,seed702_explore_lns_start63_late_regret_rm20_tw6
0-42-36-39-5-45-2-69-12-47-16-15-11-52-59-9-57-22-49-19-18-51-30-31-29-26-34-32-50-68-55-13-17-48-25-58-0,7068.767111857643,seed701_explore_guarded
0-42-36-39-5-45-2-69-12-47-16-15-11-59-52-64-51-19-23-21-18-49-22-57-9-33-1-4-24-48-0,7122.4261829618745,seed701_explore_lns_start28_late_random_best_rm25_tw12
0-65-59-63-33-28-27-29-31-62-61-44-40-38-41-7-6-8-3-46-53-10-55-68-43-35-37-54-56-66-24-20-50-32-70-60-0,7199.389502793369,seed702_explore_guarded
0-42-36-39-5-45-2-69-14-47-15-11-52-12-16-9-57-22-21-18-49-51-63-30-31-34-26-56-55-60-13-58-0,7200.8491453134075,seed701_explore_lns_start46_late_regret_rm25_tw8
0-65-42-36-39-5-45-2-69-47-15-16-11-12-52-9-23-21-18-19-49-22-57-64-51-62-50-34-32-1-4-17-0,7247.529688468911,seed701_explore_lns_start16_late_random_best_rm25_tw6
0-42-36-39-5-45-2-14-47-15-11-52-65-69-12-16-9-57-19-23-21-18-49-22-20-64-51-34-32-17-58-0,7290.758314849989,seed702_explore_lns_start49_late_regret_rm20_tw12
0-42-36-39-5-45-2-14-47-12-69-52-11-15-16-9-57-23-21-18-19-49-22-51-30-26-29-34-50-56-66-20-24-17-0,7322.5582686908065,seed702_explore_guarded
0-42-36-39-5-45-2-69-65-64-47-15-11-12-16-9-57-22-19-23-21-18-49-63-67-34-32-56-66-55-4-60-58-0,7353.937734276249,seed701_explore_lns_start41_late_regret_rm25_tw8
0-42-36-39-5-45-2-69-14-47-15-11-52-12-16-9-57-22-23-21-18-49-30-31-50-67-56-20-66-4-60-17-13-0,7405.818138153012,seed701_explore_lns_start60_late_regret_rm25_tw15
0-42-36-39-5-45-2-69-47-15-12-52-11-16-9-57-64-22-49-51-62-67-30-28-34-26-32-20-60-25-0,7436.695465371294,seed701_explore_lns_start4_late_regret_rm25_tw6
0-65-39-36-42-45-5-2-69-47-16-15-11-12-9-57-22-21-18-49-51-30-31-29-67-55-1-13-24-48-25-58-0,7589.445823304468,seed702_explore_lns_start69_late_regret_rm25_tw6
0-65-42-36-39-5-45-2-69-47-15-16-11-12-52-22-19-23-21-18-51-63-50-67-66-56-34-26-32-55-9-0,7597.452126961276,seed702_explore_lns_start18_mixed_best_rm25_tw8
0-63-33-28-64-61-44-40-38-41-7-6-8-3-46-53-10-55-68-54-37-35-43-1-4-60-17-13-58-25-48-20-24-66-70-0,7689.924015455826,seed605_lns_start77_late_regret_rm8_tw15_guarded
0-42-36-39-5-45-2-69-14-47-15-11-52-12-16-9-57-64-22-49-18-51-63-62-30-34-26-68-1-4-60-48-0,7727.590414289197,seed702_explore_lns_start26_late_regret_rm25_tw10
0-42-36-39-5-45-2-14-47-15-11-52-65-69-12-16-9-57-19-18-21-23-49-22-20-64-56-67-50-43-68-60-24-48-0,7754.99769568333,seed701_explore_lns_start24_late_regret_rm25_tw8
0-42-36-39-5-45-2-14-47-15-11-52-69-12-16-9-57-19-18-21-23-49-22-64-67-34-31-26-56-17-13-58-0,7756.574602524111,seed702_explore_lns_start63_late_best_rm20_tw6
0-42-36-39-5-45-2-69-14-47-15-16-12-11-52-59-9-57-23-21-18-19-22-49-30-31-32-56-66-13-24-25-58-0,7786.111505596271,seed701_explore_lns_start34_late_best_rm25_tw15
0-63-33-28-27-31-64-61-44-40-38-41-6-7-8-3-46-53-10-66-55-68-54-37-35-43-1-4-60-17-13-58-25-48-20-24-70-0,7863.167582751231,seed602_lns_start73_late_regret_rm8_tw6_guarded
0-63-33-27-62-23-52-61-44-40-38-41-53-7-8-46-6-10-55-68-54-37-35-43-1-3-4-70-66-56-48-58-17-0,7879.436644360452,seed702_explore_lns_start30_late_random_best_rm25_tw8
0-42-36-39-5-45-2-69-65-64-52-47-15-11-12-16-9-57-22-23-21-18-49-51-63-30-26-56-55-17-13-24-0,7982.120960718334,seed701_explore_lns_start27_late_regret_rm25_tw6
0-36-39-42-5-45-2-47-11-12-15-16-52-23-21-18-19-64-57-22-49-51-62-67-33-30-34-26-32-56-4-70-58-0,7983.937185962298,seed702_explore_lns_start64_mixed_regret_rm25_tw8
0-63-33-27-29-31-64-61-44-40-38-41-7-6-8-3-46-53-10-55-68-54-37-35-43-1-4-60-17-13-58-25-48-20-24-56-70-0,7996.585390372951,seed605_lns_start3_late_random_best_rm8_tw8_guarded
0-14-59-63-33-28-27-29-31-30-62-67-44-40-38-41-61-6-7-8-3-46-10-53-55-68-43-35-37-54-56-66-24-20-48-25-58-13-17-70-0,8009.091277039689,seed701_explore_guarded
0-42-36-39-5-45-2-14-47-15-11-52-65-69-12-16-9-57-22-19-18-21-23-49-30-31-34-50-56-55-24-25-0,8037.130185748626,seed701_explore_lns_start79_late_regret_rm20_tw6
0-42-36-39-5-45-2-14-47-15-11-52-69-12-16-9-57-23-21-49-22-51-62-31-28-26-50-66-55-1-4-17-58-25-0,8045.092076241904,seed701_explore_lns_start83_late_regret_rm25_tw12
0-42-36-39-5-45-2-14-47-15-11-69-12-16-9-57-23-21-18-19-49-22-51-67-50-31-29-26-24-48-25-58-0,8104.923891488703,seed702_explore_lns_start72_late_random_best_rm25_tw10
0-42-36-39-5-45-2-14-47-15-11-52-69-12-16-9-57-23-21-18-49-22-63-67-34-31-26-32-20-24-13-17-48-0,8145.9377320011545,seed702_explore_lns_start35_late_regret_rm25_tw15
0-42-36-39-5-45-2-69-12-47-15-16-11-52-23-21-18-19-51-63-49-22-57-9-62-30-26-32-55-46-60-0,8148.653881272763,seed701_explore_lns_start89_late_random_best_rm25_tw8
0-42-36-39-5-45-2-69-12-47-16-15-11-52-59-9-57-23-21-18-19-49-22-63-27-26-66-55-60-17-13-24-25-0,8164.612896867928,seed701_explore_lns_start46_late_random_best_rm25_tw12
0-42-36-39-5-45-2-14-47-15-11-52-69-12-16-9-57-23-21-18-19-49-22-51-64-67-50-32-20-24-66-55-1-17-58-25-0,8225.852542115686,seed701_explore_lns_start5_late_best_rm25_tw12
0-42-36-39-5-45-2-14-11-15-47-16-12-69-64-67-62-63-51-19-18-23-49-22-57-52-9-66-55-60-24-48-25-58-0,8234.442988570116,seed702_explore_lns_start83_late_regret_rm25_tw8
0-42-36-39-5-45-2-14-47-15-11-52-65-69-12-16-9-57-23-21-49-22-62-30-29-26-32-55-60-13-24-48-25-58-0,8242.291072432447,seed701_explore_lns_start52_late_random_best_rm25_tw8
0-63-33-28-27-31-67-61-44-40-38-41-7-6-8-3-46-53-10-55-68-54-37-35-43-1-4-60-17-13-58-25-48-24-20-56-70-0,8249.198092714429,seed604_lns_start60_late_regret_rm8_tw12_guarded
0-42-36-39-5-45-2-69-14-47-15-11-52-12-16-9-57-22-49-19-18-51-62-50-34-31-29-30-26-32-56-55-4-0,8265.325569227196,seed702_explore_guarded
0-42-36-39-5-45-2-14-47-12-69-52-11-15-16-9-57-23-21-18-19-49-22-51-64-67-50-34-30-26-32-68-48-25-58-0,8278.356126758585,seed702_explore_guarded
0-65-42-36-39-5-45-2-69-12-47-16-15-11-23-21-18-19-22-49-57-64-51-63-67-50-30-34-26-32-68-60-58-0,8311.886643022388,seed701_explore_lns_start24_mixed_random_best_rm25_tw12
0-42-36-39-5-45-2-14-47-15-11-69-12-16-59-9-57-19-18-21-22-49-20-51-30-28-32-1-4-60-17-13-58-48-0,8315.38071569138,seed701_explore_lns_start33_late_regret_rm25_tw10
0-42-36-39-5-45-2-14-47-15-11-52-65-69-12-16-9-57-23-21-18-22-49-51-30-28-32-68-55-4-17-13-24-25-0,8395.5149854963,seed702_explore_lns_start45_late_regret_rm25_tw10
0-42-36-39-5-45-2-69-14-47-15-11-12-59-16-9-52-57-19-18-21-23-22-49-51-67-30-26-32-56-55-17-25-0,8399.209100893353,seed702_explore_lns_start12_late_regret_rm20_tw12
0-42-36-39-5-45-2-69-65-64-52-47-15-11-12-16-9-57-22-19-18-23-49-51-67-50-30-29-24-13-17-58-48-25-0,8461.07843863253,seed701_explore_lns_start63_late_regret_rm25_tw12
0-42-36-39-5-45-2-14-47-15-11-52-69-12-16-9-57-23-21-49-22-63-28-26-50-67-56-10-55-1-60-17-25-0,8485.724048195756,seed702_explore_lns_start65_late_best_rm25_tw6
0-42-36-39-5-45-2-14-47-15-11-52-69-12-16-9-57-64-22-49-18-30-28-27-20-56-66-53-1-17-25-0,8513.721676815003,seed701_explore_lns_start65_late_regret_rm25_tw10
0-65-42-36-39-5-45-2-69-47-15-16-11-12-52-9-57-19-18-21-23-22-49-51-33-30-43-1-46-17-24-25-0,8556.272764607938,seed701_explore_lns_start57_late_best_rm25_tw6
0-42-36-39-5-45-2-69-47-15-16-12-11-52-59-9-57-23-21-19-49-22-62-67-34-29-26-32-56-66-68-4-1-24-48-0,8587.787186301395,seed701_explore_lns_start29_late_regret_rm25_tw12
0-42-36-39-5-45-2-14-47-15-11-52-69-12-16-9-57-23-21-18-19-49-22-64-51-62-50-30-32-48-24-17-0,8596.460643369028,seed702_explore_lns_start14_late_regret_rm25_tw8
0-42-36-39-5-45-2-69-12-47-15-16-11-52-23-21-18-64-57-22-49-51-62-31-27-50-9-13-55-4-1-58-25-0,8602.000874123009,seed702_explore_lns_start55_late_regret_rm25_tw8
0-65-14-59-63-33-27-29-61-44-40-38-41-7-8-6-3-46-53-10-66-56-54-37-35-43-68-55-4-1-70-60-17-58-25-48-34-0,8618.178884388208,seed701_explore_lns_start78_late_best_rm25_tw8
0-65-42-36-39-5-45-2-14-47-15-11-69-12-16-9-57-64-19-23-18-22-49-20-51-50-30-26-67-68-4-60-17-25-0,8709.862769470283,seed701_explore_lns_start55_late_best_rm25_tw6
0-42-36-39-5-45-2-69-47-15-16-12-11-52-59-9-57-23-49-22-63-30-28-26-34-67-56-66-68-60-24-48-25-58-0,8727.917205103746,seed701_explore_lns_start77_late_best_rm25_tw15
0-14-65-63-33-28-27-31-62-19-64-67-61-41-38-40-44-3-46-8-7-6-53-10-55-68-54-37-35-43-1-4-60-70-66-56-25-0,8731.41347126265,seed701_explore_guarded
0-42-36-39-5-45-2-69-12-47-16-15-11-52-59-9-57-64-22-19-18-49-51-62-67-50-27-56-66-24-25-48-0,8752.739716453512,seed701_explore_lns_start3_late_regret_rm25_tw6
0-42-36-39-5-45-2-14-47-12-69-52-11-15-16-9-57-23-21-18-19-49-22-64-67-50-34-26-32-51-20-24-56-55-60-17-58-25-0,8809.017175529532,seed701_explore_guarded
0-42-36-39-5-45-2-69-14-47-15-59-11-12-16-9-52-57-21-18-49-22-64-51-30-31-34-56-66-68-4-17-13-24-0,8858.451914968735,seed702_explore_lns_start28_late_random_best_rm25_tw10
0-42-36-39-5-45-2-69-14-47-15-59-11-12-16-9-52-57-23-21-18-19-49-22-64-51-50-34-30-26-32-20-24-17-0,8866.546435514527,seed701_explore_guarded
0-42-36-39-5-45-2-14-47-12-69-52-11-15-16-9-57-23-21-18-19-49-22-51-64-67-34-30-26-1-4-17-13-58-25-48-0,8869.812842659534,seed702_explore_guarded
0-42-36-39-5-45-2-14-47-15-11-52-69-12-16-9-57-19-18-21-23-22-49-51-33-30-67-56-66-32-24-58-0,8881.161788599227,seed702_explore_lns_start20_late_best_rm25_tw12
0-42-36-39-5-45-2-69-47-59-15-11-12-16-9-57-23-21-18-19-49-22-64-20-33-32-67-56-66-68-4-17-58-25-0,8906.983554153616,seed702_explore_lns_start70_late_regret_rm25_tw15
0-65-42-36-39-5-45-2-69-47-16-15-11-12-59-9-52-57-19-18-21-22-49-51-33-30-34-50-20-13-4-1-17-0,8911.861576166599,seed702_explore_lns_start4_late_best_rm25_tw10
0-65-39-36-42-45-5-2-69-14-47-15-16-11-12-9-52-57-23-21-18-19-49-22-51-62-67-50-34-26-32-20-66-13-48-25-0,8960.88966984285,seed702_explore_guarded
0-42-36-39-5-45-2-14-47-15-11-52-65-69-12-16-9-57-22-19-18-21-23-49-51-64-62-32-55-24-17-25-0,8994.180877616136,seed702_explore_lns_start87_late_regret_rm20_tw8
0-65-14-47-33-28-29-30-38-44-61-41-7-6-8-3-46-40-43-37-54-68-55-53-10-17-13-58-25-48-20-66-50-35-0,8994.264072308591,seed701_explore_lns_start53_random_best_rm25_tw8
0-14-59-63-62-67-61-44-40-38-41-6-7-8-3-46-53-10-66-56-54-37-35-43-1-4-70-68-55-60-17-13-58-25-48-20-0,9005.684059881207,seed608_lns_start42_mixed_regret_rm8_tw12_guarded
0-42-36-39-5-45-2-14-47-15-11-52-69-12-16-9-57-19-23-21-18-22-49-51-64-62-50-30-32-20-58-0,9037.74119684131,seed702_explore_lns_start6_late_best_rm20_tw8
0-65-63-33-28-27-31-29-62-19-64-67-61-41-38-40-44-3-8-7-6-46-53-10-55-68-54-37-35-43-70-60-66-24-20-32-0,9067.29798369649,seed701_explore_guarded
0-42-36-39-5-45-2-69-47-15-16-12-11-52-59-9-57-22-49-62-67-33-30-28-26-34-50-55-10-13-60-0,9119.569844145708,seed701_explore_lns_start34_late_best_rm25_tw12
0-42-36-39-5-45-2-14-47-15-11-52-69-12-16-9-57-19-18-21-23-22-49-51-64-62-31-26-32-24-17-0,9126.589502701656,seed702_explore_lns_start79_late_best_rm20_tw15
0-42-36-39-5-45-2-14-47-15-11-52-69-12-16-9-57-19-18-21-23-22-49-51-63-30-67-20-55-17-0,9156.617011569993,seed702_explore_lns_start67_late_best_rm20_tw15
0-14-59-63-31-27-28-30-67-44-40-38-41-6-7-8-3-46-53-10-66-50-34-54-37-35-43-4-55-68-61-70-25-48-0,9182.82928584513,seed702_explore_lns_start24_late_regret_rm25_tw15
0-42-36-39-5-45-2-14-47-15-11-52-69-12-16-9-57-23-19-49-22-64-62-34-29-27-26-32-66-20-24-13-17-48-0,9200.158144619347,seed701_explore_lns_start2_late_regret_rm25_tw6
0-42-36-39-5-45-2-14-47-15-11-52-65-69-12-16-9-57-22-19-23-21-18-49-51-33-30-26-24-13-58-25-0,9213.923335377574,seed702_explore_lns_start65_late_regret_rm20_tw12
0-65-14-59-33-27-29-64-44-40-38-41-7-6-8-3-46-53-10-66-56-61-43-37-54-68-55-60-17-13-58-48-24-50-70-0,9218.368685707435,seed702_explore_lns_start87_mixed_random_best_rm25_tw15
0-42-36-39-5-45-2-69-14-47-15-59-11-12-16-9-52-57-23-21-18-19-49-22-51-64-56-67-50-34-26-32-66-1-17-58-0,9250.336694314294,seed702_explore_guarded
0-59-33-28-21-31-27-29-30-38-44-40-41-61-6-7-8-46-3-53-66-56-54-37-35-43-68-70-1-60-25-48-32-0,9258.099184364639,seed701_explore_lns_start20_late_random_best_rm25_tw10
0-65-39-36-42-5-45-2-69-12-47-16-15-11-52-9-57-23-21-18-19-49-22-51-67-50-34-29-26-30-32-68-55-4-13-48-0,9304.504199417788,seed701_explore_guarded
0-33-63-23-64-69-61-44-40-38-41-6-7-8-3-46-53-66-56-67-54-37-35-43-1-4-60-55-70-68-24-20-48-25-58-17-0,9310.48086143739,seed607_lns_start4_mixed_regret_rm8_tw6_guarded
0-65-59-33-31-21-64-61-44-40-38-41-6-7-8-3-46-53-10-66-56-54-37-35-43-68-55-70-4-1-60-13-24-20-48-25-0,9360.108022689124,seed701_explore_lns_start65_late_regret_rm25_tw10
0-42-36-39-5-45-2-69-47-15-16-12-11-52-59-9-57-19-18-21-23-22-49-63-62-30-34-26-32-68-24-48-25-58-0,9366.413300646913,seed701_explore_lns_start47_late_random_best_rm25_tw12
0-65-42-36-39-5-45-2-69-47-15-16-11-12-52-9-57-22-18-49-64-67-62-50-31-29-26-32-20-68-55-4-60-0,9409.625138436908,seed701_explore_lns_start67_late_random_best_rm25_tw10
0-42-36-39-5-45-2-69-12-47-15-16-11-52-23-21-19-18-51-49-22-57-64-31-30-28-26-32-55-10-9-24-48-0,9432.80770240834,seed701_explore_lns_start70_late_random_best_rm25_tw12
0-42-36-39-5-45-2-14-47-15-11-52-69-12-16-9-57-22-19-23-21-18-49-51-63-62-67-32-66-55-13-17-48-25-0,9443.481057664765,seed701_explore_lns_start36_late_regret_rm20_tw12
0-63-33-28-27-64-61-44-40-38-41-6-7-8-3-46-53-57-20-56-66-55-68-54-37-35-43-1-4-60-17-13-58-25-48-24-70-0,9448.07027130377,seed605_lns_start16_late_regret_rm8_tw6_guarded
0-42-36-39-5-45-2-14-47-15-11-52-69-12-16-9-57-19-18-21-23-22-49-51-67-29-27-26-24-10-13-17-0,9476.371933146913,seed701_explore_lns_start55_late_random_best_rm20_tw12
0-42-36-39-5-45-2-69-47-15-59-52-11-12-16-9-57-21-18-49-22-51-64-67-29-26-30-32-66-55-4-60-48-25-0,9506.191391559943,seed701_explore_lns_start27_late_regret_rm25_tw6
0-42-36-39-5-45-2-14-47-15-11-52-69-12-16-9-57-23-21-18-19-49-22-63-28-29-34-56-66-20-13-17-48-0,9514.895543784554,seed701_explore_lns_start43_late_random_best_rm25_tw6
0-65-59-63-33-29-31-64-61-44-40-38-41-6-8-3-46-53-10-20-66-56-54-37-35-43-1-7-4-70-68-60-17-13-24-0,9528.193273053506,seed702_explore_lns_start62_late_random_best_rm20_tw6
0-42-36-39-5-45-2-14-47-15-11-52-69-12-16-9-57-22-49-18-51-67-33-30-29-27-32-50-55-68-17-0,9571.555370752685,seed701_explore_lns_start79_late_random_best_rm25_tw8
0-59-63-27-31-62-61-44-40-38-41-6-7-8-3-46-53-10-20-66-54-43-37-35-1-4-55-60-17-13-58-50-34-0,9573.86485871147,seed702_explore_lns_start40_mixed_best_rm20_tw10
0-65-39-36-42-5-45-2-69-12-47-16-15-11-59-9-57-23-21-18-19-49-22-51-62-30-34-27-26-24-17-25-48-0,9591.768568420823,seed701_explore_lns_start78_late_regret_rm25_tw6
0-65-39-36-42-45-5-2-69-14-47-15-16-11-12-9-52-57-23-21-18-19-49-22-64-51-62-67-26-1-4-17-0,9609.466284364655,seed602_lns_start80_mixed_regret_rm8_tw8_guarded
0-42-36-39-5-45-2-69-14-47-15-59-11-12-16-9-52-57-19-18-23-22-49-51-62-34-30-27-26-32-56-24-25-48-0,9640.158138603476,seed702_explore_lns_start17_late_best_rm25_tw12
0-42-36-39-5-45-2-69-47-15-16-12-11-52-59-9-22-19-21-18-49-57-51-34-31-30-28-26-32-20-24-13-17-48-58-0,9645.751896533291,seed701_explore_lns_start22_late_best_rm25_tw10
0-42-36-39-5-45-2-69-47-15-12-52-11-16-9-57-23-18-49-22-64-51-62-67-34-30-28-68-55-4-17-25-0,9654.098536043577,seed702_explore_lns_start33_mixed_regret_rm25_tw6
0-42-36-39-5-45-2-14-47-15-11-69-12-16-9-57-22-49-19-18-51-62-67-31-29-26-30-32-66-20-24-13-17-60-25-0,9672.044991280007,seed702_explore_lns_start11_late_best_rm25_tw10
0-65-42-36-39-5-45-2-69-12-14-47-16-15-52-64-51-19-23-21-18-49-22-57-67-50-30-28-26-32-10-4-70-0,9698.661066146773,seed702_explore_lns_start29_mixed_best_rm25_tw15
0-42-36-39-5-45-2-14-47-15-11-52-69-12-16-9-57-22-19-21-18-49-62-67-50-34-31-27-26-56-24-13-17-60-48-0,9722.974682919184,seed701_explore_lns_start87_late_regret_rm25_tw15
0-42-36-39-5-45-2-69-12-47-15-16-11-52-23-21-19-18-51-49-22-57-64-62-29-27-68-3-9-17-0,9741.888875582474,seed702_explore_lns_start54_late_best_rm25_tw8
0-42-36-39-5-45-2-14-47-15-11-52-69-12-16-9-57-22-49-18-51-33-28-27-31-34-50-66-10-13-60-1-24-25-58-0,9744.053377090151,seed702_explore_lns_start16_late_random_best_rm25_tw15
0-63-33-28-27-61-44-40-38-41-6-7-8-3-46-53-66-56-54-37-35-43-68-55-1-4-60-17-10-13-58-25-48-20-24-70-0,9754.416318631796,seed605_lns_start4_late_best_rm8_tw10_guarded
0-42-36-39-5-45-2-69-14-47-15-11-12-59-16-9-52-57-19-18-21-49-22-51-62-30-29-50-55-10-17-58-25-0,9770.395176575026,seed702_explore_lns_start87_late_best_rm20_tw10
0-42-36-39-5-45-2-14-47-15-11-52-69-12-16-9-57-22-49-19-18-51-62-67-31-29-34-50-56-66-55-1-17-13-20-25-0,9801.335182089433,seed702_explore_lns_start24_late_regret_rm25_tw15
0-63-33-28-27-31-61-44-40-38-41-6-7-8-3-46-53-10-66-56-55-68-54-37-35-43-1-4-60-17-13-58-25-48-20-24-70-0,9810.528596148219,seed602_lns_start11_late_random_best_rm8_tw10_guarded
0-42-36-39-5-45-2-69-12-47-15-16-11-52-64-23-21-19-18-49-22-57-51-63-31-27-50-56-68-9-13-17-24-0,9812.554392352731,seed701_explore_lns_start58_late_best_rm25_tw10
0-14-59-63-33-27-21-23-61-44-40-38-41-3-8-46-6-7-53-10-66-56-54-37-35-43-1-4-60-55-70-20-25-58-26-0,9817.427477461126,seed701_explore_lns_start89_late_random_best_rm25_tw12
0-65-42-36-39-5-45-2-69-47-16-15-11-12-59-9-52-57-22-49-19-18-51-33-62-56-66-68-55-3-4-60-10-24-48-0,9818.170218582374,seed702_explore_lns_start66_late_random_best_rm25_tw12
0-63-33-28-27-31-62-61-44-40-38-41-6-7-8-3-46-53-66-56-55-68-54-37-35-43-1-4-60-17-10-13-58-25-48-24-20-70-0,9850.315177186489,seed606_lns_start6_late_best_rm8_tw6_guarded
0-14-65-63-33-28-27-29-31-30-62-19-51-61-7-6-8-46-3-44-40-38-41-43-37-35-54-55-60-53-10-17-13-58-25-20-70-0,9860.08827877677,seed701_explore_guarded
0-42-36-39-63-33-28-27-29-31-62-67-64-69-12-16-15-11-9-52-57-22-19-23-21-18-49-51-26-13-60-70-0,9874.167933242363,seed603_lns_start59_random_regret_rm8_tw15_guarded
0-42-36-39-5-45-2-14-11-15-47-16-12-69-64-67-62-30-28-51-22-49-23-57-52-9-10-46-3-1-4-60-13-48-58-0,9875.282779554376,seed701_explore_lns_start30_late_best_rm25_tw12
0-63-33-27-62-61-44-40-38-41-7-6-8-3-46-53-10-55-68-54-37-35-43-1-4-60-17-13-58-25-48-24-20-56-66-70-0,9896.238124748032,seed604_lns_start39_mixed_random_best_rm8_tw10_guarded
0-42-36-39-5-45-2-14-47-15-11-52-65-69-12-16-9-57-22-23-18-49-63-62-67-50-30-32-20-24-25-0,9910.875130865377,seed702_explore_lns_start61_late_regret_rm25_tw6
0-63-33-27-31-64-61-44-40-38-41-7-6-8-3-46-53-10-55-68-54-37-35-43-1-4-60-17-13-58-25-48-24-20-56-66-70-0,9915.472333637217,seed603_lns_start44_late_regret_rm8_tw15_guarded
0-63-33-28-27-64-61-44-40-38-41-7-6-8-3-46-53-10-55-68-54-37-35-43-1-4-60-17-13-58-25-48-24-20-56-66-70-0,9915.723131637153,seed602_lns_start32_late_regret_rm8_tw6_guarded
0-42-36-39-5-45-2-69-47-15-16-12-11-52-59-9-57-22-49-19-18-51-63-30-31-27-26-34-50-68-55-17-24-48-25-58-0,9927.860495684474,seed701_explore_lns_start71_late_regret_rm25_tw15
0-33-63-64-69-61-44-40-38-41-6-7-8-3-46-53-10-66-56-54-37-35-43-68-55-1-4-60-17-13-58-25-48-24-20-70-0,9935.269453888077,seed608_lns_start13_mixed_best_rm8_tw15_guarded
0-65-59-63-33-28-27-31-29-64-21-23-9-53-61-41-38-40-44-6-7-8-46-3-4-1-43-35-37-54-68-66-56-48-25-58-17-0,9941.408262486355,seed701_explore_guarded
0-65-59-27-33-21-23-61-44-40-38-41-7-6-8-3-46-53-66-56-54-37-35-43-1-4-55-60-10-58-25-20-50-32-70-0,9942.675712434073,seed702_explore_lns_start72_late_random_best_rm25_tw6
0-59-63-28-27-31-67-61-38-44-40-41-6-7-8-3-53-10-66-56-54-37-35-43-68-55-60-1-4-70-20-24-25-58-26-0,9985.055440213264,seed701_explore_lns_start36_late_random_best_rm25_tw15
0-65-59-31-62-21-64-67-61-44-40-38-41-53-7-6-8-46-3-68-43-35-37-54-34-32-20-25-10-17-60-4-0,9995.66597687743,seed702_explore_lns_start40_mixed_regret_rm25_tw15
0-63-33-14-47-21-19-61-44-40-38-41-8-7-6-46-53-9-10-66-56-68-54-37-35-43-1-3-4-17-13-58-24-20-0,10005.23685034554,seed702_explore_lns_start67_mixed_regret_rm25_tw10
0-42-36-39-5-45-2-69-14-47-59-11-16-12-52-57-22-23-18-49-51-62-67-50-34-31-30-26-32-20-24-13-60-55-70-0,10011.223339165037,seed701_explore_lns_start48_mixed_regret_rm25_tw8
0-42-36-39-5-45-2-69-14-11-47-12-15-16-59-9-52-57-22-19-21-18-49-51-67-30-28-26-32-66-24-13-17-1-25-0,10031.547696980619,seed701_explore_lns_start67_late_regret_rm25_tw8
0-42-36-39-5-45-2-14-47-15-11-52-69-12-16-9-57-22-19-18-21-23-49-51-63-30-28-34-56-66-24-13-17-60-48-0,10041.221566346607,seed701_explore_lns_start82_late_best_rm25_tw8
0-63-33-28-27-61-44-40-38-41-6-7-8-3-46-53-9-10-55-43-35-37-54-56-66-24-20-48-25-58-13-17-60-4-1-70-0,10042.637844506038,seed603_lns_start84_late_best_rm8_tw12_guarded
0-63-33-27-64-61-44-40-38-41-6-7-8-3-46-53-9-10-55-43-35-37-54-56-66-24-20-48-25-58-13-17-60-4-1-70-0,10069.286562125033,seed601_lns_start18_late_best_rm8_tw12_guarded
0-65-39-36-42-5-45-2-69-12-47-16-15-11-52-59-9-57-23-21-18-49-22-51-62-67-31-68-55-1-4-60-17-58-48-0,10077.130816863744,seed702_explore_lns_start27_late_regret_rm25_tw8
0-21-61-44-40-38-41-6-7-8-3-46-53-66-56-34-32-50-54-37-35-43-68-55-70-1-60-13-58-25-48-24-0,10078.877271117228,seed607_lns_start74_random_best_rm8_tw10
0-63-65-69-62-31-67-61-44-40-38-41-8-7-6-53-37-43-3-46-4-1-68-55-60-17-58-48-24-66-34-32-26-0,10083.886075824417,seed701_explore_lns_start32_random_random_best_rm25_tw8
0-65-39-36-42-45-5-2-69-14-47-15-16-11-12-9-52-57-23-21-18-19-49-22-64-51-34-30-28-26-32-24-0,10085.733701471576,seed604_lns_start8_mixed_random_best_rm6_tw10_guarded
0-42-36-39-5-45-2-69-65-14-47-15-11-52-12-16-9-57-21-18-19-49-22-64-67-50-29-30-32-1-17-48-25-58-0,10087.566754647441,seed702_explore_lns_start68_late_regret_rm25_tw10
0-42-36-39-5-45-2-69-47-15-12-52-11-16-9-57-22-19-23-21-18-49-51-62-33-34-29-32-56-66-68-55-13-24-25-0,10118.575588125008,seed702_explore_lns_start37_late_best_rm25_tw10
0-42-36-39-5-45-2-69-47-15-16-12-11-52-59-9-23-18-49-22-57-51-30-28-29-50-67-56-68-20-24-48-0,10129.976008539365,seed701_explore_lns_start56_late_random_best_rm25_tw10
0-42-36-39-5-45-2-14-47-15-11-52-69-12-16-9-57-22-19-23-21-18-49-51-63-26-29-67-56-20-24-13-17-60-58-25-0,10132.941484701361,seed702_explore_lns_start1_late_random_best_rm25_tw8
0-42-36-39-5-45-2-14-47-15-11-52-69-12-16-9-57-19-18-21-23-49-22-64-51-63-34-27-26-32-13-58-0,10141.860604612442,seed702_explore_lns_start5_late_best_rm20_tw10
0-42-36-39-5-45-2-14-47-15-11-52-69-12-16-9-57-22-19-21-18-49-51-63-62-30-29-26-56-55-13-25-48-0,10170.503915466641,seed701_explore_lns_start1_late_regret_rm20_tw6
0-42-36-39-5-45-2-69-31-29-27-28-30-33-62-67-51-18-49-22-57-9-11-15-16-47-12-68-55-60-13-24-25-58-0,10175.02738894476,seed701_explore_lns_start49_late_random_best_rm25_tw15
0-42-36-39-5-45-2-14-47-15-11-52-69-12-16-9-57-23-21-18-19-49-22-51-63-33-30-34-66-1-4-60-24-25-0,10175.858497423087,seed701_explore_lns_start5_late_random_best_rm25_tw10
0-65-39-36-42-45-5-2-69-14-47-15-16-11-12-9-52-57-22-49-18-51-31-29-27-26-28-34-50-20-66-55-60-13-0,10182.335914652256,seed702_explore_lns_start75_late_regret_rm25_tw10
0-42-36-39-5-45-2-14-47-15-11-52-69-12-16-9-57-19-23-21-18-22-49-51-67-34-27-26-33-20-24-13-0,10203.074379010068,seed701_explore_lns_start57_late_best_rm20_tw12
0-65-63-33-62-27-28-30-67-61-44-40-38-41-7-6-8-3-46-53-10-66-56-50-54-37-35-43-1-4-70-68-55-60-13-58-25-24-0,10216.925314111746,seed701_explore_lns_start11_late_random_best_rm25_tw8
0-42-36-39-5-45-2-69-14-47-15-11-52-12-16-9-57-23-18-21-49-22-64-51-63-50-34-29-41-68-55-13-58-25-0,10236.897527294435,seed702_explore_lns_start76_late_regret_rm25_tw10
0-65-14-59-63-28-29-62-67-61-44-40-38-41-7-8-3-46-6-53-10-66-68-43-37-35-54-56-20-48-24-13-60-70-50-34-0,10293.636762325403,seed701_explore_lns_start16_late_best_rm25_tw10
0-42-36-39-5-45-2-69-14-47-15-11-12-59-16-9-52-57-19-18-21-23-49-22-64-67-31-32-56-55-46-17-58-0,10301.752156862074,seed702_explore_lns_start87_late_regret_rm20_tw15
0-42-36-39-5-45-2-69-65-12-14-47-16-15-11-52-64-19-23-21-18-22-57-51-33-30-67-56-54-55-10-58-48-70-0,10305.593475476126,seed701_explore_lns_start26_mixed_random_best_rm25_tw8
0-65-42-36-39-5-45-2-14-47-15-11-69-12-16-9-57-64-22-49-18-51-67-50-34-29-30-26-27-4-17-24-25-0,10319.552099215462,seed701_explore_lns_start49_late_regret_rm25_tw6
0-42-36-39-5-45-2-69-65-14-47-15-11-52-12-16-9-57-22-19-49-51-62-34-31-30-28-26-32-56-66-24-13-4-0,10334.824893235485,seed701_explore_lns_start56_late_regret_rm25_tw12
0-65-63-33-28-23-30-51-61-41-38-40-44-6-7-8-3-46-53-10-55-68-54-37-35-1-4-60-13-58-48-20-66-0,10345.931098522533,seed702_explore_lns_start71_mixed_regret_rm25_tw8
0-42-36-39-5-45-2-69-12-47-15-16-11-64-19-18-21-23-57-22-49-51-67-30-29-34-33-32-20-24-9-13-17-4-0,10350.53145268988,seed701_explore_lns_start7_late_best_rm25_tw12
0-65-42-36-39-5-45-2-69-47-15-16-11-12-52-9-57-23-21-18-49-22-51-33-30-28-34-32-67-66-13-58-25-48-0,10365.792032686808,seed701_explore_lns_start81_late_best_rm25_tw8
0-14-65-63-28-29-19-23-64-61-44-41-38-40-6-46-8-7-53-10-20-56-66-68-54-37-35-3-4-70-17-13-25-32-0,10398.231051742498,seed701_explore_lns_start14_late_regret_rm25_tw15
0-14-65-63-33-21-64-69-61-44-40-38-41-57-53-6-7-8-46-3-43-37-35-54-68-55-1-4-10-13-58-25-48-24-20-56-0,10399.451583508422,seed701_explore_lns_start5_mixed_regret_rm25_tw6
0-42-36-39-5-45-2-14-47-15-11-52-69-12-16-9-57-23-21-19-49-22-64-51-62-67-31-32-56-68-55-60-13-48-25-58-0,10401.990538256423,seed701_explore_lns_start30_late_regret_rm25_tw8
0-14-65-63-33-28-27-30-31-61-41-38-40-53-7-6-8-46-3-44-43-37-35-54-68-55-4-1-70-60-13-58-25-24-56-34-0,10406.449156925815,seed702_explore_lns_start35_late_best_rm25_tw15
0-42-36-39-5-45-2-14-47-15-11-52-69-12-16-9-57-19-18-21-23-22-49-28-29-31-34-50-67-13-24-48-58-0,10429.370962315219,seed702_explore_lns_start76_late_regret_rm25_tw15
0-42-36-39-5-45-2-14-11-47-12-69-65-52-15-16-9-57-22-23-21-18-49-51-30-28-34-67-66-68-60-17-24-48-58-0,10429.955544454493,seed701_explore_lns_start15_late_regret_rm25_tw8
0-42-36-39-5-45-2-69-14-47-15-59-11-12-16-9-52-57-23-21-18-19-49-22-64-51-34-30-28-26-32-24-0,10444.932804519562,seed605_lns_start26_mixed_random_best_rm8_tw10_guarded
0-42-36-39-5-45-2-69-47-15-16-12-11-52-59-9-57-22-19-23-21-18-49-51-63-30-28-32-50-68-1-24-48-25-58-0,10473.827174938606,seed702_explore_lns_start2_late_best_rm25_tw8
0-42-36-39-5-45-2-14-11-47-12-69-65-52-15-16-9-57-22-19-18-21-23-49-51-67-33-26-56-10-24-48-0,10495.175465925442,seed701_explore_lns_start40_late_random_best_rm20_tw15
0-65-42-36-39-5-45-2-69-14-47-15-16-11-12-9-52-57-22-19-49-51-62-67-31-29-34-32-55-3-4-60-10-48-25-58-0,10497.660592606375,seed702_explore_lns_start49_late_best_rm25_tw15
0-42-36-39-5-45-2-69-14-47-15-11-12-59-16-9-52-57-19-18-21-23-22-49-51-30-31-29-26-24-13-0,10500.484341970776,seed702_explore_lns_start43_late_random_best_rm20_tw12
0-65-63-33-29-62-64-61-44-40-38-41-8-7-6-53-10-20-56-54-43-35-37-68-55-1-4-46-60-17-13-58-25-24-32-70-0,10501.99860837984,seed702_explore_lns_start82_late_random_best_rm20_tw6
0-63-33-28-27-31-61-44-40-38-41-6-7-8-3-46-53-9-66-56-55-68-54-37-35-43-1-4-60-17-13-58-25-48-20-24-70-0,10507.741891721638,seed601_lns_start6_late_regret_rm8_tw12_guarded
0-59-63-27-28-21-19-64-61-44-40-38-41-6-7-8-3-46-53-66-56-50-54-37-35-43-1-4-55-68-70-60-10-58-48-20-0,10517.317729889372,seed701_explore_lns_start85_late_best_rm25_tw12
0-42-36-39-5-45-2-69-47-15-52-65-11-12-16-9-57-19-18-21-22-49-20-51-62-30-28-32-68-55-4-1-70-24-48-0,10531.008926871831,seed702_explore_lns_start56_mixed_best_rm25_tw10
0-63-33-28-27-64-61-44-40-38-41-6-7-8-3-46-53-9-66-56-55-68-54-37-35-43-1-4-60-17-13-58-25-48-20-24-70-0,10533.560362911569,seed606_lns_start75_late_regret_rm8_tw6_guarded
0-65-39-36-42-5-45-2-47-14-12-11-15-59-16-9-52-57-23-21-18-19-49-22-64-51-62-67-26-20-48-0,10537.984627578331,seed604_lns_start36_mixed_best_rm8_tw10_guarded
0-42-36-39-5-45-2-69-65-52-59-15-16-47-14-12-11-9-57-23-21-18-19-49-22-51-64-67-30-26-32-4-0,10540.502666116152,seed601_lns_start83_late_random_best_rm8_tw10_guarded
0-65-59-63-33-23-67-61-44-40-38-41-7-8-6-46-53-10-20-56-66-68-54-37-35-43-3-4-1-70-55-13-25-24-32-0,10547.614184502494,seed702_explore_lns_start22_late_random_best_rm25_tw15
0-42-36-39-5-45-2-69-47-15-12-52-11-16-9-57-22-49-19-18-51-62-33-30-29-31-34-26-32-50-66-55-1-0,10555.792636989085,seed702_explore_lns_start61_late_best_rm25_tw15
0-42-36-39-5-45-2-14-11-47-12-69-65-52-15-16-9-57-22-19-18-21-23-49-51-63-62-34-26-56-48-25-58-0,10558.140286083757,seed702_explore_lns_start61_late_best_rm20_tw6
0-42-36-39-5-45-2-69-47-15-16-12-11-52-59-9-57-19-18-21-23-49-22-64-67-34-31-27-26-32-55-58-48-0,10563.690659468832,seed702_explore_lns_start58_late_best_rm25_tw10
0-42-36-39-5-45-2-69-14-47-15-59-11-12-16-9-52-57-23-21-18-19-49-22-64-51-34-30-28-26-32-1-48-0,10568.341356272935,seed607_lns_start22_mixed_best_rm8_tw15_guarded
0-42-36-39-5-45-2-14-47-15-11-52-69-12-16-9-57-22-19-23-21-18-49-51-34-31-30-28-26-56-20-24-10-17-0,10573.833194474491,seed702_explore_lns_start52_late_best_rm25_tw15
0-42-36-39-5-45-2-14-47-15-11-52-69-12-16-9-57-64-22-49-51-63-67-50-34-29-30-26-20-68-10-13-17-0,10589.524876287811,seed702_explore_lns_start20_late_best_rm25_tw8
0-42-36-39-5-45-2-69-47-15-16-12-11-52-59-9-57-22-19-23-21-18-49-51-62-50-29-28-32-56-10-17-13-58-48-0,10599.732245332889,seed702_explore_lns_start66_late_best_rm25_tw12
0-65-59-28-27-62-64-67-61-44-40-38-41-7-8-3-46-6-53-10-18-20-66-54-37-35-43-1-70-68-17-13-58-25-48-50-0,10605.751960905589,seed701_explore_lns_start78_late_regret_rm25_tw8
0-65-39-36-42-45-5-2-69-14-47-15-16-11-12-9-52-57-23-21-18-19-49-22-64-51-50-34-30-28-26-32-55-1-0,10618.2643524269,seed602_lns_start39_mixed_best_rm8_tw15_guarded
0-42-36-39-5-45-2-14-47-15-11-52-69-12-16-9-57-23-18-21-19-49-22-64-51-63-34-27-26-56-55-58-0,10627.316461233899,seed701_explore_lns_start86_late_regret_rm20_tw8
0-42-36-39-5-45-2-69-14-11-47-12-15-16-59-9-52-57-22-49-19-18-63-30-31-29-34-50-32-20-24-55-60-48-25-0,10639.73960352242,seed701_explore_lns_start11_late_regret_rm25_tw10
0-59-63-33-28-29-31-30-64-61-41-38-40-44-8-3-46-6-7-53-10-66-68-54-37-35-43-1-4-70-55-60-17-58-50-32-0,10669.842256502181,seed702_explore_lns_start70_late_regret_rm25_tw15
0-42-36-39-5-45-2-14-47-12-69-52-11-15-16-9-57-23-21-18-19-49-22-51-62-67-50-34-31-30-26-32-20-48-24-0,10697.916780190015,seed701_explore_guarded
0-65-59-63-27-28-33-21-23-64-67-41-38-40-44-61-53-6-7-8-46-3-43-37-35-54-68-66-20-24-48-25-58-13-10-17-60-70-1-0,10704.054703074204,seed702_explore_guarded
0-65-42-36-39-5-45-2-69-47-15-16-11-12-52-9-57-23-18-21-19-49-22-64-51-33-31-26-32-56-68-60-17-24-0,10715.455290388578,seed702_explore_lns_start15_late_best_rm25_tw12
0-65-42-36-39-5-45-2-69-47-15-16-11-12-52-9-57-22-49-19-18-51-63-62-67-30-27-26-66-55-60-58-25-0,10754.337899037511,seed702_explore_lns_start9_late_best_rm25_tw8
0-42-36-39-5-45-2-47-14-12-11-15-16-59-52-65-64-19-23-21-18-49-22-57-51-62-67-28-26-55-35-60-0,10773.945503517782,seed608_lns_start33_mixed_best_rm8_tw10_guarded
0-42-36-39-5-45-2-14-47-15-11-52-69-12-16-9-57-23-21-18-19-49-22-51-62-30-26-29-56-68-55-53-13-24-58-0,10814.16120000139,seed702_explore_lns_start26_late_random_best_rm25_tw6
0-65-33-63-64-61-44-40-38-41-7-6-8-3-46-53-10-55-68-4-1-43-35-37-54-56-66-20-24-48-25-58-13-17-60-70-0,10825.146073966222,seed608_lns_start71_mixed_regret_rm8_tw12_guarded
0-14-63-28-31-64-67-61-44-40-38-41-6-7-8-3-46-53-10-66-56-50-34-54-37-35-43-1-4-55-68-70-60-17-58-25-48-0,10846.972556520697,seed701_explore_lns_start33_late_best_rm25_tw6
0-42-36-39-5-45-2-69-14-11-47-12-15-16-59-9-52-57-19-18-21-23-22-49-51-64-67-27-32-24-13-17-48-0,10852.46975178121,seed702_explore_lns_start4_late_best_rm20_tw8
0-42-36-39-5-45-2-69-14-47-15-59-11-12-16-9-52-57-23-21-18-19-49-22-64-51-33-30-34-26-32-24-0,10853.703594589933,seed601_lns_start87_mixed_regret_rm6_tw8_guarded
0-36-39-42-5-45-2-47-15-12-59-52-11-16-9-57-22-19-23-21-18-49-51-62-67-50-30-28-32-68-55-4-13-58-0,10899.481550377142,seed701_explore_lns_start5_mixed_random_best_rm25_tw12
0-65-63-31-27-29-62-19-64-67-61-41-38-40-44-3-46-8-7-10-53-55-43-35-37-54-68-6-60-70-66-24-48-26-0,10919.347753677646,seed701_explore_lns_start48_late_regret_rm25_tw6
0-42-36-39-5-45-2-69-47-15-11-52-12-16-9-57-23-21-18-19-49-22-64-51-50-34-31-27-26-30-32-4-1-60-58-25-0,10927.292635131022,seed701_explore_guarded
0-42-36-39-5-45-2-69-12-47-16-15-11-52-59-9-57-23-21-18-19-49-22-51-64-56-67-62-50-34-26-32-66-10-13-48-0,10939.464471541856,seed702_explore_guarded
0-65-42-36-39-5-45-2-69-12-14-47-16-15-11-59-52-57-23-21-18-19-49-51-64-62-50-34-30-32-20-54-35-70-60-58-0,10951.862183805195,seed701_explore_lns_start66_mixed_random_best_rm25_tw6
0-42-36-39-5-45-69-11-15-59-52-23-21-18-19-22-57-49-51-67-31-29-27-30-32-54-37-35-43-8-17-13-70-0,10973.637935372642,seed701_explore_lns_start46_random_random_best_rm25_tw12
0-65-63-33-28-27-29-31-30-38-40-44-61-7-53-6-8-3-46-10-66-41-37-35-43-54-68-70-4-60-17-24-20-48-25-32-0,10975.063478669039,seed702_explore_lns_start19_late_random_best_rm25_tw10
0-42-36-39-5-45-2-69-12-47-16-15-11-52-59-9-57-23-21-18-19-49-22-51-33-30-34-28-26-32-50-68-20-24-48-25-58-0,10995.93022448133,seed702_explore_guarded
0-65-42-36-39-5-45-2-69-47-16-15-11-12-59-9-52-57-22-49-51-67-30-31-29-27-26-50-56-66-68-55-13-17-24-25-0,10998.560978777366,seed702_explore_lns_start47_late_regret_rm25_tw12
0-42-36-39-5-45-2-69-65-64-52-14-47-15-16-11-12-9-57-22-19-18-23-49-51-31-29-34-28-26-24-60-17-58-25-0,11060.381957474614,seed702_explore_lns_start88_late_regret_rm25_tw6
0-65-63-33-27-29-64-61-44-40-38-41-7-8-3-46-6-53-66-56-50-54-37-35-43-68-55-70-1-4-60-17-13-10-20-32-0,11079.361013779542,seed702_explore_lns_start89_late_random_best_rm20_tw10
0-65-59-27-62-21-19-64-61-38-40-41-6-7-8-3-46-53-66-56-50-34-54-44-43-37-35-70-4-17-10-24-20-0,11088.617852391135,seed702_explore_lns_start42_late_regret_rm25_tw15
0-42-36-39-5-45-2-14-47-15-11-52-65-69-12-16-9-57-19-18-21-23-49-22-51-63-62-67-20-55-13-58-25-0,11129.871428143353,seed702_explore_lns_start58_late_best_rm20_tw15
0-65-33-69-62-30-29-31-38-40-44-41-61-53-7-6-3-8-46-55-54-37-35-43-68-66-56-24-25-58-13-17-10-32-26-0,11156.684292762005,seed701_explore_lns_start82_mixed_regret_rm25_tw12
0-42-36-39-5-45-2-14-47-15-11-52-69-12-16-9-57-23-18-21-19-49-22-64-51-30-28-26-67-66-55-13-48-58-0,11175.497198333214,seed702_explore_lns_start33_late_random_best_rm20_tw6
0-42-36-39-5-45-2-69-65-52-59-15-16-47-14-12-11-9-57-23-21-18-19-49-22-51-62-67-28-26-35-4-1-0,11188.003100179285,seed603_lns_start73_mixed_best_rm8_tw15_guarded
0-42-36-39-5-45-2-69-14-47-15-59-11-12-16-9-52-57-23-21-49-22-51-62-67-34-30-27-26-68-4-17-24-48-25-58-0,11207.373852830593,seed702_explore_lns_start87_late_best_rm25_tw6
0-42-36-39-5-45-2-14-47-15-11-69-12-16-59-9-57-22-49-21-18-51-63-67-50-29-28-26-32-68-55-17-48-25-58-0,11225.433804005399,seed701_explore_lns_start46_late_best_rm25_tw12
0-42-36-39-5-45-2-69-65-52-59-15-16-47-14-12-11-9-57-23-21-18-19-49-22-51-62-67-50-34-29-26-66-0,11269.764577017573,seed603_lns_start1_late_regret_rm8_tw8_guarded
0-42-36-39-5-45-2-14-47-15-11-69-12-16-9-57-22-23-21-18-49-67-50-31-29-27-30-32-43-60-13-24-25-58-0,11270.705808676808,seed701_explore_lns_start7_late_regret_rm25_tw15
0-65-63-33-27-61-44-40-38-41-6-7-8-3-46-53-10-66-54-37-35-43-68-55-1-4-60-17-13-58-25-48-24-20-50-70-0,11284.34190455516,seed607_lns_start37_mixed_regret_rm8_tw15_guarded
0-42-36-39-5-45-2-14-47-15-11-52-69-12-16-9-57-22-19-18-21-23-49-51-62-31-28-30-50-56-66-24-25-0,11286.347963072889,seed702_explore_lns_start11_late_regret_rm20_tw8
0-42-36-39-5-45-2-14-47-15-11-52-69-12-16-9-57-22-19-23-21-18-49-51-62-67-30-26-27-1-4-60-13-58-25-48-0,11293.425252373174,seed702_explore_lns_start10_late_random_best_rm25_tw8
0-14-65-63-33-28-27-62-64-23-21-67-61-53-7-6-8-46-3-44-40-43-37-38-41-54-56-66-20-24-10-60-4-1-70-35-0,11322.990300159825,seed701_explore_guarded
0-65-42-36-39-5-45-2-69-47-15-16-11-12-52-9-57-23-18-49-22-62-67-30-28-29-26-34-20-24-48-60-4-1-25-0,11334.032208308594,seed701_explore_lns_start83_late_random_best_rm25_tw15
0-65-42-36-39-5-45-69-14-47-12-11-52-23-21-19-64-51-18-49-22-57-20-30-31-50-67-56-66-68-54-35-70-10-48-0,11335.952968449226,seed701_explore_lns_start69_mixed_regret_rm25_tw10
0-42-36-39-5-45-2-69-14-11-47-12-15-16-59-9-52-57-22-19-18-21-23-49-51-30-29-27-26-50-56-66-24-25-0,11337.975705602104,seed701_explore_lns_start66_late_regret_rm20_tw8
0-65-59-63-33-27-29-64-61-44-38-40-41-53-7-8-46-6-10-66-56-54-37-35-43-1-3-4-70-68-55-60-17-24-20-25-26-0,11344.394821950375,seed701_explore_lns_start31_late_random_best_rm20_tw10
0-42-36-39-5-45-2-14-47-15-11-52-69-12-16-9-57-22-23-21-18-19-49-51-64-62-30-68-55-46-60-13-48-70-35-0,11354.21936660809,seed701_explore_lns_start34_mixed_regret_rm25_tw10
0-63-33-28-27-31-61-44-40-38-41-6-7-8-3-46-53-66-56-55-68-54-37-35-43-1-4-60-17-10-9-58-25-48-20-24-70-0,11376.481702462961,seed601_lns_start11_late_best_rm8_tw8_guarded
0-42-36-39-5-45-2-14-47-15-11-52-69-12-16-9-57-19-49-22-64-51-63-67-50-34-27-26-28-32-68-55-13-48-25-58-0,11392.462903873295,seed702_explore_lns_start52_late_best_rm25_tw8
0-42-36-39-5-45-2-69-14-11-47-12-15-16-59-9-52-57-23-18-21-19-49-22-51-64-67-33-26-32-24-13-48-0,11397.241512772556,seed702_explore_lns_start55_mixed_best_rm25_tw6
0-65-59-63-33-28-29-31-64-61-44-40-38-41-6-7-8-3-46-10-66-56-54-37-35-43-68-55-53-17-24-20-50-34-32-70-0,11397.926985996555,seed702_explore_lns_start10_late_random_best_rm25_tw8
0-63-33-28-27-64-61-44-40-38-41-6-7-8-3-46-53-66-56-55-68-54-37-35-43-1-4-60-17-10-9-58-25-48-20-24-70-0,11402.300173652891,seed605_lns_start89_late_regret_rm8_tw10_guarded
0-42-36-39-5-45-2-14-11-47-69-65-12-15-16-9-52-57-19-18-21-23-49-22-20-51-67-50-31-30-26-48-24-0,11428.886697753434,seed702_explore_lns_start68_late_regret_rm20_tw12
0-65-59-33-28-27-31-29-21-23-64-67-61-41-38-40-44-6-7-8-46-3-43-37-54-56-66-55-53-10-17-13-58-25-24-20-70-35-0,11436.730658026238,seed702_explore_guarded
0-65-42-36-39-5-45-2-69-47-15-16-11-12-52-9-57-23-21-18-51-22-49-20-64-67-50-34-31-28-26-32-13-17-0,11452.48562739708,seed702_explore_lns_start86_late_regret_rm25_tw8
0-65-63-33-28-27-29-61-38-44-40-8-7-6-53-51-18-20-66-54-41-37-35-43-68-55-4-1-70-60-10-58-25-24-32-34-0,11459.259345655522,seed702_explore_lns_start58_late_best_rm25_tw6
0-42-36-39-5-45-2-69-64-52-14-47-15-16-11-12-9-59-57-22-19-18-21-23-49-51-34-31-29-50-55-13-0,11460.707853307198,seed701_explore_lns_start80_late_random_best_rm20_tw6
0-42-36-39-5-45-2-14-47-15-11-52-69-12-16-9-57-23-18-21-19-49-22-51-64-67-34-28-26-27-48-24-0,11470.082789993321,seed702_explore_lns_start80_late_random_best_rm20_tw6
0-65-14-59-63-33-31-19-64-61-44-38-41-53-7-6-8-46-3-40-43-37-35-54-68-55-4-1-70-60-10-66-20-32-26-0,11473.965201959849,seed702_explore_lns_start81_late_random_best_rm25_tw10
0-14-65-63-33-27-31-69-61-38-40-6-7-53-8-46-41-37-44-43-3-4-1-68-55-60-10-13-58-25-24-20-66-56-26-0,11483.583155399981,seed702_explore_lns_start1_random_random_best_rm25_tw8
0-65-42-36-39-5-45-2-69-47-16-15-11-12-59-9-52-57-22-49-19-18-51-30-28-27-29-34-26-32-68-55-10-25-0,11526.408958992233,seed702_explore_lns_start42_late_random_best_rm25_tw10
0-65-63-33-27-62-64-30-67-44-38-41-61-6-7-53-8-46-3-40-43-35-37-54-68-55-4-1-70-60-17-66-48-50-34-0,11536.450019907232,seed702_explore_lns_start33_late_random_best_rm25_tw6
0-42-36-39-5-45-2-14-47-15-11-52-69-12-16-9-57-22-23-21-18-19-49-51-64-56-67-62-50-34-31-26-32-48-24-0,11540.97701649096,seed701_explore_lns_start28_late_regret_rm20_tw15
0-42-36-39-5-45-2-14-11-47-12-69-65-52-15-16-9-57-22-19-18-21-23-49-51-63-67-30-26-32-24-13-58-25-0,11544.3382494686,seed702_explore_lns_start86_late_random_best_rm20_tw8
0-14-65-63-33-28-27-31-62-21-23-64-67-41-38-40-44-61-6-7-8-46-3-43-37-35-54-50-56-66-53-60-4-1-70-58-32-0,11564.778988087293,seed702_explore_guarded
0-65-63-27-31-23-67-44-40-38-41-61-6-7-8-53-10-46-55-3-4-1-68-43-35-37-54-56-66-20-48-25-50-0,11573.873336780642,seed702_explore_lns_start37_mixed_random_best_rm25_tw10
0-42-36-39-5-45-2-69-14-11-47-12-15-16-59-52-22-19-23-21-18-51-62-67-30-28-26-34-32-66-9-13-24-4-0,11575.966493015203,seed702_explore_lns_start42_mixed_random_best_rm25_tw10
0-65-42-36-39-5-45-2-69-47-16-15-11-12-59-9-52-57-23-18-21-19-49-22-20-51-62-56-64-66-10-55-4-60-58-48-32-0,11637.328782697117,seed702_explore_lns_start7_mixed_regret_rm25_tw15
0-65-14-59-33-28-29-31-67-38-40-44-53-6-7-8-61-41-46-3-43-37-35-54-56-66-68-4-1-70-60-17-13-10-24-25-0,11639.13646296141,seed701_explore_lns_start80_late_best_rm25_tw10
0-42-36-39-5-45-2-69-47-15-12-52-11-16-9-57-21-18-19-49-22-64-51-63-33-28-26-50-55-10-17-1-58-0,11645.548097785113,seed702_explore_lns_start48_late_random_best_rm25_tw8
0-42-36-39-5-45-2-69-65-52-59-15-16-47-14-12-11-9-57-23-21-18-19-49-22-51-62-67-28-26-66-20-24-0,11646.688809103718,seed607_lns_start30_mixed_regret_rm8_tw8_guarded
0-42-36-39-5-45-2-14-47-15-11-52-69-12-16-9-57-22-49-19-21-18-51-64-62-67-34-29-26-30-32-24-48-13-17-25-0,11653.620510165012,seed701_explore_lns_start62_late_random_best_rm20_tw6
0-42-36-39-5-45-2-14-47-15-11-52-69-12-16-9-57-22-49-21-18-51-62-33-30-28-27-32-68-60-17-13-24-25-0,11658.174471980921,seed702_explore_lns_start61_random_regret_rm25_tw8
0-42-36-39-5-45-2-69-65-14-47-15-11-59-52-12-16-9-57-22-49-19-23-18-51-62-34-30-26-48-24-13-17-60-4-0,11700.172797081392,seed702_explore_lns_start48_late_regret_rm25_tw10
0-33-61-38-44-40-41-6-7-8-3-46-53-10-66-56-54-37-35-43-68-1-4-60-17-13-58-25-48-24-20-34-70-0,11709.393643911328,seed601_lns_start68_mixed_random_best_rm8_tw6
0-65-63-33-31-29-21-64-61-41-38-40-44-6-7-8-46-53-66-56-50-32-26-34-54-68-37-35-43-3-60-17-58-25-48-0,11719.306848751323,seed701_explore_lns_start12_random_best_rm25_tw12
0-42-36-39-5-45-2-14-11-47-69-65-12-15-16-9-52-57-22-19-18-21-23-49-20-51-62-67-50-34-29-32-13-17-58-0,11722.233873813457,seed702_explore_lns_start64_late_regret_rm20_tw15
0-65-63-33-31-29-30-62-67-38-40-44-41-61-53-7-8-3-46-6-10-66-54-37-35-43-1-4-17-13-58-24-48-50-34-70-0,11733.055304026242,seed701_explore_lns_start78_late_best_rm25_tw10
0-65-42-36-39-5-45-2-69-47-15-16-11-12-52-9-57-23-21-18-19-22-49-20-51-63-33-27-68-55-4-60-17-58-25-48-0,11740.954700408234,seed701_explore_lns_start66_late_best_rm25_tw8
0-59-33-28-31-23-64-61-44-40-38-41-7-6-8-3-46-53-10-66-56-54-37-35-43-68-55-4-1-70-60-13-34-32-26-0,11745.089582319511,seed702_explore_lns_start32_late_regret_rm20_tw6
0-42-36-39-5-45-2-14-47-15-11-52-69-12-16-9-57-22-19-23-21-18-49-62-67-50-33-32-27-43-24-48-25-58-17-0,11768.257556693074,seed702_explore_lns_start7_late_regret_rm25_tw12
0-14-65-31-28-29-21-23-19-61-44-40-38-41-6-7-8-46-3-53-10-66-56-54-37-35-43-68-55-70-1-4-60-24-20-48-25-0,11769.328655950769,seed701_explore_lns_start25_random_regret_rm25_tw15
0-42-36-39-5-45-2-69-14-47-15-11-12-59-16-9-52-57-19-18-21-23-22-49-51-63-50-34-30-27-32-25-0,11770.62534788843,seed702_explore_lns_start72_late_random_best_rm20_tw15
0-42-36-39-5-45-2-14-47-15-11-52-69-12-16-9-57-19-18-21-23-22-49-64-51-50-29-27-26-30-20-48-17-0,11783.985084105221,seed701_explore_lns_start72_late_regret_rm20_tw15
0-65-59-27-31-62-64-67-61-44-38-41-53-7-6-8-46-40-37-54-50-56-66-10-60-3-4-1-55-68-70-43-35-26-0,11784.2571095239,seed702_explore_lns_start26_late_regret_rm20_tw8
0-59-63-33-28-27-64-61-44-40-38-41-7-6-8-3-46-53-10-66-56-54-37-35-43-4-1-68-70-55-60-17-13-25-48-34-26-0,11790.811789035735,seed701_explore_lns_start65_late_regret_rm20_tw6
0-65-39-36-42-45-5-2-69-64-47-16-15-11-12-9-57-21-18-19-49-22-51-67-34-31-27-26-30-32-66-1-13-58-25-0,11807.583698722488,seed701_explore_lns_start14_late_regret_rm25_tw15
0-42-36-39-5-45-2-69-14-11-47-16-15-59-12-9-52-57-19-18-21-23-22-49-64-51-34-31-29-26-32-20-48-17-0,11807.788883529727,seed701_explore_lns_start11_late_random_best_rm25_tw8
0-42-36-39-5-45-2-69-14-47-15-59-11-12-16-9-52-57-22-19-18-49-51-62-67-31-28-27-26-54-4-0,11813.361684960124,seed607_lns_start54_random_best_rm8_tw6_guarded
0-42-36-39-5-45-2-69-47-15-16-12-11-52-59-9-64-23-18-49-22-57-20-51-62-67-50-30-27-32-48-24-0,11828.601733251926,seed701_explore_lns_start89_late_regret_rm25_tw12
0-14-65-33-62-31-27-30-61-44-40-38-41-8-7-6-46-53-34-32-50-56-66-68-54-37-35-43-1-3-4-70-55-60-58-25-24-0,11831.454210882906,seed701_explore_lns_start64_late_best_rm25_tw12
0-42-36-39-5-45-2-14-11-47-69-65-12-15-16-9-52-57-19-18-21-23-49-22-20-64-51-30-31-32-56-13-17-58-0,11838.857232871924,seed701_explore_lns_start56_late_regret_rm20_tw15
0-42-36-39-5-45-2-69-14-11-47-12-15-16-59-9-52-57-23-18-21-19-49-22-64-63-33-26-32-68-55-13-24-48-58-0,11842.368183878027,seed702_explore_lns_start54_late_best_rm25_tw8
0-14-59-63-31-29-21-19-67-44-40-38-41-61-53-6-7-8-46-3-43-37-54-35-1-68-66-56-20-25-13-10-17-70-0,11843.581768613705,seed701_explore_lns_start18_late_regret_rm25_tw8
0-63-69-62-31-29-27-44-40-38-41-8-7-6-53-9-10-66-61-43-35-37-54-68-55-1-3-46-60-17-13-58-25-48-50-0,11848.854789550447,seed702_explore_lns_start88_mixed_random_best_rm25_tw10
0-59-63-33-31-27-29-62-61-44-38-40-41-8-7-6-53-67-56-66-68-54-37-35-43-3-4-46-60-17-10-13-58-25-48-20-24-70-0,11849.553451463,seed602_lns_start39_mixed_best_rm8_tw15_guarded
0-14-65-63-28-33-21-64-61-38-40-41-7-6-8-3-46-44-43-37-54-68-55-4-1-60-17-10-66-56-20-48-50-35-70-0,11879.067789599383,seed701_explore_lns_start71_late_best_rm25_tw10
0-42-36-39-5-45-2-14-47-15-11-69-12-16-9-57-22-49-19-23-18-51-63-33-30-29-26-32-67-68-4-17-58-25-0,11880.454661187694,seed701_explore_lns_start35_late_regret_rm25_tw6
0-14-59-52-64-62-19-67-61-41-38-40-7-8-6-46-3-44-43-37-54-68-55-4-1-60-17-10-13-25-48-20-34-35-70-0,11891.244019617046,seed701_explore_lns_start80_late_random_best_rm25_tw8
0-59-63-28-33-23-64-67-44-40-38-41-61-6-7-8-3-46-53-10-66-56-43-37-35-54-68-70-1-4-60-17-13-25-32-34-0,11899.247875777906,seed702_explore_lns_start47_late_regret_rm20_tw12
0-14-65-63-27-62-21-23-64-61-41-38-40-44-3-8-7-6-53-10-49-20-66-54-43-37-35-68-55-70-1-60-17-13-58-24-48-0,11902.355890031744,seed701_explore_lns_start37_mixed_regret_rm25_tw6
0-63-59-52-23-21-64-67-44-40-38-41-61-7-8-6-53-66-56-50-32-26-34-54-37-35-43-3-4-55-68-70-60-24-20-0,11920.99467369198,seed702_explore_lns_start9_late_best_rm25_tw8
0-42-36-39-5-45-2-14-47-15-11-69-12-16-59-9-57-19-18-21-23-22-49-20-51-33-28-26-29-68-55-13-48-58-0,11926.892851198805,seed701_explore_lns_start28_late_regret_rm25_tw8
0-65-14-47-59-31-67-61-44-40-38-41-8-7-6-53-10-9-20-66-56-54-37-35-43-1-3-4-46-70-55-60-17-13-58-25-34-0,11941.070022394792,seed702_explore_lns_start72_random_regret_rm25_tw15
0-42-36-39-5-45-2-69-14-11-47-12-15-16-59-9-52-57-22-19-21-18-49-51-62-50-34-31-29-30-26-55-13-24-0,11946.494683583309,seed702_explore_lns_start4_late_best_rm20_tw8
0-42-36-39-5-45-2-14-47-15-11-52-69-12-16-9-57-22-19-23-21-18-49-51-63-33-34-27-26-20-55-60-13-58-48-0,11949.050699941676,seed701_explore_lns_start62_late_best_rm25_tw12
0-42-36-39-5-45-2-14-47-15-11-69-12-16-9-57-23-21-19-49-22-51-33-30-31-27-26-32-50-56-66-55-1-17-13-48-0,11968.493170446196,seed701_explore_lns_start43_late_best_rm25_tw8
0-42-36-39-5-45-2-69-65-11-15-16-47-7-12-9-59-52-57-22-19-23-21-18-49-51-50-31-26-68-10-24-0,12002.5242902633,seed702_explore_lns_start81_late_random_best_rm25_tw8
0-42-36-39-5-45-2-69-12-47-16-15-11-52-23-21-18-19-64-57-22-49-51-62-33-30-31-29-32-20-68-13-24-25-58-70-0,12010.333661976725,seed701_explore_lns_start78_random_best_rm20_tw12
0-42-36-39-5-45-2-69-14-11-47-12-15-16-59-9-52-57-19-18-21-23-49-22-64-51-63-50-31-32-55-13-58-25-0,12036.804512580784,seed701_explore_lns_start18_late_best_rm25_tw15
0-65-14-59-33-27-29-31-19-61-41-38-40-44-6-7-8-46-3-53-66-20-56-68-43-35-37-54-50-24-58-13-10-4-70-0,12056.154864049126,seed702_explore_lns_start10_late_regret_rm25_tw8
0-42-36-39-5-45-2-69-14-11-47-12-15-16-59-9-52-57-23-18-21-19-49-22-64-67-29-30-26-32-55-10-25-48-0,12058.344613731193,seed701_explore_lns_start86_late_random_best_rm20_tw15
0-42-36-39-5-45-2-69-64-47-16-15-12-11-9-57-22-23-18-19-49-51-62-67-50-34-31-30-28-26-55-4-13-25-0,12063.391776860817,seed701_explore_lns_start69_late_best_rm25_tw15
0-14-59-63-33-31-27-64-67-38-40-44-41-61-53-6-7-8-46-3-66-56-54-37-35-43-20-24-25-58-10-17-60-1-70-34-0,12071.84982161327,seed701_explore_lns_start0_late_random_best_rm25_tw10
0-42-36-39-5-45-2-69-47-15-12-52-11-16-9-57-21-18-19-49-22-64-51-63-30-34-62-67-68-46-13-48-25-0,12083.728156929916,seed701_explore_lns_start28_late_random_best_rm25_tw12
0-65-42-36-39-5-45-2-69-47-16-15-11-12-59-9-52-57-19-23-21-18-49-22-20-51-34-31-29-27-32-48-60-17-0,12105.371950534318,seed701_explore_lns_start27_late_best_rm25_tw8
0-33-63-52-64-31-27-29-38-40-44-41-61-6-7-8-3-46-10-53-66-50-56-20-48-24-17-4-1-70-43-37-35-54-0,12118.150542439915,seed701_explore_lns_start49_late_random_best_rm25_tw6
0-42-36-39-5-45-2-14-47-15-11-52-69-12-16-9-57-21-18-19-49-22-64-67-34-31-29-30-28-26-32-13-17-48-25-58-0,12134.44468059885,seed702_explore_lns_start65_late_regret_rm20_tw8
0-65-42-36-39-5-45-2-14-11-12-47-16-15-59-23-21-19-18-49-22-57-64-51-63-62-67-30-26-32-56-4-60-17-25-0,12140.053048050331,seed701_explore_lns_start54_mixed_best_rm25_tw6
0-42-36-39-5-45-2-69-12-47-16-15-11-52-23-21-19-57-18-49-51-63-33-30-28-31-34-32-50-67-55-4-13-17-25-0,12145.929515025025,seed702_explore_lns_start80_mixed_best_rm25_tw12
0-65-39-36-42-2-69-12-14-47-15-59-52-23-21-19-18-22-64-51-49-57-56-67-62-50-33-26-32-40-35-13-70-0,12151.80379048313,seed701_explore_lns_start86_mixed_random_best_rm25_tw8
0-63-33-28-27-31-61-44-40-38-41-6-7-8-3-46-53-10-66-56-54-37-35-43-4-1-70-68-55-60-17-13-58-25-48-24-20-32-0,12167.475770873463,seed601_lns_start76_late_regret_rm8_tw6_guarded
0-14-63-31-27-28-30-64-61-44-40-38-41-7-6-8-46-3-53-10-66-56-50-34-26-54-37-35-43-1-4-70-55-13-25-0,12188.19155146719,seed701_explore_lns_start38_late_regret_rm25_tw8
0-63-59-47-14-23-61-44-40-38-41-6-7-8-3-46-53-66-56-50-34-26-32-54-37-35-43-1-4-70-55-60-17-13-58-25-48-24-0,12194.148096246088,seed602_lns_start6_random_regret_rm6_tw8_guarded
0-42-36-39-5-45-2-69-47-15-16-12-11-52-64-67-62-30-28-33-51-18-23-21-19-49-22-57-9-66-55-35-70-0,12194.537264988454,seed701_explore_lns_start5_mixed_regret_rm20_tw15
0-42-36-39-5-45-2-69-14-11-47-12-15-16-59-9-52-57-22-19-18-21-23-49-51-64-56-67-62-50-34-26-55-1-13-58-0,12197.250874798985,seed702_explore_lns_start19_late_random_best_rm25_tw10
0-65-14-47-59-23-21-19-67-44-61-41-38-40-3-46-8-7-6-53-66-56-54-37-35-43-4-1-60-10-13-58-25-48-20-50-70-0,12214.264191123531,seed702_explore_lns_start52_random_best_rm25_tw12
0-14-63-28-27-31-21-52-61-44-40-38-41-7-6-8-46-3-53-10-66-56-54-37-35-68-55-70-1-4-60-17-13-58-48-24-26-0,12226.729619469403,seed701_explore_lns_start9_late_regret_rm25_tw8
0-65-39-42-5-45-2-69-14-47-12-11-15-16-59-52-23-21-18-19-49-22-57-64-51-62-67-28-26-9-24-0,12237.028416905676,seed601_lns_start70_mixed_regret_rm8_tw8_guarded
0-42-36-39-5-45-2-14-11-47-69-65-12-15-16-9-52-57-22-19-18-21-23-49-20-51-64-67-29-26-10-13-0,12241.316463399355,seed701_explore_lns_start84_late_best_rm20_tw12
0-33-27-28-31-62-23-64-61-44-40-38-41-6-7-8-46-3-66-56-50-34-37-35-43-54-68-55-70-1-4-60-53-17-58-48-0,12258.914427146503,seed701_explore_lns_start37_late_random_best_rm20_tw15
0-42-36-39-5-45-2-69-65-12-14-47-15-16-11-52-23-21-18-19-49-22-64-51-63-33-30-67-57-0,12262.927779392068,seed602_lns_start81_mixed_best_rm8_tw8
0-65-63-28-29-31-67-61-44-40-8-7-6-53-9-10-66-50-34-41-43-35-37-38-54-68-55-1-3-46-17-58-25-0,12267.151703427964,seed701_explore_lns_start70_mixed_random_best_rm25_tw6
0-42-36-39-5-45-2-14-47-15-11-69-12-16-9-57-22-19-23-21-18-51-62-30-31-29-50-67-56-1-4-17-13-24-25-0,12268.07791012999,seed701_explore_lns_start52_random_regret_rm25_tw10
0-42-36-39-5-45-2-69-47-15-59-52-11-12-16-9-57-22-19-18-21-23-49-51-67-34-30-28-26-27-66-1-58-0,12272.717826636617,seed701_explore_lns_start68_late_random_best_rm25_tw6
0-63-33-69-62-19-64-61-44-40-38-41-7-8-3-46-6-53-10-49-20-54-37-35-43-68-55-70-1-4-60-17-24-25-34-0,12277.521196298818,seed701_explore_lns_start79_mixed_regret_rm25_tw6
0-42-36-39-5-45-2-69-12-47-15-16-11-52-64-23-21-18-19-22-57-9-20-49-51-30-31-29-34-67-43-55-60-17-13-0,12296.672355900333,seed702_explore_lns_start85_late_best_rm25_tw8
0-42-36-39-5-45-2-69-47-59-15-11-12-16-9-52-57-22-19-23-21-18-49-51-67-34-29-27-26-30-32-20-48-60-0,12298.07130538681,seed701_explore_lns_start83_late_best_rm25_tw6
0-14-63-33-27-31-64-23-51-67-61-44-38-41-6-7-8-46-3-40-43-35-37-54-68-55-53-10-13-58-25-48-24-66-50-70-0,12303.570251471458,seed701_explore_lns_start20_late_random_best_rm25_tw15
0-42-36-39-5-45-2-14-47-15-11-52-69-12-16-9-57-22-19-18-21-23-49-51-63-62-50-34-29-27-26-32-0,12305.892342777404,seed702_explore_lns_start34_late_random_best_rm20_tw10
0-65-33-63-23-21-62-31-30-61-41-38-40-44-3-46-8-7-6-53-66-56-50-34-26-54-37-35-43-4-70-68-55-60-25-0,12346.230117930774,seed701_explore_lns_start17_late_random_best_rm25_tw15
0-65-59-63-29-27-28-62-64-61-44-40-38-41-53-9-7-8-46-55-6-4-3-1-68-54-37-35-43-70-60-17-13-58-25-24-34-0,12350.009324371307,seed702_explore_lns_start30_mixed_best_rm25_tw6
0-59-33-62-28-29-31-30-38-40-44-61-53-7-6-8-3-46-10-66-56-50-34-54-41-43-37-35-68-70-1-4-60-24-20-48-0,12353.022694073803,seed702_explore_lns_start59_late_regret_rm25_tw6
0-65-39-36-42-5-45-2-69-12-47-16-15-11-59-9-57-22-49-21-18-51-63-30-31-29-27-26-32-34-50-68-55-1-60-25-0,12381.324887345723,seed701_explore_lns_start62_late_regret_rm25_tw15
0-65-42-36-39-5-45-2-69-47-15-16-11-12-52-9-57-22-19-23-21-18-49-51-62-50-30-29-28-26-32-68-55-4-13-48-0,12386.282936098347,seed701_explore_lns_start0_late_random_best_rm25_tw10
0-42-36-39-5-45-2-14-11-47-69-65-12-15-16-9-52-57-22-19-23-21-18-49-20-64-51-50-30-28-26-48-24-13-17-58-0,12386.83849209873,seed702_explore_lns_start35_late_regret_rm20_tw10
0-65-42-36-39-5-45-2-69-12-14-47-16-15-11-59-52-57-23-21-18-19-49-22-51-64-67-62-28-26-68-4-17-25-0,12387.416895578835,seed606_lns_start78_mixed_random_best_rm8_tw6_guarded
0-14-59-33-27-29-31-67-64-51-61-41-38-44-8-7-6-46-3-40-43-37-35-54-68-55-4-1-60-53-13-58-25-48-20-50-70-0,12387.789400186324,seed702_explore_lns_start25_late_best_rm25_tw12
0-14-59-63-33-30-27-29-61-44-41-38-40-6-7-8-46-3-53-66-56-54-37-35-43-1-4-60-10-13-58-25-48-20-50-34-0,12388.202358665267,seed701_explore_lns_start30_random_regret_rm25_tw8
0-42-36-39-5-45-2-69-14-47-15-59-11-12-16-9-52-57-23-21-18-19-22-49-51-50-34-31-29-28-26-32-56-66-20-24-48-25-58-0,12412.021797306992,seed702_explore_guarded
0-42-39-36-63-62-29-38-44-61-9-57-53-6-7-8-46-3-41-40-37-43-68-55-4-60-17-10-13-58-25-48-24-56-34-26-0,12418.74714276074,seed701_explore_lns_start47_random_random_best_rm25_tw10
0-65-63-33-27-29-31-61-7-44-41-53-6-8-3-46-10-40-43-37-38-35-54-68-55-60-4-1-70-66-56-48-25-13-0,12422.35539591457,seed701_explore_lns_start40_late_regret_rm20_tw6
0-63-33-28-27-31-64-61-44-40-38-41-7-6-8-3-46-53-10-55-68-54-37-35-43-1-4-60-17-13-58-25-48-20-24-66-56-32-70-0,12433.845423132772,seed606_lns_start78_late_regret_rm8_tw15_guarded
0-65-42-36-39-5-45-2-69-47-16-15-11-12-59-9-52-57-23-21-18-19-22-49-20-63-31-32-67-1-60-17-13-58-24-25-48-0,12446.785608313696,seed701_explore_lns_start66_late_regret_rm25_tw12
0-42-36-39-5-45-2-14-47-15-11-52-69-12-16-9-57-19-18-21-23-22-49-64-51-33-30-29-20-24-10-13-17-48-58-0,12452.475740894952,seed702_explore_lns_start18_late_random_best_rm20_tw15
0-65-42-36-39-5-45-2-69-47-15-16-11-12-52-9-57-22-49-18-51-63-30-27-29-31-34-67-43-3-4-1-58-25-0,12454.170189347617,seed702_explore_lns_start20_late_best_rm25_tw6
0-65-59-62-33-27-30-29-31-44-38-40-41-7-6-8-46-3-61-43-37-54-68-56-66-20-24-48-25-58-17-60-4-1-70-35-32-26-0,12460.365202318782,seed702_explore_lns_start62_late_random_best_rm25_tw15
0-42-36-39-5-45-2-14-11-47-12-69-65-15-16-9-52-57-18-49-22-64-62-67-34-29-26-30-68-55-46-3-60-48-0,12461.402964295443,seed701_explore_lns_start20_late_best_rm25_tw8
0-47-61-44-40-38-41-6-7-8-3-46-53-10-66-56-54-37-35-43-68-55-1-4-60-17-13-58-25-24-34-26-70-0,12464.354785283194,seed605_lns_start19_mixed_random_best_rm8_tw6
0-42-36-39-5-45-2-69-47-15-16-12-11-52-59-9-57-22-19-23-21-18-49-51-63-31-27-32-67-68-55-60-13-58-48-0,12470.488338394794,seed701_explore_lns_start66_late_regret_rm25_tw6
0-65-59-33-28-31-62-64-61-44-40-41-6-7-8-3-46-53-10-66-56-54-37-38-35-43-68-55-70-1-4-60-17-13-20-48-50-0,12501.93439904242,seed702_explore_lns_start44_late_regret_rm20_tw8
0-42-36-39-5-45-2-14-47-15-11-69-12-16-59-9-57-22-49-19-18-51-62-67-50-31-28-26-32-20-55-4-17-10-58-25-0,12507.15111830854,seed702_explore_lns_start69_late_best_rm25_tw12
0-42-36-39-5-45-2-14-47-15-11-69-12-16-9-57-22-19-23-21-18-49-51-30-31-28-26-32-67-68-55-4-46-10-58-25-0,12510.481880359635,seed702_explore_lns_start76_late_best_rm25_tw10
0-42-36-39-5-45-2-69-14-11-47-12-15-16-59-9-52-57-23-18-21-19-49-22-64-51-63-30-26-32-55-46-48-0,12512.759034309734,seed701_explore_lns_start66_late_random_best_rm20_tw15
0-42-36-39-5-45-2-69-47-15-11-52-12-16-9-57-23-21-18-19-49-22-64-51-62-67-50-34-29-26-30-32-20-24-17-0,12519.80365377425,seed701_explore_guarded
0-42-36-39-5-45-2-69-65-52-59-15-16-47-14-12-11-9-57-23-21-18-19-49-22-64-51-62-67-30-26-4-0,12535.63453000186,seed607_lns_start0_late_best_rm8_tw8_guarded
0-42-36-39-5-45-2-14-47-15-11-52-69-12-16-9-57-23-21-18-19-49-22-62-67-50-33-30-26-31-24-13-17-48-25-58-0,12536.33331897049,seed702_explore_lns_start7_late_random_best_rm25_tw10
0-63-36-39-42-5-45-2-69-11-15-16-47-12-9-52-57-21-18-49-22-51-64-67-50-34-31-30-28-26-32-55-60-58-25-0,12546.159371881875,seed702_explore_lns_start33_late_best_rm25_tw12
0-42-36-39-5-45-2-14-47-15-11-52-69-12-16-9-57-19-23-21-18-22-49-64-51-63-31-27-20-13-58-25-48-0,12547.590816603893,seed702_explore_lns_start79_late_best_rm20_tw10
0-59-63-33-28-31-62-61-44-40-38-41-6-7-8-3-46-53-66-56-50-32-34-54-37-35-43-70-68-55-60-17-10-13-58-24-20-48-0,12562.793270908725,seed604_lns_start11_random_regret_rm8_tw6_guarded
0-65-42-36-39-5-45-2-69-47-16-15-11-12-59-9-52-57-19-18-21-23-49-22-51-64-67-31-30-32-13-58-48-25-0,12568.357987937632,seed702_explore_lns_start49_late_random_best_rm25_tw12
0-30-61-44-38-41-53-7-6-8-3-46-40-43-37-54-68-55-1-4-60-17-10-13-58-25-48-20-24-66-56-35-0,12589.940686331696,seed601_lns_start16_mixed_best_rm8_tw12
0-65-42-36-39-5-45-2-69-47-16-15-11-12-59-9-52-57-23-21-18-22-49-64-51-33-30-26-20-24-10-13-17-55-58-25-0,12592.980609655004,seed702_explore_lns_start9_late_random_best_rm25_tw15
0-42-36-39-5-45-2-69-14-47-15-59-11-12-16-9-52-57-23-21-18-19-49-22-51-62-67-31-29-26-10-13-0,12606.185673851893,seed604_lns_start66_random_best_rm8_tw8_guarded
0-14-59-28-31-29-21-23-64-61-44-38-41-7-6-46-3-40-43-37-54-68-55-8-4-1-60-53-13-24-20-25-48-32-35-70-0,12613.756944019553,seed702_explore_lns_start77_late_best_rm25_tw12
0-65-33-27-31-29-64-61-44-40-38-41-7-6-8-3-46-53-10-66-56-68-54-37-35-43-60-17-13-24-25-48-20-50-34-26-0,12614.399351917124,seed701_explore_lns_start11_random_regret_rm25_tw10
0-65-42-36-39-5-45-2-69-47-15-16-11-12-52-9-57-22-19-18-21-23-49-63-62-34-30-28-26-32-56-66-24-10-17-0,12624.921934923883,seed702_explore_lns_start25_late_best_rm25_tw12
0-14-59-52-64-33-28-30-27-38-40-44-41-61-3-46-8-7-6-53-66-20-56-54-37-35-43-68-55-70-1-60-13-58-25-26-0,12630.015371580212,seed701_explore_lns_start77_late_best_rm25_tw12
0-42-36-39-5-45-2-14-11-47-69-65-12-15-16-9-52-57-22-19-23-21-18-49-20-51-62-67-34-27-26-56-13-24-48-25-0,12632.081339878903,seed702_explore_lns_start70_late_regret_rm25_tw15
0-14-59-63-31-29-27-28-30-67-38-40-44-41-61-8-7-53-34-26-50-56-54-43-37-35-70-46-6-60-66-20-25-48-32-0,12634.59638895166,seed702_explore_lns_start59_late_best_rm25_tw15
0-65-33-28-27-29-44-38-61-67-51-21-52-53-7-6-8-46-3-40-43-35-37-41-54-56-66-20-24-13-10-55-4-70-0,12647.548409816533,seed702_explore_lns_start37_late_regret_rm25_tw8
0-42-36-39-5-45-2-69-14-11-47-12-15-16-59-9-52-57-64-22-19-21-49-51-62-50-34-30-26-41-43-68-4-60-17-13-48-0,12658.426196574146,seed702_explore_lns_start48_late_regret_rm25_tw10
0-65-33-69-64-21-28-29-67-38-40-44-41-61-46-8-7-6-53-10-20-24-66-54-37-35-43-1-3-4-60-13-58-25-48-0,12663.145557752685,seed702_explore_lns_start17_mixed_best_rm25_tw10
0-65-42-36-39-5-45-2-69-12-47-16-15-11-52-59-9-57-19-18-21-22-49-20-62-34-29-28-26-30-32-56-1-4-60-17-0,12676.376935986904,seed701_explore_lns_start20_late_random_best_rm25_tw15
0-65-59-63-33-27-31-62-21-52-7-61-41-38-40-44-3-46-8-6-53-10-66-56-54-37-35-43-70-68-55-17-25-50-26-0,12697.74243241512,seed702_explore_lns_start46_late_regret_rm25_tw10
0-65-14-59-63-33-29-19-21-52-61-41-38-40-44-3-46-8-7-6-53-10-66-56-50-54-37-35-43-68-70-55-60-58-24-25-26-0,12701.15437814608,seed701_explore_lns_start56_late_regret_rm25_tw15
0-65-59-63-64-62-31-29-44-40-38-41-61-6-7-8-3-46-53-10-20-66-56-54-37-35-43-68-55-70-1-4-60-17-13-58-24-32-0,12749.706506677438,seed701_explore_lns_start77_late_best_rm20_tw10
0-65-42-36-39-5-45-2-69-47-16-15-11-12-59-9-52-57-22-18-21-23-49-51-64-67-62-30-26-32-66-68-55-13-58-25-0,12764.268201779698,seed701_explore_lns_start15_late_random_best_rm25_tw15
0-63-61-44-40-38-41-6-7-8-3-46-53-20-66-54-43-37-35-68-55-1-4-60-17-13-58-25-48-24-34-26-0,12777.271210686975,seed601_lns_start25_mixed_best_rm8_tw10
0-65-59-63-28-27-44-61-64-23-19-51-53-7-6-8-46-3-40-38-41-43-37-35-54-1-68-70-60-10-17-58-48-20-32-0,12778.73030181454,seed701_explore_lns_start80_late_regret_rm25_tw10
0-62-23-61-38-44-40-41-7-6-8-3-46-53-66-56-50-54-37-35-43-1-4-70-68-55-60-17-10-13-58-25-48-20-24-0,12781.356468932665,seed606_lns_start5_mixed_regret_rm8_tw8
0-65-42-36-39-5-45-2-69-47-15-16-11-12-52-9-57-23-19-49-22-64-30-31-29-27-26-34-68-3-46-17-24-25-58-0,12791.68312035431,seed702_explore_lns_start85_late_best_rm25_tw8
0-65-59-33-28-27-29-64-52-67-61-41-38-40-44-8-7-6-53-66-20-56-54-43-35-37-68-55-70-1-60-17-13-58-25-48-34-0,12796.339279134689,seed702_explore_lns_start66_late_best_rm25_tw15
0-33-61-44-40-41-6-7-8-3-46-53-10-66-56-54-37-38-35-43-68-55-70-1-4-60-17-13-58-25-48-20-24-0,12804.46546304454,seed605_lns_start6_mixed_regret_rm8_tw8
0-42-36-39-5-45-2-69-47-15-59-52-11-12-16-9-57-22-49-19-23-18-51-63-50-34-31-29-26-32-67-46-1-60-58-25-0,12828.781043483332,seed702_explore_lns_start79_late_random_best_rm25_tw15
0-42-36-39-5-45-2-14-47-15-11-52-69-12-16-9-57-21-18-19-49-22-64-51-63-62-50-34-29-26-30-56-24-17-0,12851.375713001613,seed702_explore_lns_start46_late_regret_rm20_tw6
0-69-61-44-40-38-41-53-7-6-8-3-46-37-43-54-68-55-1-4-60-17-10-58-25-48-20-24-66-56-32-26-0,12861.763524258542,seed608_lns_start66_random_regret_rm8_tw12
0-65-59-28-27-62-64-52-19-61-41-44-38-40-3-46-7-8-6-53-10-20-24-66-54-37-35-43-1-4-70-17-13-32-26-0,12871.622569959227,seed702_explore_lns_start71_late_random_best_rm25_tw6
0-65-39-36-42-5-45-2-69-12-47-16-15-11-59-9-52-57-64-22-49-19-18-51-62-31-29-27-68-55-4-60-17-13-48-25-0,12878.799303294865,seed702_explore_lns_start66_late_regret_rm25_tw15
0-42-36-39-5-45-2-69-65-52-59-15-16-47-14-12-11-9-57-23-21-18-19-49-22-51-62-67-50-34-29-30-26-0,12881.17023777753,seed606_lns_start78_late_regret_rm8_tw15_guarded
0-65-63-33-28-29-67-38-44-40-41-61-53-7-6-46-8-10-66-56-54-37-35-43-1-3-4-70-68-55-60-13-24-20-25-34-0,12888.835146546802,seed701_explore_lns_start51_late_regret_rm20_tw12
0-42-36-39-5-45-2-69-14-11-47-12-15-16-59-9-52-57-22-49-19-23-18-51-63-30-26-34-62-67-56-55-4-60-48-25-58-0,12897.548644129467,seed702_explore_lns_start44_late_best_rm25_tw12
0-42-36-39-5-45-2-69-14-11-47-16-15-59-12-9-52-57-23-21-18-19-22-49-20-51-31-29-28-26-32-56-10-13-24-25-58-0,12918.89353612281,seed702_explore_lns_start33_late_random_best_rm25_tw6
0-42-36-39-5-45-2-69-65-14-47-15-11-52-12-16-9-57-22-19-18-23-49-51-63-34-30-28-26-32-67-66-55-60-17-0,12927.830993077785,seed702_explore_lns_start6_late_regret_rm25_tw12
0-42-36-39-5-45-2-14-47-15-11-69-12-16-9-57-23-21-18-19-49-22-51-63-30-26-29-56-64-20-10-60-68-48-25-0,12928.31317835749,seed702_explore_lns_start22_late_random_best_rm25_tw12
0-42-36-39-5-45-2-69-47-15-11-52-12-16-9-57-22-49-19-21-18-51-64-67-62-50-34-27-33-66-20-24-13-25-0,12937.966373166591,seed701_explore_lns_start30_late_random_best_rm25_tw15
0-42-36-39-5-45-2-69-14-11-47-16-15-59-12-9-52-57-23-21-18-19-22-49-20-64-51-28-26-27-32-56-68-55-60-25-0,12960.822491359148,seed701_explore_lns_start78_late_best_rm25_tw10
0-42-36-39-5-45-2-69-65-62-29-30-28-27-31-67-12-47-16-15-11-9-57-22-49-21-18-51-20-24-68-55-4-60-58-0,12988.689537660968,seed701_explore_lns_start31_late_random_best_rm25_tw12
0-42-36-39-5-45-2-14-47-15-11-52-69-12-16-9-57-22-49-19-21-18-51-63-30-27-34-50-62-67-56-20-24-13-58-0,12989.878241129987,seed701_explore_lns_start87_late_random_best_rm20_tw12
0-65-63-33-27-64-69-61-44-38-40-8-7-6-53-57-22-20-56-50-34-26-32-54-41-37-43-1-4-46-55-60-17-13-58-25-48-24-0,13008.04666605124,seed701_explore_lns_start85_random_best_rm20_tw12
0-62-30-61-38-44-40-41-7-8-3-46-6-10-53-55-68-54-37-35-43-1-4-60-17-13-58-25-48-20-24-66-56-50-0,13013.84583814949,seed604_lns_start39_mixed_random_best_rm8_tw10
0-42-36-39-5-45-2-14-11-47-12-69-65-15-16-9-52-57-22-49-19-23-18-51-63-62-67-50-34-30-26-32-56-25-58-0,13021.04842416142,seed702_explore_lns_start18_late_random_best_rm25_tw10
0-45-65-33-63-21-23-64-67-61-38-44-8-7-6-53-46-3-41-40-43-37-35-54-68-55-1-4-60-17-10-13-58-25-24-34-70-0,13022.484794892667,seed701_explore_lns_start8_mixed_random_best_rm25_tw8
0-65-33-28-27-31-29-21-64-61-44-38-40-41-7-6-8-46-3-53-10-66-50-32-20-24-13-17-68-70-1-43-35-37-54-0,13026.626763811495,seed702_explore_lns_start44_late_best_rm25_tw12
0-42-36-39-5-45-2-14-47-15-11-52-69-12-16-9-57-22-19-23-21-18-49-51-62-67-50-34-31-30-28-32-13-58-48-0,13026.84247696192,seed701_explore_lns_start31_late_random_best_rm20_tw10
0-42-36-39-5-45-2-14-47-15-11-69-12-16-9-57-22-49-18-51-62-30-27-29-31-34-50-67-56-64-68-55-13-17-0,13043.388902307363,seed702_explore_lns_start58_late_random_best_rm25_tw10
0-14-65-63-31-28-33-62-64-40-44-61-53-7-8-3-46-6-10-66-56-54-41-38-37-35-43-1-4-70-68-55-17-13-58-25-24-50-0,13045.488652838616,seed701_explore_lns_start83_late_best_rm25_tw6
0-42-36-39-5-45-2-69-65-52-59-15-16-47-14-12-11-9-57-23-21-18-19-49-22-51-64-67-50-34-29-30-26-32-0,13071.392396011368,seed606_lns_start6_late_best_rm8_tw6_guarded
0-42-36-39-5-45-2-14-47-15-11-69-64-12-16-9-57-23-18-19-49-22-20-51-34-29-28-30-32-67-1-4-60-13-58-24-48-0,13080.356598617629,seed702_explore_lns_start46_late_regret_rm25_tw10
0-42-36-39-5-45-2-69-47-15-12-52-11-16-9-57-23-21-18-19-49-22-51-64-67-31-29-26-32-33-48-24-13-17-60-0,13096.779553926004,seed701_explore_lns_start15_late_best_rm25_tw8
0-42-36-39-5-45-2-14-47-15-11-52-69-12-16-9-57-22-19-23-21-18-49-51-67-31-27-28-30-32-55-17-48-25-58-0,13103.760759985878,seed702_explore_lns_start81_late_random_best_rm20_tw12
0-65-14-59-63-28-27-30-62-61-44-40-41-6-7-8-3-46-53-10-66-56-54-38-37-35-43-1-4-70-68-55-58-25-20-50-34-0,13111.519770259152,seed701_explore_lns_start15_late_best_rm25_tw8
0-65-39-36-42-5-45-2-69-12-47-16-15-11-52-59-9-57-22-49-19-23-21-18-63-34-31-27-26-56-68-1-4-17-13-58-25-48-0,13161.49541759278,seed702_explore_lns_start56_late_regret_rm25_tw15
0-42-36-39-5-45-2-14-47-15-11-52-69-12-16-9-57-23-18-21-19-49-22-51-64-67-34-31-27-30-32-13-48-25-58-0,13179.237246877881,seed701_explore_lns_start11_late_best_rm20_tw10
0-42-36-39-5-45-2-69-14-11-47-16-15-59-12-9-52-57-23-21-18-22-49-51-33-30-28-32-34-50-56-1-4-17-13-58-25-20-0,13182.614782596145,seed701_explore_lns_start48_late_regret_rm25_tw6
0-14-63-62-31-29-28-30-23-51-61-41-38-40-44-3-46-8-7-6-53-10-66-56-54-37-35-43-68-55-70-60-13-58-25-48-32-0,13193.661156076485,seed702_explore_lns_start68_late_regret_rm25_tw6
0-42-36-39-5-45-2-69-65-64-52-59-47-15-11-12-16-9-57-22-19-18-21-49-20-67-50-34-27-26-33-24-17-4-1-0,13197.944505854099,seed702_explore_lns_start68_late_regret_rm25_tw6
0-42-36-39-5-45-2-69-65-52-59-15-16-47-14-12-11-9-57-23-21-18-19-49-22-51-62-67-50-34-29-26-30-32-56-0,13219.238259989383,seed602_lns_start73_late_regret_rm8_tw6_guarded
0-42-36-39-5-45-2-14-47-59-16-15-11-12-9-57-22-19-18-21-23-49-51-62-34-31-29-27-26-30-32-48-24-17-25-0,13220.940892559624,seed702_explore_lns_start88_mixed_random_best_rm25_tw10
0-31-61-38-44-40-41-6-7-8-3-46-53-10-66-56-54-37-35-43-68-55-1-4-60-17-13-58-25-48-24-20-34-70-0,13240.911975984003,seed605_lns_start66_mixed_random_best_rm8_tw6
0-63-65-14-59-52-62-31-29-27-38-40-44-61-7-8-46-6-53-56-50-34-54-41-43-37-35-4-3-1-70-60-10-58-25-48-24-0,13248.026918100793,seed701_explore_lns_start82_late_best_rm25_tw15
0-65-59-33-62-31-29-30-23-21-18-61-53-7-6-8-46-3-41-38-37-40-43-44-54-66-56-20-24-10-17-60-4-1-70-35-0,13254.39953214927,seed702_explore_lns_start52_late_best_rm25_tw8
0-42-36-39-5-45-2-69-14-11-47-16-15-59-12-9-52-57-23-21-18-19-22-49-51-62-67-34-30-28-26-32-20-24-13-17-25-0,13266.468845141104,seed702_explore_lns_start82_late_regret_rm20_tw8
0-59-63-33-28-27-29-62-38-44-2-7-15-16-9-53-6-8-46-61-41-37-40-43-3-1-4-55-60-17-13-58-25-24-34-32-26-0,13290.417920945496,seed701_explore_lns_start69_mixed_regret_rm25_tw10
0-42-36-39-5-45-2-14-47-15-12-52-11-16-9-57-22-19-23-21-18-49-51-63-30-28-27-50-56-10-13-17-43-35-70-0,13331.34290969124,seed701_explore_lns_start84_random_random_best_rm25_tw15
0-42-36-39-5-45-2-14-11-47-12-69-65-15-16-9-52-57-22-49-19-23-21-18-33-30-27-26-32-66-55-53-13-24-48-25-0,13342.564384381543,seed701_explore_lns_start34_late_regret_rm25_tw8
0-63-33-28-27-29-62-64-21-18-53-7-6-61-41-38-40-44-3-8-46-43-37-35-54-68-56-66-10-17-60-55-70-32-0,13345.18210301827,seed701_explore_lns_start56_late_regret_rm25_tw10
0-14-33-31-29-62-64-67-38-40-41-61-53-8-7-6-46-3-44-43-37-54-50-56-66-24-48-25-58-13-10-17-4-1-70-55-35-0,13350.981915931732,seed702_explore_lns_start17_late_best_rm25_tw15
0-14-65-63-29-27-28-30-67-38-44-40-41-53-7-6-8-46-3-61-56-66-54-37-35-43-68-55-10-17-13-25-20-50-34-70-0,13351.817956930548,seed702_explore_lns_start83_late_best_rm25_tw12
0-65-59-33-28-29-31-23-64-61-44-41-38-40-3-8-6-46-7-53-10-66-54-43-37-35-68-55-70-1-4-60-17-25-48-32-26-0,13372.33818171518,seed701_explore_lns_start87_late_random_best_rm20_tw12
0-14-63-31-28-62-30-67-44-38-61-53-6-7-8-46-3-41-40-43-37-35-54-68-55-4-60-17-10-13-58-24-66-56-50-32-0,13395.536149679341,seed702_explore_lns_start42_random_regret_rm25_tw15
0-65-63-33-27-28-64-61-38-44-8-7-6-53-19-51-50-34-26-41-40-43-37-35-54-68-55-3-1-70-66-24-20-48-58-0,13395.955564014785,seed702_explore_lns_start22_late_best_rm25_tw8
0-42-36-39-5-45-2-69-12-47-15-16-11-52-64-23-21-18-19-22-57-9-20-49-51-63-62-50-34-30-26-27-32-55-48-58-0,13406.403140342854,seed701_explore_lns_start80_late_best_rm25_tw10
0-65-63-33-27-62-64-61-44-38-40-8-7-6-41-26-34-50-56-66-68-54-37-35-43-3-46-4-1-70-55-53-60-17-10-58-25-0,13407.572828121025,seed702_explore_lns_start64_late_best_rm25_tw8
0-42-36-39-5-45-2-14-11-47-12-69-65-15-16-9-52-57-64-22-49-51-63-62-67-34-27-32-56-66-24-48-25-13-4-1-0,13427.05599255634,seed702_explore_lns_start85_late_random_best_rm25_tw10
0-69-61-38-44-40-41-7-53-6-8-46-3-43-37-54-56-66-20-24-48-25-58-13-17-10-60-4-1-70-68-35-50-0,13430.808094292914,seed608_lns_start9_mixed_best_rm8_tw15
0-59-14-47-63-27-61-44-40-38-41-6-7-8-3-46-53-66-56-50-34-32-26-37-35-43-54-68-70-55-60-17-13-58-25-48-20-24-0,13439.831093748637,seed602_lns_start44_random_regret_rm8_tw12_guarded
0-65-28-62-31-29-30-67-51-61-44-40-38-41-3-46-8-6-7-10-53-55-68-54-37-35-4-60-17-13-58-48-24-66-70-34-0,13453.31990089377,seed701_explore_lns_start30_late_regret_rm25_tw6
0-42-36-39-5-45-2-69-65-52-59-15-16-47-14-12-11-9-57-23-21-18-19-49-22-51-62-67-50-34-30-28-26-32-66-0,13454.025175007526,seed605_lns_start3_late_random_best_rm8_tw8_guarded
0-65-42-36-39-5-45-2-69-47-15-16-11-12-52-9-57-22-23-21-18-19-49-64-51-33-62-68-55-3-1-4-17-10-13-58-24-0,13474.735070957504,seed702_explore_lns_start59_late_best_rm25_tw15
0-28-61-44-40-38-41-6-7-8-3-46-53-10-20-66-54-43-37-35-68-55-1-4-60-17-13-58-25-24-34-26-0,13486.110904388795,seed607_lns_start27_mixed_random_best_rm8_tw6
0-14-65-33-27-31-29-62-64-67-38-40-44-41-61-53-7-6-8-46-3-10-20-66-56-54-37-35-43-4-70-55-60-17-13-34-26-0,13497.771501036406,seed702_explore_lns_start2_late_best_rm25_tw8
0-42-36-39-5-45-2-14-47-15-11-69-12-16-9-57-23-18-49-22-51-63-30-28-27-29-31-34-56-66-55-60-13-24-58-0,13520.143888078284,seed702_explore_lns_start61_late_best_rm25_tw12
0-14-59-63-62-33-27-29-30-19-61-41-38-40-3-46-8-7-6-10-53-55-44-43-37-35-54-68-70-1-4-60-66-56-24-48-25-58-0,13523.503618438175,seed702_explore_lns_start86_late_regret_rm25_tw8
0-42-36-39-5-45-2-14-47-15-11-52-69-12-16-9-57-22-19-23-21-18-49-51-63-30-34-29-27-26-67-32-24-25-58-0,13539.630258630536,seed702_explore_lns_start44_late_regret_rm20_tw8
0-65-14-59-63-64-23-21-19-30-67-53-7-6-8-46-3-61-41-38-40-44-43-37-35-54-55-66-20-48-25-13-17-70-50-32-0,13546.634946043363,seed701_explore_lns_start29_late_best_rm25_tw6
0-42-36-39-5-45-2-14-47-15-11-52-69-12-16-9-57-23-21-49-22-51-30-28-27-34-50-62-64-20-24-66-55-60-17-25-48-0,13548.487273542567,seed701_explore_lns_start58_late_regret_rm25_tw10
0-63-33-62-28-29-31-30-61-44-40-38-41-8-7-6-46-53-10-66-56-54-37-35-43-1-3-4-70-68-55-60-13-25-48-50-32-26-0,13553.107419173453,seed701_explore_lns_start87_late_best_rm25_tw12
0-42-36-39-5-45-2-69-47-15-16-11-65-12-9-57-23-21-18-51-22-49-20-64-67-62-30-26-27-24-10-17-25-0,13567.560711769669,seed702_explore_lns_start81_late_random_best_rm25_tw8
0-63-33-28-27-31-61-44-40-38-41-6-7-8-3-46-53-66-56-55-68-54-37-35-43-1-4-60-17-10-13-58-25-48-24-20-51-70-0,13568.886431776684,seed606_lns_start49_late_best_rm8_tw6_guarded
0-42-36-39-5-45-2-69-47-15-59-52-11-12-16-9-57-23-21-18-19-22-49-20-51-28-29-31-56-64-55-4-60-48-25-58-0,13575.380214587174,seed702_explore_lns_start59_late_best_rm25_tw12
0-42-36-39-5-45-2-14-47-15-11-52-69-12-16-9-57-19-18-21-23-22-49-51-33-30-28-27-29-55-17-58-25-0,13579.087484737334,seed701_explore_lns_start66_late_random_best_rm20_tw12
0-42-36-39-5-45-2-69-14-11-47-12-15-16-59-9-52-57-22-19-23-21-18-49-51-62-67-50-34-29-33-13-17-48-58-0,13618.1649028236,seed702_explore_lns_start12_late_regret_rm20_tw15
0-65-42-36-39-5-45-2-69-47-16-15-11-12-59-9-52-57-23-19-49-22-63-62-67-34-29-30-26-32-48-24-13-4-1-0,13622.140291182432,seed702_explore_lns_start69_late_regret_rm25_tw6
0-42-36-39-5-45-2-69-14-11-47-12-15-16-59-9-52-57-22-19-23-21-18-49-51-62-67-34-28-27-26-56-13-48-0,13626.46288516338,seed701_explore_lns_start8_late_best_rm25_tw15
0-14-59-63-33-28-27-29-31-30-67-44-61-38-40-41-3-6-46-8-7-10-53-68-43-37-35-54-56-66-20-24-48-25-58-13-60-55-70-26-0,13640.67464475502,seed701_explore_lns_start16_late_random_best_rm25_tw6
0-42-36-39-5-45-2-14-47-15-11-52-69-12-16-9-57-22-19-23-21-18-49-51-63-30-28-32-62-67-56-13-58-48-0,13642.987135501566,seed701_explore_lns_start4_late_best_rm20_tw15
0-31-29-61-7-41-38-44-40-8-53-10-6-46-3-4-1-43-35-37-54-68-55-66-56-24-48-25-58-13-17-60-70-0,13644.302149814537,seed605_lns_start34_late_regret_rm8_tw10
0-42-36-39-5-45-2-69-47-15-16-12-11-52-59-9-57-23-21-18-19-22-49-51-64-67-62-50-29-26-32-20-66-10-17-48-0,13651.422402605143,seed702_explore_lns_start35_late_best_rm25_tw15
0-33-31-61-7-41-38-44-40-8-53-10-6-46-3-4-1-43-35-37-54-68-55-66-56-24-48-25-58-13-17-60-70-0,13652.279080969376,seed601_lns_start23_late_regret_rm8_tw10
0-31-27-61-7-41-38-44-40-8-53-10-6-46-3-4-1-43-35-37-54-68-55-66-56-24-48-25-58-13-17-60-70-0,13653.52839963103,seed606_lns_start74_late_regret_rm8_tw6
0-33-27-61-7-41-38-44-40-8-53-10-6-46-3-4-1-43-35-37-54-68-55-66-56-24-48-25-58-13-17-60-70-0,13661.859522116976,seed601_lns_start88_late_random_best_rm8_tw12
0-42-36-39-5-45-2-69-47-15-12-52-11-16-9-57-22-49-18-51-33-28-26-27-29-31-34-62-56-68-1-4-60-10-24-58-0,13667.687485861246,seed701_explore_lns_start29_late_best_rm25_tw6
0-14-33-62-64-30-28-29-51-67-61-41-38-40-6-7-8-46-3-44-43-37-35-54-55-66-20-24-10-53-60-70-50-32-0,13672.629744011714,seed702_explore_lns_start56_late_regret_rm25_tw15
0-14-63-33-28-27-29-31-30-67-61-44-38-41-6-7-53-34-50-26-40-43-35-37-54-68-70-1-3-46-8-17-13-24-25-0,13673.56651879021,seed702_explore_lns_start7_mixed_regret_rm25_tw15
0-65-63-33-28-31-62-64-67-38-40-44-61-53-6-7-8-3-46-41-34-32-37-35-43-54-68-55-70-1-4-60-17-10-13-58-48-20-0,13680.93487596513,seed701_explore_lns_start66_late_regret_rm20_tw8
0-65-14-59-63-27-62-64-61-44-40-38-41-6-8-7-46-53-34-50-56-66-55-68-54-43-35-37-1-3-4-70-17-10-20-48-0,13682.324252863158,seed701_explore_lns_start14_late_random_best_rm25_tw15
0-65-61-38-44-40-8-7-41-3-46-10-53-55-68-6-1-43-35-37-54-56-66-24-20-48-25-58-13-17-60-70-0,13690.571635673761,seed601_lns_start79_mixed_regret_rm8_tw12
0-42-36-39-5-45-2-69-12-47-15-16-11-23-21-19-18-9-57-22-49-64-51-33-30-28-26-32-67-66-68-55-17-13-20-0,13703.380704459467,seed701_explore_lns_start82_late_best_rm25_tw15
0-65-63-33-28-64-52-69-67-61-44-41-38-40-3-8-46-6-7-53-10-55-68-54-37-35-43-4-1-70-60-13-58-20-66-56-50-0,13714.055767871738,seed702_explore_lns_start88_mixed_random_best_rm25_tw10
0-42-36-39-5-45-2-14-47-15-11-52-69-12-16-9-57-22-19-23-21-18-49-51-62-67-50-34-30-28-26-27-32-55-48-25-58-0,13730.379918083981,seed702_explore_lns_start62_late_random_best_rm20_tw6
0-42-36-39-5-45-2-69-65-52-59-15-16-47-14-12-11-9-57-23-21-18-19-49-22-64-67-62-50-34-29-30-26-32-0,13765.41606510825,seed606_lns_start49_late_best_rm8_tw6_guarded
0-65-59-63-33-31-62-64-61-44-40-41-38-6-7-8-3-46-53-20-56-66-43-35-37-54-68-55-70-1-4-60-17-25-24-50-26-0,13773.12427160955,seed701_explore_lns_start65_late_best_rm20_tw6
0-65-63-33-28-27-29-64-19-21-15-9-53-61-44-40-38-41-6-7-8-3-46-4-1-68-43-35-37-54-56-66-48-25-58-10-17-0,13788.177062283325,seed701_explore_lns_start48_mixed_regret_rm25_tw8
0-42-36-39-5-45-2-69-64-52-11-12-14-47-16-15-9-57-23-19-49-22-51-63-30-28-31-34-27-26-32-50-20-13-17-25-0,13790.891913634907,seed701_explore_lns_start69_late_regret_rm25_tw10
0-65-59-63-33-29-62-64-61-44-40-38-41-6-7-8-3-46-53-10-20-66-56-54-37-35-43-68-70-1-4-60-13-24-50-34-26-0,13791.652980920257,seed702_explore_lns_start81_late_random_best_rm20_tw12
0-42-36-39-5-45-2-69-14-11-47-12-15-16-59-9-52-57-22-49-19-21-18-51-64-67-62-50-34-31-30-26-24-13-17-25-0,13794.619252990567,seed701_explore_lns_start5_late_regret_rm20_tw12
0-63-33-28-27-29-31-62-61-44-40-38-41-6-7-8-3-46-53-66-56-50-34-37-35-43-54-68-55-60-17-10-13-58-25-48-20-24-70-1-0,13804.249112065665,seed601_lns_start83_late_random_best_rm8_tw10_guarded
0-42-36-39-5-45-2-69-65-52-59-15-16-47-14-12-11-9-57-23-21-18-19-49-22-64-51-62-50-34-29-26-30-32-66-0,13812.382930384554,seed604_lns_start60_late_regret_rm8_tw12_guarded
0-65-59-63-33-27-29-62-64-67-44-61-38-41-53-7-6-8-46-3-40-43-35-37-54-1-4-55-68-70-60-13-58-25-48-66-50-32-0,13818.746812286312,seed702_explore_lns_start52_late_best_rm25_tw15
0-65-14-59-63-27-28-21-23-64-67-38-40-44-41-61-53-6-7-8-46-3-43-35-37-54-68-56-20-24-48-25-58-13-10-17-60-4-70-0,13848.891109507578,seed702_explore_lns_start61_late_best_rm25_tw15
0-42-36-39-5-45-2-69-47-15-12-52-11-16-9-57-23-18-21-19-49-22-64-51-33-30-31-27-26-32-55-4-1-17-58-25-0,13865.824763274826,seed701_explore_lns_start16_late_best_rm25_tw10
0-42-36-39-5-45-2-14-47-15-11-52-69-12-16-9-57-22-19-23-21-18-49-51-67-34-30-28-27-29-32-10-13-48-58-0,13883.19630116475,seed701_explore_lns_start65_late_best_rm20_tw6
0-23-69-61-44-38-40-41-7-6-8-46-53-66-56-68-55-4-3-1-43-35-37-54-50-20-24-48-25-58-10-17-60-70-0,13886.485445696142,seed607_lns_start4_mixed_regret_rm8_tw6
0-69-61-44-40-38-41-6-7-8-3-46-53-10-20-56-54-43-37-35-68-55-1-4-60-17-13-58-25-34-32-26-0,13890.775965512348,seed607_lns_start74_mixed_random_best_rm8_tw10
0-65-59-63-27-31-62-23-44-40-38-41-61-6-8-3-46-7-53-10-20-66-56-54-43-35-37-68-55-60-4-1-70-24-25-48-50-0,13899.233044140412,seed702_explore_lns_start37_late_best_rm20_tw10
0-42-36-39-5-45-2-14-11-12-47-16-15-59-52-65-64-19-23-21-18-49-22-51-63-33-30-28-57-32-0,13900.502389049081,seed602_lns_start85_mixed_best_rm8_tw12
0-14-65-63-33-28-27-31-30-64-18-51-61-44-38-40-41-3-46-8-7-6-43-37-35-54-55-53-60-17-10-13-58-25-20-50-70-0,13910.029695828638,seed701_explore_lns_start29_late_regret_rm25_tw12
0-42-36-39-5-45-2-69-65-52-59-15-16-47-14-12-11-9-57-23-21-18-19-49-22-51-64-67-62-33-26-68-55-24-0,13911.572412812202,seed608_lns_start46_mixed_regret_rm6_tw8_guarded
0-14-33-63-23-21-64-67-44-40-38-41-61-53-7-8-6-46-3-43-37-54-68-55-66-56-20-24-48-58-13-10-60-1-70-35-50-32-0,13917.641887948383,seed701_explore_lns_start11_late_random_best_rm25_tw10
0-63-59-14-52-23-21-30-62-67-61-41-38-40-44-3-7-8-46-6-10-53-55-66-56-54-37-35-43-1-4-70-24-20-48-25-50-0,13924.778926399618,seed701_explore_lns_start14_late_random_best_rm25_tw15
0-59-63-33-27-29-31-62-67-7-44-40-38-41-3-46-8-6-10-53-61-43-37-35-54-68-55-4-1-70-60-66-56-34-32-25-0,13930.246152106156,seed702_explore_lns_start35_late_regret_rm20_tw10
0-69-61-44-38-8-7-6-53-41-50-34-40-43-35-37-54-68-55-1-3-4-46-60-17-10-13-58-25-48-24-20-0,13930.962391297906,seed607_lns_start43_mixed_regret_rm8_tw8
0-65-42-36-39-5-45-2-69-47-16-15-11-12-59-9-52-57-64-22-49-21-18-51-62-50-34-31-30-28-26-32-56-55-70-0,13933.454106007826,seed702_explore_lns_start1_mixed_regret_rm20_tw15
0-42-36-39-5-45-2-14-11-47-12-69-65-52-15-16-9-57-22-19-49-51-63-62-50-34-29-27-30-32-56-68-55-20-48-25-0,13936.043487444078,seed702_explore_lns_start88_late_random_best_rm25_tw12
0-65-33-31-29-27-30-64-61-44-38-40-41-6-7-8-3-46-53-10-66-56-54-37-35-43-68-70-1-4-60-13-24-20-48-25-34-0,13936.088605597557,seed701_explore_lns_start5_late_regret_rm20_tw6
0-42-36-39-5-45-2-69-14-11-47-12-15-16-59-9-52-57-22-19-23-21-18-49-51-63-62-67-50-28-26-32-55-17-58-0,13936.128108515526,seed701_explore_lns_start5_late_regret_rm20_tw6
0-42-36-39-5-45-2-69-65-64-62-31-29-27-28-30-33-63-51-18-19-49-22-57-52-9-11-15-16-12-10-53-54-35-0,13949.37809536302,seed604_lns_start86_random_regret_rm8_tw10_guarded
0-63-61-44-40-38-41-6-7-8-3-46-53-10-20-56-54-43-37-35-68-55-1-4-60-17-13-58-25-50-34-32-0,13953.156415658406,seed605_lns_start80_mixed_random_best_rm8_tw12
0-14-63-28-33-23-62-67-61-44-40-38-41-8-7-46-6-53-56-66-54-37-35-43-1-3-4-55-68-70-60-10-13-20-32-34-0,13956.670895962081,seed701_explore_lns_start14_late_regret_rm25_tw8
0-65-59-33-62-27-28-31-30-64-61-41-38-44-40-6-7-8-3-46-43-37-35-54-68-55-4-1-70-53-10-66-50-34-32-48-0,13980.739981407423,seed702_explore_lns_start1_late_random_best_rm25_tw8
0-65-63-33-31-30-62-67-38-44-40-41-61-6-8-46-7-53-66-56-50-34-26-43-35-37-54-68-4-3-1-70-60-17-10-24-0,13986.110489143335,seed701_explore_lns_start42_late_best_rm20_tw15
0-65-33-63-28-27-29-31-67-23-18-53-61-38-40-44-3-46-8-7-6-55-37-35-54-56-66-20-24-58-10-1-70-25-32-0,13989.048504893384,seed702_explore_lns_start48_late_regret_rm25_tw10
0-59-63-33-28-62-23-64-61-44-40-38-41-8-7-6-53-10-20-56-66-68-54-37-35-43-1-3-46-4-70-60-17-13-48-32-26-0,13995.010072887491,seed701_explore_lns_start56_late_regret_rm20_tw12
0-59-33-28-29-31-23-64-61-44-40-38-41-3-6-46-8-7-53-10-66-56-54-37-35-43-68-55-70-4-1-60-24-48-50-26-0,13996.889184179397,seed701_explore_lns_start30_late_random_best_rm20_tw10
0-33-31-61-7-38-41-44-40-8-3-46-10-53-55-6-4-43-35-37-54-56-66-24-20-48-25-58-13-17-60-68-70-1-0,13997.681725519426,seed607_lns_start44_late_random_best_rm8_tw8
0-28-29-61-7-38-41-44-40-8-3-46-10-53-55-6-4-43-35-37-54-56-66-24-20-48-25-58-13-17-60-68-70-1-0,13998.514348437737,seed604_lns_start71_late_regret_rm8_tw15
0-63-31-61-7-38-41-44-40-8-3-46-10-53-55-6-4-43-35-37-54-56-66-24-20-48-25-58-13-17-60-68-70-1-0,14002.273577120604,seed608_lns_start76_late_random_best_rm8_tw12
0-14-63-28-27-31-29-19-62-67-61-6-7-8-44-40-38-41-34-50-56-66-68-54-37-35-43-4-46-3-1-70-60-53-48-32-0,14005.783643284256,seed702_explore_lns_start9_late_random_best_rm25_tw15
0-33-27-61-7-38-41-44-40-8-3-46-10-53-55-6-4-43-35-37-54-56-66-24-20-48-25-58-13-17-60-68-70-1-0,14007.262166667026,seed602_lns_start34_late_regret_rm8_tw6
0-14-63-33-31-62-21-23-64-67-61-44-40-38-41-6-7-8-46-3-53-56-66-54-43-37-35-1-4-60-17-13-58-24-20-48-50-70-0,14013.527019791092,seed702_explore_lns_start42_late_random_best_rm25_tw10
0-63-27-61-7-38-41-44-40-8-3-46-10-53-55-6-4-43-35-37-54-56-66-24-20-48-25-58-13-17-60-68-70-1-0,14014.23414838039,seed604_lns_start55_late_regret_rm8_tw10
0-42-36-39-5-45-47-14-15-11-69-64-67-62-30-28-33-63-51-18-23-21-19-49-22-57-9-12-16-48-0,14026.708328431194,seed608_lns_start60_mixed_best_rm8_tw12
0-65-63-33-27-31-64-44-40-38-61-41-53-7-6-8-46-3-43-37-54-55-4-1-68-66-56-20-25-58-13-10-60-70-35-50-0,14029.346713345018,seed702_explore_lns_start80_late_random_best_rm20_tw15
0-65-59-63-33-28-27-29-30-44-40-61-8-7-6-41-53-10-55-68-54-38-43-37-35-4-46-3-1-70-60-17-13-58-25-20-66-0,14035.12209623614,seed701_explore_lns_start28_late_regret_rm20_tw15
0-65-59-63-33-28-21-23-19-52-61-44-40-38-41-53-7-8-46-6-66-54-37-35-43-1-3-4-60-10-58-25-48-24-20-32-26-70-0,14046.074786472884,seed702_explore_lns_start58_late_random_best_rm25_tw10
0-65-59-63-33-29-31-67-19-18-61-41-38-40-44-3-46-8-6-7-43-37-35-54-68-4-1-70-53-10-13-58-56-32-26-0,14047.57184157432,seed701_explore_lns_start58_late_regret_rm25_tw10
0-42-36-39-5-45-2-69-64-47-16-15-12-11-9-57-22-49-23-18-51-62-67-34-31-27-28-30-32-20-48-13-17-4-1-0,14063.103350117668,seed701_explore_lns_start56_late_regret_rm25_tw15
0-29-27-61-7-38-41-44-40-3-8-46-10-53-55-68-6-4-1-43-35-37-54-56-66-24-20-48-25-58-13-17-60-70-0,14080.13836339202,seed608_lns_start76_late_random_best_rm8_tw8
0-42-36-39-5-45-2-14-47-15-11-52-69-12-16-9-57-22-19-23-21-18-49-51-33-30-28-26-27-34-50-67-48-25-0,14092.853536846713,seed701_explore_lns_start77_late_best_rm20_tw10
0-14-63-33-28-27-29-31-61-38-44-40-6-7-53-19-34-50-56-54-41-43-37-35-1-3-4-46-8-60-17-10-24-20-48-70-0,14113.749466520761,seed701_explore_lns_start15_late_random_best_rm25_tw15
0-42-36-39-5-45-2-69-65-64-52-59-47-15-11-12-16-9-57-22-19-21-18-49-51-30-31-29-27-26-50-48-24-17-58-25-0,14128.713005853082,seed701_explore_lns_start14_late_regret_rm25_tw8
0-65-14-59-63-23-28-30-31-29-38-44-40-41-61-46-8-7-6-10-53-55-68-54-37-35-43-1-3-4-70-60-17-58-48-56-32-26-0,14129.755555867876,seed701_explore_lns_start30_late_random_best_rm25_tw15
0-14-47-59-23-21-67-38-40-44-61-7-6-8-3-46-41-37-34-26-32-50-56-66-68-55-70-1-4-60-17-13-58-25-48-20-24-43-0,14130.973373525554,seed604_lns_start86_random_regret_rm8_tw10_guarded
0-42-36-39-5-45-2-14-47-15-11-52-69-12-16-9-57-23-21-19-49-22-51-63-33-30-34-31-29-26-32-56-55-4-60-24-0,14141.307443101134,seed701_explore_lns_start78_late_regret_rm25_tw8
0-42-36-39-5-45-2-69-65-14-47-15-16-11-59-52-12-9-57-22-23-19-49-20-51-30-26-31-34-50-67-1-4-13-58-25-48-24-0,14152.344401138875,seed701_explore_lns_start56_late_regret_rm25_tw10
0-42-36-39-5-45-2-69-65-64-62-67-31-29-28-30-33-51-18-21-23-19-49-22-57-52-9-11-15-16-12-10-4-1-0,14159.759634601496,seed602_lns_start44_random_regret_rm8_tw12_guarded
0-27-61-44-40-38-41-6-7-8-3-46-53-56-66-54-43-35-37-68-55-1-4-60-17-10-13-58-25-24-34-32-26-0,14172.289447586048,seed606_lns_start54_mixed_regret_rm8_tw10
0-42-36-39-5-45-2-69-47-15-12-52-11-16-9-57-22-23-21-18-49-51-62-67-50-34-30-28-27-29-56-24-13-17-58-25-48-0,14174.697775979263,seed702_explore_lns_start81_late_random_best_rm25_tw10
0-65-33-31-21-23-19-62-67-61-41-38-40-44-53-6-7-8-46-3-43-37-35-54-34-32-50-56-66-20-24-48-58-10-17-60-70-0,14181.914831910237,seed702_explore_lns_start13_late_regret_rm25_tw6
0-42-36-39-5-45-2-14-11-15-47-12-69-65-62-31-29-27-28-30-33-51-18-19-49-22-57-9-10-16-13-46-1-17-58-25-48-0,14188.78226112309,seed702_explore_lns_start9_late_best_rm25_tw8
0-42-36-39-5-45-2-69-14-47-15-52-11-12-16-57-22-23-21-18-19-49-51-33-30-26-50-67-56-66-31-32-20-48-10-0,14193.06118141472,seed702_explore_lns_start30_mixed_best_rm25_tw6
0-42-36-39-5-45-2-69-65-52-11-12-14-47-15-16-59-23-21-18-19-49-22-57-64-51-62-67-50-34-29-26-30-32-13-0,14201.613846591914,seed601_lns_start11_late_best_rm8_tw8_guarded
0-59-63-33-28-27-31-30-64-44-40-38-41-8-7-6-46-3-61-53-10-55-68-54-43-37-35-1-4-60-70-66-56-24-25-48-26-0,14208.478220727524,seed702_explore_lns_start64_late_regret_rm20_tw15
0-65-59-63-33-28-27-31-23-61-44-38-41-7-6-8-46-3-40-43-54-37-35-1-4-68-55-60-53-10-58-20-66-56-50-70-0,14232.199285710665,seed701_explore_lns_start62_late_random_best_rm20_tw6
0-42-36-39-5-45-2-14-11-47-12-69-65-15-16-9-52-57-23-18-21-19-49-22-64-67-62-50-30-28-26-32-13-58-0,14234.174113285366,seed702_explore_lns_start51_late_best_rm20_tw8
0-14-65-33-27-44-61-40-38-41-7-8-6-53-50-34-26-32-54-37-35-43-1-3-4-46-60-55-70-68-56-20-24-48-25-58-0,14244.324975855516,seed603_lns_start74_random_best_rm8_tw15_guarded
0-63-28-61-44-40-38-8-7-6-53-41-37-43-46-3-4-1-68-55-60-17-13-58-25-48-20-24-66-56-50-34-32-0,14257.275352672734,seed602_lns_start73_random_best_rm8_tw6
0-65-59-69-64-62-33-31-29-67-61-41-38-40-3-46-8-7-6-44-37-54-68-55-1-4-60-53-66-24-20-48-25-58-34-32-26-0,14263.216915291558,seed701_explore_lns_start84_random_random_best_rm25_tw15
0-14-63-33-27-29-23-19-67-61-41-38-40-44-7-6-8-53-10-3-46-4-1-68-43-35-37-54-66-20-24-48-25-58-13-17-60-0,14274.002817053763,seed702_explore_lns_start1_mixed_regret_rm20_tw15
0-65-39-36-42-45-5-2-69-14-47-15-16-11-12-9-52-57-23-21-18-19-49-22-64-51-30-28-29-27-26-35-70-0,14285.60631576035,seed607_lns_start17_random_random_best_rm8_tw15_guarded
0-42-36-39-5-45-2-69-65-52-11-12-14-47-15-16-59-23-21-18-19-49-22-51-62-67-50-31-29-34-30-26-32-57-13-0,14286.035246214316,seed605_lns_start89_late_regret_rm8_tw10_guarded
0-65-33-27-31-64-67-61-38-40-44-8-7-6-53-20-18-23-10-66-56-68-54-41-37-35-43-3-4-46-70-17-13-25-0,14299.2140229217,seed702_explore_lns_start4_late_regret_rm25_tw6
0-14-65-33-28-29-62-64-23-21-67-61-6-7-8-46-3-44-41-38-40-43-37-54-56-66-20-13-10-53-60-4-1-70-35-32-0,14321.430432595273,seed701_explore_lns_start71_late_regret_rm25_tw15
0-63-27-61-38-44-40-41-6-7-8-3-46-53-50-34-26-43-37-35-54-68-55-70-1-4-60-17-10-13-58-25-48-24-0,14323.429665479745,seed606_lns_start51_mixed_random_best_rm8_tw6
0-14-65-63-33-27-29-62-64-23-67-61-41-44-38-40-3-6-46-8-7-10-53-55-43-35-37-54-68-70-4-1-60-66-56-50-25-0,14329.701454144997,seed701_explore_lns_start22_late_best_rm25_tw10
0-59-7-61-41-38-44-40-8-53-10-6-46-3-4-1-43-35-37-54-68-55-66-56-20-48-25-58-13-17-60-70-0,14352.485705658959,seed602_lns_start45_mixed_regret_rm8_tw10
0-42-36-39-5-45-2-69-47-15-59-52-11-12-16-9-57-22-19-18-21-23-49-51-64-62-33-26-32-31-1-4-60-24-48-58-0,14359.851575513943,seed702_explore_lns_start83_late_best_rm25_tw12
0-65-63-33-28-27-29-23-44-40-38-41-6-7-8-46-3-61-53-10-55-43-37-35-54-68-60-4-1-70-66-56-20-48-58-32-0,14362.104322588562,seed701_explore_lns_start5_late_regret_rm20_tw12
0-42-36-39-5-45-2-14-11-47-12-69-65-15-16-9-52-57-22-19-21-18-49-51-67-50-34-31-29-27-30-55-24-25-58-0,14363.257240603816,seed701_explore_lns_start56_late_regret_rm20_tw12
0-42-36-39-5-45-2-14-47-15-12-52-59-11-16-9-57-22-49-19-23-18-51-63-62-50-34-31-27-26-30-32-56-68-55-17-70-0,14371.169057364697,seed702_explore_lns_start17_mixed_best_rm25_tw10
0-42-36-39-5-45-2-69-47-15-16-11-65-12-9-57-64-22-19-18-49-51-33-34-31-29-27-26-28-32-68-60-13-17-58-0,14379.218677739304,seed701_explore_lns_start14_late_random_best_rm25_tw15
0-14-59-63-33-28-29-62-23-52-61-44-38-40-41-6-7-8-3-46-10-53-55-68-54-37-35-43-70-4-60-17-24-20-48-56-50-0,14381.988486099486,seed701_explore_lns_start14_late_regret_rm25_tw15
0-61-44-40-38-41-6-8-7-53-10-9-20-56-54-43-37-35-68-55-4-46-3-1-70-17-13-58-25-48-24-34-0,14398.667817556925,seed601_lns_start4_mixed_random_best_rm8_tw15
0-65-59-63-33-28-27-29-31-30-62-44-40-61-41-6-8-46-7-53-56-38-37-43-54-68-10-13-60-4-3-70-35-34-26-48-0,14401.184257264607,seed701_explore_lns_start5_late_best_rm25_tw12
0-65-39-36-42-45-2-69-12-14-47-16-15-11-59-52-23-21-18-19-49-22-57-64-51-63-62-67-26-27-68-4-17-48-0,14417.7793066269,seed603_lns_start10_mixed_regret_rm8_tw6_guarded
0-63-33-28-27-31-64-61-44-40-38-41-7-6-8-3-46-53-10-55-68-54-37-35-43-1-4-60-17-13-58-25-48-24-20-56-32-30-70-0,14433.23967707552,seed603_lns_start1_late_regret_rm8_tw8_guarded
0-47-28-61-7-44-41-38-40-3-8-6-53-10-55-68-43-35-37-54-56-66-20-24-48-25-58-13-17-60-46-4-70-50-0,14451.127440441525,seed603_lns_start79_mixed_regret_rm8_tw8
0-14-59-65-62-31-29-27-30-67-38-40-44-41-61-53-7-6-8-46-3-37-43-54-68-66-56-20-23-25-48-24-13-60-4-70-35-34-32-0,14464.75593516878,seed702_explore_lns_start48_late_random_best_rm25_tw8
0-65-63-33-27-29-31-64-7-61-41-38-8-6-46-53-10-66-56-54-44-40-43-37-35-3-4-1-55-68-70-60-58-48-50-0,14465.269865225517,seed702_explore_lns_start82_late_regret_rm20_tw8
0-63-30-61-41-38-44-40-8-7-53-10-6-46-3-4-1-43-35-37-54-56-66-24-20-48-25-58-13-17-60-70-68-0,14477.186911439254,seed602_lns_start16_mixed_regret_rm8_tw12
0-42-36-39-5-45-2-14-47-15-11-52-69-12-16-9-57-23-21-18-19-49-22-64-51-63-28-34-50-67-55-53-10-13-0,14482.478567002043,seed702_explore_lns_start62_late_random_best_rm25_tw15
0-42-36-39-5-45-2-69-47-15-16-12-11-52-59-9-57-22-19-18-51-67-50-34-31-29-28-26-30-32-33-56-4-46-25-0,14485.206326140724,seed701_explore_lns_start37_mixed_regret_rm25_tw6
0-65-42-36-39-5-45-2-69-47-15-16-11-12-52-9-57-22-19-18-21-23-49-51-62-67-31-28-26-32-64-68-55-17-24-70-0,14503.350451049202,seed701_explore_lns_start30_random_regret_rm25_tw8
0-42-36-39-5-45-2-69-14-11-47-12-15-16-59-9-52-57-64-22-18-49-51-63-30-28-26-27-29-68-55-4-1-13-25-0,14507.910581942859,seed702_explore_lns_start13_late_regret_rm25_tw6
0-65-63-33-31-27-29-64-61-38-44-40-6-8-7-53-57-49-20-56-50-41-43-37-35-54-68-55-60-46-3-1-70-48-25-58-10-17-0,14509.261521170381,seed702_explore_lns_start42_mixed_random_best_rm25_tw10
0-42-36-39-5-45-2-69-14-47-15-16-12-11-52-59-9-57-23-21-18-19-22-49-51-67-31-29-28-30-32-20-24-13-48-0,14518.130844380812,seed702_explore_lns_start64_late_best_rm25_tw8
0-59-33-28-31-64-67-23-21-18-53-6-7-8-46-3-61-41-38-44-40-43-37-35-54-66-24-58-13-10-17-60-4-1-70-26-0,14528.849837885553,seed702_explore_lns_start88_late_random_best_rm25_tw12
0-59-33-28-27-31-29-21-64-44-40-38-41-7-6-46-3-61-43-37-54-68-55-8-4-1-60-53-10-17-13-24-20-48-66-70-35-0,14538.70280138408,seed702_explore_lns_start18_late_random_best_rm25_tw10
0-65-59-63-62-33-28-29-38-44-40-61-41-53-7-8-46-6-10-66-56-54-37-35-43-4-3-1-70-68-55-60-17-24-20-50-26-0,14543.690398406667,seed701_explore_lns_start11_late_best_rm20_tw10
0-42-36-39-5-45-2-47-14-12-69-65-52-11-15-16-9-57-22-19-18-21-23-49-51-64-67-29-27-26-30-4-1-25-0,14548.527829477629,seed604_lns_start11_random_regret_rm8_tw6_guarded
0-42-36-39-5-45-2-69-14-11-47-16-15-59-12-9-52-57-23-21-18-19-22-49-20-64-51-28-27-29-32-55-13-48-25-58-0,14556.86122554093,seed701_explore_lns_start42_late_best_rm20_tw15
0-42-36-39-5-45-2-69-62-31-29-27-28-30-33-63-51-19-23-18-49-22-57-52-9-11-15-16-12-53-55-67-17-0,14558.182556600988,seed607_lns_start26_random_random_best_rm8_tw12_guarded
0-42-36-39-5-45-2-14-47-15-11-52-69-12-16-9-57-21-18-19-49-22-51-64-67-34-33-30-28-26-29-32-13-17-58-0,14564.944662241398,seed702_explore_lns_start37_late_best_rm20_tw10
0-65-59-62-33-28-29-30-67-44-40-38-41-61-8-7-6-46-3-53-66-56-50-34-26-32-54-35-37-43-68-55-70-1-4-60-17-10-24-0,14567.860052375696,seed702_explore_lns_start79_late_best_rm20_tw10
0-42-36-39-5-45-2-69-14-47-15-59-11-12-16-9-52-57-22-23-21-18-49-62-67-31-29-30-32-56-10-13-17-60-46-4-25-0,14578.452355828895,seed702_explore_lns_start22_late_best_rm25_tw8
0-65-59-62-33-29-67-21-18-61-41-38-40-44-3-6-46-8-7-53-10-66-56-54-37-35-43-68-55-70-4-1-60-24-48-58-0,14586.240034270842,seed701_explore_lns_start69_late_regret_rm25_tw10
0-14-33-28-27-31-44-61-64-51-18-21-53-7-8-6-46-3-43-40-38-41-37-35-54-56-66-68-70-55-60-17-10-58-25-20-50-0,14595.753707985556,seed702_explore_lns_start69_late_regret_rm25_tw6
0-42-36-39-5-45-2-14-47-15-11-52-69-12-16-9-57-22-49-21-18-62-50-33-30-26-29-31-34-67-56-66-55-4-13-24-25-0,14601.151758016838,seed701_explore_lns_start80_late_regret_rm25_tw10
0-59-63-33-27-29-31-61-38-44-40-8-7-6-53-51-20-66-56-54-41-37-35-43-46-3-4-1-70-68-55-60-17-10-24-25-48-34-0,14608.696546149531,seed702_explore_lns_start51_late_best_rm20_tw8
0-14-19-61-38-44-40-41-53-7-6-8-46-3-43-37-54-68-56-66-20-24-48-25-58-13-17-10-60-4-1-70-35-50-0,14613.539039720934,seed606_lns_start34_mixed_regret_rm8_tw15
0-65-42-36-39-5-45-2-69-47-16-15-11-12-59-9-52-57-23-21-18-19-22-49-20-51-62-33-29-32-67-68-60-17-24-48-58-0,14634.482120243658,seed701_explore_lns_start38_late_regret_rm25_tw8
0-59-67-61-44-41-38-40-7-8-3-46-6-53-10-55-68-54-50-56-66-20-24-48-25-58-13-17-60-4-70-43-37-35-0,14645.443142741073,seed601_lns_start20_mixed_regret_rm8_tw8
0-42-36-39-5-45-2-14-11-47-12-69-65-52-15-16-9-59-57-22-19-18-21-23-49-20-51-64-67-34-27-24-17-58-0,14664.815484426144,seed701_explore_lns_start87_late_best_rm25_tw12
0-42-36-39-5-45-2-69-14-47-15-59-11-12-16-9-52-57-22-19-21-49-51-63-62-50-34-29-28-26-30-32-55-1-60-24-48-58-0,14678.964133374455,seed702_explore_lns_start4_late_regret_rm25_tw6
0-65-59-63-31-62-64-67-61-44-40-38-41-6-7-8-3-46-53-66-56-50-34-26-32-37-35-43-54-68-70-1-4-60-10-13-24-20-48-0,14693.119272616568,seed701_explore_lns_start66_late_random_best_rm20_tw12
0-59-63-28-29-31-62-67-64-51-61-44-40-6-7-8-46-3-41-38-43-37-35-54-34-50-56-68-70-1-4-60-17-10-58-20-0,14716.794742663684,seed701_explore_lns_start34_late_regret_rm25_tw8
0-42-36-39-5-45-2-69-65-64-62-67-31-29-27-28-30-33-51-18-21-19-49-22-57-52-9-11-15-16-12-10-20-68-0,14742.567377668565,seed602_lns_start6_random_regret_rm6_tw8_guarded
0-42-36-39-5-45-2-69-65-64-62-31-29-27-28-30-33-63-51-18-21-23-19-49-22-57-52-9-11-15-12-10-20-0,14747.075703054043,seed605_lns_start57_random_best_rm5_tw15_guarded
0-65-59-63-33-28-27-29-31-67-38-40-44-8-7-6-61-41-26-34-50-20-66-56-54-37-43-1-3-4-53-10-17-58-25-24-32-0,14770.280140837756,seed701_explore_lns_start34_mixed_regret_rm25_tw10
0-65-61-38-44-40-41-53-7-6-8-46-3-43-37-54-34-32-50-56-66-68-55-70-1-4-60-17-13-10-24-48-35-0,14774.424714576886,seed603_lns_start77_random_regret_rm8_tw6
0-42-36-39-5-45-2-14-47-15-11-52-65-69-12-16-9-57-19-21-18-22-49-51-63-62-67-34-27-30-32-20-13-17-58-25-0,14774.71815453036,seed701_explore_lns_start30_late_random_best_rm20_tw10
0-65-42-36-39-5-45-2-69-12-14-47-16-15-11-59-52-57-19-23-21-18-49-22-64-51-63-30-28-67-35-0,14775.586233643226,seed603_lns_start23_mixed_random_best_rm8_tw6
0-65-59-63-33-28-27-64-52-61-44-41-38-40-8-3-46-6-7-53-10-49-20-66-68-54-43-37-35-55-70-60-34-32-26-48-58-0,14777.704638154773,seed701_explore_lns_start52_random_regret_rm25_tw10
0-65-59-33-62-28-27-31-67-38-40-44-61-52-53-6-7-8-46-3-43-37-41-35-34-32-50-54-1-4-70-55-17-13-58-24-66-0,14781.945210290174,seed702_explore_lns_start22_late_random_best_rm25_tw12
0-42-36-39-5-45-2-14-47-15-11-69-12-16-9-57-22-49-23-21-18-51-63-33-31-29-30-34-50-67-56-68-55-60-48-25-58-0,14788.37655489167,seed702_explore_lns_start71_late_random_best_rm25_tw6
0-36-39-42-5-2-69-52-59-15-16-47-14-11-12-9-57-22-49-19-18-51-62-30-31-29-27-26-28-32-50-56-66-20-48-0,14788.72646571144,seed701_explore_lns_start8_mixed_random_best_rm25_tw8
0-14-33-28-62-23-19-52-64-67-61-44-40-41-3-46-8-7-6-53-10-20-24-66-56-54-43-37-38-35-70-4-17-13-58-48-0,14804.836104503485,seed701_explore_lns_start62_late_regret_rm25_tw15
0-65-42-36-39-5-45-2-69-47-16-15-11-12-59-9-52-57-22-49-19-18-51-62-31-29-34-30-28-26-27-4-17-25-0,14806.322936941753,seed701_explore_lns_start11_late_random_best_rm25_tw10
0-14-61-44-40-38-41-6-7-8-3-46-53-10-20-66-54-43-37-35-68-55-1-4-60-17-13-58-25-48-24-34-26-0,14831.52285303382,seed608_lns_start4_mixed_best_rm8_tw10
0-42-36-39-5-45-2-69-14-11-47-12-15-16-59-9-52-57-22-19-23-21-18-49-51-62-67-34-29-28-26-30-32-48-24-17-0,14840.322413949283,seed702_explore_lns_start80_late_random_best_rm20_tw15
0-65-63-61-44-40-38-41-6-7-8-3-46-53-10-20-66-54-43-37-35-68-55-1-4-60-17-13-58-25-48-24-34-26-0,14847.926296075617,seed607_lns_start37_mixed_regret_rm8_tw15
0-65-42-36-39-5-45-2-69-47-16-15-11-12-59-9-52-57-23-21-18-19-22-49-20-51-63-34-30-28-26-27-32-68-60-0,14852.10183597194,seed702_explore_lns_start17_late_best_rm25_tw15
0-65-23-61-44-40-38-41-6-7-8-3-46-53-10-20-66-54-43-37-35-68-55-1-4-60-17-13-58-25-48-24-34-26-0,14858.161783694653,seed607_lns_start10_mixed_best_rm8_tw15
0-33-69-61-44-40-38-41-6-7-8-3-46-53-10-20-66-54-43-37-35-68-55-1-4-60-17-13-58-25-48-24-34-26-0,14882.40311369647,seed608_lns_start13_mixed_best_rm8_tw15
0-42-36-39-5-45-2-14-47-15-11-52-69-12-16-9-57-22-49-19-23-21-18-51-63-33-30-28-29-34-32-20-24-13-17-48-25-58-0,14889.629319630603,seed702_explore_lns_start26_late_regret_rm20_tw8
0-42-36-39-5-45-2-69-14-11-47-12-15-16-59-9-52-57-22-19-23-21-18-49-51-62-67-34-31-30-28-26-24-48-25-58-0,14906.682362058575,seed702_explore_lns_start89_late_random_best_rm20_tw10
0-14-59-62-31-29-28-30-64-67-61-53-7-8-6-46-3-44-41-38-37-40-43-54-34-26-32-50-56-66-24-10-13-1-70-35-0,14910.237564274395,seed701_explore_lns_start66_late_best_rm25_tw8
0-65-63-33-62-27-28-30-67-44-40-38-41-61-6-7-8-3-46-53-10-20-66-56-54-37-35-43-1-4-70-68-60-17-58-25-48-24-32-26-0,14913.02772131649,seed701_explore_lns_start80_late_random_best_rm20_tw6
0-63-33-27-29-31-64-61-44-40-38-41-6-7-8-3-46-53-56-50-30-32-34-54-37-35-43-1-4-70-68-55-60-17-10-13-58-25-48-0,14928.229231495481,seed607_lns_start30_mixed_regret_rm8_tw8_guarded
0-59-63-33-28-27-29-31-61-44-40-38-41-6-7-8-3-46-53-66-56-50-30-32-34-54-68-55-60-10-13-58-25-48-20-24-70-43-37-35-0,14930.009276977291,seed602_lns_start80_mixed_regret_rm8_tw8_guarded
0-59-63-33-28-27-31-21-23-19-51-61-41-38-40-44-8-7-6-53-10-20-66-56-54-37-35-43-1-4-70-17-13-58-25-24-50-32-0,14931.197174607172,seed701_explore_lns_start20_late_best_rm25_tw8
0-42-36-39-5-45-2-69-65-52-11-12-14-47-15-16-59-23-21-18-19-49-22-57-64-51-62-67-50-34-29-26-30-32-10-0,14967.61812280365,seed601_lns_start6_late_regret_rm8_tw12_guarded
0-65-63-33-27-31-29-62-64-23-61-41-38-40-44-7-8-46-3-6-53-10-20-56-54-37-35-43-68-55-70-4-60-58-48-50-34-0,14984.802611600135,seed701_explore_lns_start67_late_regret_rm25_tw8
0-42-36-39-5-45-2-69-65-52-11-12-14-47-15-16-59-23-21-18-19-49-22-51-62-67-50-34-31-29-30-26-32-57-10-0,15013.979560048338,seed606_lns_start75_late_regret_rm8_tw6_guarded
0-42-36-39-5-45-2-14-11-47-12-69-65-15-16-9-52-57-23-18-21-19-49-22-64-51-63-27-26-32-67-55-13-17-58-25-0,15015.425578866665,seed702_explore_lns_start59_late_regret_rm25_tw6
0-42-36-39-5-45-2-69-47-15-12-52-11-16-9-57-22-19-23-21-18-49-51-67-31-29-28-26-30-32-33-24-13-60-58-25-0,15024.033771367514,seed701_explore_lns_start14_late_random_best_rm25_tw15
0-42-36-39-5-45-2-14-11-12-47-16-15-59-52-65-64-57-23-21-18-19-49-22-51-67-34-30-28-26-32-33-56-20-24-4-70-0,15032.081612030488,seed702_explore_lns_start88_mixed_random_best_rm25_tw10
0-42-36-39-5-45-2-14-47-15-11-52-65-69-12-16-9-57-19-21-18-22-49-20-51-62-50-31-29-27-26-30-55-24-48-58-0,15038.507736918335,seed702_explore_lns_start47_late_regret_rm20_tw12
0-42-36-39-5-45-2-69-47-15-12-52-11-16-9-57-23-21-18-19-49-22-64-51-62-67-50-31-30-28-26-32-20-24-13-0,15043.09826215891,seed701_explore_lns_start78_late_best_rm25_tw8
0-65-59-33-27-29-31-64-61-44-40-38-41-6-7-8-3-46-53-10-20-66-54-37-35-43-68-55-70-1-4-60-17-25-24-50-34-26-0,15046.805079698082,seed701_explore_lns_start4_late_best_rm20_tw15
0-65-59-33-64-28-31-30-67-61-41-38-40-44-3-8-46-7-6-53-10-20-56-66-68-54-37-35-43-1-4-70-55-60-17-13-58-25-48-24-0,15053.172329089895,seed702_explore_lns_start34_late_random_best_rm20_tw10
0-59-47-61-44-40-38-41-7-6-3-53-8-46-55-68-43-35-37-54-56-66-20-48-25-58-13-10-17-60-4-1-70-50-0,15063.137390310494,seed603_lns_start18_mixed_best_rm8_tw8
0-42-36-39-5-45-2-14-47-15-11-69-12-16-9-57-22-19-23-21-18-49-51-63-62-50-31-30-26-32-3-4-46-10-24-0,15064.490230441259,seed702_explore_lns_start66_late_best_rm25_tw15
0-42-36-39-5-45-2-14-47-15-11-69-12-16-59-9-57-23-18-19-49-22-64-63-62-50-34-31-26-30-32-68-1-60-17-58-25-48-0,15064.496552237855,seed702_explore_lns_start37_late_regret_rm25_tw8
0-31-29-27-61-38-44-40-41-7-6-8-3-46-53-66-56-50-32-26-34-54-37-35-43-1-4-70-68-55-60-17-10-13-58-25-48-0,15068.763704094856,seed607_lns_start30_mixed_regret_rm8_tw8
0-65-59-63-28-27-29-64-61-44-38-40-41-8-7-6-51-20-56-66-53-10-55-60-46-3-4-1-68-70-43-35-37-54-34-32-0,15088.37849656567,seed702_explore_lns_start7_late_random_best_rm25_tw10
0-47-27-38-44-40-41-61-53-7-6-8-46-3-37-43-54-68-55-66-56-20-24-48-25-58-13-17-10-60-4-1-70-35-50-0,15104.449129605091,seed607_lns_start67_mixed_regret_rm8_tw6
0-59-33-31-29-28-30-23-21-18-19-61-41-38-44-6-7-8-46-3-40-43-37-35-54-68-55-53-60-17-10-58-20-50-26-70-0,15111.038386449596,seed702_explore_lns_start85_late_random_best_rm25_tw10
0-65-63-31-27-28-30-64-61-44-40-38-41-6-7-8-3-46-10-53-55-43-35-37-54-68-60-4-1-70-66-56-20-24-25-32-26-0,15114.017197911417,seed702_explore_lns_start12_late_regret_rm20_tw15
0-45-5-63-31-29-27-28-30-61-11-16-9-53-6-7-8-46-3-44-38-37-43-41-54-68-55-1-4-60-17-10-58-25-48-20-24-66-34-0,15121.827035507624,seed701_explore_lns_start86_mixed_random_best_rm25_tw8
0-65-42-36-39-5-45-2-69-47-15-16-11-12-52-9-57-23-21-18-19-49-51-64-62-67-31-28-33-70-0,15127.395905881596,seed606_lns_start23_random_regret_rm8_tw15
0-31-27-61-38-44-40-41-6-7-8-3-46-53-66-56-50-34-26-32-54-37-35-43-68-55-70-1-4-60-17-10-13-25-20-0,15135.0073280292,seed606_lns_start58_random_best_rm8_tw6
0-65-63-33-28-31-29-21-64-67-44-40-38-41-61-53-6-7-8-46-3-55-10-13-17-60-4-1-43-35-37-54-68-70-66-20-58-50-0,15139.57228400826,seed702_explore_lns_start17_late_best_rm25_tw12
0-65-33-63-64-30-29-31-44-40-38-41-61-7-8-3-46-6-53-10-20-66-54-43-35-37-68-55-70-4-1-60-17-58-25-24-50-32-0,15141.677431502589,seed701_explore_lns_start8_late_best_rm25_tw15
0-59-63-33-28-27-29-62-67-38-44-40-41-53-7-6-8-46-3-61-66-50-34-26-54-37-35-43-1-4-70-68-55-60-10-24-25-48-0,15148.49348102692,seed701_explore_lns_start56_late_regret_rm20_tw15
0-14-65-33-63-31-27-30-67-64-61-44-38-40-53-7-6-8-46-3-41-43-37-35-1-4-60-55-68-54-70-66-20-24-25-34-26-0,15150.710059623449,seed702_explore_lns_start66_late_best_rm25_tw12
0-65-42-36-39-5-45-2-69-47-16-15-11-12-59-52-57-22-19-18-21-23-49-51-62-67-30-28-33-9-0,15160.158308729619,seed602_lns_start83_mixed_best_rm8_tw6
0-42-36-39-5-45-2-69-14-11-47-12-15-16-59-9-52-57-19-18-21-23-49-22-64-51-63-30-28-67-0,15165.397578253824,seed608_lns_start43_mixed_regret_rm8_tw15
0-42-36-39-5-45-2-69-65-52-59-15-16-47-14-12-11-9-57-23-21-18-19-49-22-51-62-67-50-34-31-29-30-26-32-0,15165.591562999538,seed603_lns_start12_late_regret_rm8_tw12_guarded
0-14-65-63-62-33-27-30-67-61-44-40-38-41-7-8-3-46-53-10-66-68-54-43-37-35-6-1-70-50-34-32-26-24-13-17-0,15173.741363758607,seed702_explore_lns_start59_late_best_rm25_tw12
0-42-36-39-5-45-2-69-12-14-47-15-16-11-59-52-64-19-23-21-18-49-22-51-62-33-30-27-26-32-56-20-48-24-57-13-60-4-70-0,15225.606641756134,seed701_explore_lns_start70_mixed_random_best_rm25_tw6
0-14-62-61-38-44-40-8-7-6-41-3-46-53-66-56-50-54-37-35-43-4-1-70-68-55-60-17-10-13-58-24-20-48-0,15226.011217688725,seed608_lns_start42_mixed_regret_rm8_tw12
0-14-61-44-40-38-41-6-7-8-3-46-53-10-20-66-54-37-43-68-55-1-4-60-17-13-58-25-50-34-32-26-0,15239.02249999661,seed602_lns_start65_mixed_random_best_rm8_tw10
0-42-36-39-5-45-2-69-65-52-59-15-16-47-14-12-11-9-57-23-21-18-19-49-22-64-51-62-67-50-34-29-30-26-32-0,15247.32957480845,seed602_lns_start11_late_random_best_rm8_tw10_guarded
0-14-59-63-33-28-29-31-19-52-61-41-38-40-44-3-8-46-6-53-66-56-50-32-34-54-37-35-43-1-7-4-70-68-55-60-13-58-48-0,15258.343732654399,seed702_explore_lns_start81_late_random_best_rm25_tw8
0-65-33-28-31-29-62-64-67-44-40-38-41-61-6-7-8-46-3-53-10-20-56-66-68-54-37-35-43-1-4-70-55-60-17-13-58-48-24-26-0,15271.655272721817,seed702_explore_lns_start72_late_random_best_rm20_tw15
0-14-59-63-33-31-61-44-40-38-41-6-7-8-3-46-53-66-56-50-34-32-26-37-35-43-54-68-70-55-60-17-13-58-25-48-24-4-1-0,15272.518382028122,seed601_lns_start69_random_regret_rm8_tw10_guarded
0-31-29-61-7-38-41-44-40-8-3-46-10-53-55-6-4-1-43-35-37-54-70-68-66-56-24-48-25-58-13-17-60-32-0,15275.155699436727,seed608_lns_start48_late_random_best_rm8_tw12
0-65-63-33-62-28-29-31-30-61-44-40-38-41-6-7-8-3-53-10-66-56-50-34-26-54-68-55-46-4-1-43-37-35-70-60-58-20-25-0,15278.22576797056,seed702_explore_lns_start4_late_best_rm20_tw8
0-31-27-61-7-38-41-44-40-8-3-46-10-53-55-6-4-1-43-35-37-54-70-68-66-56-24-48-25-58-13-17-60-32-0,15284.38194925322,seed602_lns_start62_late_regret_rm8_tw8
0-33-28-61-7-38-41-44-40-8-3-46-10-53-55-6-4-1-43-35-37-54-70-68-66-56-24-48-25-58-13-17-60-32-0,15287.464083729958,seed604_lns_start4_late_regret_rm8_tw10
0-42-36-39-5-45-2-69-65-52-11-12-14-47-15-16-59-23-21-18-19-49-22-51-62-67-50-34-31-29-30-26-32-9-10-0,15289.24231564124,seed605_lns_start16_late_regret_rm8_tw6_guarded
0-65-63-33-28-27-31-62-44-38-61-51-53-6-7-8-46-3-41-40-43-37-35-54-56-66-20-24-58-13-17-60-4-1-70-68-50-34-0,15290.287096731494,seed701_explore_lns_start86_late_random_best_rm20_tw15
0-42-36-39-5-45-2-69-64-52-11-12-14-47-16-15-9-59-57-22-49-19-23-21-18-20-63-33-27-26-32-50-56-43-1-25-0,15291.690045543044,seed701_explore_lns_start30_late_regret_rm25_tw6
0-59-63-31-29-27-61-38-44-40-8-7-6-53-50-30-34-54-41-37-35-43-1-3-4-46-70-55-68-66-20-25-58-10-17-32-0,15302.713621378036,seed608_lns_start22_mixed_regret_rm8_tw8_guarded
0-44-69-7-61-41-38-40-8-6-46-53-10-66-56-54-37-35-43-1-3-4-70-68-55-60-17-13-58-25-48-24-34-26-0,15319.097035230683,seed607_lns_start77_mixed_best_rm8_tw12
0-42-36-39-5-45-2-69-65-52-59-15-16-47-14-12-11-9-57-23-21-18-19-49-22-51-64-67-62-50-34-29-30-26-0,15320.465658933384,seed601_lns_start76_late_regret_rm8_tw6_guarded
0-14-59-65-62-33-29-27-19-23-41-38-40-44-3-46-8-7-6-53-10-68-61-54-37-35-43-1-4-70-66-56-24-20-48-13-17-0,15320.812224213412,seed702_explore_lns_start33_late_best_rm25_tw12
0-42-36-39-5-45-2-69-65-52-59-15-16-47-14-12-11-9-57-23-21-18-19-49-22-51-62-67-50-34-29-28-26-30-32-0,15337.902551842344,seed603_lns_start44_late_regret_rm8_tw15_guarded
0-14-28-61-38-44-40-41-7-8-53-6-46-3-43-37-54-56-66-20-24-58-13-17-10-60-4-1-70-55-68-35-50-25-0,15345.81329138193,seed601_lns_start68_mixed_regret_rm8_tw6
0-42-36-39-5-45-2-69-65-52-59-15-47-16-11-12-57-23-21-18-19-49-22-51-62-67-29-28-30-64-66-35-17-0,15348.088929552,seed601_lns_start9_random_best_rm8_tw10_guarded
0-14-33-62-29-27-28-30-64-51-61-41-38-40-3-7-8-46-6-53-10-66-56-68-44-43-37-35-54-55-4-70-50-34-26-0,15353.712120637956,seed701_explore_lns_start66_late_regret_rm25_tw12
0-42-36-39-5-45-2-14-11-47-12-69-65-52-15-16-9-59-57-22-19-18-21-23-49-51-64-62-67-30-0,15367.724295863132,seed604_lns_start16_late_random_best_rm8_tw15
0-42-36-39-5-45-2-14-11-47-12-69-65-52-15-16-9-59-57-22-19-18-21-23-49-51-64-62-67-30-32-0,15367.802667019621,seed602_lns_start20_late_regret_rm8_tw15
0-65-63-33-28-61-38-44-40-41-7-6-8-3-46-53-66-56-50-34-26-32-54-37-35-43-1-4-70-68-55-60-17-58-25-48-20-24-0,15369.440045641373,seed604_lns_start66_random_best_rm8_tw8
0-42-36-39-5-45-2-69-62-31-29-27-28-30-33-63-51-19-23-21-18-49-22-57-9-11-15-16-47-12-10-67-17-0,15369.952085951256,seed607_lns_start49_random_best_rm8_tw8_guarded
0-65-42-36-39-5-45-2-69-47-15-16-11-12-52-9-57-22-49-19-18-51-63-62-67-50-33-30-26-27-34-56-66-10-17-58-0,15379.86777568223,seed702_explore_lns_start77_late_best_rm25_tw12
0-65-33-59-52-21-19-64-62-67-61-41-38-44-40-3-46-8-7-6-53-10-68-43-35-37-4-1-70-54-50-32-26-20-48-25-17-0,15389.227366656498,seed702_explore_lns_start61_late_best_rm25_tw12
0-63-61-44-40-38-41-6-7-8-3-46-53-56-66-54-43-35-37-68-55-1-4-60-17-10-13-58-25-50-34-32-26-0,15395.620516456556,seed604_lns_start55_mixed_random_best_rm8_tw6
0-65-14-59-52-64-61-44-40-38-41-6-7-8-3-46-53-66-56-50-34-26-32-54-37-35-43-1-4-70-68-55-60-13-58-25-48-20-24-0,15401.351105276788,seed607_lns_start49_random_best_rm8_tw8_guarded
0-65-14-47-59-21-64-61-44-40-38-41-7-6-8-3-46-37-43-54-50-34-26-32-56-66-24-20-48-25-58-13-10-60-4-1-70-68-35-0,15409.576844325606,seed607_lns_start26_random_random_best_rm8_tw12_guarded
0-42-36-39-5-45-2-14-47-15-12-52-11-16-59-23-21-18-19-49-51-62-30-28-29-31-67-66-9-10-68-3-35-70-0,15410.454979370523,seed701_explore_lns_start85_random_best_rm20_tw12
0-65-59-33-28-27-31-23-67-61-41-38-40-6-3-46-8-7-10-53-55-44-43-37-35-54-68-60-4-1-70-66-20-48-25-58-13-32-0,15429.969482301078,seed702_explore_lns_start46_late_regret_rm20_tw6
0-42-36-39-5-45-2-69-14-11-47-12-15-16-59-9-52-57-22-19-23-21-18-49-51-63-62-67-30-28-32-55-4-1-70-58-0,15455.469038699928,seed701_explore_lns_start11_random_regret_rm25_tw10
0-65-33-61-7-38-41-44-40-8-3-46-10-53-55-68-6-4-1-43-35-37-54-56-66-20-24-25-58-13-17-60-70-50-0,15489.506815745526,seed608_lns_start71_mixed_regret_rm8_tw12
0-63-33-31-27-29-64-61-44-40-38-41-53-7-8-6-46-3-43-37-54-34-30-32-50-56-66-24-20-48-25-58-13-10-17-60-55-70-68-0,15494.937721308566,seed603_lns_start73_mixed_best_rm8_tw15_guarded
0-42-36-39-5-45-2-14-11-47-69-65-12-15-16-9-52-57-22-19-18-21-23-49-20-51-62-67-50-31-29-30-32-24-58-0,15500.413438725354,seed701_explore_lns_start65_late_regret_rm20_tw6
0-42-36-39-5-45-2-69-47-15-16-12-11-52-59-9-57-64-22-49-18-51-63-62-67-50-34-30-33-26-27-32-13-17-58-0,15508.740311767548,seed701_explore_lns_start25_random_regret_rm25_tw15
0-62-52-69-61-38-44-40-41-7-6-8-3-46-53-66-56-50-34-26-32-54-37-35-43-1-4-70-68-55-60-13-58-25-48-20-24-0,15511.383204100177,seed607_lns_start49_random_best_rm8_tw8
0-65-42-36-39-5-45-2-69-47-16-15-11-12-59-9-52-57-23-18-21-19-49-22-20-64-51-33-26-27-29-34-1-70-48-25-0,15516.626996074983,seed702_explore_lns_start42_random_regret_rm25_tw15
0-59-63-33-28-27-29-62-64-61-44-41-38-40-6-7-8-3-46-10-53-43-35-37-54-68-55-4-1-70-60-17-13-58-25-66-56-34-32-0,15535.882526532627,seed702_explore_lns_start68_late_regret_rm20_tw12
0-59-63-33-28-27-30-23-21-18-64-53-6-7-8-46-61-41-38-44-43-40-37-35-54-68-56-66-20-24-13-17-1-70-50-26-0,15537.345122074577,seed702_explore_lns_start49_late_best_rm25_tw15
0-14-65-63-33-28-31-29-21-19-61-44-40-38-41-7-8-46-6-53-10-66-56-54-37-35-43-1-3-4-55-68-70-60-17-13-58-25-34-26-0,15540.252227934592,seed701_explore_lns_start89_late_regret_rm25_tw12
0-29-27-61-7-41-38-44-40-8-53-10-6-46-3-4-1-43-35-37-54-70-68-66-56-24-48-25-58-13-17-60-50-0,15570.029937956382,seed602_lns_start74_mixed_best_rm8_tw8
0-65-42-36-39-5-45-2-69-47-15-16-11-12-52-9-57-64-22-49-19-18-51-62-50-34-31-29-28-30-32-67-68-17-13-24-48-0,15571.195304464227,seed701_explore_lns_start89_late_random_best_rm25_tw12
0-47-27-61-7-41-38-44-40-8-53-10-6-46-3-4-1-43-35-37-54-56-66-24-20-48-25-58-13-60-70-68-50-0,15595.276450379775,seed606_lns_start17_mixed_regret_rm8_tw12
0-59-33-27-31-29-62-21-64-61-44-38-40-41-3-6-7-53-10-56-50-54-37-35-43-1-4-46-8-70-68-24-20-48-25-58-13-0,15596.370204270614,seed702_explore_lns_start6_late_regret_rm25_tw12
0-65-59-63-33-27-62-23-51-61-41-38-44-40-3-46-8-7-6-53-10-20-66-56-54-43-37-35-68-55-70-1-4-60-24-50-0,15609.679291552644,seed702_explore_lns_start65_late_regret_rm20_tw8
0-63-33-28-27-29-31-61-44-40-38-41-6-7-8-3-46-53-66-56-50-32-34-54-37-35-43-68-55-60-17-10-13-58-25-48-20-24-70-1-0,15615.141549320108,seed607_lns_start0_late_best_rm8_tw8_guarded
0-65-62-28-27-29-31-30-67-38-40-44-41-61-8-7-46-6-53-66-51-20-56-54-43-35-37-1-3-4-70-60-17-10-25-50-34-0,15634.375441507602,seed702_explore_lns_start54_late_best_rm25_tw8
0-65-14-59-63-28-27-67-61-38-40-41-6-8-7-53-10-9-66-56-50-34-26-44-43-37-35-54-55-1-3-4-46-60-17-48-0,15637.45055653474,seed701_explore_lns_start78_random_best_rm20_tw12
0-14-59-63-33-27-31-21-19-64-51-61-44-38-41-6-7-8-46-3-43-40-37-35-54-68-66-56-13-10-17-53-55-70-50-32-58-0,15667.717032366792,seed701_explore_lns_start83_late_random_best_rm25_tw15
0-42-36-39-5-45-2-14-11-47-12-69-65-52-15-16-9-59-57-22-19-18-21-23-49-51-62-67-64-66-30-0,15668.969869348122,seed605_lns_start89_late_random_best_rm8_tw10
0-65-59-33-27-31-29-62-64-67-44-38-61-53-7-8-6-46-41-40-43-37-54-35-3-1-4-55-68-70-10-58-25-20-50-32-26-0,15672.112254395688,seed701_explore_lns_start82_late_best_rm25_tw8
0-14-59-63-33-64-23-19-52-61-41-38-40-44-7-8-46-3-6-53-10-66-56-54-37-35-43-1-70-17-13-25-48-50-34-32-26-0,15676.208162208699,seed701_explore_lns_start31_late_random_best_rm25_tw12
0-31-28-61-7-44-41-38-6-8-3-46-53-20-66-56-54-40-37-35-43-68-55-70-1-4-60-17-13-58-25-48-24-34-0,15676.788284790096,seed604_lns_start28_late_best_rm8_tw15
0-14-63-33-28-27-29-62-61-38-44-40-8-7-6-41-26-34-50-56-66-53-55-68-54-37-35-43-1-3-4-46-70-60-17-10-24-20-0,15680.316982403312,seed702_explore_lns_start49_late_random_best_rm25_tw12
0-63-31-61-7-44-41-38-6-8-3-46-53-20-66-56-54-40-37-35-43-68-55-70-1-4-60-17-13-58-25-48-24-34-0,15680.436871144708,seed603_lns_start47_late_best_rm8_tw6
0-69-61-44-40-38-41-6-7-8-3-46-53-10-20-66-54-43-37-35-68-55-1-4-60-17-13-58-25-24-34-32-26-0,15681.357062327172,seed604_lns_start74_mixed_best_rm8_tw10
0-14-65-33-62-27-28-30-21-64-61-41-38-40-44-8-7-6-53-10-55-68-43-35-37-54-3-4-70-66-56-20-24-48-13-17-0,15682.897046235075,seed702_explore_lns_start79_late_random_best_rm25_tw15
0-65-59-45-5-2-69-14-47-16-15-12-11-52-64-19-23-21-18-22-49-51-67-50-30-28-27-31-32-33-20-66-54-35-1-70-0,15683.119414314611,seed701_explore_lns_start47_random_random_best_rm25_tw10
0-42-36-39-5-45-2-69-14-11-47-12-15-16-59-9-52-57-22-23-21-18-19-49-51-64-62-50-31-27-26-30-32-48-17-58-0,15699.420037679674,seed701_explore_lns_start51_late_regret_rm20_tw12
0-42-36-39-5-45-2-69-31-29-27-28-30-33-62-64-12-16-15-11-9-52-57-22-49-18-51-63-34-26-32-68-55-17-24-0,15713.155124478719,seed702_explore_lns_start52_random_best_rm25_tw12
0-65-14-59-33-28-27-29-31-38-44-40-61-6-8-7-53-23-20-66-56-54-41-37-35-43-1-3-4-70-55-60-17-10-58-24-50-32-26-0,15713.866243773078,seed701_explore_lns_start28_late_random_best_rm25_tw12
0-14-65-63-33-28-29-62-30-38-40-44-41-61-7-8-6-46-53-10-56-51-20-66-54-37-35-43-1-3-4-70-68-60-17-13-25-24-50-0,15719.67873740215,seed702_explore_lns_start58_late_best_rm25_tw10
0-65-14-59-63-33-28-27-62-44-40-38-41-61-53-6-8-3-10-68-54-37-35-7-46-4-1-70-66-56-24-48-25-58-50-32-26-0,15727.959296421333,seed702_explore_lns_start85_late_best_rm25_tw8
0-14-59-65-62-29-27-64-61-44-40-38-41-8-6-53-10-9-22-20-66-56-54-37-35-43-7-46-3-1-70-68-60-58-24-48-26-0,15742.749836127774,seed702_explore_lns_start80_mixed_best_rm25_tw12
0-42-36-39-5-45-2-69-47-15-16-11-65-12-9-57-22-19-23-21-18-49-51-63-62-67-50-34-31-29-32-48-24-10-17-4-0,15743.00779128993,seed701_explore_lns_start77_late_best_rm25_tw12
0-65-59-63-28-27-31-62-67-61-41-38-40-6-3-46-8-7-53-66-56-50-34-54-44-43-35-37-68-55-60-4-1-70-32-26-25-0,15758.996557105811,seed702_explore_lns_start18_late_random_best_rm20_tw15
0-65-14-59-63-31-29-27-38-44-61-53-7-6-8-3-46-40-37-43-41-54-68-1-4-60-17-10-13-58-25-48-24-20-56-50-34-32-26-0,15768.465221294447,seed701_explore_lns_start5_mixed_regret_rm20_tw15
0-42-36-39-5-45-2-14-11-47-12-69-65-52-15-16-9-57-22-23-18-49-51-62-67-34-31-29-26-30-32-33-24-13-17-25-0,15784.166453254062,seed701_explore_lns_start85_late_best_rm25_tw12
0-14-59-63-33-28-62-67-61-44-40-38-41-7-8-6-53-51-18-21-20-66-56-54-37-35-43-1-4-70-55-60-10-13-48-50-32-0,15785.588929459494,seed702_explore_lns_start85_late_best_rm25_tw8
0-42-36-39-5-45-2-69-65-64-62-67-29-27-28-30-51-18-21-23-19-49-22-57-52-9-11-12-47-16-15-10-20-0,15789.91899196984,seed601_lns_start69_random_regret_rm8_tw10_guarded
0-65-63-33-31-27-29-62-61-44-38-40-8-7-6-41-67-50-56-66-68-55-3-4-46-60-53-10-17-13-58-25-24-20-54-37-35-43-70-0,15791.54623920786,seed607_lns_start22_mixed_best_rm8_tw15_guarded
0-42-36-39-5-45-2-69-14-47-15-11-52-12-16-9-59-57-19-18-49-22-51-64-67-29-27-28-32-20-24-10-13-17-58-48-1-0,15794.570845998507,seed701_explore_lns_start17_late_random_best_rm25_tw15
0-42-36-39-5-45-2-69-47-15-12-52-11-16-9-57-23-18-21-49-22-64-51-63-34-30-28-26-32-62-67-55-1-60-17-25-48-0,15798.895819477482,seed702_explore_lns_start10_late_regret_rm25_tw8
0-14-63-28-33-21-23-67-44-40-38-41-61-53-7-6-8-3-46-54-50-34-26-30-32-56-66-20-24-58-10-70-1-43-35-37-0,15811.119888227073,seed702_explore_lns_start66_late_regret_rm25_tw15
0-63-33-28-27-31-29-69-61-44-40-38-41-6-7-8-3-46-53-66-56-50-30-32-34-54-37-35-43-1-4-70-68-55-60-17-10-13-58-25-24-0,15813.322258844766,seed604_lns_start36_mixed_best_rm8_tw10_guarded
0-65-63-52-64-62-31-27-30-67-61-41-38-40-44-3-8-46-6-7-53-10-66-56-54-37-35-43-1-4-70-60-17-25-24-50-34-32-0,15817.864320512883,seed701_explore_lns_start28_late_regret_rm25_tw8
0-31-29-61-7-38-41-44-40-8-3-46-10-53-55-6-4-1-43-35-37-54-70-68-66-56-24-48-25-58-13-17-60-50-0,15833.108779323058,seed607_lns_start34_late_best_rm8_tw15
0-65-63-59-52-64-62-33-27-29-38-40-44-61-41-34-50-56-66-54-37-35-43-1-3-8-7-6-60-53-17-13-24-20-48-70-0,15834.425546579387,seed702_explore_lns_start76_late_best_rm25_tw10
0-65-39-36-42-45-5-2-69-14-47-15-16-11-12-9-52-57-23-21-18-19-49-22-64-56-67-62-28-26-33-51-48-24-13-60-0,15837.39823015567,seed608_lns_start22_mixed_regret_rm8_tw8_guarded
0-33-31-61-7-38-41-44-40-8-3-46-10-53-55-6-4-1-43-35-37-54-70-68-66-56-24-48-25-58-13-17-60-50-0,15841.085710477895,seed606_lns_start8_late_best_rm8_tw8
0-28-31-61-7-38-41-44-40-8-3-46-10-53-55-6-4-1-43-35-37-54-70-68-66-56-24-48-25-58-13-17-60-50-0,15841.28393061022,seed606_lns_start80_late_best_rm8_tw8
0-63-31-61-7-38-41-44-40-8-3-46-10-53-55-6-4-1-43-35-37-54-70-68-66-56-24-48-25-58-13-17-60-50-0,15845.677562079076,seed605_lns_start65_late_regret_rm8_tw6
0-65-63-33-28-27-64-61-44-40-38-41-6-7-8-3-46-53-66-56-50-30-32-34-54-37-35-43-1-4-70-68-55-60-17-58-25-48-20-24-0,15846.042077203108,seed604_lns_start66_random_best_rm8_tw8_guarded
0-31-28-29-61-7-41-38-44-40-8-53-10-6-46-3-4-1-43-35-37-54-68-55-66-56-24-20-48-25-58-13-17-60-70-0,15849.826822409284,seed602_lns_start29_late_random_best_rm8_tw15
0-33-27-61-7-38-41-44-40-8-3-46-10-53-55-6-4-1-43-35-37-54-70-68-66-56-24-48-25-58-13-17-60-50-0,15850.666151625495,seed602_lns_start8_late_regret_rm8_tw12
0-65-59-62-33-28-30-29-31-67-38-40-44-61-53-7-8-6-46-3-41-43-37-35-54-68-66-20-24-48-25-13-10-17-60-4-1-70-50-32-0,15851.77887246865,seed701_explore_lns_start86_late_regret_rm20_tw8
0-31-28-27-61-7-41-38-44-40-8-53-10-6-46-3-4-1-43-35-37-54-68-55-66-56-24-20-48-25-58-13-17-60-70-0,15854.498859313488,seed603_lns_start49_late_regret_rm8_tw15
0-31-28-33-61-7-41-38-44-40-8-53-10-6-46-3-4-1-43-35-37-54-68-55-66-56-24-20-48-25-58-13-17-60-70-0,15855.561953259006,seed601_lns_start23_late_regret_rm8_tw10
0-59-23-69-7-61-41-38-44-40-8-53-10-6-46-3-4-1-43-35-37-54-68-55-66-56-24-20-48-25-58-13-17-60-70-0,15856.794756010933,seed606_lns_start29_mixed_regret_rm8_tw8
0-63-27-61-7-38-41-44-40-8-3-46-10-53-55-6-4-1-43-35-37-54-70-68-66-56-24-48-25-58-13-17-60-50-0,15857.63813333886,seed601_lns_start53_late_regret_rm8_tw10
0-42-36-39-5-45-2-69-12-15-16-11-52-23-21-18-19-64-57-22-49-51-63-62-50-33-30-28-26-27-29-32-68-24-48-0,15857.790089945653,seed702_explore_lns_start72_random_regret_rm25_tw15
0-33-27-31-61-7-41-38-44-40-8-53-10-6-46-3-4-1-43-35-37-54-68-55-66-56-24-20-48-25-58-13-17-60-70-0,15858.717293634376,seed606_lns_start64_late_regret_rm8_tw15
0-63-28-31-61-7-41-38-44-40-8-53-10-6-46-3-4-1-43-35-37-54-68-55-66-56-24-20-48-25-58-13-17-60-70-0,15860.343740020451,seed602_lns_start20_late_regret_rm8_tw10
0-63-29-27-61-7-41-38-44-40-8-53-10-6-46-3-4-1-43-35-37-54-68-55-66-56-24-20-48-25-58-13-17-60-70-0,15865.181627192249,seed602_lns_start11_late_random_best_rm8_tw10
0-23-69-61-38-44-40-41-7-6-8-3-46-53-66-56-50-34-26-54-37-35-43-1-4-70-68-55-60-17-10-13-58-25-48-24-0,15874.294048818108,seed603_lns_start0_random_regret_rm8_tw6
0-42-36-39-5-45-2-69-65-64-62-67-31-29-28-30-33-63-51-18-21-23-19-49-57-52-9-11-15-16-12-10-54-24-17-0,15881.406592754573,seed606_lns_start16_random_regret_rm8_tw15_guarded
0-61-44-40-38-41-6-8-7-53-10-9-20-66-54-43-37-35-68-55-1-3-4-46-60-17-13-58-25-24-34-26-0,15883.856854543661,seed601_lns_start89_mixed_regret_rm8_tw8
0-65-33-63-52-23-21-64-29-27-30-61-41-38-40-6-7-8-46-3-44-43-35-37-54-68-1-60-53-13-24-48-66-56-34-70-0,15889.296065885012,seed702_explore_lns_start69_late_best_rm25_tw12
0-42-36-39-5-45-2-69-14-11-47-16-15-59-12-9-52-57-23-21-19-49-22-64-67-62-50-31-26-30-56-3-46-17-13-48-0,15892.323552814276,seed702_explore_lns_start58_late_best_rm25_tw6
0-42-36-39-5-45-2-69-65-64-62-31-29-27-28-30-33-63-51-18-19-49-22-57-52-9-11-12-14-16-15-60-35-48-0,15893.121111809176,seed604_lns_start86_random_regret_rm8_tw10
0-33-28-61-7-38-41-44-40-8-3-46-10-53-55-6-4-1-43-35-37-54-70-68-66-56-24-48-25-58-13-17-60-26-0,15898.989474299298,seed605_lns_start83_late_regret_rm8_tw15
0-63-28-61-7-38-41-44-40-8-3-46-10-53-55-6-4-1-43-35-37-54-70-68-66-56-24-48-25-58-13-17-60-26-0,15906.75260680463,seed606_lns_start66_late_regret_rm8_tw15
0-42-36-39-5-45-2-69-64-31-29-28-30-33-51-19-21-23-18-22-49-57-52-9-11-15-16-47-12-59-0,15906.867425018212,seed604_lns_start19_random_random_best_rm8_tw10
0-63-27-61-7-38-41-44-40-8-3-46-10-53-55-6-4-1-43-35-37-54-70-68-66-56-24-48-25-58-13-17-60-26-0,15911.210444021868,seed606_lns_start88_late_regret_rm8_tw10
0-63-33-61-38-44-8-7-6-53-41-50-34-26-40-43-37-35-54-68-55-70-1-3-4-46-60-17-13-58-25-48-24-56-0,15924.839490310107,seed601_lns_start55_late_random_best_rm8_tw12
0-33-29-61-38-44-8-7-6-53-41-50-34-26-40-43-37-35-54-68-55-70-1-3-4-46-60-17-13-58-25-48-24-56-0,15925.345931031956,seed605_lns_start34_late_random_best_rm8_tw8
0-65-33-28-27-29-31-62-67-61-44-40-38-41-8-7-6-53-50-34-20-56-66-68-54-43-35-37-1-3-4-70-60-17-10-13-58-25-24-0,15927.791663371318,seed701_explore_lns_start66_late_random_best_rm20_tw15
0-65-14-59-63-33-27-29-62-67-38-40-61-41-8-7-6-53-46-3-44-43-37-35-54-68-4-1-60-17-13-58-25-20-66-56-50-34-70-0,15933.872142767479,seed701_explore_lns_start70_late_random_best_rm25_tw12
0-65-59-63-33-27-28-64-21-23-52-53-61-38-44-41-6-7-8-46-3-40-43-37-35-54-55-4-1-70-68-56-50-34-48-10-58-0,15948.903631750518,seed702_explore_lns_start11_late_best_rm25_tw10
0-14-59-31-27-29-61-44-38-40-8-7-6-41-26-34-50-56-66-68-55-1-3-4-46-60-53-17-13-58-25-48-20-24-70-43-37-35-0,15974.50344299053,seed601_lns_start16_mixed_random_best_rm6_tw15_guarded
0-42-36-39-5-45-2-69-65-64-62-67-30-28-33-63-51-19-23-21-18-22-57-52-9-11-15-16-47-12-17-0,15985.324318746003,seed606_lns_start11_mixed_random_best_rm8_tw10
0-42-36-39-5-45-2-14-11-47-12-69-65-15-16-9-59-57-22-19-23-21-18-49-51-62-34-30-28-26-32-67-68-55-60-13-58-25-0,15987.606779043534,seed701_explore_lns_start49_late_random_best_rm25_tw6
0-39-28-33-61-38-44-40-41-7-6-8-3-46-53-66-56-50-34-26-32-54-37-35-43-4-70-68-55-10-17-13-24-20-48-25-0,15994.173580827348,seed601_lns_start73_random_best_rm8_tw8
0-63-28-61-38-44-8-7-6-41-50-34-26-40-43-37-35-54-68-55-1-3-4-46-60-53-10-17-13-58-25-48-24-70-0,16017.011212514702,seed607_lns_start21_mixed_random_best_rm8_tw15
0-65-61-44-40-38-41-6-7-8-3-46-53-10-66-56-50-34-26-32-20-24-48-25-58-13-17-60-55-68-70-37-43-1-4-0,16023.161688415927,seed604_lns_start43_random_random_best_rm4_tw15
0-29-27-61-7-38-41-44-40-3-8-46-10-53-55-6-4-1-43-35-37-54-70-68-66-56-24-48-25-58-13-17-60-50-0,16034.949311213722,seed602_lns_start21_late_regret_rm8_tw10
0-63-33-28-27-31-29-21-64-67-38-44-41-61-6-46-3-8-7-53-10-20-66-56-54-40-37-35-43-1-70-68-55-58-25-50-32-0,16051.243051842668,seed702_explore_lns_start48_late_regret_rm25_tw10
0-33-27-61-38-44-8-7-6-53-41-50-34-26-40-43-37-35-54-68-55-1-3-4-46-60-17-13-58-25-48-24-66-70-0,16059.14417256424,seed606_lns_start39_late_random_best_rm8_tw10
0-33-29-61-7-38-41-44-40-8-3-46-10-53-55-6-4-1-43-35-37-54-70-68-66-56-24-48-25-58-13-17-60-34-0,16060.193226088626,seed606_lns_start50_late_regret_rm8_tw8
0-14-65-63-33-27-29-31-64-69-61-44-53-6-7-8-3-46-41-43-40-38-37-34-26-56-66-20-24-48-25-10-17-60-1-70-54-35-0,16060.74747578636,seed701_explore_lns_start5_mixed_random_best_rm25_tw12
0-65-14-59-63-31-27-28-30-67-64-61-8-7-6-44-38-41-46-3-40-43-35-37-54-1-4-60-53-10-17-58-48-20-50-26-70-0,16062.153535321755,seed702_explore_lns_start37_late_best_rm25_tw10
0-65-39-36-42-45-5-2-69-12-47-15-16-11-52-9-57-64-22-49-23-18-51-62-50-33-30-28-26-27-32-34-55-4-60-24-48-58-0,16064.76607816085,seed701_explore_lns_start18_late_regret_rm25_tw8
0-14-33-63-64-62-30-28-67-61-41-38-40-53-6-7-8-46-3-44-43-37-35-54-68-55-4-1-70-10-13-58-25-24-66-56-50-26-0,16073.477243945676,seed701_explore_lns_start27_late_best_rm25_tw8
0-63-27-61-7-38-41-44-40-8-3-46-10-53-55-6-4-1-43-35-37-54-70-68-66-56-24-48-25-58-13-17-60-34-0,16074.353253354715,seed606_lns_start29_late_regret_rm8_tw12
0-21-69-61-38-44-40-41-8-7-53-6-46-3-43-37-54-56-66-20-24-25-58-13-17-10-60-4-1-70-55-68-35-50-0,16129.177705130865,seed606_lns_start58_mixed_regret_rm8_tw15
0-42-36-39-5-45-2-69-65-62-31-29-28-30-33-63-51-19-21-23-18-49-22-64-57-9-11-15-16-47-12-17-25-0,16129.74295003266,seed603_lns_start51_random_best_rm8_tw10
0-33-29-31-61-7-41-38-44-40-8-53-10-6-46-3-4-1-43-35-37-54-68-70-55-60-17-13-58-25-48-24-66-56-32-0,16148.33410407676,seed606_lns_start45_late_regret_rm8_tw12
0-63-33-31-61-7-41-38-44-40-8-53-10-6-46-3-4-1-43-35-37-54-68-70-55-60-17-13-58-25-48-24-66-56-32-0,16153.782696500859,seed604_lns_start64_late_regret_rm8_tw12
0-63-31-29-61-7-41-38-44-40-8-53-10-6-46-3-4-1-43-35-37-54-68-70-55-60-17-13-58-25-48-24-66-56-32-0,16153.838284515637,seed601_lns_start74_late_regret_rm8_tw8
0-14-61-38-44-40-8-6-7-41-34-50-56-66-54-37-35-43-1-3-46-60-53-10-17-13-58-25-48-24-20-32-26-0,16153.989078114759,seed608_lns_start30_random_best_rm6_tw15
0-65-27-28-33-62-64-21-23-51-67-61-38-40-44-41-6-7-8-46-43-37-35-54-68-3-4-1-70-53-10-17-13-58-66-56-26-0,16160.682990196769,seed701_explore_lns_start11_late_regret_rm25_tw10
0-59-47-14-27-61-44-40-38-41-8-7-6-53-22-20-66-56-50-34-32-26-37-35-43-68-55-70-1-3-4-46-60-13-58-25-48-0,16162.156640542697,seed606_lns_start16_random_regret_rm8_tw15_guarded
0-63-31-27-61-7-41-38-44-40-8-53-10-6-46-3-4-1-43-35-37-54-68-70-55-60-17-13-58-25-48-24-66-56-32-0,16163.06453433213,seed602_lns_start10_late_regret_rm8_tw10
0-63-28-27-61-7-41-38-44-40-8-53-10-6-46-3-4-1-43-35-37-54-68-70-55-60-17-13-58-25-48-24-66-56-32-0,16163.22878588926,seed601_lns_start75_late_regret_rm8_tw12
0-63-33-27-61-7-41-38-44-40-8-53-10-6-46-3-4-1-43-35-37-54-68-70-55-60-17-13-58-25-48-24-66-56-32-0,16163.363137648457,seed603_lns_start12_late_regret_rm8_tw12
0-65-63-61-7-44-41-38-6-8-3-46-53-10-20-66-54-40-37-35-43-68-55-70-1-4-60-17-13-58-25-48-24-34-0,16169.500030781232,seed607_lns_start41_mixed_regret_rm8_tw12
0-59-63-33-31-27-29-62-19-64-61-41-38-40-6-8-46-7-53-10-56-54-44-37-35-43-1-3-4-70-55-13-25-20-50-32-26-0,16172.546636889942,seed701_explore_lns_start15_late_regret_rm25_tw8
0-31-28-61-7-44-41-38-6-8-3-46-53-10-20-66-54-40-37-35-43-68-55-70-1-4-60-17-13-58-25-48-24-34-0,16188.3125185062,seed602_lns_start63_late_best_rm8_tw10
0-28-33-61-7-44-41-38-6-8-3-46-53-10-20-66-54-40-37-35-43-68-55-70-1-4-60-17-13-58-25-48-24-34-0,16193.904310000815,seed605_lns_start42_late_best_rm8_tw15
0-42-36-39-5-45-2-69-64-52-59-15-16-11-12-9-57-23-21-18-19-49-22-51-63-62-67-34-31-27-26-32-56-24-60-4-1-70-0,16207.508424872676,seed701_explore_lns_start53_random_best_rm25_tw8
0-14-65-33-27-28-29-31-64-67-61-44-40-41-6-8-7-46-53-10-66-51-20-56-54-43-38-37-35-1-3-4-70-55-60-17-13-50-0,16219.160793767393,seed701_explore_lns_start47_late_random_best_rm25_tw12
0-63-33-28-27-29-31-67-61-22-9-53-7-8-46-6-44-41-38-37-40-43-1-3-4-68-55-10-17-13-25-48-24-66-56-26-0,16223.442406521151,seed701_explore_lns_start66_mixed_random_best_rm25_tw6
0-42-36-39-5-45-2-14-47-15-11-52-59-16-12-9-57-64-22-19-18-21-23-49-20-51-63-28-27-34-50-67-4-1-60-70-48-0,16225.31813850994,seed701_explore_lns_start82_mixed_regret_rm25_tw12
0-65-61-44-40-38-41-53-7-6-8-46-3-43-37-54-68-55-1-4-60-10-58-25-48-20-24-66-56-50-34-26-35-0,16237.567880689878,seed607_lns_start64_random_random_best_rm8_tw8
0-42-36-39-5-45-2-69-14-11-47-16-15-59-12-9-52-57-23-21-18-19-22-49-51-64-67-62-50-34-30-28-26-32-20-24-17-58-0,16246.571966735757,seed701_explore_lns_start40_late_regret_rm20_tw6
0-42-36-39-5-45-2-65-52-59-15-16-47-14-12-11-9-57-22-23-21-18-51-67-50-31-30-28-26-27-29-32-56-66-13-48-58-0,16250.476247936473,seed701_explore_lns_start79_mixed_regret_rm25_tw6
0-65-42-36-39-5-45-2-69-47-16-15-11-12-59-9-52-57-22-19-23-18-49-51-64-67-62-33-30-28-4-0,16263.792832864303,seed604_lns_start37_mixed_regret_rm8_tw6
0-14-65-62-33-28-29-30-64-61-41-38-40-44-6-8-3-46-7-53-10-56-54-37-35-43-1-4-70-66-20-24-25-50-34-26-17-0,16300.929888192408,seed701_explore_lns_start66_late_regret_rm25_tw6
0-59-63-33-28-27-31-30-62-44-40-38-41-61-6-7-8-3-46-53-66-50-56-54-43-37-35-68-55-70-1-4-60-17-58-25-48-24-32-34-0,16310.866348255293,seed701_explore_lns_start84_late_best_rm20_tw12
0-14-65-63-33-31-29-62-64-61-44-38-41-7-53-6-8-46-3-40-43-37-54-50-56-20-24-48-25-13-10-17-60-4-70-55-68-35-32-0,16341.411800351101,seed701_explore_lns_start68_late_random_best_rm25_tw6
0-65-59-33-28-27-31-29-21-23-19-67-61-41-38-44-40-6-7-8-46-3-43-37-35-54-56-66-20-24-25-58-13-17-10-53-55-70-50-32-0,16356.35009550073,seed702_explore_lns_start26_late_regret_rm25_tw10
0-65-63-27-28-33-23-64-67-38-40-61-7-53-6-8-46-3-44-41-43-37-35-54-68-56-66-20-48-25-58-10-17-60-4-1-70-32-0,16357.9969856947,seed702_explore_lns_start4_late_best_rm20_tw8
0-28-29-31-61-7-38-41-44-40-3-8-46-10-53-55-68-6-4-1-43-35-37-54-56-66-24-20-48-25-58-13-17-60-70-32-0,16358.397859352408,seed603_lns_start89_late_regret_rm8_tw10
0-14-65-63-33-28-27-31-62-21-23-64-67-38-40-44-41-61-6-7-8-46-3-43-37-35-54-34-32-50-56-66-70-1-4-60-53-10-48-0,16366.180334656716,seed702_explore_lns_start83_late_best_rm25_tw10
0-14-59-63-33-27-29-31-23-64-67-61-41-38-40-44-6-7-8-46-3-43-37-35-54-34-26-50-56-66-25-58-13-17-10-53-60-0,16374.056217341078,seed702_explore_lns_start56_mixed_best_rm25_tw10
0-33-28-27-31-29-69-44-40-38-41-61-52-9-53-6-7-8-46-3-43-37-35-54-68-55-66-20-24-48-58-13-10-1-70-50-34-0,16412.186198520096,seed701_explore_lns_start54_mixed_best_rm25_tw6
0-42-36-39-5-45-2-14-11-47-12-69-65-52-59-15-16-9-57-22-19-21-18-49-20-51-63-30-29-26-32-67-10-13-24-25-0,16420.316794087965,seed701_explore_lns_start37_late_random_best_rm20_tw15
0-65-59-63-33-28-31-62-67-61-44-40-41-7-6-8-3-46-10-53-66-56-38-43-37-35-1-4-55-68-54-70-60-13-58-25-24-34-32-0,16421.30436642958,seed701_explore_lns_start72_late_regret_rm20_tw15
0-14-59-33-28-62-64-19-21-23-61-41-38-40-44-7-6-8-46-53-10-66-56-54-37-35-68-70-55-60-17-13-24-48-20-50-32-26-0,16427.35664977397,seed702_explore_lns_start20_late_best_rm25_tw6
0-65-59-63-33-27-29-64-67-44-40-38-41-61-6-7-8-3-46-53-10-20-54-43-35-37-68-55-70-1-4-60-17-13-58-48-34-32-26-0,16433.443884116696,seed702_explore_lns_start11_late_regret_rm20_tw8
0-14-62-44-61-7-40-38-41-53-6-8-46-3-66-56-54-37-35-43-68-55-60-17-10-13-58-25-48-24-20-50-34-32-26-0,16440.318772997605,seed601_lns_start29_random_regret_rm8_tw10
0-65-59-63-33-28-27-31-64-67-38-44-8-7-6-41-61-50-34-40-43-35-37-54-46-4-3-1-70-60-17-10-66-20-25-48-32-0,16446.479377847994,seed702_explore_lns_start26_late_random_best_rm25_tw6
0-65-39-36-42-5-45-2-69-12-47-16-15-11-59-9-57-23-18-19-49-22-51-64-67-62-50-33-30-29-34-32-20-43-25-0,16446.966872911904,seed701_explore_lns_start9_late_regret_rm25_tw8
0-65-63-59-52-64-62-28-29-67-61-41-38-40-8-46-7-6-53-10-18-20-54-44-43-37-35-68-70-3-4-60-58-25-24-34-0,16457.0397879528,seed701_explore_lns_start43_late_best_rm25_tw8
0-59-63-33-28-31-62-19-21-23-52-41-38-40-44-3-46-8-6-7-53-10-20-56-66-61-43-35-37-54-68-55-70-1-60-13-58-48-32-0,16461.89028321314,seed701_explore_lns_start49_late_regret_rm25_tw6
0-42-36-39-5-45-2-69-47-15-59-52-11-12-16-9-57-23-21-18-19-22-49-20-51-63-29-28-26-67-64-10-13-17-48-0,16467.39148456137,seed701_explore_lns_start64_late_best_rm25_tw12
0-63-28-27-31-29-44-7-61-41-38-40-3-8-46-6-53-66-56-50-30-32-34-54-37-35-43-1-4-60-17-10-13-58-25-48-20-70-0,16470.901641562818,seed608_lns_start46_mixed_regret_rm6_tw8_guarded
0-65-59-28-27-29-31-62-67-64-61-38-40-44-7-8-6-46-3-41-43-37-54-26-32-50-56-20-48-58-13-17-10-53-55-70-68-35-0,16489.29722154536,seed701_explore_lns_start5_late_random_best_rm25_tw10
0-65-63-28-27-31-29-62-61-44-38-40-8-7-6-41-67-50-56-66-53-55-68-1-3-4-46-60-17-10-13-58-25-48-20-54-37-35-43-70-0,16507.60116579158,seed601_lns_start87_mixed_regret_rm6_tw8_guarded
0-36-39-42-5-45-2-47-15-12-59-52-11-16-9-57-22-23-21-18-19-49-51-64-67-62-50-34-29-30-28-32-54-35-70-17-48-0,16508.23578223165,seed702_explore_lns_start1_random_random_best_rm25_tw8
0-64-2-61-44-40-38-41-6-7-8-3-46-53-66-56-50-34-26-32-54-43-35-37-68-70-1-55-60-17-13-10-24-20-48-0,16523.6016840702,seed603_lns_start55_random_random_best_rm8_tw10
0-65-59-63-33-27-29-31-62-38-44-40-53-6-7-8-3-41-34-50-56-61-43-37-35-54-68-70-1-4-46-60-17-10-24-20-25-32-0,16528.90166309263,seed702_explore_lns_start33_late_random_best_rm20_tw6
0-14-63-28-27-31-29-62-23-64-67-61-41-40-44-3-46-8-7-6-53-10-66-56-54-43-38-37-35-68-55-70-60-58-25-48-24-32-26-0,16532.913613682507,seed702_explore_lns_start4_late_best_rm25_tw10
0-69-64-61-38-44-41-40-7-6-53-10-46-3-8-55-68-54-56-66-20-24-48-25-58-13-60-4-1-70-43-37-35-50-0,16570.471523737517,seed607_lns_start69_mixed_best_rm8_tw6
0-65-59-33-28-27-31-62-30-67-61-44-38-40-8-7-6-46-53-66-20-19-56-32-26-54-37-35-43-1-3-4-70-60-17-10-24-48-0,16573.05820249905,seed702_explore_lns_start76_late_regret_rm25_tw10
0-65-14-59-63-33-27-29-21-52-61-41-38-40-44-6-7-8-46-10-53-68-43-35-37-54-56-66-24-20-48-58-17-60-3-1-70-32-0,16582.21067188429,seed701_explore_lns_start69_late_best_rm25_tw15
0-65-59-63-33-27-29-30-67-64-18-19-53-7-6-8-46-3-61-41-38-37-40-44-43-35-54-68-56-20-24-48-13-10-60-70-34-32-0,16593.70450362775,seed701_explore_lns_start83_late_regret_rm25_tw12
0-59-33-28-27-31-29-62-64-44-40-38-61-41-6-7-8-46-10-53-55-43-35-37-54-68-3-4-1-70-60-17-66-56-20-48-50-34-0,16598.248499609563,seed702_explore_lns_start86_late_random_best_rm20_tw8
0-42-36-39-5-45-2-69-14-11-47-16-15-59-12-9-52-57-19-23-18-22-49-51-62-67-27-28-30-20-24-13-10-55-4-1-70-0,16615.107259954446,seed701_explore_lns_start12_random_best_rm25_tw12
0-59-62-61-38-44-7-41-40-8-46-6-10-53-55-3-43-37-35-54-68-70-1-4-60-17-13-58-25-48-24-66-56-50-0,16624.311531425585,seed604_lns_start42_mixed_regret_rm8_tw12
0-42-36-39-5-45-2-69-47-15-52-65-11-12-16-9-57-22-19-23-21-18-49-20-64-51-33-26-29-32-62-56-24-58-13-17-60-1-0,16633.30884360255,seed702_explore_lns_start24_late_regret_rm25_tw15
0-42-36-39-5-45-2-69-65-31-28-27-29-30-33-63-51-18-23-21-49-22-57-9-11-15-16-47-12-53-66-56-50-32-26-24-58-0,16639.72358877088,seed701_explore_lns_start80_late_random_best_rm25_tw8
0-62-27-61-38-44-40-41-53-7-6-8-46-3-37-43-54-55-66-56-20-24-48-25-58-13-17-10-60-4-1-70-35-50-34-0,16644.98469590946,seed601_lns_start68_mixed_random_best_rm8_tw8
0-42-36-39-5-45-2-69-65-52-11-12-14-47-15-16-59-23-21-18-19-49-22-57-64-51-62-67-50-34-31-29-26-30-32-68-0,16656.000464011086,seed603_lns_start84_late_best_rm8_tw12_guarded
0-59-63-33-62-21-30-27-67-61-41-38-40-44-3-46-8-7-6-53-66-56-50-54-37-35-43-1-4-70-68-55-10-13-20-48-32-0,16667.24977106596,seed702_explore_lns_start88_late_regret_rm25_tw6
0-65-59-62-64-30-28-29-31-67-44-38-40-41-61-53-6-8-46-3-43-37-35-54-7-4-1-68-66-56-24-25-10-17-70-50-32-0,16679.90085489345,seed701_explore_lns_start62_late_best_rm25_tw12
0-65-27-28-33-29-30-62-67-61-38-40-41-7-8-3-46-6-53-10-66-56-54-44-43-37-35-68-70-1-4-60-17-24-20-48-34-26-0,16684.427219693003,seed701_explore_lns_start18_late_best_rm25_tw15
0-39-69-2-61-38-44-40-41-7-6-8-3-46-53-66-56-50-34-26-32-54-37-35-43-1-4-70-68-55-60-10-13-58-24-20-48-0,16713.12674583148,seed606_lns_start57_random_best_rm8_tw15
0-63-33-31-61-7-41-38-44-40-8-53-10-6-46-3-4-1-43-35-37-54-68-70-55-60-17-13-58-25-48-24-66-56-50-0,16714.69135360219,seed604_lns_start13_late_regret_rm8_tw6
0-63-33-28-61-7-41-38-44-40-8-53-10-6-46-3-4-1-43-35-37-54-68-70-55-60-17-13-58-25-48-24-66-56-50-0,16719.022806740584,seed604_lns_start63_late_regret_rm8_tw8
0-31-28-27-61-7-41-38-44-40-8-53-10-6-46-3-4-1-43-35-37-54-68-55-60-17-13-58-25-48-24-66-56-50-70-0,16722.823115604126,seed603_lns_start43_late_regret_rm8_tw12
0-31-28-33-61-7-41-38-44-40-8-53-10-6-46-3-4-1-43-35-37-54-68-55-60-17-13-58-25-48-24-66-56-50-70-0,16723.886209549648,seed608_lns_start79_late_best_rm8_tw12
0-63-28-27-61-7-41-38-44-40-8-53-10-6-46-3-4-1-43-35-37-54-68-70-55-60-17-13-58-25-48-24-66-56-50-0,16724.13744299059,seed601_lns_start80_late_regret_rm8_tw6
0-63-31-29-61-7-41-38-44-40-8-53-10-6-46-3-4-1-43-35-37-54-68-55-60-17-13-58-25-48-24-66-56-50-70-0,16724.58393462766,seed604_lns_start75_late_regret_rm8_tw12
0-33-28-31-61-7-38-41-44-40-8-3-46-10-53-55-6-4-43-35-37-54-56-66-24-20-48-25-58-13-17-60-1-70-68-32-0,16725.99711289956,seed603_lns_start54_late_regret_rm8_tw10
0-28-27-29-61-7-38-41-44-40-8-3-46-10-53-55-6-4-43-35-37-54-56-66-24-20-48-25-58-13-17-60-1-70-68-32-0,16727.71037991002,seed605_lns_start54_late_regret_rm8_tw12
0-33-27-31-61-7-38-41-44-40-8-3-46-10-53-55-6-4-43-35-37-54-56-66-24-20-48-25-58-13-17-60-1-70-68-32-0,16732.13379901882,seed604_lns_start59_late_regret_rm8_tw6
0-14-63-33-28-62-64-19-23-21-18-61-41-44-40-6-7-8-46-3-38-43-37-54-35-1-4-70-60-53-10-58-48-20-32-34-0,16733.375220752565,seed702_explore_lns_start47_late_regret_rm25_tw12
0-63-28-31-61-7-38-41-44-40-8-3-46-10-53-55-6-4-43-35-37-54-56-66-24-20-48-25-58-13-17-60-1-70-68-32-0,16733.760245404894,seed605_lns_start87_late_regret_rm8_tw8
0-42-36-39-5-45-2-69-47-59-15-11-12-16-9-52-57-22-49-19-23-18-51-62-67-34-31-29-27-26-30-32-53-13-24-25-58-0,16740.445100102108,seed701_explore_lns_start71_late_best_rm25_tw10
0-65-59-27-28-31-62-64-21-52-61-41-38-40-44-6-7-8-46-3-53-66-56-50-34-54-43-35-37-1-70-55-60-10-13-24-20-48-0,16749.06130178451,seed701_explore_lns_start35_late_regret_rm25_tw6
0-69-61-44-40-38-41-6-7-8-3-46-53-10-20-56-54-43-37-35-68-55-1-4-60-17-13-58-25-50-34-32-26-0,16757.64765060346,seed604_lns_start89_mixed_random_best_rm8_tw10
0-65-59-63-31-29-28-30-62-64-61-41-38-44-40-8-6-3-46-7-10-53-55-68-54-37-35-43-4-1-70-60-17-58-25-48-66-56-50-32-0,16759.779873121774,seed701_explore_lns_start57_late_best_rm20_tw12
0-65-42-36-39-5-45-2-69-47-16-15-11-12-59-9-52-57-23-18-21-19-49-22-20-51-62-33-30-29-27-26-32-24-13-0,16761.83763020844,seed701_explore_lns_start33_late_best_rm25_tw6
0-65-63-33-28-31-29-44-61-64-18-19-53-7-6-8-46-3-43-40-38-37-54-50-56-66-13-10-60-55-70-41-35-1-20-32-0,16763.93675911008,seed702_explore_lns_start87_late_best_rm25_tw6
0-31-28-33-61-7-41-38-44-40-8-53-10-6-46-3-4-1-43-35-37-54-68-70-55-60-17-13-58-25-48-24-66-56-26-0,16768.170001833216,seed608_lns_start45_late_regret_rm8_tw8
0-63-33-31-61-7-41-38-44-40-8-53-10-6-46-3-4-1-43-35-37-54-68-70-55-60-17-13-58-25-48-24-66-56-26-0,16768.81213889645,seed603_lns_start9_late_regret_rm8_tw12
0-14-33-23-61-38-44-8-7-41-40-3-6-46-53-66-56-50-54-68-55-60-17-10-13-58-25-48-24-20-70-4-43-37-35-0,16773.08271380548,seed601_lns_start14_mixed_best_rm8_tw8
0-63-33-28-61-7-41-38-44-40-8-53-10-6-46-3-4-1-43-35-37-54-68-70-55-60-17-13-58-25-48-24-66-56-26-0,16773.143592034845,seed606_lns_start14_late_regret_rm8_tw8
0-42-36-39-5-45-2-69-65-52-59-15-16-14-11-12-57-19-23-21-18-49-22-64-51-63-33-30-28-67-68-17-0,16776.358069367343,seed601_lns_start83_mixed_regret_rm8_tw6
0-63-33-27-61-7-41-38-44-40-8-53-10-6-46-3-4-1-43-35-37-54-68-70-55-60-17-13-58-25-48-24-66-56-26-0,16778.392580044052,seed603_lns_start4_late_regret_rm8_tw15
0-59-63-33-62-64-19-23-21-30-67-61-41-38-40-44-3-46-8-7-6-53-10-68-54-37-35-43-1-4-70-17-58-25-48-24-56-32-0,16807.56768653908,seed702_explore_lns_start75_late_regret_rm25_tw10
0-39-33-63-64-2-61-44-40-38-41-6-8-7-9-10-53-43-37-54-68-1-3-4-46-60-17-13-58-25-48-20-24-66-56-50-32-70-0,16808.1970754237,seed605_lns_start22_random_regret_rm8_tw10_guarded
0-59-63-33-31-27-29-62-61-44-38-40-8-7-6-41-67-50-56-66-53-55-68-1-3-4-46-60-17-10-13-58-25-48-20-54-37-35-43-70-0,16809.224242665012,seed604_lns_start8_mixed_random_best_rm6_tw10_guarded
0-65-59-63-62-33-31-29-30-38-44-61-41-7-6-8-3-46-53-66-56-54-40-43-37-35-68-55-4-1-70-60-17-10-13-58-25-20-50-32-0,16813.917997333923,seed702_explore_lns_start80_late_random_best_rm20_tw6
0-14-63-33-28-27-29-30-62-67-64-53-61-41-38-40-44-3-8-6-46-43-37-35-54-56-66-55-70-1-4-60-17-13-58-25-48-20-32-34-0,16850.04554023336,seed702_explore_lns_start81_late_random_best_rm25_tw8
0-62-31-61-38-44-41-40-7-6-8-46-53-66-55-3-4-1-43-35-37-54-56-20-24-48-25-58-13-10-17-60-70-68-50-0,16866.22869605945,seed608_lns_start67_mixed_regret_rm6_tw10
0-65-59-33-31-29-27-28-30-64-61-44-38-41-8-7-46-6-53-56-50-34-26-54-43-40-37-35-1-3-4-70-68-60-10-58-24-20-0,16869.189146793404,seed701_explore_lns_start36_late_regret_rm20_tw12
0-63-33-61-38-44-41-40-7-6-8-46-53-66-55-3-4-1-43-35-37-54-56-20-24-48-25-58-13-10-17-60-70-68-50-0,16877.878348672093,seed604_lns_start66_mixed_regret_rm6_tw6
0-33-2-61-44-40-38-41-6-7-8-3-46-53-10-20-56-54-43-37-35-68-55-1-4-60-17-13-58-25-50-34-32-26-0,16886.31124995492,seed605_lns_start59_mixed_random_best_rm8_tw8
0-64-62-61-38-44-40-41-7-53-6-8-46-43-37-3-4-1-35-54-68-55-10-17-13-58-25-24-20-66-56-50-70-0,16896.949152955716,seed601_lns_start15_mixed_random_best_rm8_tw8
0-42-36-39-5-45-2-69-65-52-11-12-14-47-15-16-59-23-21-18-19-49-22-51-62-67-50-34-31-29-30-28-26-32-68-57-0,16901.756487052844,seed601_lns_start18_late_best_rm8_tw12_guarded
0-42-36-39-5-45-2-14-47-15-11-52-65-69-12-16-9-57-19-21-18-22-49-51-63-62-67-50-29-27-30-20-24-48-25-17-58-0,16906.425489456182,seed702_explore_lns_start32_late_regret_rm20_tw6
0-42-36-39-5-45-2-69-65-64-62-67-30-28-33-63-51-18-21-23-19-49-22-57-52-9-11-12-47-16-15-10-54-32-0,16911.721485853664,seed601_lns_start16_mixed_random_best_rm6_tw15_guarded
0-33-31-44-61-7-38-41-6-8-3-46-53-10-20-66-56-54-40-37-35-43-68-55-70-1-4-60-17-13-58-25-48-24-34-0,16915.80346413561,seed606_lns_start78_late_best_rm8_tw12
0-28-27-44-61-7-38-41-6-8-3-46-53-10-20-66-56-54-40-37-35-43-68-55-70-1-4-60-17-13-58-25-48-24-34-0,16919.718392360737,seed605_lns_start87_late_best_rm8_tw6
0-33-28-44-61-7-38-41-6-8-3-46-53-10-20-66-56-54-40-37-35-43-68-55-70-1-4-60-17-13-58-25-48-24-34-0,16920.35732637473,seed603_lns_start89_late_best_rm8_tw8
0-63-33-44-61-7-38-41-6-8-3-46-53-10-20-66-56-54-40-37-35-43-68-55-70-1-4-60-17-13-58-25-48-24-34-0,16920.536299028692,seed602_lns_start54_late_best_rm8_tw8
0-59-63-33-31-62-67-61-44-40-38-41-53-7-6-8-46-3-37-43-54-68-55-1-4-60-17-10-13-58-25-48-20-24-66-56-50-34-32-0,16921.654209290784,seed607_lns_start17_random_random_best_rm8_tw15_guarded
0-65-59-33-28-27-31-62-19-21-23-18-61-41-40-44-6-7-8-46-3-38-43-37-35-1-4-55-54-70-60-53-66-56-24-48-25-58-32-0,16927.54967735981,seed702_explore_lns_start20_late_best_rm25_tw8
0-63-29-31-61-7-38-41-44-40-3-8-46-10-53-55-68-6-4-1-43-35-37-54-56-66-24-20-48-25-58-13-17-60-70-50-0,16930.513618967187,seed602_lns_start42_late_random_best_rm8_tw8
0-31-28-29-61-7-41-38-44-40-8-53-10-6-46-3-4-1-43-35-37-54-68-70-55-60-17-13-58-25-48-24-66-56-34-0,16931.407056497614,seed604_lns_start84_late_regret_rm8_tw12
0-31-27-29-61-7-41-38-44-40-8-53-10-6-46-3-4-1-43-35-37-54-68-70-55-60-17-13-58-25-48-24-66-56-34-0,16931.618767453045,seed606_lns_start84_late_regret_rm8_tw10
0-33-29-31-61-7-41-38-44-40-8-53-10-6-46-3-4-1-43-35-37-54-68-70-55-60-17-13-58-25-48-24-66-56-34-0,16932.335731986474,seed605_lns_start33_late_regret_rm8_tw15
0-31-28-27-61-7-41-38-44-40-8-53-10-6-46-3-4-1-43-35-37-54-68-70-55-60-17-13-58-25-48-24-66-56-34-0,16936.07909340182,seed606_lns_start38_late_random_best_rm8_tw12
0-47-14-31-61-38-44-41-40-7-6-8-46-53-66-55-3-4-1-43-35-37-54-56-20-24-48-25-58-13-10-17-60-70-68-50-0,16939.001711612804,seed601_lns_start45_mixed_best_rm8_tw15
0-63-33-27-29-31-61-44-40-38-41-7-8-6-53-10-9-66-56-50-30-32-34-54-37-35-43-1-3-46-70-55-60-13-58-24-20-48-0,16939.731199585112,seed606_lns_start78_mixed_random_best_rm8_tw6_guarded
0-33-27-31-61-7-41-38-44-40-8-53-10-6-46-3-4-1-43-35-37-54-68-70-55-60-17-13-58-25-48-24-66-56-34-0,16940.297527722705,seed603_lns_start40_late_regret_rm8_tw6
0-65-61-44-40-38-41-6-7-8-3-46-53-10-20-66-54-43-37-35-68-55-1-4-60-17-13-58-25-50-34-32-26-0,16941.492530303913,seed602_lns_start69_mixed_regret_rm8_tw15
0-42-36-39-5-45-2-69-12-14-47-15-16-11-52-65-64-19-23-21-18-49-22-51-63-33-30-28-62-67-57-10-17-0,16941.617482418023,seed606_lns_start68_mixed_regret_rm8_tw6
0-63-33-28-61-7-41-38-44-40-8-53-10-6-46-3-4-1-43-35-37-54-68-70-55-60-17-13-58-25-48-24-66-56-34-0,16942.115777548963,seed605_lns_start77_late_regret_rm8_tw15
0-63-28-27-61-7-41-38-44-40-8-53-10-6-46-3-4-1-43-35-37-54-68-70-55-60-17-13-58-25-48-24-66-56-34-0,16947.230413798974,seed605_lns_start23_late_regret_rm8_tw6
0-63-33-27-61-7-41-38-44-40-8-53-10-6-46-3-4-1-43-35-37-54-68-70-55-60-17-13-58-25-48-24-66-56-34-0,16947.36476555817,seed606_lns_start53_late_regret_rm8_tw8
0-33-29-31-61-7-38-41-44-40-3-8-46-10-53-55-68-6-4-1-43-35-37-54-56-66-24-20-48-25-58-13-17-60-70-26-0,16965.330898984896,seed603_lns_start34_late_regret_rm8_tw6
0-65-59-63-31-29-28-30-64-51-61-41-38-44-40-3-6-46-8-7-53-10-66-56-55-68-54-37-35-1-4-70-60-13-20-34-26-0,16969.80808575363,seed702_explore_lns_start7_late_regret_rm25_tw12
0-65-63-33-31-27-29-62-61-44-38-40-8-7-6-41-67-50-56-66-53-55-68-1-3-4-46-60-17-10-13-58-25-48-20-54-70-43-37-35-0,16971.53871695602,seed605_lns_start26_mixed_random_best_rm8_tw10_guarded
0-42-36-39-5-45-2-52-23-59-11-12-47-16-15-9-22-49-19-18-51-62-67-50-34-31-29-27-26-28-30-32-66-60-17-70-0,16977.172636821793,seed701_explore_lns_start5_mixed_regret_rm25_tw6
0-59-63-33-28-27-29-31-30-62-51-61-41-44-38-40-6-8-3-46-7-10-53-55-66-54-37-35-1-4-70-17-13-58-25-34-32-26-0,17001.968577294687,seed701_explore_lns_start24_late_regret_rm25_tw8
0-65-52-28-61-38-44-41-40-7-8-46-6-53-66-68-55-4-3-1-43-35-37-54-56-20-24-48-25-58-13-10-17-60-70-50-0,17004.29903228249,seed608_lns_start88_mixed_regret_rm8_tw12
0-65-23-44-40-61-38-41-53-7-6-8-46-3-37-43-35-54-68-55-66-56-20-24-48-25-58-13-17-10-60-4-1-70-50-0,17022.199418336495,seed607_lns_start37_mixed_random_best_rm8_tw6
0-65-59-61-7-44-41-38-6-8-3-46-53-20-66-54-40-37-35-43-68-55-70-1-4-60-17-13-58-25-48-24-34-26-0,17025.857878503284,seed601_lns_start11_mixed_best_rm8_tw15
0-33-63-61-7-44-41-38-6-8-3-46-53-20-66-54-40-37-35-43-68-55-70-1-4-60-17-13-58-25-48-24-50-34-0,17029.420731123966,seed605_lns_start82_late_random_best_rm8_tw10
0-42-36-39-5-45-2-14-47-15-11-52-69-12-16-9-57-22-49-23-18-51-63-33-30-28-26-29-31-32-67-68-55-1-60-13-58-25-48-0,17034.08357673185,seed702_explore_lns_start42_late_regret_rm25_tw15
0-63-62-61-38-44-40-41-7-6-8-3-46-53-66-56-50-34-26-32-54-37-35-43-1-4-70-68-55-60-17-13-58-25-48-20-24-0,17035.32365389121,seed602_lns_start30_random_random_best_rm5_tw12
0-28-33-52-7-61-41-38-44-40-8-53-10-6-46-3-4-43-35-37-54-56-66-24-20-48-25-58-13-17-60-1-70-68-50-0,17041.09707684503,seed601_lns_start2_mixed_regret_rm8_tw6
0-65-59-63-33-28-27-29-30-38-40-44-6-8-7-53-18-20-50-34-26-54-61-46-4-3-1-41-37-35-43-70-66-10-17-24-0,17049.372790436108,seed701_explore_lns_start30_late_regret_rm25_tw8
0-59-31-61-44-40-38-41-6-7-8-3-46-53-10-20-66-54-43-37-35-68-55-1-4-60-17-13-58-25-50-34-32-26-0,17077.672893936848,seed602_lns_start23_mixed_best_rm8_tw10
0-65-59-63-33-28-31-30-21-18-51-67-61-3-46-8-7-6-44-43-40-38-41-37-35-54-68-55-4-1-70-60-53-10-58-25-56-50-0,17083.377812302613,seed701_explore_lns_start2_late_regret_rm25_tw6
0-59-27-61-38-44-40-41-53-7-6-8-46-3-43-37-54-56-66-55-68-35-70-1-4-60-17-10-13-58-25-48-24-20-34-0,17099.710358878678,seed608_lns_start14_mixed_random_best_rm8_tw6
0-14-59-65-62-33-28-29-30-67-38-40-41-61-7-53-6-8-46-3-44-43-37-35-54-34-26-32-66-20-48-25-58-10-60-4-1-70-55-0,17111.7211995955,seed701_explore_lns_start58_late_best_rm25_tw10
0-65-69-2-44-38-61-7-8-41-40-6-46-3-43-37-54-68-1-4-60-53-10-17-13-58-25-48-20-24-66-50-34-32-35-0,17123.816131015596,seed602_lns_start5_random_regret_rm8_tw6
0-33-29-31-61-7-38-41-44-40-3-8-46-10-53-55-68-6-4-1-43-35-37-54-56-66-24-20-48-25-58-13-17-60-70-34-0,17128.56748659428,seed605_lns_start8_late_regret_rm8_tw15
0-29-27-28-61-7-41-38-44-40-8-53-10-6-46-3-4-1-43-35-37-54-68-70-55-60-17-13-58-25-48-24-66-56-50-0,17132.720773163855,seed607_lns_start5_late_regret_rm8_tw8
0-63-29-31-61-7-38-41-44-40-3-8-46-10-53-55-68-6-4-1-43-35-37-54-56-66-24-20-48-25-58-13-17-60-70-34-0,17134.115003855604,seed603_lns_start81_late_regret_rm8_tw10
0-59-63-33-28-27-31-62-23-51-61-41-38-40-44-3-46-8-7-6-53-10-66-56-54-37-35-43-68-55-70-4-60-13-24-20-34-26-0,17157.569916936354,seed702_explore_lns_start68_late_regret_rm25_tw10
0-65-59-33-62-31-27-30-67-64-51-61-44-38-40-41-6-7-8-46-3-43-37-35-54-55-68-1-4-60-53-10-58-25-24-50-32-26-70-0,17161.580551460753,seed701_explore_lns_start43_late_random_best_rm25_tw6
0-42-36-39-5-45-2-69-31-28-27-29-30-33-63-51-64-19-21-23-18-49-22-57-52-9-11-15-16-47-12-0,17185.84565522098,seed601_lns_start69_random_regret_rm8_tw6
0-65-14-45-61-38-44-7-41-40-8-46-6-53-66-68-55-4-3-1-43-35-37-54-56-20-24-48-25-58-13-10-17-60-70-50-0,17215.138802076188,seed601_lns_start18_mixed_regret_rm8_tw10
0-65-31-61-38-44-7-41-40-8-46-6-53-66-68-55-4-3-1-43-35-37-54-56-20-24-48-25-58-13-10-17-60-70-50-0,17220.23386048618,seed602_lns_start12_mixed_best_rm6_tw8
0-65-39-36-42-5-45-2-47-14-12-11-15-59-16-9-52-57-22-19-18-21-49-51-62-50-34-31-29-27-26-28-30-32-10-13-0,17221.501143195837,seed607_lns_start4_mixed_regret_rm8_tw6_guarded
0-63-33-44-61-7-38-41-6-8-3-46-53-20-66-56-54-40-37-35-43-68-55-70-1-4-60-17-13-58-25-48-24-32-34-0,17227.27050175202,seed608_lns_start2_late_best_rm8_tw6
0-63-28-44-61-7-38-41-6-8-3-46-53-20-66-56-54-40-37-35-43-68-55-70-1-4-60-17-13-58-25-48-24-32-34-0,17234.85466160339,seed608_lns_start80_late_best_rm8_tw12
0-42-36-39-5-45-2-69-14-11-47-12-15-16-59-9-52-57-22-23-18-49-51-62-67-31-30-28-27-33-4-0,17250.63039186185,seed607_lns_start54_random_best_rm8_tw6
0-65-42-36-39-5-45-2-14-47-12-11-15-16-59-9-52-57-22-19-18-21-23-49-51-64-67-62-33-30-28-0,17276.51603158943,seed604_lns_start40_mixed_regret_rm6_tw6
0-63-29-38-61-7-53-44-40-41-10-6-8-46-4-3-1-43-35-37-54-68-55-60-17-13-58-25-48-20-24-56-66-70-0,17287.235686457796,seed608_lns_start41_late_regret_rm8_tw8
0-28-27-29-61-7-38-41-44-40-8-3-46-10-53-55-6-4-43-35-37-54-56-66-24-20-48-25-58-13-17-60-1-70-68-50-0,17289.919517842514,seed603_lns_start11_late_best_rm8_tw10
0-47-28-38-44-40-61-41-6-7-8-3-46-53-66-56-50-34-26-32-54-37-35-43-68-55-70-1-4-60-17-13-10-24-25-48-0,17290.41167300724,seed602_lns_start48_random_regret_rm8_tw12
0-42-36-39-5-45-2-69-14-11-47-12-15-16-59-9-52-57-22-19-18-21-23-49-51-64-67-62-33-30-28-0,17290.58444207841,seed603_lns_start77_mixed_random_best_rm6_tw10
0-33-27-29-61-7-38-41-44-40-8-3-46-10-53-55-6-4-43-35-37-54-56-66-24-20-48-25-58-13-17-60-1-70-68-50-0,17293.9952991676,seed604_lns_start24_late_regret_rm8_tw12
0-33-27-31-61-7-38-41-44-40-8-3-46-10-53-55-6-4-43-35-37-54-56-66-24-20-48-25-58-13-17-60-1-70-68-50-0,17294.342936951314,seed601_lns_start26_late_random_best_rm8_tw8
0-63-33-28-61-7-38-41-44-40-8-3-46-10-53-55-6-4-43-35-37-54-56-66-24-20-48-25-58-13-17-60-1-70-68-50-0,17296.161186777572,seed603_lns_start84_late_best_rm8_tw12
0-63-28-29-61-7-38-41-44-40-8-3-46-10-53-55-6-4-43-35-37-54-56-66-24-20-48-25-58-13-17-60-1-70-68-50-0,17296.603786123378,seed602_lns_start81_late_best_rm8_tw8
0-14-59-63-33-28-27-31-62-21-61-44-40-38-41-6-7-8-46-3-53-55-68-56-66-54-37-35-43-1-4-70-60-10-20-34-32-26-0,17297.735837380515,seed701_explore_lns_start63_late_regret_rm25_tw12
0-42-36-39-5-45-2-14-47-15-11-52-69-12-16-9-57-22-49-19-23-18-51-63-62-67-50-34-29-27-26-28-30-32-17-58-0,17299.917969597485,seed701_explore_lns_start65_late_regret_rm25_tw10
0-63-27-29-61-7-38-41-44-40-8-3-46-10-53-55-6-4-43-35-37-54-56-66-24-20-48-25-58-13-17-60-1-70-68-50-0,17300.967280880963,seed604_lns_start48_late_best_rm8_tw6
0-63-27-31-61-7-38-41-44-40-8-3-46-10-53-55-6-4-43-35-37-54-56-66-24-20-48-25-58-13-17-60-1-70-68-50-0,17301.314918664677,seed605_lns_start42_late_best_rm8_tw6
0-63-33-27-61-7-38-41-44-40-8-3-46-10-53-55-6-4-43-35-37-54-56-66-24-20-48-25-58-13-17-60-1-70-68-50-0,17301.41017478678,seed601_lns_start18_late_best_rm8_tw12
0-42-36-39-5-45-2-14-47-15-11-52-69-12-16-9-57-22-49-19-21-18-51-64-62-50-34-31-29-27-26-28-30-60-17-58-48-0,17303.85509233355,seed702_explore_lns_start22_late_random_best_rm25_tw15
0-14-59-63-27-29-31-62-19-64-61-41-44-40-3-8-46-6-7-53-10-43-38-37-35-54-68-55-70-1-4-60-17-24-20-56-50-26-0,17305.56790106143,seed701_explore_lns_start81_late_best_rm25_tw8
0-31-29-27-61-7-38-41-44-40-3-8-46-10-53-55-68-6-4-1-43-35-37-54-56-66-24-20-48-25-58-13-17-60-70-50-0,17305.861289097385,seed607_lns_start57_late_regret_rm8_tw12
0-36-42-5-45-69-65-12-14-47-16-15-11-59-52-22-19-23-21-18-49-51-62-67-34-31-29-27-26-28-30-57-55-35-0,17306.113634774403,seed605_lns_start22_random_regret_rm8_tw10_guarded
0-42-36-39-5-45-2-69-14-47-15-16-12-11-52-59-9-57-22-19-18-21-49-51-64-62-34-29-28-26-30-32-33-24-13-17-60-70-58-0,17309.515129376345,seed702_explore_lns_start37_mixed_random_best_rm25_tw10
0-65-63-33-28-27-29-31-62-64-7-61-44-38-40-41-3-46-8-6-43-37-54-68-66-20-24-48-58-13-10-53-60-4-1-70-35-50-34-0,17314.95038303914,seed702_explore_lns_start12_late_regret_rm20_tw12
0-63-31-61-7-44-40-41-38-8-6-46-3-53-10-20-66-54-43-37-35-68-55-4-1-70-17-13-58-25-48-24-34-26-0,17321.560394998683,seed607_lns_start34_mixed_random_best_rm8_tw12
0-65-59-63-31-29-19-23-64-67-61-41-38-40-44-3-46-8-7-6-53-10-66-56-54-37-35-43-1-4-70-55-50-34-26-20-48-58-0,17321.591755247708,seed702_explore_lns_start61_random_regret_rm25_tw8
0-65-33-61-7-44-40-41-38-8-6-46-3-53-10-20-66-54-43-37-35-68-55-4-1-70-17-13-58-25-48-24-34-26-0,17322.56959419496,seed603_lns_start41_mixed_best_rm8_tw8
0-65-42-36-39-5-45-2-69-12-14-47-16-15-11-59-52-57-19-23-21-18-49-22-64-51-63-33-30-28-67-0,17326.352992098582,seed607_lns_start9_mixed_best_rm6_tw15
0-65-42-36-39-5-45-2-14-47-12-11-15-16-59-9-52-57-22-19-18-21-23-49-51-64-67-62-33-30-28-48-25-0,17328.98110360888,seed604_lns_start36_mixed_best_rm8_tw10
0-63-27-29-61-7-38-41-44-40-8-3-46-10-53-55-6-4-43-35-37-54-56-66-24-20-48-25-58-13-17-60-1-70-68-26-0,17346.443162295916,seed601_lns_start2_late_regret_rm8_tw10
0-63-28-27-61-7-38-41-44-40-8-3-46-10-53-55-6-4-43-35-37-54-56-66-24-20-48-25-58-13-17-60-1-70-68-26-0,17346.751704442533,seed605_lns_start36_late_random_best_rm8_tw15
0-63-27-31-61-7-38-41-44-40-8-3-46-10-53-55-6-4-43-35-37-54-56-66-24-20-48-25-58-13-17-60-1-70-68-26-0,17346.79080007963,seed607_lns_start49_late_regret_rm8_tw8
0-42-36-39-5-45-2-69-65-64-62-31-27-29-30-33-63-51-18-19-49-22-57-52-9-11-15-16-47-12-59-24-0,17355.840129687345,seed604_lns_start53_random_best_rm8_tw6
0-59-63-33-28-27-31-29-62-21-52-61-44-38-40-41-3-46-8-7-6-53-43-37-35-54-55-1-70-66-56-24-48-58-13-10-34-32-0,17356.791122234536,seed701_explore_lns_start55_late_best_rm25_tw6
0-63-69-61-7-44-41-38-6-8-3-46-53-10-20-66-54-40-37-35-43-68-55-70-1-4-60-17-13-58-25-48-34-26-0,17363.257201490305,seed602_lns_start51_mixed_best_rm8_tw12
0-65-63-33-28-27-29-62-19-23-67-61-44-8-7-6-46-3-41-38-40-43-37-35-54-26-32-50-20-48-25-58-10-53-55-70-1-60-0,17365.280367844658,seed702_explore_lns_start28_late_random_best_rm25_tw10
0-59-63-28-27-29-31-62-61-44-38-40-8-7-6-53-9-49-20-66-46-3-4-1-43-35-37-41-68-60-17-13-25-24-50-34-32-26-0,17377.572477336278,seed701_explore_lns_start26_mixed_random_best_rm25_tw8
0-47-61-38-44-40-41-6-7-8-3-46-53-66-56-50-34-26-32-37-35-43-54-68-55-70-1-4-17-10-13-58-24-20-48-0,17388.919536483078,seed606_lns_start66_random_regret_rm6_tw10
0-14-63-33-27-31-44-38-61-9-53-6-7-8-3-46-41-37-40-43-54-68-55-1-4-60-10-13-58-25-48-24-20-56-50-34-32-26-70-0,17395.25105632013,seed601_lns_start9_random_best_rm8_tw10_guarded
0-65-59-63-33-28-62-64-19-52-61-41-38-40-44-3-8-46-6-53-10-20-51-56-66-68-54-37-35-1-4-7-70-55-17-48-34-26-0,17396.00443555286,seed701_explore_lns_start7_late_regret_rm25_tw15
0-63-69-61-38-40-44-41-53-6-7-8-3-46-66-56-50-32-26-34-54-37-35-43-68-70-1-4-17-10-13-58-25-24-20-0,17405.985274502225,seed604_lns_start69_random_best_rm8_tw6
0-42-36-39-5-45-2-69-14-11-47-12-15-16-59-9-52-57-19-18-21-23-49-22-64-51-63-62-67-30-28-24-0,17410.208708017864,seed605_lns_start26_mixed_random_best_rm8_tw10
0-47-62-61-7-44-41-38-40-8-6-46-3-53-10-68-43-35-37-54-56-66-20-24-48-25-58-13-17-60-1-70-50-32-26-0,17410.557305422088,seed606_lns_start79_random_best_rm8_tw10
0-65-63-62-31-29-27-28-30-44-61-38-40-41-6-46-8-7-53-10-20-56-66-68-54-43-37-35-1-3-4-70-55-60-17-58-25-50-34-0,17439.406292837735,seed702_explore_lns_start55_mixed_best_rm25_tw6
0-14-65-63-33-28-27-31-62-19-23-61-44-38-41-3-8-6-46-7-53-10-20-56-54-37-40-43-35-68-70-1-17-13-58-24-50-34-0,17460.61430933448,seed701_explore_lns_start27_late_regret_rm25_tw6
0-33-31-61-7-44-41-38-40-8-6-46-53-10-20-66-68-54-37-35-43-1-3-4-70-55-60-17-13-58-25-48-24-34-26-0,17471.59740350167,seed602_lns_start21_mixed_best_rm8_tw6
0-65-39-36-42-5-45-2-69-12-47-16-15-11-52-64-19-23-21-18-22-49-51-33-30-31-29-27-26-28-32-34-50-57-9-24-0,17480.181736716673,seed608_lns_start42_mixed_regret_rm8_tw12_guarded
0-65-59-63-33-23-64-29-28-30-51-61-41-38-40-44-3-8-7-6-46-53-55-68-54-43-37-35-4-1-70-66-20-25-58-10-32-0,17480.931819239082,seed701_explore_lns_start87_late_regret_rm25_tw15
0-28-27-29-61-7-38-41-44-40-8-3-46-10-53-55-6-4-43-35-37-54-56-66-24-20-48-25-58-13-17-60-1-70-68-34-0,17498.104376525986,seed603_lns_start53_late_regret_rm8_tw8
0-33-27-29-61-7-38-41-44-40-8-3-46-10-53-55-6-4-43-35-37-54-56-66-24-20-48-25-58-13-17-60-1-70-68-34-0,17502.180157851068,seed604_lns_start14_late_regret_rm8_tw6
0-33-27-31-61-7-38-41-44-40-8-3-46-10-53-55-6-4-43-35-37-54-56-66-24-20-48-25-58-13-17-60-1-70-68-34-0,17502.52779563478,seed605_lns_start31_late_random_best_rm8_tw12
0-63-28-31-61-7-38-41-44-40-8-3-46-10-53-55-6-4-43-35-37-54-56-66-24-20-48-25-58-13-17-60-1-70-68-34-0,17504.154242020857,seed606_lns_start37_late_regret_rm8_tw10
0-65-33-27-31-62-30-64-23-19-52-53-7-8-6-46-61-41-38-40-44-43-37-35-54-56-66-20-24-13-10-60-4-3-1-70-34-0,17505.74056212824,seed701_explore_lns_start46_late_best_rm25_tw12
0-42-36-39-5-45-2-69-65-64-62-31-27-29-28-30-33-67-51-18-21-19-49-22-57-52-9-11-15-16-47-12-25-70-0,17507.57174391302,seed602_lns_start6_random_regret_rm6_tw8
0-65-59-63-33-27-29-31-19-21-18-53-6-7-8-61-41-44-40-38-34-26-32-50-54-37-35-43-68-55-70-66-56-24-25-20-17-0,17511.564810647917,seed701_explore_lns_start30_late_best_rm25_tw12
0-27-30-38-40-44-61-41-7-6-8-46-53-66-56-50-34-26-32-54-37-35-43-1-3-4-70-68-55-10-17-13-58-25-20-0,17520.406175478398,seed605_lns_start87_random_regret_rm8_tw15
0-47-27-61-44-40-38-41-7-8-6-3-46-53-66-56-50-34-26-32-54-37-35-43-1-4-70-68-55-60-17-10-13-58-25-48-24-0,17523.419488160835,seed606_lns_start81_random_best_rm5_tw8
0-65-42-36-39-5-45-2-14-47-12-11-15-16-59-9-52-57-23-18-21-19-49-22-64-51-63-62-67-30-28-13-0,17551.26110138337,seed602_lns_start80_mixed_regret_rm8_tw10
0-42-36-39-5-45-2-69-14-47-15-11-52-12-16-9-59-57-21-18-19-49-22-64-56-67-62-50-34-31-29-27-26-32-24-25-17-70-43-0,17569.96882518739,seed702_explore_lns_start71_mixed_regret_rm25_tw8
0-42-36-39-5-45-2-69-47-15-11-52-12-16-9-57-19-23-21-18-22-49-51-63-62-67-34-31-28-26-30-32-35-1-4-20-25-0,17570.66479507326,seed702_explore_lns_start87_mixed_random_best_rm25_tw15
0-65-63-33-28-27-62-64-67-61-44-40-38-41-7-8-6-53-10-20-66-56-54-37-35-43-1-3-4-46-70-68-55-60-17-58-25-48-50-34-32-0,17572.38979980755,seed702_explore_lns_start43_late_random_best_rm20_tw12
0-59-63-33-27-31-29-62-38-61-11-9-53-6-7-8-3-40-41-44-43-54-37-35-68-55-1-46-60-17-13-58-25-48-20-24-66-56-34-0,17576.04832355623,seed702_explore_lns_start29_mixed_best_rm25_tw15
0-14-63-28-27-31-29-21-23-64-61-7-8-6-44-40-38-67-30-34-26-32-50-54-41-37-35-43-1-46-70-53-17-13-58-25-20-0,17594.1881063563,seed702_explore_lns_start66_late_random_best_rm25_tw12
0-42-36-39-5-45-2-14-47-15-12-16-11-52-64-67-62-30-31-27-28-33-63-51-22-49-19-18-57-9-29-32-60-0,17624.01380691859,seed603_lns_start25_random_random_best_rm8_tw12
0-65-63-33-28-27-31-23-64-67-61-44-41-38-40-3-46-8-7-6-53-66-20-56-54-43-37-35-68-70-1-4-60-13-24-48-32-26-34-0,17630.010117335518,seed702_explore_lns_start87_late_best_rm20_tw10
0-65-63-33-28-62-64-16-47-14-12-7-2-44-40-38-41-61-53-10-9-66-56-68-55-6-46-3-1-4-60-58-25-48-20-24-50-34-26-0,17630.127966706914,seed701_explore_lns_start46_random_random_best_rm25_tw12
0-42-36-39-5-45-2-69-65-64-31-27-29-30-33-62-67-51-18-23-21-19-22-57-52-9-11-15-16-47-12-55-4-0,17635.959459710917,seed605_lns_start42_random_best_rm8_tw10
0-65-69-61-38-44-40-41-7-8-53-46-3-43-37-54-56-66-68-55-6-4-1-70-60-17-10-13-58-25-48-24-20-34-35-0,17637.67661804792,seed603_lns_start59_mixed_regret_rm8_tw12
0-42-36-39-5-45-2-69-47-15-59-52-11-12-16-9-57-22-49-21-18-51-62-67-50-33-30-26-27-31-34-43-1-55-60-24-48-58-0,17641.037963790066,seed701_explore_lns_start14_late_regret_rm25_tw15
0-59-33-28-27-29-31-30-64-61-44-38-41-6-7-8-3-46-53-66-56-50-34-32-26-37-40-43-35-54-68-70-1-4-60-17-10-24-48-0,17642.23552968525,seed702_explore_lns_start58_late_best_rm20_tw15
0-63-65-14-59-52-62-31-28-27-38-40-41-61-7-8-3-46-6-10-53-55-44-43-37-35-54-68-1-70-60-58-25-48-66-56-50-26-0,17642.616849666105,seed701_explore_lns_start7_late_best_rm25_tw12
0-59-63-33-27-29-64-23-21-18-67-61-41-38-40-6-7-8-46-3-44-43-37-35-54-68-55-1-70-60-53-10-17-58-25-48-20-50-0,17647.321803405604,seed701_explore_lns_start56_late_regret_rm25_tw12
0-42-36-39-5-45-2-14-11-15-47-12-69-65-67-62-30-28-33-63-51-18-23-21-19-49-22-64-57-9-16-55-60-48-0,17658.267046636585,seed605_lns_start24_mixed_best_rm8_tw6
0-42-36-39-5-45-2-14-11-12-47-16-15-59-52-19-18-21-23-22-49-51-33-30-28-27-29-50-56-64-20-57-10-9-13-54-35-70-25-0,17659.955845714314,seed701_explore_lns_start32_random_random_best_rm25_tw8
0-42-36-39-5-45-2-14-11-47-12-69-65-52-15-16-9-59-57-22-19-18-21-23-49-51-64-62-67-29-30-32-0,17687.404720123002,seed601_lns_start43_late_regret_rm8_tw10
0-33-23-69-61-44-40-38-41-7-6-3-53-8-46-55-68-43-35-37-54-56-66-20-24-25-58-13-10-17-60-4-1-70-32-26-0,17692.736830795675,seed604_lns_start71_random_best_rm8_tw12
0-65-63-61-7-44-41-38-6-8-3-46-53-10-20-66-54-40-37-35-43-68-55-70-1-4-60-17-58-25-48-24-34-26-0,17700.182021679386,seed601_lns_start17_mixed_random_best_rm8_tw6
0-65-63-61-7-44-41-38-6-8-3-46-53-10-20-66-54-40-37-35-43-68-55-70-1-4-60-17-13-58-25-24-34-26-0,17708.67351026753,seed601_lns_start17_mixed_best_rm8_tw8
0-14-65-63-31-27-29-64-19-23-21-18-51-53-7-8-6-46-3-61-41-44-40-37-38-35-43-54-68-66-56-20-24-48-58-17-4-1-70-25-32-0,17717.791055483434,seed701_explore_lns_start34_late_best_rm25_tw12
0-65-63-33-27-28-62-29-30-61-38-40-44-8-7-6-53-20-51-50-34-26-54-41-37-35-43-1-3-4-70-68-60-10-13-24-25-48-66-0,17717.89802059505,seed702_explore_lns_start87_late_regret_rm20_tw15
0-42-36-39-5-45-2-69-14-11-47-12-15-16-59-9-52-57-23-18-21-19-49-22-64-51-63-62-67-30-28-1-48-0,17727.577621422413,seed607_lns_start22_mixed_best_rm8_tw15
0-59-63-28-27-31-29-62-64-67-61-44-38-41-8-7-6-46-53-66-56-50-32-34-54-40-43-37-35-1-3-4-70-68-55-60-17-10-20-48-0,17728.572829418637,seed702_explore_lns_start65_late_regret_rm20_tw12
0-33-28-31-61-7-38-41-44-40-8-3-46-10-53-55-6-4-1-43-35-37-54-68-70-60-17-13-58-25-48-24-66-56-50-32-0,17749.08996098364,seed604_lns_start66_late_regret_rm8_tw15
0-33-28-29-61-7-38-41-44-40-8-3-46-10-53-55-6-4-1-43-35-37-54-68-70-60-17-13-58-25-48-24-66-56-50-32-0,17749.72436376963,seed605_lns_start34_late_regret_rm8_tw15
0-28-27-31-61-7-38-41-44-40-8-3-46-10-53-55-6-4-1-43-35-37-54-68-70-60-17-13-58-25-48-24-66-56-50-32-0,17751.150865777814,seed601_lns_start10_late_best_rm8_tw12
0-63-33-31-61-7-38-41-44-40-8-3-46-10-53-55-6-4-1-43-35-37-54-68-70-60-17-13-58-25-48-24-66-56-50-32-0,17752.713443790763,seed606_lns_start5_late_best_rm8_tw15
0-59-63-33-27-31-29-62-19-64-67-61-41-38-40-3-46-8-7-6-53-10-66-56-20-50-34-26-54-44-43-37-35-70-1-60-58-48-0,17753.75904783426,seed702_explore_lns_start45_late_regret_rm25_tw10
0-42-36-39-5-45-2-69-65-52-59-15-16-47-14-12-11-9-57-23-21-18-19-49-22-51-64-67-62-50-34-31-29-30-26-32-0,17754.625615082918,seed605_lns_start4_late_best_rm8_tw10_guarded
0-33-27-31-61-7-38-41-44-40-8-3-46-10-53-55-6-4-1-43-35-37-54-68-70-60-17-13-58-25-48-24-66-56-50-32-0,17755.226647102896,seed601_lns_start8_late_random_best_rm8_tw6
0-14-62-61-38-44-40-41-7-6-8-3-46-37-43-54-34-26-32-50-56-66-68-55-70-4-60-53-10-13-58-25-48-24-35-0,17756.81164342519,seed602_lns_start51_random_regret_rm8_tw8
0-63-33-28-61-7-38-41-44-40-8-3-46-10-53-55-6-4-1-43-35-37-54-68-70-60-17-13-58-25-48-24-66-56-50-32-0,17757.044896929157,seed602_lns_start68_late_best_rm8_tw10
0-63-28-29-61-7-38-41-44-40-8-3-46-10-53-55-6-4-1-43-35-37-54-68-70-60-17-13-58-25-48-24-66-56-50-32-0,17757.48749627496,seed603_lns_start81_late_best_rm8_tw8
0-63-28-27-61-7-38-41-44-40-8-3-46-10-53-55-6-4-1-43-35-37-54-68-70-60-17-13-58-25-48-24-66-56-50-32-0,17762.159533179165,seed605_lns_start82_late_random_best_rm8_tw10
0-65-69-61-38-44-40-41-7-6-8-3-46-53-66-56-50-34-26-32-54-37-35-43-1-4-70-68-55-60-17-10-13-58-25-48-20-0,17764.10630564502,seed601_lns_start58_random_best_rm6_tw6
0-42-36-39-5-45-2-69-14-11-47-12-15-16-59-9-52-57-22-19-23-21-18-49-51-67-50-34-31-27-26-28-30-66-3-48-0,17770.42847594037,seed702_explore_lns_start82_late_random_best_rm20_tw6
0-63-33-44-61-7-38-41-6-8-3-46-53-10-20-66-54-40-37-35-43-68-55-70-1-4-60-17-13-58-25-48-24-32-34-0,17772.521608020834,seed601_lns_start88_late_best_rm8_tw6
0-42-36-39-5-45-2-69-64-31-27-29-28-30-33-67-51-18-23-21-19-49-22-57-9-11-15-16-47-12-59-0,17779.548972765126,seed603_lns_start18_random_regret_rm8_tw10
0-63-69-61-38-44-40-41-7-8-3-46-6-53-10-55-68-54-37-35-43-1-60-17-58-25-48-20-66-56-50-34-32-26-70-0,17779.632472396468,seed605_lns_start1_random_best_rm8_tw10
0-14-59-33-28-27-29-31-62-52-61-44-38-40-41-53-9-10-66-56-54-43-37-35-6-7-8-46-4-3-1-70-55-24-20-48-25-13-17-0,17780.641981520068,seed701_explore_lns_start24_mixed_random_best_rm25_tw12
0-42-36-39-5-45-2-69-65-31-27-29-28-30-33-51-19-23-21-18-49-22-57-59-9-11-15-16-47-12-67-24-0,17781.418398266593,seed606_lns_start19_random_regret_rm8_tw12
0-63-27-29-61-7-38-41-44-40-8-3-46-10-53-55-6-4-1-43-35-37-54-68-70-60-17-13-58-25-48-24-66-56-32-26-0,17781.98842359122,seed604_lns_start36_late_regret_rm8_tw6
0-63-28-27-61-7-38-41-44-40-8-3-46-10-53-55-6-4-1-43-35-37-54-68-70-60-17-13-58-25-48-24-66-56-32-26-0,17782.296965737838,seed604_lns_start79_late_random_best_rm8_tw8
0-63-33-27-61-7-38-41-44-40-8-3-46-10-53-55-6-4-1-43-35-37-54-68-70-60-17-13-58-25-48-24-66-56-32-26-0,17782.431317497038,seed603_lns_start4_late_random_best_rm8_tw8
0-42-36-39-5-45-2-69-65-31-27-29-28-30-33-51-19-23-21-18-49-22-57-59-9-11-15-16-47-12-67-60-0,17788.00532893292,seed605_lns_start6_random_best_rm8_tw15
0-63-33-31-61-7-44-41-38-6-8-3-46-53-10-20-66-56-54-40-37-35-43-68-55-70-1-4-60-17-13-58-25-48-24-34-0,17804.3403161145,seed603_lns_start59_late_best_rm8_tw10
0-63-28-27-61-7-44-41-38-6-8-3-46-53-10-20-66-56-54-40-37-35-43-68-55-70-1-4-60-17-13-58-25-48-24-34-0,17813.786405502902,seed604_lns_start12_late_random_best_rm8_tw15
0-42-36-39-5-45-2-69-14-47-15-16-11-52-12-9-57-22-49-19-23-18-51-63-33-30-28-26-27-29-50-56-66-55-13-58-48-24-70-1-0,17825.436901296434,seed702_explore_lns_start40_mixed_regret_rm25_tw15
0-42-36-39-5-45-2-69-14-11-47-12-15-16-59-9-52-57-19-18-21-23-49-22-64-51-63-62-67-30-33-24-0,17829.032801311907,seed601_lns_start87_mixed_regret_rm6_tw8
0-42-36-39-5-45-2-14-11-47-12-69-65-52-15-16-9-59-57-22-19-18-21-23-49-51-64-62-67-31-30-0,17833.594482852826,seed601_lns_start4_late_best_rm8_tw6
0-42-36-39-5-45-2-14-11-47-12-69-65-52-15-16-9-59-57-22-19-18-21-23-49-51-64-62-67-31-30-32-0,17833.672854009317,seed601_lns_start17_late_best_rm8_tw10
0-63-29-31-61-7-38-41-44-40-3-8-46-10-53-55-6-4-1-43-35-37-54-68-70-60-17-13-58-25-48-24-66-56-50-32-0,17837.390238151682,seed601_lns_start2_late_best_rm8_tw12
0-28-29-31-61-7-38-41-44-40-3-8-46-10-53-55-6-4-1-43-35-37-54-68-70-60-17-13-58-25-48-24-66-56-32-26-0,17850.42038077247,seed605_lns_start43_late_regret_rm8_tw15
0-14-59-33-28-31-29-21-23-64-61-44-40-38-41-53-7-6-8-46-3-43-35-37-54-34-32-50-56-20-48-24-10-13-17-4-1-70-68-0,17851.04392877104,seed702_explore_lns_start9_late_best_rm25_tw8
0-31-27-44-7-61-40-38-41-8-3-46-6-53-10-66-56-54-37-35-43-68-55-70-1-4-60-17-13-58-25-48-24-20-50-34-0,17851.25717779039,seed607_lns_start66_late_random_best_rm8_tw10
0-65-59-33-28-27-31-23-64-67-38-40-44-61-53-6-7-8-46-3-41-43-35-37-54-68-66-20-24-58-10-17-60-4-1-70-50-34-32-0,17855.906631984555,seed701_explore_lns_start1_late_regret_rm20_tw6
0-63-64-61-44-38-40-8-7-6-53-41-34-26-50-54-37-35-43-3-46-4-1-70-68-55-10-17-13-25-48-20-66-56-0,17861.214055731103,seed602_lns_start23_random_best_rm8_tw10
0-5-33-28-29-31-61-44-38-40-8-7-6-53-9-20-66-56-50-30-32-34-54-41-37-35-43-1-3-46-70-55-60-10-13-58-25-24-0,17873.52352047789,seed603_lns_start10_mixed_regret_rm8_tw6_guarded
0-39-27-29-31-61-38-44-40-41-7-6-8-3-46-53-66-56-50-34-26-32-54-37-35-43-1-4-70-68-55-60-17-10-13-58-25-48-20-0,17873.667072867574,seed601_lns_start70_mixed_regret_rm8_tw8
0-33-29-61-38-44-40-41-8-7-6-53-50-56-66-54-37-35-43-68-55-1-3-4-46-60-17-10-13-58-25-48-24-20-34-0,17901.025313625534,seed604_lns_start73_mixed_best_rm8_tw12
0-65-42-36-39-5-45-2-69-47-15-16-11-12-52-9-57-23-18-21-19-49-22-64-51-63-62-67-30-29-27-24-0,17906.991936017286,seed607_lns_start89_random_random_best_rm8_tw15
0-14-33-2-61-38-44-40-41-6-7-8-3-46-53-66-50-34-26-32-56-54-68-55-70-1-4-60-10-13-58-25-48-24-37-35-43-0,17909.646816448716,seed606_lns_start17_random_regret_rm8_tw10
0-14-65-63-33-27-31-62-21-19-64-61-53-7-6-8-46-3-44-40-38-41-37-43-35-54-55-4-1-60-17-10-13-58-25-66-34-32-26-70-0,17910.459878268033,seed701_explore_lns_start56_late_random_best_rm25_tw10
0-63-33-27-31-29-44-38-61-69-9-53-7-6-8-46-3-40-37-43-41-54-34-30-32-50-56-66-24-20-48-25-58-13-10-17-4-1-70-68-0,17925.917407926638,seed608_lns_start33_mixed_best_rm8_tw10_guarded
0-42-36-39-5-45-2-14-11-47-12-69-65-52-15-16-9-59-57-22-19-18-21-23-49-51-64-56-67-62-30-29-0,17936.176216898653,seed602_lns_start40_late_regret_rm8_tw6
0-42-36-39-5-45-2-14-11-47-12-69-65-52-15-16-9-59-57-22-19-18-21-23-49-51-64-56-67-62-30-29-32-0,17940.884007405435,seed603_lns_start48_late_random_best_rm8_tw8
0-42-36-39-5-45-2-69-65-64-62-31-27-29-28-30-33-67-51-18-23-21-49-22-57-52-9-11-15-16-47-12-0,17943.964407317202,seed605_lns_start77_random_random_best_rm8_tw15
0-42-36-39-5-45-2-14-11-47-12-69-65-52-15-16-9-59-57-22-19-18-21-23-49-51-64-62-67-30-28-0,17950.134640451535,seed604_lns_start43_mixed_random_best_rm6_tw12
0-42-36-39-5-45-2-14-11-47-12-69-65-52-15-16-9-59-57-22-19-18-21-23-49-51-64-62-67-30-28-32-0,17950.49945849929,seed601_lns_start8_late_random_best_rm8_tw12
0-33-28-27-61-7-38-41-44-40-8-3-46-10-53-55-6-4-1-43-35-37-54-68-70-60-17-13-58-25-48-24-66-56-34-32-0,17970.41283621788,seed603_lns_start57_late_regret_rm8_tw6
0-63-27-31-61-7-38-41-44-40-8-3-46-10-53-55-6-4-1-43-35-37-54-68-70-60-17-13-58-25-48-24-66-56-34-32-0,17978.21506436031,seed604_lns_start67_late_regret_rm8_tw8
0-65-42-36-39-5-45-2-69-47-16-15-11-12-59-52-57-19-23-21-18-49-22-64-51-63-62-67-30-33-9-48-0,17999.313178251257,seed606_lns_start83_mixed_random_best_rm8_tw8
0-42-36-39-5-45-2-14-11-47-12-69-65-52-15-16-9-59-57-22-19-18-21-23-49-51-64-62-67-30-27-32-0,18005.14971650064,seed601_lns_start22_late_regret_rm8_tw6
0-42-36-39-5-45-2-69-65-64-62-31-27-29-28-30-33-67-51-49-19-18-23-22-57-52-9-11-15-16-47-12-25-0,18018.5177488725,seed603_lns_start41_random_random_best_rm8_tw10
0-42-36-39-5-45-2-14-11-47-12-69-65-52-15-16-9-59-57-22-19-18-21-23-49-51-64-62-67-30-28-60-70-0,18018.637446011166,seed607_lns_start2_mixed_regret_rm8_tw15
0-42-36-39-5-45-2-69-14-11-47-12-15-16-59-9-52-57-23-18-21-19-49-22-64-51-63-33-30-62-67-68-4-0,18023.438609656838,seed602_lns_start40_mixed_random_best_rm8_tw6
0-42-36-39-5-45-2-69-65-64-62-67-30-28-33-63-51-18-21-19-49-22-57-52-9-11-15-16-47-12-59-0,18031.03018969606,seed604_lns_start1_mixed_regret_rm6_tw15
0-28-29-31-61-7-38-41-44-40-3-8-46-10-53-55-6-4-1-43-35-37-54-68-70-60-17-13-58-25-48-24-66-56-34-32-0,18046.299383757847,seed606_lns_start72_late_regret_rm8_tw6
0-42-36-39-5-45-2-14-11-47-12-69-65-15-16-9-52-57-22-19-18-21-23-49-51-64-67-62-33-30-28-35-25-0,18047.536615640747,seed606_lns_start52_mixed_regret_rm8_tw8
0-42-36-39-5-45-2-14-11-47-12-69-65-52-15-16-9-59-57-22-19-18-21-23-49-51-64-67-62-50-30-29-0,18047.668760842964,seed603_lns_start48_late_best_rm8_tw12
0-65-59-63-62-33-27-30-64-51-61-41-38-40-44-6-46-8-7-53-10-66-56-68-54-37-35-43-1-3-4-70-55-60-17-25-20-32-26-0,18054.114762220146,seed702_explore_lns_start76_late_regret_rm25_tw15
0-42-36-39-5-45-2-69-14-11-47-12-15-16-59-9-52-57-23-18-21-19-49-22-64-51-63-33-30-28-67-24-60-0,18061.80560697906,seed601_lns_start39_mixed_regret_rm8_tw6
0-14-59-63-62-29-27-28-30-67-38-44-61-7-53-6-46-41-40-43-37-54-55-3-8-4-1-10-13-58-25-48-20-66-50-34-35-70-0,18062.555147102907,seed702_explore_lns_start15_late_best_rm25_tw12
0-42-36-39-5-45-2-14-11-12-47-16-15-59-52-65-64-19-23-21-18-49-22-57-51-63-62-67-33-30-28-35-60-70-0,18063.303876586928,seed608_lns_start33_mixed_best_rm8_tw10
0-42-36-39-5-45-2-14-11-47-12-69-65-52-15-16-9-59-57-22-19-18-21-23-49-51-64-67-62-50-29-30-32-0,18063.625889469775,seed608_lns_start70_late_regret_rm8_tw10
0-59-33-28-27-31-64-67-30-29-38-40-44-41-61-8-7-6-46-3-43-37-54-68-55-66-20-24-10-13-17-53-60-4-1-70-35-50-32-0,18067.7311125271,seed702_explore_lns_start61_late_best_rm20_tw6
0-42-36-39-5-45-2-69-65-59-15-47-11-12-16-57-23-21-18-19-49-22-64-51-63-33-30-28-62-67-68-70-0,18076.65128680952,seed604_lns_start84_mixed_random_best_rm8_tw8
0-65-14-59-63-28-27-29-31-38-44-61-69-53-9-7-6-8-3-41-50-54-37-35-40-43-68-55-1-46-60-17-13-10-24-20-48-25-66-0,18079.959882747025,seed702_explore_lns_start64_mixed_regret_rm25_tw8
0-65-42-36-39-5-45-2-69-47-16-15-11-12-59-9-52-57-23-18-21-19-49-22-64-51-63-62-67-30-28-55-0,18080.677182350802,seed605_lns_start72_mixed_regret_rm8_tw8
0-42-36-39-5-45-2-14-11-47-12-69-65-15-16-9-52-57-19-18-21-23-49-22-64-51-63-62-67-30-28-24-0,18081.287569922344,seed604_lns_start8_mixed_random_best_rm6_tw10
0-42-36-39-5-45-2-14-47-15-11-52-65-69-12-16-9-57-64-19-23-18-22-49-20-51-63-26-34-50-62-67-55-4-17-10-13-58-24-0,18088.1175384336,seed701_explore_lns_start20_late_random_best_rm25_tw10
0-42-36-39-5-45-2-14-11-47-12-69-65-52-15-16-9-59-57-22-19-18-21-23-49-20-64-51-62-67-30-29-0,18093.83515744536,seed604_lns_start33_late_random_best_rm8_tw6
0-63-28-61-7-44-41-38-6-8-3-46-53-10-20-66-54-40-37-35-43-68-55-70-1-4-60-17-13-24-25-48-34-26-0,18097.987819662103,seed602_lns_start49_mixed_best_rm8_tw12
0-42-36-39-5-45-2-14-11-47-12-69-65-52-15-16-9-59-57-22-19-18-21-23-49-51-64-67-62-30-29-26-0,18100.086368638466,seed601_lns_start76_late_regret_rm8_tw6
0-42-36-39-5-45-2-14-11-47-12-69-65-52-15-16-9-59-57-22-19-18-21-23-49-51-64-56-67-62-31-30-0,18100.294871009726,seed604_lns_start3_late_regret_rm8_tw12
0-42-36-39-5-45-2-14-11-47-12-69-65-52-15-16-9-59-57-22-19-18-21-23-49-51-64-67-62-30-29-26-32-0,18100.64124024136,seed603_lns_start47_late_regret_rm8_tw10
0-65-63-33-62-31-29-27-28-30-64-61-8-7-6-44-40-38-41-46-43-37-35-54-68-55-3-4-1-70-60-53-10-58-24-20-48-66-50-0,18115.162190917516,seed701_explore_lns_start23_late_best_rm20_tw15
0-63-47-61-38-44-7-8-40-41-34-50-56-66-53-6-46-3-4-1-43-35-37-54-68-70-55-60-17-10-13-25-48-20-32-0,18121.722373804314,seed607_lns_start84_random_regret_rm6_tw15
0-59-52-23-61-38-44-40-53-6-7-8-3-46-41-37-43-54-68-55-1-4-60-17-10-13-58-25-24-20-66-56-50-34-32-26-0,18127.347845411125,seed603_lns_start29_random_best_rm8_tw8
0-42-36-39-5-45-2-69-64-62-67-30-28-33-63-51-19-21-23-18-49-22-57-52-9-11-15-16-47-12-59-0,18130.926745456218,seed604_lns_start19_mixed_random_best_rm6_tw12
0-63-64-61-44-7-41-38-40-34-50-37-43-6-8-46-4-3-1-68-55-60-53-66-56-20-24-48-25-58-13-10-70-35-0,18135.26044977538,seed608_lns_start28_mixed_random_best_rm8_tw15
0-42-36-39-5-45-2-14-11-47-12-69-65-15-16-9-52-57-22-23-21-18-19-49-51-64-67-62-33-30-28-1-17-70-0,18144.666037064362,seed602_lns_start80_mixed_regret_rm8_tw8
0-63-28-61-38-44-40-41-7-53-6-8-46-3-43-37-54-56-66-20-24-48-58-13-10-17-60-4-1-70-68-35-26-32-50-0,18147.05453725656,seed606_lns_start43_random_best_rm8_tw10
0-63-29-38-44-40-61-53-7-8-6-3-41-56-66-68-54-37-35-43-1-4-46-55-60-17-10-13-58-25-50-34-32-26-0,18153.070307661787,seed607_lns_start87_mixed_random_best_rm8_tw15
0-42-36-39-5-45-2-69-14-11-47-12-15-16-59-9-52-57-23-18-19-49-22-64-51-63-30-31-29-62-67-55-70-0,18164.428024564375,seed607_lns_start59_random_best_rm8_tw15
0-63-33-29-61-7-44-41-38-6-8-3-46-53-20-66-56-54-40-37-35-43-68-55-70-1-4-60-17-13-58-25-48-24-32-34-0,18164.603146159025,seed603_lns_start0_late_random_best_rm8_tw15
0-63-28-31-61-7-44-41-38-6-8-3-46-53-20-66-56-54-40-37-35-43-68-55-70-1-4-60-17-13-58-25-48-24-32-34-0,18166.35040026236,seed605_lns_start49_late_best_rm8_tw8
0-63-33-28-61-7-44-41-38-6-8-3-46-53-20-66-56-54-40-37-35-43-68-55-70-1-4-60-17-13-58-25-48-24-32-34-0,18166.542203702546,seed603_lns_start2_late_best_rm8_tw8
0-42-36-39-5-45-2-69-65-64-31-27-29-30-33-62-67-51-18-23-21-19-49-22-57-52-9-11-15-16-47-12-60-4-0,18176.261455267995,seed602_lns_start44_random_regret_rm8_tw12
0-42-36-39-5-45-2-14-11-47-12-69-65-52-15-16-9-59-57-22-19-18-21-23-49-51-64-66-67-62-29-30-32-0,18176.967362961506,seed601_lns_start68_late_random_best_rm8_tw6
0-42-36-39-5-45-2-69-65-52-59-15-16-47-14-12-11-9-57-23-21-18-19-49-22-51-62-67-50-34-31-29-27-26-30-32-56-0,18178.620878802176,seed605_lns_start77_late_regret_rm8_tw15_guarded
0-65-61-44-40-38-41-6-8-7-53-10-9-20-66-54-43-37-35-68-55-1-3-4-46-60-17-13-58-25-24-34-32-26-0,18192.404262385913,seed606_lns_start20_mixed_best_rm8_tw6
0-14-63-33-28-31-29-64-52-67-38-40-44-41-61-6-7-8-3-46-10-53-55-68-43-35-37-54-70-1-4-60-13-58-20-66-56-50-32-0,18198.050823640002,seed701_explore_lns_start78_late_regret_rm25_tw6
0-42-36-39-5-45-2-14-11-47-12-69-65-52-15-16-9-59-57-22-19-18-21-23-49-51-64-56-67-62-30-28-0,18199.992083812896,seed605_lns_start17_late_best_rm8_tw6
0-42-36-39-5-45-2-14-47-15-11-69-12-16-52-23-21-18-49-22-51-62-67-50-33-30-26-29-34-32-56-64-66-68-54-35-1-70-9-0,18201.35690093926,seed701_explore_lns_start5_mixed_best_rm25_tw8
0-42-36-39-5-45-2-14-11-47-12-69-65-52-15-16-9-59-57-22-19-18-21-23-49-51-64-67-62-30-28-4-0,18203.722760686414,seed605_lns_start61_mixed_regret_rm8_tw15
0-59-63-28-27-31-29-30-62-64-61-41-38-40-6-7-8-46-3-44-43-37-54-34-32-50-66-68-55-70-1-4-60-53-17-13-58-25-20-35-0,18205.456849327697,seed701_explore_lns_start40_late_random_best_rm20_tw15
0-42-36-39-5-45-2-14-11-47-12-69-65-52-15-16-9-59-57-22-19-18-21-23-49-51-64-67-62-50-31-30-0,18208.851364663347,seed606_lns_start18_late_best_rm8_tw12
0-59-69-44-7-61-40-38-41-8-3-46-6-53-66-56-34-26-32-50-54-68-1-4-60-17-10-58-25-48-20-24-43-37-35-0,18212.9806003274,seed602_lns_start48_random_random_best_rm6_tw12
0-65-59-33-28-27-29-31-62-64-61-44-40-38-41-8-7-6-53-56-50-34-26-32-54-37-35-43-68-70-1-3-4-46-60-10-13-58-25-48-24-66-0,18215.005595370578,seed702_explore_lns_start67_late_best_rm20_tw15
0-65-42-36-39-5-45-2-69-14-47-15-16-11-12-9-52-57-23-18-21-19-49-22-64-51-33-30-29-28-26-32-67-56-68-24-25-48-70-0,18221.352983111043,seed702_explore_lns_start40_mixed_best_rm20_tw10
0-42-36-39-5-45-2-14-11-47-12-69-65-52-15-16-9-59-57-22-19-18-21-23-49-51-64-62-67-31-30-26-0,18238.81787950611,seed602_lns_start40_late_best_rm8_tw8
0-42-36-39-5-45-2-14-11-47-12-69-65-52-15-16-9-59-57-22-19-18-21-23-49-51-64-62-67-31-30-26-32-0,18239.372751109,seed608_lns_start58_late_regret_rm8_tw12
0-42-36-39-5-45-2-14-11-47-12-69-65-52-15-16-9-59-57-22-19-18-21-23-49-20-64-51-62-67-31-30-0,18241.110866760893,seed601_lns_start59_late_regret_rm8_tw10
0-42-36-39-5-45-2-14-11-47-12-69-65-52-15-16-9-59-57-22-19-18-21-23-49-20-64-51-62-67-31-30-32-0,18241.18923791738,seed604_lns_start71_late_regret_rm8_tw10
0-42-36-39-5-45-2-14-11-47-12-69-65-52-15-16-9-59-57-22-19-18-21-23-49-51-64-62-67-34-29-30-0,18244.573462404845,seed608_lns_start65_late_best_rm8_tw8
0-42-36-39-5-45-2-14-11-47-12-69-65-52-15-16-9-59-57-22-19-18-21-23-49-51-64-62-67-34-29-30-32-0,18244.651833561333,seed601_lns_start88_late_random_best_rm8_tw12
0-65-42-36-39-5-45-2-69-47-15-16-11-12-52-23-18-21-19-49-22-51-63-62-67-29-27-28-30-32-64-9-0,18247.36025571797,seed601_lns_start79_random_best_rm8_tw12
0-42-36-39-5-45-2-14-11-47-12-69-65-52-15-16-9-59-57-22-19-18-21-23-49-51-64-56-67-62-30-27-0,18251.503578828415,seed605_lns_start85_late_random_best_rm8_tw6
0-59-61-44-40-38-41-6-8-7-53-10-9-20-66-54-43-37-35-68-55-1-3-4-46-60-17-13-58-25-24-34-32-26-0,18253.73327658889,seed607_lns_start84_mixed_random_best_rm8_tw10
0-59-27-61-44-7-41-38-40-8-46-6-53-10-20-66-68-54-37-35-43-1-3-4-70-55-60-17-13-58-25-48-24-34-26-0,18257.997453702606,seed602_lns_start87_mixed_best_rm8_tw15
0-59-47-14-44-67-61-40-38-41-6-7-8-3-46-53-66-56-50-34-26-32-54-37-35-43-1-4-70-68-55-60-17-16-13-58-25-48-24-0,18273.665340120708,seed605_lns_start57_random_best_rm5_tw15_guarded
0-36-63-33-27-29-31-61-44-40-38-41-6-7-8-3-46-53-66-56-50-30-32-34-54-37-35-43-1-4-70-68-55-60-17-10-13-58-25-48-20-0,18274.821309530013,seed601_lns_start70_mixed_regret_rm8_tw8_guarded
0-63-65-14-59-52-64-19-21-23-61-44-41-6-7-8-3-46-53-66-56-50-34-26-32-54-37-40-43-38-35-70-1-4-17-10-48-20-0,18277.8552914825,seed701_explore_lns_start49_late_random_best_rm25_tw15
0-14-65-33-31-27-29-62-64-19-21-18-51-61-38-40-44-41-53-6-46-8-7-55-54-37-35-43-1-3-4-70-10-17-13-20-50-32-0,18280.292499148953,seed701_explore_lns_start77_late_best_rm25_tw15
0-59-33-28-27-31-29-64-19-21-51-61-41-38-40-44-3-46-8-7-6-53-10-66-56-54-37-35-43-68-55-70-1-4-60-17-13-58-48-34-26-0,18280.722378232655,seed702_explore_lns_start61_late_regret_rm25_tw6
0-42-36-39-5-45-2-14-11-47-12-69-65-52-15-16-9-59-57-22-19-18-21-23-49-51-64-67-62-50-30-28-0,18311.484627757207,seed603_lns_start52_late_best_rm8_tw10
0-42-36-39-5-45-2-14-11-47-12-69-65-52-15-16-9-59-57-22-19-18-21-23-49-51-64-67-62-50-30-28-32-0,18311.849445804957,seed604_lns_start61_late_regret_rm8_tw8
0-65-59-63-33-28-31-30-62-64-61-41-38-40-3-8-46-7-6-53-66-56-50-32-34-44-43-37-35-54-68-55-70-1-4-60-58-20-48-25-0,18319.237456521412,seed701_explore_lns_start55_late_random_best_rm20_tw12
0-65-42-36-39-5-45-2-69-47-16-15-11-12-59-9-52-57-22-19-23-21-18-49-51-63-33-30-28-62-67-1-48-0,18322.47289846583,seed603_lns_start22_mixed_regret_rm8_tw10
0-42-36-39-5-45-2-14-11-47-12-69-65-52-15-16-9-59-57-22-19-18-21-23-49-51-64-67-62-30-28-26-0,18323.58175146266,seed602_lns_start75_late_best_rm8_tw12
0-42-36-39-5-45-2-14-11-47-12-69-65-52-15-16-9-59-57-22-19-18-21-23-49-51-64-67-62-30-28-26-32-0,18324.13662306555,seed606_lns_start84_late_random_best_rm8_tw6
0-65-59-63-28-31-62-21-23-19-64-61-41-44-38-40-3-8-46-6-7-53-66-56-34-26-54-37-35-43-1-4-60-10-13-58-24-20-48-25-70-0,18348.017039291364,seed701_explore_lns_start79_late_random_best_rm25_tw8
0-42-36-39-5-45-2-14-11-47-12-69-65-52-15-16-9-59-57-22-19-18-21-23-49-20-64-51-62-67-30-28-32-0,18358.015842407352,seed608_lns_start49_late_regret_rm8_tw15
0-33-28-31-61-7-38-41-44-40-8-3-46-10-53-55-6-4-1-43-35-37-54-68-70-60-17-13-58-25-48-24-66-56-50-26-0,18362.615803418015,seed602_lns_start21_late_regret_rm8_tw8
0-33-28-29-61-7-38-41-44-40-8-3-46-10-53-55-6-4-1-43-35-37-54-68-70-60-17-13-58-25-48-24-66-56-50-26-0,18363.250206204004,seed604_lns_start73_late_regret_rm8_tw10
0-28-27-29-61-7-38-41-44-40-8-3-46-10-53-55-6-4-1-43-35-37-54-68-70-60-17-13-58-25-48-24-66-56-50-26-0,18364.329070428474,seed601_lns_start16_late_regret_rm8_tw8
0-28-27-31-61-7-38-41-44-40-8-3-46-10-53-55-6-4-1-43-35-37-54-68-70-60-17-13-58-25-48-24-66-56-50-26-0,18364.676708212188,seed604_lns_start83_late_best_rm8_tw8
0-33-28-27-61-7-38-41-44-40-8-3-46-10-53-55-6-4-1-43-35-37-54-68-70-60-17-13-58-25-48-24-66-56-50-26-0,18367.92224310821,seed607_lns_start38_late_regret_rm8_tw6
0-33-27-29-61-7-38-41-44-40-8-3-46-10-53-55-6-4-1-43-35-37-54-68-70-60-17-13-58-25-48-24-66-56-50-26-0,18368.404851753556,seed608_lns_start43_late_regret_rm8_tw10
0-63-28-31-61-7-38-41-44-40-8-3-46-10-53-55-6-4-1-43-35-37-54-68-70-60-17-13-58-25-48-24-66-56-50-26-0,18370.37893592335,seed608_lns_start34_late_best_rm8_tw6
0-63-29-31-61-7-44-41-38-8-3-46-6-53-20-66-56-54-40-37-35-43-68-55-70-1-4-60-17-13-58-25-48-24-32-34-0,18371.569509687968,seed601_lns_start17_late_best_rm8_tw10
0-67-61-38-44-40-41-6-7-8-46-3-53-66-56-50-34-26-32-54-37-35-43-1-4-70-68-55-60-10-58-25-48-20-24-0,18373.38028885767,seed608_lns_start78_random_regret_rm6_tw12
0-42-36-39-5-45-2-14-11-47-12-69-65-52-15-16-9-59-57-22-19-18-21-23-49-51-64-62-67-50-30-27-0,18374.411908503847,seed604_lns_start63_late_random_best_rm8_tw8
0-14-59-63-33-28-27-30-21-23-19-51-61-41-38-44-40-3-46-8-7-6-53-10-66-56-54-43-37-35-1-70-17-13-58-25-48-24-34-0,18375.344176140345,seed701_explore_lns_start67_late_random_best_rm25_tw10
0-63-28-27-61-7-38-41-44-40-8-3-46-10-53-55-6-4-1-43-35-37-54-68-70-60-17-13-58-25-48-24-66-56-50-26-0,18375.68537561354,seed606_lns_start40_late_regret_rm8_tw15
0-42-36-39-5-45-2-14-11-47-12-69-65-52-15-16-9-59-57-22-19-18-21-23-49-51-64-62-67-33-30-32-0,18375.730175512,seed601_lns_start71_late_regret_rm8_tw6
0-63-33-27-61-7-38-41-44-40-8-3-46-10-53-55-6-4-1-43-35-37-54-68-70-60-17-13-58-25-48-24-66-56-50-26-0,18375.81972737274,seed602_lns_start78_late_regret_rm8_tw15
0-65-44-61-64-38-40-41-6-7-8-3-46-53-10-20-66-54-43-37-35-68-55-1-4-60-17-13-58-25-24-34-32-26-0,18386.713773699328,seed602_lns_start48_mixed_best_rm8_tw8
0-42-36-39-5-45-2-14-11-47-12-69-65-52-15-16-9-59-57-22-19-18-21-23-49-51-62-67-34-31-30-64-0,18387.421501393314,seed608_lns_start28_late_regret_rm8_tw10
0-42-36-39-5-45-2-14-47-15-11-52-69-12-16-9-57-23-18-21-19-49-22-64-51-63-62-67-33-30-28-70-0,18390.878511245362,seed604_lns_start44_mixed_best_rm8_tw15
0-42-36-39-5-45-2-14-11-47-12-69-65-52-15-16-9-59-57-22-19-18-21-23-49-51-64-67-62-30-26-27-0,18393.06702316402,seed601_lns_start83_late_random_best_rm8_tw10
0-42-36-39-5-45-2-14-11-47-12-69-65-52-15-16-9-59-57-22-19-18-21-23-49-51-64-67-62-30-28-66-0,18395.443711654014,seed608_lns_start17_late_random_best_rm8_tw15
0-42-36-39-5-45-2-14-11-47-12-69-65-52-15-16-9-59-57-22-19-18-21-23-49-20-64-51-62-67-30-27-0,18409.16251937512,seed604_lns_start79_late_best_rm8_tw8
0-59-28-61-38-44-40-8-7-6-41-26-34-50-56-20-66-54-37-35-43-3-4-46-55-68-70-60-53-10-58-25-48-32-0,18438.692425211204,seed608_lns_start15_random_best_rm8_tw6
0-14-61-38-44-40-41-7-6-8-3-46-53-66-56-50-34-26-32-54-37-35-43-1-4-70-68-55-60-17-10-13-58-24-20-48-0,18445.747759595968,seed605_lns_start82_random_best_rm6_tw12
0-42-36-39-5-45-2-14-11-47-12-69-65-15-16-9-52-57-23-21-18-19-49-22-64-51-62-50-34-29-30-32-33-48-13-17-46-0,18459.008906181658,seed701_explore_lns_start36_late_random_best_rm25_tw15
0-42-36-39-5-45-2-14-11-47-12-69-65-15-16-9-52-57-19-18-21-23-49-22-64-51-63-62-67-30-33-0,18468.480662528473,seed603_lns_start82_mixed_regret_rm8_tw8
0-42-36-39-5-45-2-14-11-47-12-69-65-52-15-16-9-59-57-22-19-18-21-23-49-51-64-66-67-62-30-27-32-0,18476.905127007358,seed601_lns_start33_late_random_best_rm8_tw12
0-65-59-63-33-28-27-29-31-67-38-40-44-8-7-6-61-41-26-34-56-66-54-37-35-43-4-46-3-1-70-55-68-60-53-10-13-58-25-20-0,18501.876572876812,seed702_explore_lns_start14_late_regret_rm25_tw8
0-42-36-39-5-45-2-14-11-47-12-69-65-52-15-16-9-59-57-22-19-18-21-23-49-64-51-63-62-67-30-0,18505.015735420988,seed605_lns_start2_late_regret_rm8_tw8
0-42-36-39-5-45-2-14-11-47-12-69-65-52-15-16-9-59-57-22-19-18-21-23-49-64-51-63-62-67-30-32-0,18505.094106577475,seed603_lns_start73_late_regret_rm8_tw12
0-65-42-36-39-5-45-2-69-64-52-12-11-15-16-59-57-22-23-18-49-51-62-50-34-31-29-27-26-28-30-32-67-55-60-48-25-70-0,18511.782846726634,seed702_explore_lns_start67_mixed_regret_rm25_tw10
0-42-36-39-5-45-2-14-11-47-12-69-65-52-15-16-9-59-57-22-19-18-21-23-49-51-64-62-67-34-30-28-0,18519.393236496628,seed606_lns_start43_late_best_rm8_tw10
0-42-36-39-5-45-2-14-11-47-12-69-65-52-15-16-9-59-57-22-19-18-21-23-49-20-51-64-56-67-62-31-30-0,18521.864748934007,seed607_lns_start4_late_regret_rm8_tw12
0-33-28-29-61-7-38-41-44-40-8-3-46-10-53-55-6-4-1-43-35-37-54-68-70-60-17-13-58-25-48-24-66-56-50-34-0,18530.400439409776,seed602_lns_start31_late_random_best_rm8_tw6
0-33-28-27-61-7-38-41-44-40-8-3-46-10-53-55-6-4-1-43-35-37-54-68-70-60-17-13-58-25-48-24-66-56-50-34-0,18535.07247631398,seed601_lns_start56_late_regret_rm8_tw8
0-33-27-31-61-7-38-41-44-40-8-3-46-10-53-55-6-4-1-43-35-37-54-68-70-60-17-13-58-25-48-24-66-56-50-34-0,18535.90272274304,seed605_lns_start54_late_best_rm8_tw8
0-63-28-31-61-7-38-41-44-40-8-3-46-10-53-55-6-4-1-43-35-37-54-68-70-60-17-13-58-25-48-24-66-56-50-34-0,18537.52916912912,seed606_lns_start4_late_best_rm8_tw10
0-63-28-29-61-7-38-41-44-40-8-3-46-10-53-55-6-4-1-43-35-37-54-68-70-60-17-13-58-25-48-24-66-56-50-34-0,18538.163571915105,seed606_lns_start39_late_best_rm8_tw6
0-63-28-27-61-7-38-41-44-40-8-3-46-10-53-55-6-4-1-43-35-37-54-68-70-60-17-13-58-25-48-24-66-56-50-34-0,18542.83560881931,seed601_lns_start88_late_regret_rm8_tw15
0-63-33-27-61-7-38-41-44-40-8-3-46-10-53-55-6-4-1-43-35-37-54-68-70-60-17-13-58-25-48-24-66-56-50-34-0,18542.96996057851,seed602_lns_start73_late_regret_rm8_tw10
0-33-69-44-61-7-40-38-41-53-8-6-46-3-43-37-54-68-55-1-4-17-10-13-58-25-24-20-66-56-50-34-32-26-35-0,18546.436481177236,seed605_lns_start41_random_random_best_rm6_tw6
0-14-63-61-7-44-41-40-38-6-8-46-3-37-43-54-68-55-53-60-17-10-13-58-25-48-20-24-66-56-50-34-32-26-1-0,18546.90907938335,seed602_lns_start87_random_best_rm5_tw15
0-42-36-39-5-45-2-69-14-11-47-12-15-16-59-9-52-57-19-18-21-23-49-22-64-51-63-33-30-28-62-32-48-0,18550.403407560952,seed601_lns_start56_mixed_random_best_rm8_tw8
0-31-29-27-61-7-38-41-44-40-3-8-46-10-53-55-6-4-1-43-35-37-54-68-70-60-17-13-58-25-48-24-66-56-50-26-0,18552.001892456447,seed603_lns_start49_late_regret_rm8_tw12
0-42-36-39-5-45-2-14-11-47-12-69-65-15-16-9-52-57-22-19-18-21-23-49-51-63-62-67-33-30-28-70-0,18559.99533325911,seed606_lns_start68_mixed_best_rm8_tw8
0-63-61-44-40-38-41-6-8-7-53-10-9-20-66-54-43-37-35-68-55-4-46-3-1-70-17-13-58-25-24-34-32-26-0,18565.681069436883,seed605_lns_start35_mixed_best_rm8_tw6
0-64-69-61-44-40-38-41-7-8-6-3-46-53-66-56-50-34-26-32-54-37-35-43-1-4-70-68-55-60-17-10-13-58-25-24-20-0,18566.37533236653,seed601_lns_start35_random_random_best_rm8_tw10
0-42-36-39-5-45-2-14-11-47-12-69-65-52-15-16-9-59-57-22-19-18-21-23-49-51-64-62-67-34-30-27-0,18570.90473151215,seed608_lns_start0_late_random_best_rm8_tw15
0-33-27-29-61-7-38-41-44-40-8-3-46-10-53-55-6-4-1-43-35-37-54-68-70-60-17-13-58-25-48-24-66-56-34-26-0,18570.906798822893,seed605_lns_start63_late_regret_rm8_tw6
0-63-28-29-61-7-38-41-44-40-8-3-46-10-53-55-6-4-1-43-35-37-54-68-70-60-17-13-58-25-48-24-66-56-34-26-0,18573.51528577867,seed607_lns_start2_late_regret_rm8_tw10
0-42-36-39-5-45-2-69-65-52-59-15-47-16-11-12-57-23-21-18-19-49-22-51-63-33-30-28-29-31-64-1-70-0,18580.868761826765,seed603_lns_start75_random_regret_rm8_tw10
0-14-12-61-44-40-38-41-7-8-6-3-46-53-66-56-50-34-26-32-54-37-35-43-1-4-70-68-55-60-17-10-13-58-25-24-20-0,18580.99284219204,seed602_lns_start51_random_regret_rm5_tw15
0-65-64-61-44-40-38-41-7-8-6-46-53-66-56-54-43-37-35-1-3-4-55-68-70-60-17-10-58-48-20-24-50-34-32-0,18583.52178802598,seed602_lns_start19_random_regret_rm8_tw10
0-63-33-44-7-40-38-61-41-8-6-46-3-53-66-56-54-37-35-43-68-55-10-17-13-58-25-48-20-50-34-26-70-1-0,18584.608464023837,seed607_lns_start3_random_random_best_rm8_tw12
0-65-42-45-2-61-38-44-40-8-7-6-53-41-26-34-50-56-66-68-3-46-4-1-60-17-10-13-58-25-48-20-54-37-35-43-70-0,18590.169020592602,seed608_lns_start65_random_random_best_rm8_tw10
0-65-14-59-63-33-28-31-30-67-44-40-38-41-61-6-8-7-46-53-66-20-56-50-34-32-26-54-35-37-43-1-4-70-55-60-10-13-58-25-48-24-0,18592.835874727323,seed702_explore_lns_start54_late_best_rm25_tw8
0-65-59-63-33-29-31-62-19-23-21-51-67-61-41-38-40-44-6-7-8-46-3-43-35-37-34-26-32-50-54-68-55-70-4-60-10-13-58-24-48-0,18605.86045306871,seed701_explore_lns_start65_late_regret_rm25_tw10
0-42-36-39-5-45-2-14-11-47-12-69-65-52-15-16-9-59-57-22-19-18-21-23-49-51-64-56-67-62-33-30-0,18607.800371348614,seed602_lns_start11_late_regret_rm8_tw6
0-28-29-31-61-7-38-41-44-40-3-8-46-10-53-55-6-4-1-43-35-37-54-68-70-60-17-13-58-25-48-24-66-56-50-34-0,18610.95902385394,seed605_lns_start78_late_best_rm8_tw12
0-65-59-63-28-27-31-29-62-64-61-44-40-38-41-7-6-3-46-53-10-20-50-34-26-54-43-37-35-68-55-60-8-4-1-70-17-13-25-48-0,18621.756705969787,seed702_explore_lns_start20_late_best_rm25_tw12
0-65-14-44-61-7-40-38-41-53-8-6-46-66-56-50-34-32-26-37-35-43-3-1-4-55-68-54-70-60-10-58-25-24-20-0,18625.14572921132,seed601_lns_start86_random_regret_rm8_tw12
0-65-42-36-39-5-45-2-14-47-12-11-15-16-59-52-9-57-19-18-21-23-22-49-20-51-63-33-30-28-67-64-0,18635.707128492155,seed603_lns_start35_mixed_best_rm8_tw8
0-63-28-62-61-38-44-40-41-6-7-8-3-46-53-50-34-26-32-56-66-54-37-35-43-68-55-4-60-17-13-10-58-24-20-48-0,18638.453735793777,seed604_lns_start11_random_regret_rm8_tw6
0-42-36-39-5-45-2-14-11-47-12-69-65-52-15-16-9-59-57-22-19-18-21-23-49-51-64-62-67-29-30-10-0,18640.983846762174,seed603_lns_start75_late_best_rm8_tw8
0-59-33-44-61-7-40-41-38-53-6-8-46-37-43-54-68-55-1-3-4-60-17-10-13-58-25-48-20-66-56-50-34-32-26-0,18645.1105408533,seed608_lns_start2_random_best_rm6_tw6
0-42-36-39-5-45-2-69-14-11-47-12-15-16-59-9-52-57-21-18-19-49-22-64-51-63-33-30-28-62-67-32-0,18651.309386392528,seed602_lns_start43_mixed_best_rm8_tw12
0-63-29-31-61-7-38-41-44-40-3-8-46-10-53-55-6-4-1-43-35-37-54-68-70-60-17-13-58-25-48-24-66-56-34-26-0,18653.418027655393,seed604_lns_start67_late_regret_rm8_tw8
0-14-61-7-44-41-40-38-6-8-46-3-37-43-54-68-55-53-60-17-10-13-58-25-48-20-24-66-56-50-34-32-26-4-0,18657.176986839113,seed606_lns_start75_random_best_rm5_tw10
0-65-59-33-28-29-31-30-62-67-38-40-41-61-7-6-8-3-46-10-53-55-68-44-43-37-35-1-4-54-70-60-17-24-20-48-25-66-56-50-0,18667.9205125506,seed702_explore_lns_start5_late_best_rm20_tw10
0-65-59-33-62-29-27-28-30-64-19-51-38-40-44-41-61-56-66-55-6-7-8-46-4-3-1-43-37-35-54-68-70-60-53-10-58-25-50-0,18669.397532078532,seed702_explore_lns_start35_late_regret_rm25_tw15
0-23-69-61-40-44-38-41-8-7-6-53-34-26-50-56-66-55-68-54-37-35-43-1-3-4-46-70-17-10-58-24-20-32-0,18670.130178204156,seed601_lns_start1_random_regret_rm8_tw15
0-63-33-28-29-61-7-41-38-44-40-8-53-10-6-46-3-4-1-43-35-37-54-68-55-66-56-24-20-48-25-58-13-17-60-70-32-0,18673.895327637547,seed604_lns_start75_late_regret_rm8_tw6
0-59-63-33-28-27-29-31-30-62-67-44-61-41-38-40-46-8-6-7-10-53-55-54-37-35-43-1-3-4-68-66-56-24-48-25-13-60-70-50-26-0,18674.25279280459,seed702_explore_lns_start49_late_regret_rm20_tw12
0-33-27-28-31-61-7-41-38-44-40-8-53-10-6-46-3-4-1-43-35-37-54-68-55-66-56-24-20-48-25-58-13-17-60-70-32-0,18676.443061300408,seed601_lns_start6_late_regret_rm8_tw12
0-63-33-28-27-61-7-41-38-44-40-8-53-10-6-46-3-4-1-43-35-37-54-68-55-66-56-24-20-48-25-58-13-17-60-70-32-0,18678.567364541752,seed606_lns_start75_late_regret_rm8_tw6
0-42-36-39-5-45-2-14-11-47-12-69-65-52-15-16-9-59-57-22-19-18-21-23-49-51-64-62-67-29-30-32-10-0,18701.041404023235,seed601_lns_start58_late_random_best_rm8_tw6
0-33-28-29-61-7-44-41-38-6-8-3-46-53-10-20-66-54-40-37-35-43-68-55-70-1-4-60-17-13-58-25-48-24-32-34-0,18704.472776811832,seed605_lns_start62_late_best_rm8_tw15
0-63-28-29-61-7-44-41-38-6-8-3-46-53-10-20-66-54-40-37-35-43-68-55-70-1-4-60-17-13-58-25-48-24-32-34-0,18712.23590931716,seed608_lns_start24_late_best_rm8_tw12
0-42-36-39-5-45-2-69-12-14-47-15-16-11-59-52-23-21-18-19-49-22-57-64-51-62-67-31-29-28-30-33-4-17-58-0,18712.66330777268,seed607_lns_start58_random_regret_rm8_tw12
0-63-28-27-61-7-44-41-38-6-8-3-46-53-10-20-66-54-40-37-35-43-68-55-70-1-4-60-17-13-58-25-48-24-32-34-0,18716.907946221367,seed601_lns_start53_late_best_rm8_tw8
0-63-33-27-61-7-44-41-38-6-8-3-46-53-10-20-66-54-40-37-35-43-68-55-70-1-4-60-17-13-58-25-48-24-32-34-0,18717.042297980566,seed606_lns_start9_late_best_rm8_tw15
0-65-44-62-61-38-40-41-7-8-3-46-6-53-66-20-56-54-37-43-68-55-1-4-60-10-13-58-48-24-50-34-32-26-0,18717.85873165685,seed606_lns_start61_random_regret_rm8_tw6
0-65-14-59-63-33-28-29-30-19-67-61-41-38-40-44-8-7-6-46-3-43-37-35-54-68-66-56-20-48-24-10-17-53-60-70-34-32-26-0,18718.518143464928,seed702_explore_lns_start55_late_regret_rm25_tw8
0-31-29-27-61-7-38-41-44-40-3-8-46-10-53-55-6-4-1-43-35-37-54-68-70-60-17-13-58-25-48-24-66-56-50-34-0,18719.152125662215,seed601_lns_start19_late_regret_rm8_tw8
0-42-36-39-5-45-2-14-11-47-12-69-65-52-15-16-9-59-57-22-19-18-21-23-49-51-64-67-62-50-33-30-0,18729.8838809964,seed603_lns_start66_late_best_rm8_tw8
0-29-61-7-44-38-41-8-6-53-9-10-20-66-54-40-37-35-43-68-55-70-1-3-4-46-60-17-13-58-25-24-32-34-0,18730.344632809265,seed601_lns_start47_mixed_best_rm8_tw10
0-27-61-7-44-38-41-8-6-53-9-10-20-66-54-40-37-35-43-68-55-70-1-3-4-46-60-17-13-58-25-24-32-34-0,18739.37812133616,seed603_lns_start34_mixed_random_best_rm8_tw6
0-42-36-39-5-45-2-14-11-47-12-69-65-52-15-16-9-59-57-22-19-18-21-23-49-51-64-66-56-67-62-30-27-0,18746.771938671565,seed604_lns_start83_late_random_best_rm8_tw6
0-33-27-29-61-7-44-41-38-6-8-3-46-53-20-66-56-54-40-37-35-43-68-55-70-1-4-60-17-13-58-25-48-24-50-34-0,18748.301663732258,seed607_lns_start34_late_best_rm8_tw6
0-63-28-31-61-7-44-41-38-6-8-3-46-53-20-66-56-54-40-37-35-43-68-55-70-1-4-60-17-13-58-25-48-24-50-34-0,18750.275747902047,seed601_lns_start10_late_random_best_rm8_tw12
0-63-28-29-61-7-44-41-38-6-8-3-46-53-20-66-56-54-40-37-35-43-68-55-70-1-4-60-17-13-58-25-48-24-50-34-0,18750.910150688036,seed603_lns_start25_late_random_best_rm8_tw10
0-31-29-27-61-7-38-41-44-40-3-8-46-10-53-55-6-4-1-43-35-37-54-68-70-60-17-13-58-25-48-24-66-56-34-26-0,18754.50383952578,seed602_lns_start33_late_regret_rm8_tw15
0-63-27-29-61-7-44-41-38-6-8-3-46-53-20-66-56-54-40-37-35-43-68-55-70-1-4-60-17-13-58-25-48-24-50-34-0,18755.273645445624,seed604_lns_start17_late_random_best_rm8_tw6
0-63-28-27-61-7-44-41-38-6-8-3-46-53-20-66-56-54-40-37-35-43-68-55-70-1-4-60-17-13-58-25-48-24-50-34-0,18755.58218759224,seed608_lns_start44_late_best_rm8_tw6
0-42-36-39-5-45-2-14-11-47-12-69-65-52-15-16-9-59-57-22-23-21-18-19-49-51-62-67-50-34-31-30-64-0,18763.545094622794,seed603_lns_start85_late_regret_rm8_tw10
0-42-36-39-5-45-2-14-11-47-12-69-65-52-15-16-9-59-57-22-19-18-21-23-49-51-62-67-31-30-64-10-0,18763.83400546226,seed601_lns_start57_late_best_rm8_tw10
0-42-36-39-5-45-2-14-11-47-12-69-65-15-16-9-52-57-23-18-21-19-49-22-64-51-63-30-28-32-62-67-55-1-0,18764.921128497903,seed602_lns_start39_mixed_best_rm8_tw15
0-33-27-29-61-7-44-41-38-6-8-3-46-53-20-66-56-54-40-37-35-43-68-55-70-1-4-60-17-13-58-25-48-24-34-26-0,18765.872046623957,seed603_lns_start87_late_random_best_rm8_tw6
0-42-36-39-5-45-2-14-11-47-12-69-65-52-15-16-9-59-57-22-19-18-21-23-49-51-64-67-62-33-30-26-0,18767.030154574895,seed602_lns_start78_late_regret_rm8_tw8
0-42-36-39-5-45-2-14-11-47-12-69-65-52-15-16-9-59-57-22-19-18-21-23-49-51-64-67-62-33-30-26-32-0,18767.585026177785,seed605_lns_start77_late_random_best_rm8_tw12
0-27-28-33-61-7-44-41-38-6-8-3-46-53-20-66-56-54-40-37-35-43-68-55-70-1-4-60-17-13-58-25-48-24-34-26-0,18769.1790820751,seed608_lns_start49_late_best_rm8_tw8
0-42-36-39-5-45-2-14-11-47-12-69-65-15-16-9-52-57-23-18-21-19-49-22-64-51-63-33-30-28-67-68-25-0,18770.371425397574,seed602_lns_start74_mixed_best_rm8_tw6
0-31-27-28-61-7-44-41-38-6-8-3-46-53-10-20-66-54-40-37-35-43-68-55-70-1-4-60-17-13-58-25-48-24-32-34-0,18783.29658118482,seed603_lns_start77_late_best_rm8_tw10
0-42-36-39-5-45-2-14-47-15-11-52-69-12-16-9-57-19-18-49-22-64-51-63-30-31-29-28-26-34-62-67-68-17-13-24-48-0,18789.415208045677,seed702_explore_lns_start72_late_random_best_rm25_tw6
0-69-21-67-61-44-41-38-40-6-7-8-46-53-66-56-34-32-50-54-37-35-43-1-3-4-70-68-55-10-17-13-58-48-20-24-0,18792.923905828822,seed603_lns_start27_random_regret_rm8_tw12
0-42-36-39-5-45-2-14-11-47-12-69-65-52-15-16-9-59-57-22-19-18-21-23-49-51-63-62-67-30-28-4-70-0,18795.63444273852,seed603_lns_start73_mixed_best_rm8_tw15
0-14-61-44-40-38-8-7-6-53-41-37-43-46-3-4-1-68-55-60-17-10-13-58-25-48-20-24-66-56-50-34-32-26-0,18801.99766168015,seed601_lns_start0_random_best_rm4_tw10
0-63-27-61-44-38-40-8-7-6-41-26-34-50-56-66-53-46-3-1-4-68-55-60-10-13-58-25-48-20-54-37-35-43-70-0,18802.13396875076,seed602_lns_start42_random_random_best_rm5_tw8
0-42-36-39-5-45-2-69-65-64-62-31-29-27-28-30-33-63-51-18-19-49-22-57-52-9-11-12-14-16-15-59-48-60-0,18802.988132032322,seed603_lns_start6_random_random_best_rm8_tw8
0-42-36-39-5-45-2-69-12-14-47-15-16-11-59-52-23-21-18-19-49-22-57-64-51-62-67-33-30-28-29-27-32-0,18820.68869090349,seed605_lns_start69_random_random_best_rm8_tw15
0-61-44-40-38-41-6-8-7-53-10-9-57-20-66-54-43-37-35-68-55-4-46-3-1-70-17-13-58-25-48-24-34-26-0,18821.671089447755,seed602_lns_start6_mixed_best_rm8_tw12
0-14-33-63-29-27-28-30-64-19-53-61-44-38-40-41-6-7-8-3-46-43-37-35-54-34-26-32-50-56-66-20-24-25-13-10-70-0,18829.44502338733,seed702_explore_lns_start27_late_regret_rm25_tw8
0-42-36-39-5-45-2-14-11-47-12-69-65-52-15-16-9-59-57-22-19-18-21-23-49-51-64-62-67-31-30-32-10-0,18833.44360485271,seed604_lns_start25_late_best_rm8_tw6
0-42-36-39-5-45-2-14-11-47-12-69-65-52-15-16-9-59-57-22-19-18-21-23-49-64-51-63-62-67-56-30-0,18834.871390559474,seed602_lns_start74_late_best_rm8_tw15
0-31-28-33-61-7-44-41-38-6-8-3-46-53-20-66-56-54-40-37-35-43-68-55-70-1-4-60-17-13-58-25-48-24-50-34-0,18837.557689722074,seed603_lns_start11_late_best_rm8_tw8
0-14-59-33-28-27-29-31-19-62-67-61-53-6-7-8-46-3-44-40-38-41-43-37-35-54-34-32-50-66-68-70-1-4-60-10-58-25-48-20-0,18844.62336537961,seed701_explore_lns_start27_late_regret_rm25_tw6
0-14-61-44-40-38-41-6-7-8-3-46-50-34-26-32-56-66-20-24-48-58-17-53-60-4-1-70-55-68-43-37-35-54-0,18851.571820158682,seed602_lns_start62_random_best_rm6_tw12
0-65-59-63-33-23-21-64-27-28-30-40-44-41-61-6-8-46-3-38-37-43-54-68-53-60-7-4-35-70-10-58-24-48-32-26-0,18857.0374364015,seed702_explore_lns_start24_late_regret_rm25_tw15
0-63-28-29-61-7-40-41-38-44-8-6-46-3-37-43-54-68-55-1-60-53-10-17-58-25-48-20-24-66-56-50-34-32-26-0,18857.871128988587,seed602_lns_start58_random_regret_rm8_tw12
0-65-59-63-33-27-29-62-67-38-40-44-61-69-53-9-7-8-6-10-46-3-4-1-55-68-54-41-37-35-43-34-32-50-56-66-48-25-58-0,18861.510361211538,seed701_explore_lns_start62_random_regret_rm25_tw8
0-42-36-39-5-45-2-14-11-47-12-69-65-52-15-16-9-59-57-22-19-18-21-23-49-20-64-51-63-62-67-30-0,18866.820260566685,seed607_lns_start59_late_best_rm8_tw8
0-42-36-39-5-45-2-14-11-47-12-69-65-52-15-16-9-59-57-22-19-18-21-23-49-20-64-51-62-67-30-26-27-0,18868.312729590703,seed605_lns_start81_late_random_best_rm8_tw8
0-42-36-39-5-45-2-69-65-31-27-29-28-30-33-67-63-51-18-23-19-49-22-57-52-59-9-11-15-16-12-17-60-0,18872.69734853046,seed607_lns_start26_random_random_best_rm8_tw12
0-42-36-39-5-45-2-14-11-47-69-65-12-15-16-9-52-57-22-19-23-21-18-49-20-64-51-63-62-67-30-28-4-0,18884.296867809808,seed602_lns_start21_mixed_best_rm8_tw8
0-14-65-33-62-31-29-28-30-67-64-51-61-41-38-40-44-46-8-7-6-53-10-56-68-43-37-35-1-3-4-70-54-50-34-32-20-48-58-0,18904.83767460814,seed701_explore_lns_start46_late_random_best_rm25_tw12
0-42-36-39-5-45-2-14-11-47-12-69-65-52-15-16-9-59-57-22-19-18-21-23-49-51-64-67-62-30-28-10-0,18913.93356849652,seed601_lns_start55_late_best_rm8_tw12
0-65-23-61-7-44-41-38-40-53-6-8-46-3-43-37-54-68-55-4-60-17-10-58-25-24-20-66-56-50-34-32-26-35-0,18917.29225710014,seed602_lns_start39_random_best_rm8_tw12
0-65-21-64-61-44-40-38-7-8-6-53-41-37-43-46-3-4-1-68-55-60-17-10-13-58-25-48-20-24-66-56-50-34-32-26-0,18922.919661512988,seed608_lns_start3_random_random_best_rm6_tw6
0-42-36-39-5-45-69-65-14-47-15-16-11-12-52-59-9-57-22-19-18-21-23-49-51-64-67-29-28-30-33-58-0,18927.181135484854,seed604_lns_start0_random_regret_rm8_tw6
0-42-36-39-5-45-2-14-11-47-12-69-65-52-15-16-9-59-57-22-23-21-18-19-49-51-62-67-50-34-30-28-64-0,18928.33318062485,seed607_lns_start19_late_regret_rm8_tw6
0-65-59-63-33-28-27-29-31-67-44-40-38-61-7-53-6-46-8-10-66-56-54-41-43-37-35-68-55-70-1-3-4-60-17-13-25-48-24-34-26-0,18931.8912827827,seed702_explore_lns_start6_late_best_rm20_tw8
0-42-36-39-5-45-2-14-11-47-12-69-65-52-15-16-9-59-57-22-19-18-21-23-49-64-51-63-62-67-30-26-0,18935.446558096246,seed602_lns_start51_late_best_rm8_tw12
0-42-36-39-5-45-2-14-11-47-12-69-65-52-15-16-9-59-57-22-19-18-21-23-49-64-51-63-62-67-30-26-32-0,18936.001429699136,seed607_lns_start72_late_best_rm8_tw8
0-63-31-23-61-44-40-38-41-53-7-8-46-6-37-43-3-4-1-68-55-60-17-10-13-58-25-48-20-24-66-56-50-34-32-26-0,18938.325683990253,seed608_lns_start68_random_random_best_rm8_tw10
0-65-59-63-33-28-27-29-30-67-38-44-61-6-7-8-3-41-40-37-43-54-34-50-56-66-68-55-70-1-4-46-60-53-10-13-58-25-48-20-35-0,18945.478591623985,seed702_explore_lns_start79_late_best_rm20_tw15
0-33-29-31-61-7-44-41-38-8-3-46-6-53-20-66-56-54-40-37-35-43-68-55-70-1-4-60-17-13-58-25-48-24-50-34-0,18949.94734006633,seed601_lns_start17_late_random_best_rm8_tw6
0-14-65-63-33-31-29-28-30-21-23-61-41-38-40-44-7-8-46-6-3-43-37-35-54-68-55-4-1-70-60-53-10-17-13-58-20-34-32-26-0,18951.160409687564,seed701_explore_lns_start3_late_regret_rm25_tw6
0-33-29-31-61-7-44-41-38-8-3-46-6-53-20-66-56-54-40-37-35-43-68-55-70-1-4-60-17-13-58-25-48-24-34-26-0,18967.517722958033,seed605_lns_start15_late_best_rm8_tw12
0-42-36-39-5-45-2-69-65-52-11-12-14-47-15-16-59-23-21-18-19-49-22-51-30-31-29-28-26-34-32-50-67-64-57-9-0,18971.327297730964,seed604_lns_start39_mixed_random_best_rm8_tw10_guarded
0-63-47-61-44-38-40-8-7-6-53-41-34-26-50-54-37-35-43-3-46-4-1-70-68-55-10-17-13-58-25-48-20-66-56-0,18971.81707927722,seed602_lns_start39_random_random_best_rm8_tw10
0-42-36-39-5-45-2-69-64-62-67-31-29-28-30-63-51-18-21-23-19-49-22-57-52-9-11-15-16-47-12-10-59-66-13-17-0,18979.10883388524,seed603_lns_start74_random_best_rm8_tw15_guarded
0-42-36-39-5-45-2-14-11-47-12-69-65-52-15-16-9-59-57-22-19-18-21-23-49-64-51-63-50-62-67-30-32-0,18980.40176237913,seed603_lns_start74_late_regret_rm8_tw8
0-42-36-39-5-45-2-14-11-47-12-69-65-52-15-16-9-59-57-22-19-18-21-23-49-51-63-62-50-67-64-30-0,18997.288730754226,seed606_lns_start76_late_best_rm8_tw15
0-42-36-39-5-45-2-14-11-47-12-69-65-52-15-16-9-59-57-22-19-18-21-23-49-51-64-67-62-30-27-10-0,19009.539779789724,seed601_lns_start5_late_best_rm8_tw12
0-39-27-29-31-61-38-44-40-41-7-6-8-3-46-53-66-56-50-54-37-35-43-1-4-70-68-55-60-17-10-13-58-25-48-20-24-34-26-0,19022.942014031185,seed602_lns_start16_mixed_best_rm8_tw8
0-14-45-44-61-7-40-38-41-53-6-8-3-46-66-56-50-34-26-32-37-35-43-54-68-55-70-1-4-60-17-10-58-48-20-24-0,19035.655827618306,seed603_lns_start39_random_regret_rm8_tw8
0-69-29-61-44-40-38-41-7-8-6-53-34-26-50-56-66-68-55-1-3-4-46-60-17-10-13-58-25-20-54-37-35-43-70-0,19046.54097766005,seed602_lns_start82_random_best_rm5_tw6
0-65-42-36-39-5-45-2-69-12-14-47-16-15-11-59-52-57-23-21-18-19-49-22-51-62-67-31-30-28-27-33-68-70-0,19050.996646293068,seed605_lns_start5_random_best_rm8_tw8
0-31-29-27-61-38-44-40-41-7-6-8-3-46-53-66-56-34-26-32-50-54-35-37-43-1-4-70-68-55-10-17-13-58-25-48-20-24-0,19055.227660983357,seed606_lns_start71_mixed_best_rm6_tw8
0-42-36-39-5-45-2-14-11-47-12-69-65-52-15-16-9-19-18-21-23-49-22-64-67-62-30-28-33-63-1-70-0,19088.943087998312,seed606_lns_start0_mixed_best_rm8_tw8
0-42-36-39-5-45-2-14-11-47-12-69-65-52-15-16-9-59-57-22-19-18-21-23-49-51-63-62-67-34-30-64-0,19089.954821467203,seed602_lns_start29_late_best_rm8_tw12
0-65-36-39-42-45-2-69-14-47-16-15-12-11-59-52-57-23-21-18-19-49-22-64-51-63-33-30-28-62-67-4-17-48-0,19090.915290664685,seed603_lns_start10_mixed_regret_rm8_tw6
0-42-36-39-5-45-2-69-14-11-47-12-15-16-59-9-52-57-22-19-23-21-18-49-51-62-67-31-30-28-29-27-17-0,19105.81499539319,seed606_lns_start69_random_best_rm5_tw15
0-65-52-62-61-7-40-41-38-44-8-3-46-6-53-66-56-34-26-32-50-54-37-35-43-68-70-1-60-17-10-13-58-24-20-48-0,19107.911505681128,seed605_lns_start27_random_random_best_rm8_tw6
0-42-36-39-5-45-2-14-11-47-12-69-65-52-15-16-9-59-57-22-19-18-21-23-49-20-64-51-62-67-29-30-10-0,19111.169926275452,seed606_lns_start58_late_best_rm8_tw12
0-62-31-67-44-61-41-38-40-6-7-8-46-10-53-55-68-54-37-35-43-3-1-4-60-66-56-24-20-48-25-58-13-17-70-50-32-0,19113.543224903686,seed601_lns_start21_random_random_best_rm8_tw8
0-14-59-33-31-29-27-28-30-62-38-40-61-6-8-7-53-57-49-20-64-41-44-43-37-35-54-68-4-46-3-1-70-60-17-10-13-58-25-48-24-0,19116.51563619685,seed702_explore_lns_start18_mixed_best_rm25_tw8
0-14-61-44-40-38-41-6-7-8-3-46-53-10-20-56-66-54-37-35-43-68-55-70-1-4-60-17-13-58-25-50-34-32-26-0,19118.968880007767,seed604_lns_start30_mixed_regret_rm8_tw15
0-65-67-61-44-40-38-41-7-8-3-46-6-53-66-56-50-32-26-34-54-68-55-1-4-60-17-10-13-58-25-48-20-24-70-43-37-0,19133.15764072475,seed607_lns_start51_random_best_rm6_tw10
0-33-28-29-31-61-7-41-38-44-40-8-53-10-6-46-3-4-1-43-35-37-54-68-70-55-60-17-13-58-25-48-24-66-56-50-32-0,19139.414464778325,seed607_lns_start18_late_regret_rm8_tw15
0-42-36-39-5-45-2-14-11-47-12-69-65-52-15-16-9-59-57-22-19-18-21-23-49-51-64-62-33-30-28-35-0,19144.518786863908,seed604_lns_start80_mixed_random_best_rm8_tw8
0-63-27-29-31-61-7-41-38-44-40-8-53-10-6-46-3-4-1-43-35-37-54-68-70-55-60-17-13-58-25-48-24-66-56-50-32-0,19151.541092041243,seed603_lns_start40_late_regret_rm8_tw8
0-63-33-27-31-61-7-41-38-44-40-8-53-10-6-46-3-4-1-43-35-37-54-68-70-55-60-17-13-58-25-48-24-66-56-50-32-0,19152.757736130567,seed606_lns_start78_late_regret_rm8_tw15
0-14-33-44-40-38-61-53-7-8-6-41-37-43-46-3-4-1-68-55-60-17-10-13-58-25-48-20-24-66-56-50-34-32-26-0,19152.771303811744,seed602_lns_start27_random_regret_rm5_tw10
0-33-28-29-31-61-7-41-38-44-40-8-53-10-6-46-3-4-1-43-35-37-54-68-70-55-60-17-13-58-25-48-24-66-56-32-26-0,19159.551897337,seed601_lns_start37_late_regret_rm8_tw6
0-63-28-29-31-61-7-41-38-44-40-8-53-10-6-46-3-4-1-43-35-37-54-68-70-55-60-17-13-58-25-48-24-66-56-32-26-0,19167.31502984233,seed605_lns_start55_late_regret_rm8_tw10
0-65-59-14-47-45-5-2-61-44-40-38-41-7-8-6-53-10-46-3-55-68-54-34-30-32-50-56-66-24-20-48-25-58-17-4-1-43-37-35-0,19168.4671705708,seed603_lns_start59_random_regret_rm8_tw15_guarded
0-42-36-39-5-45-2-14-11-47-12-69-65-52-15-16-9-59-57-22-19-18-21-23-49-51-63-33-30-28-67-58-0,19170.561128271853,seed607_lns_start28_mixed_random_best_rm8_tw6
0-63-27-29-31-61-7-41-38-44-40-8-53-10-6-46-3-4-1-43-35-37-54-68-70-55-60-17-13-58-25-48-24-66-56-32-26-0,19171.67852459992,seed603_lns_start24_late_random_best_rm8_tw6
0-63-33-27-31-61-7-41-38-44-40-8-53-10-6-46-3-4-1-43-35-37-54-68-70-55-60-17-13-58-25-48-24-66-56-32-26-0,19172.89516868924,seed603_lns_start1_late_regret_rm8_tw8
0-65-14-59-63-33-27-29-31-21-19-61-44-38-40-41-6-7-8-3-46-43-37-35-54-56-66-20-24-48-58-13-10-53-60-1-70-50-32-26-0,19177.649643987967,seed702_explore_lns_start33_mixed_regret_rm25_tw6
0-42-36-39-5-45-2-69-64-62-29-27-28-30-33-63-51-19-23-21-18-49-22-57-52-9-11-15-16-47-12-59-13-24-0,19188.35635904953,seed604_lns_start25_random_random_best_rm8_tw12
0-28-27-29-61-38-44-40-8-7-6-53-41-34-50-56-66-55-1-3-4-46-60-17-10-13-58-25-48-20-24-54-37-35-43-68-70-0,19191.17253665973,seed608_lns_start1_late_regret_rm8_tw6
0-28-27-31-61-38-44-40-8-7-6-53-41-34-50-56-66-55-1-3-4-46-60-17-10-13-58-25-48-20-24-54-37-35-43-68-70-0,19191.520174443445,seed601_lns_start83_late_regret_rm8_tw10
0-33-28-27-61-38-44-40-8-7-6-53-41-34-50-56-66-55-1-3-4-46-60-17-10-13-58-25-48-20-24-54-37-35-43-68-70-0,19194.765709339466,seed607_lns_start58_late_regret_rm8_tw15
0-33-27-29-61-38-44-40-8-7-6-53-41-34-50-56-66-55-1-3-4-46-60-17-10-13-58-25-48-20-24-54-37-35-43-68-70-0,19195.248317984817,seed603_lns_start2_late_best_rm8_tw10
0-63-27-29-61-38-44-40-8-7-6-53-41-34-50-56-66-55-1-3-4-46-60-17-10-13-58-25-48-20-24-54-37-35-43-68-70-0,19202.22029969818,seed602_lns_start57_late_random_best_rm8_tw12
0-33-27-29-31-61-7-41-38-44-40-8-53-10-6-46-3-4-1-43-35-37-54-68-55-66-56-24-20-48-25-58-13-17-60-70-50-0,19236.217454845017,seed601_lns_start11_late_best_rm8_tw8
0-63-33-29-31-61-7-41-38-44-40-8-53-10-6-46-3-4-1-43-35-37-54-68-55-66-56-24-20-48-25-58-13-17-60-70-50-0,19236.44428491147,seed603_lns_start50_late_random_best_rm8_tw6
0-63-33-28-31-61-7-41-38-44-40-8-53-10-6-46-3-4-1-43-35-37-54-68-55-66-56-24-20-48-25-58-13-17-60-70-50-0,19238.269394528445,seed606_lns_start29_late_random_best_rm8_tw15
0-63-28-29-31-61-7-41-38-44-40-8-53-10-6-46-3-4-1-43-35-37-54-68-55-66-56-24-20-48-25-58-13-17-60-70-50-0,19238.82594180079,seed608_lns_start48_late_random_best_rm8_tw15
0-63-33-28-29-61-7-41-38-44-40-8-53-10-6-46-3-4-1-43-35-37-54-68-55-66-56-24-20-48-25-58-13-17-60-70-50-0,19238.903797314433,seed605_lns_start33_late_regret_rm8_tw6
0-33-27-28-31-61-7-41-38-44-40-8-53-10-6-46-3-4-1-43-35-37-54-68-55-66-56-24-20-48-25-58-13-17-60-70-50-0,19241.451530977294,seed601_lns_start68_late_best_rm8_tw10
0-63-27-29-31-61-7-41-38-44-40-8-53-10-6-46-3-4-1-43-35-37-54-68-55-66-56-24-20-48-25-58-13-17-60-70-50-0,19243.18943655838,seed607_lns_start38_late_regret_rm8_tw6
0-27-29-31-61-44-40-38-8-7-6-41-34-50-20-66-56-54-43-37-35-68-55-70-1-3-4-46-60-53-17-13-58-25-48-24-0,19243.528650565575,seed605_lns_start83_late_random_best_rm8_tw6
0-63-33-28-27-61-7-41-38-44-40-8-53-10-6-46-3-4-1-43-35-37-54-68-55-66-56-24-20-48-25-58-13-17-60-70-50-0,19243.57583421864,seed603_lns_start13_late_regret_rm8_tw6
0-42-36-39-5-45-2-69-65-64-62-31-29-30-28-33-63-51-19-21-23-18-49-22-57-52-9-11-15-16-47-12-67-0,19244.950157573527,seed604_lns_start87_random_best_rm5_tw12
0-42-36-39-5-45-2-69-65-64-62-67-29-27-30-28-33-63-51-21-23-18-22-49-57-52-9-11-15-16-47-12-4-0,19247.629232588406,seed608_lns_start62_random_regret_rm8_tw12
0-63-33-29-61-44-40-38-8-7-6-41-34-50-20-66-56-54-43-37-35-68-55-70-1-3-4-46-60-53-17-13-58-25-48-24-0,19252.019357922025,seed603_lns_start13_late_random_best_rm8_tw8
0-42-36-39-5-45-2-14-11-47-12-69-65-52-15-16-9-59-57-22-19-18-21-23-49-20-64-51-63-62-67-56-30-0,19256.968541404476,seed602_lns_start89_late_regret_rm8_tw12
0-65-59-63-62-64-23-21-19-30-29-67-53-61-41-38-44-40-37-55-6-7-8-46-4-3-43-35-54-68-70-56-20-48-32-26-17-0,19267.51941482745,seed702_explore_lns_start16_late_random_best_rm25_tw15
0-63-33-28-29-61-7-41-38-44-40-8-53-10-6-46-3-4-1-43-35-37-54-68-55-66-56-24-20-48-25-58-13-17-60-70-26-0,19279.26859459347,seed602_lns_start73_late_regret_rm8_tw6
0-63-27-29-31-61-7-41-38-44-40-8-53-10-6-46-3-4-1-43-35-37-54-68-55-66-56-24-20-48-25-58-13-17-60-70-26-0,19283.554233837418,seed608_lns_start54_late_regret_rm8_tw10
0-63-28-27-29-61-7-41-38-44-40-8-53-10-6-46-3-4-1-43-35-37-54-68-55-66-56-24-20-48-25-58-13-17-60-70-26-0,19284.288888383828,seed608_lns_start77_late_regret_rm8_tw12
0-63-28-27-31-61-7-41-38-44-40-8-53-10-6-46-3-4-1-43-35-37-54-68-55-66-56-24-20-48-25-58-13-17-60-70-26-0,19284.636526167542,seed605_lns_start88_late_regret_rm8_tw15
0-63-33-27-31-61-7-41-38-44-40-8-53-10-6-46-3-4-1-43-35-37-54-68-55-66-56-24-20-48-25-58-13-17-60-70-26-0,19284.77087792674,seed605_lns_start89_late_regret_rm8_tw10
0-62-61-7-44-38-41-8-6-53-9-10-20-66-54-40-37-35-43-68-55-70-1-3-4-46-60-17-13-58-25-24-34-26-0,19290.765833893005,seed608_lns_start12_mixed_regret_rm8_tw6
0-63-69-61-7-44-41-38-6-8-3-46-53-10-20-66-54-40-37-35-43-68-55-70-1-4-60-17-13-58-25-48-24-34-26-0,19291.266289105937,seed605_lns_start45_mixed_best_rm8_tw12
0-65-63-33-28-27-29-62-64-67-51-61-44-40-41-3-46-8-7-6-38-43-37-35-54-68-55-1-4-60-53-17-10-20-48-50-34-26-70-0,19312.83189152871,seed701_explore_lns_start34_late_best_rm25_tw15
0-65-59-33-62-31-29-27-30-64-51-18-19-53-61-7-6-8-46-3-44-41-38-40-43-37-35-54-68-4-70-66-24-20-48-58-13-34-32-0,19327.32053381532,seed702_explore_lns_start65_late_best_rm25_tw6
0-65-59-63-33-28-27-29-31-30-67-61-44-40-41-6-7-53-8-46-3-38-43-37-35-34-26-32-50-54-68-70-1-4-60-17-10-13-58-20-66-0,19423.966070222177,seed702_explore_lns_start63_late_regret_rm20_tw6
0-65-14-59-28-27-29-31-30-62-64-67-44-40-38-61-41-3-46-8-7-6-54-20-24-10-13-17-53-60-55-70-1-43-37-35-34-32-58-0,19464.9774097978,seed702_explore_lns_start74_late_best_rm25_tw12
0-65-59-33-28-27-29-62-19-23-64-67-61-41-38-40-3-46-8-7-6-53-10-66-54-44-43-37-35-68-70-1-4-17-24-20-25-48-50-32-0,19484.03416763986,seed701_explore_lns_start46_late_regret_rm25_tw8
0-65-42-36-39-5-45-2-69-12-14-47-16-15-11-59-23-21-19-18-49-22-57-64-20-51-56-67-50-34-28-26-27-32-33-66-54-68-70-35-0,19578.869089422897,seed701_explore_lns_start38_mixed_random_best_rm25_tw15
0-59-63-33-28-27-29-62-61-44-38-40-67-64-51-53-6-7-8-46-3-41-43-35-37-54-68-4-1-70-60-17-10-13-58-48-20-66-32-26-0,19581.64063330838,seed701_explore_lns_start79_late_regret_rm20_tw6
0-65-59-33-28-27-29-31-30-21-61-41-38-40-44-3-46-8-7-6-43-37-34-26-32-50-56-54-68-70-1-4-53-10-17-13-20-35-0,19698.413791598436,seed702_explore_lns_start83_late_regret_rm25_tw8
0-59-63-33-28-27-31-61-67-64-51-18-19-53-6-7-8-3-46-41-38-44-43-40-37-35-54-34-50-56-66-68-70-1-4-17-10-20-0,19726.43708833582,seed701_explore_lns_start52_late_random_best_rm25_tw8
0-65-59-63-33-28-27-29-30-62-51-61-44-38-40-46-8-6-7-53-55-68-54-43-37-41-35-1-3-4-70-60-10-24-25-48-20-66-50-32-0,19778.228459144964,seed702_explore_lns_start63_late_best_rm20_tw6
0-59-63-33-28-27-29-31-30-67-44-38-40-61-41-6-7-8-3-46-43-37-54-56-66-53-60-4-1-70-68-10-13-58-48-20-50-34-26-35-0,19889.37244340126,seed702_explore_lns_start87_late_regret_rm20_tw8
0-14-59-63-28-27-29-31-62-64-67-38-41-40-44-61-7-8-3-6-53-10-66-56-54-37-35-68-55-70-4-60-13-58-48-20-50-34-32-26-0,19919.22236190378,seed701_explore_lns_start57_late_best_rm25_tw6
0-65-14-59-63-33-27-29-31-19-23-21-18-61-41-38-40-44-3-46-8-7-6-53-10-66-56-54-43-35-37-68-55-4-1-70-17-13-58-48-24-50-0,19999.667841158254,seed701_explore_lns_start4_late_regret_rm25_tw6
0-14-59-33-28-27-29-31-30-62-51-52-53-61-7-6-8-46-3-44-40-38-41-43-37-35-1-68-54-70-10-17-13-24-20-25-48-50-26-0,20023.268137520303,seed701_explore_lns_start41_late_regret_rm25_tw8
0-63-65-14-52-62-28-27-31-29-30-51-61-7-8-6-46-3-44-41-38-40-43-35-37-54-26-34-50-48-24-13-10-53-60-55-1-70-0,20043.45674787779,seed702_explore_lns_start70_late_regret_rm25_tw15
0-65-63-33-27-31-29-62-64-52-67-61-41-38-40-44-3-46-8-7-53-10-66-56-54-37-35-43-6-55-70-68-24-25-23-50-34-26-0,20052.1659405436,seed701_explore_lns_start33_late_regret_rm25_tw10
0-65-59-63-33-28-27-29-31-62-64-52-51-61-41-38-40-44-6-7-8-46-3-43-37-35-54-66-20-24-48-25-58-13-17-10-53-60-4-1-70-50-26-0,20145.290108908503,seed702_explore_lns_start53_late_regret_rm25_tw12
0-14-65-63-62-31-29-27-28-30-67-61-44-38-41-7-8-3-46-6-10-53-68-54-40-43-37-35-34-26-32-50-56-66-20-25-58-13-17-60-55-70-0,20320.181972169245,seed701_explore_lns_start28_late_random_best_rm25_tw12
0-65-63-33-59-52-64-62-30-28-27-38-44-40-41-61-3-6-46-8-7-55-68-54-56-66-20-10-13-17-53-60-4-1-70-43-35-37-34-32-0,20414.55573103426,seed702_explore_lns_start72_late_random_best_rm25_tw10
0-65-63-33-27-28-62-21-23-19-64-67-61-44-38-40-3-46-8-7-6-41-37-43-35-54-68-56-66-20-24-48-25-58-10-53-60-4-1-70-50-34-0,20444.375093376202,seed702_explore_lns_start85_late_random_best_rm25_tw12
0-65-63-33-28-27-31-29-30-67-62-61-8-7-6-53-51-50-34-41-38-40-43-44-37-35-54-4-46-3-1-70-60-17-10-24-20-25-26-0,20494.14681869705,seed701_explore_lns_start66_late_random_best_rm25_tw12
0-65-14-59-33-28-27-29-31-67-64-61-38-40-44-8-7-6-41-56-66-54-37-35-43-1-3-4-70-68-53-10-17-13-58-25-48-24-20-50-34-0,20499.703679997612,seed701_explore_lns_start89_late_random_best_rm25_tw8
0-42-36-39-5-45-2-14-11-47-69-65-12-15-16-9-59-57-22-19-21-18-49-20-51-50-34-31-29-30-28-26-32-67-64-24-25-13-60-0,20615.802429741307,seed702_explore_lns_start30_late_random_best_rm25_tw8
0-65-59-63-33-28-27-31-62-64-23-51-67-61-53-7-6-8-46-3-44-40-41-38-43-37-35-1-68-54-50-34-26-32-20-48-58-10-17-70-0,20662.15031121063,seed702_explore_lns_start48_late_random_best_rm25_tw15
0-65-59-63-33-28-27-29-62-38-44-61-64-51-19-53-41-40-6-7-8-46-3-1-43-35-37-54-68-55-70-10-58-25-48-24-34-32-26-0,20797.669859039106,seed701_explore_lns_start60_late_regret_rm25_tw15
0-65-59-63-33-28-27-29-30-62-64-61-44-38-40-41-7-8-6-46-10-53-55-54-43-37-35-3-4-1-70-68-60-17-13-58-24-20-50-34-26-0,20922.04229172213,seed702_explore_lns_start37_late_random_best_rm20_tw8
0-14-59-63-33-28-27-62-64-19-23-52-53-61-41-38-44-3-46-8-7-6-43-40-35-37-54-34-26-32-50-56-66-68-70-4-60-17-10-20-0,21028.11798738204,seed702_explore_lns_start69_late_regret_rm25_tw6
0-14-63-33-28-27-29-31-62-67-64-52-23-53-7-8-3-46-6-61-41-44-38-40-43-37-35-54-68-56-66-10-17-70-1-58-48-24-32-26-0,21451.975828650407,seed701_explore_lns_start24_late_random_best_rm25_tw12
0-14-59-63-33-28-27-29-31-21-23-52-9-15-53-61-41-38-40-44-37-43-6-7-8-46-4-3-1-35-54-70-60-17-10-13-58-25-24-56-34-32-0,21747.913248022913,seed702_explore_lns_start52_random_best_rm25_tw6
0-65-14-59-63-33-27-29-30-67-62-18-19-61-6-7-8-46-3-44-40-37-38-41-54-34-32-50-56-66-24-58-13-10-53-60-4-1-70-43-35-0,21813.21997842683,seed701_explore_lns_start4_late_regret_rm25_tw10
0-65-14-59-63-28-27-29-62-64-19-21-23-53-7-8-6-46-3-61-41-44-40-38-43-35-37-54-55-1-66-24-20-48-25-13-10-70-50-34-32-0,22018.221107184887,seed702_explore_lns_start2_late_regret_rm25_tw15
0-14-59-63-33-28-27-29-31-38-44-61-64-51-21-53-6-7-8-46-3-41-40-43-35-37-54-68-4-1-70-17-10-24-48-20-56-34-32-26-0,22486.676959817498,seed702_explore_lns_start6_late_regret_rm25_tw15
0-65-59-63-62-31-29-27-28-30-67-64-19-51-61-53-7-8-46-6-44-41-38-43-40-37-35-1-3-4-60-55-70-54-34-32-50-56-48-25-10-0,22866.144138697066,seed701_explore_lns_start58_late_regret_rm25_tw6
0-65-14-59-63-33-28-27-29-31-30-62-67-61-8-7-6-44-40-41-26-34-50-54-38-43-35-37-3-4-46-60-55-68-70-53-10-17-13-25-48-24-66-0,23378.7835774735,seed702_explore_lns_start44_late_best_rm25_tw10
