route,score,source
0-90-65-66-83-64-24-22-20-49-19-18-48-21-23-57-15-11-99-52-86-87-9-53-60-79-8-7-73-78-47-17-16-14-12-10-82-98-55-6-4-1-3-5-45-46-2-88-100-70-61-68-0,453.5709765686803,seed601_lns_start3_mixed_regret_rm8_tw12_guarded
0-51-92-93-71-72-41-39-40-43-42-44-36-35-37-38-67-50-34-31-29-27-26-28-30-32-33-84-85-63-89-18-48-21-19-49-20-22-74-86-13-59-97-75-58-77-25-83-0,488.776016996469,seed604_lns_start45_late_best_rm6_tw6
0-90-65-66-83-57-24-22-20-49-19-18-48-21-23-86-15-11-10-99-52-59-87-9-53-79-8-7-73-17-16-47-14-12-78-60-88-55-6-4-1-3-5-45-46-2-100-70-61-68-98-82-0,504.66504094133427,seed602_lns_start1_late_regret_rm8_tw6_guarded
0-80-91-92-94-34-31-29-27-26-28-30-32-33-50-62-67-23-21-48-18-76-89-63-85-51-84-95-56-64-66-65-82-83-57-52-86-74-59-13-97-75-58-77-25-19-49-20-22-24-90-0,506.8744959750042,seed607_lns_start70_mixed_best_rm8_tw6_guarded
0-90-65-66-83-64-24-22-20-49-19-18-48-21-23-57-15-11-99-52-86-59-87-9-53-79-8-60-73-78-12-14-47-17-16-13-10-98-55-4-1-3-5-45-46-7-6-2-100-70-61-68-0,510.28306169451844,seed602_lns_start4_late_best_rm8_tw12_guarded
0-83-92-94-93-71-72-41-40-36-35-43-44-42-39-37-38-67-85-76-51-84-50-34-31-29-27-26-28-30-32-33-63-89-20-22-74-49-19-18-48-21-25-77-58-75-97-59-0,515.974858662574,seed607_lns_start50_mixed_best_rm8_tw8
0-90-65-66-83-64-24-22-20-49-19-18-48-21-23-57-52-15-11-10-99-87-9-53-8-79-73-78-60-7-6-46-45-5-3-1-4-2-55-98-82-13-16-17-47-14-12-88-100-70-61-68-0,545.088790052832,seed601_lns_start1_mixed_best_rm8_tw8_guarded
0-65-66-64-83-57-22-20-49-19-18-48-21-23-86-15-11-10-99-52-59-87-9-53-79-8-7-60-78-73-14-47-17-16-12-88-55-6-46-4-1-3-5-45-2-100-70-61-68-98-82-0,552.0111596567983,seed602_lns_start4_mixed_regret_rm8_tw12_guarded
0-90-65-66-83-64-24-22-20-49-19-18-48-21-23-59-15-11-99-52-86-87-9-53-60-79-8-46-6-7-73-78-12-14-47-17-16-10-82-55-2-4-45-5-3-1-100-70-61-68-98-88-0,560.801741137148,seed607_lns_start1_late_best_rm8_tw10_guarded
0-68-61-81-54-96-93-71-72-41-37-35-36-40-43-44-42-39-38-99-52-87-9-53-79-8-6-7-73-17-16-47-14-10-12-78-60-55-2-4-46-45-5-3-1-70-100-88-98-82-65-90-0,572.694250638269,seed607_lns_start74_late_random_best_rm8_tw6_guarded
0-90-91-92-94-96-93-71-72-41-37-35-36-40-43-44-42-39-38-99-87-9-53-79-8-6-7-73-12-10-14-47-16-17-78-60-88-55-2-4-46-45-5-3-1-100-70-68-61-54-81-80-0,622.3635723257321,seed607_lns_start12_late_random_best_rm6_tw12_guarded
0-90-65-66-83-64-24-22-20-49-19-18-48-21-23-57-15-11-99-52-86-87-9-53-78-73-79-8-7-6-2-46-45-5-3-1-4-55-98-82-10-13-16-17-47-14-12-60-88-100-70-61-68-0,628.5160339326239,seed602_lns_start4_late_best_rm8_tw15_guarded
0-90-65-66-83-64-24-22-20-49-19-18-48-21-23-57-52-15-11-10-99-82-53-8-79-9-87-59-16-17-47-14-12-78-73-60-88-98-55-2-4-1-3-5-45-46-7-6-100-70-61-68-0,648.1565576590606,seed602_lns_start2_late_regret_rm8_tw8_guarded
0-90-65-66-83-64-24-22-20-49-19-18-48-21-23-57-52-86-15-11-59-87-9-99-53-79-8-7-73-14-47-17-16-10-12-78-60-88-55-2-4-1-3-5-45-46-6-100-70-61-98-82-0,664.0572320267079,seed605_lns_start2_mixed_random_best_rm8_tw12_guarded
0-90-65-66-56-64-24-22-20-49-19-18-48-21-23-57-15-11-99-52-86-59-87-9-53-79-8-7-73-78-47-17-16-14-12-10-82-98-55-2-4-1-3-5-45-46-6-60-88-100-70-68-61-0,690.9057190184495,seed608_lns_start4_late_best_rm8_tw10_guarded
0-94-92-95-33-32-30-28-26-27-29-31-34-50-62-67-51-23-21-48-18-76-89-63-85-84-64-56-91-66-65-83-57-52-86-74-59-13-97-75-77-58-25-19-49-20-22-24-82-90-0,701.3463821247731,seed605_lns_start72_mixed_regret_rm8_tw15_guarded
0-91-92-94-93-72-54-81-96-62-71-41-42-44-43-40-36-35-37-38-39-67-95-84-51-85-63-33-34-31-29-27-26-28-30-32-50-56-80-13-97-75-58-77-25-89-0,737.7400439378051,seed601_lns_start4_mixed_random_best_rm8_tw8
0-80-91-92-94-96-54-81-61-68-69-10-11-15-23-24-57-52-99-87-9-53-60-79-8-6-7-73-78-47-17-16-14-12-98-88-55-2-4-46-45-5-3-1-100-70-90-66-65-82-0,740.0461158536423,seed606_lns_start46_random_best_rm8_tw6_guarded
0-90-65-66-83-64-24-22-20-49-19-18-48-21-23-57-15-11-99-52-86-59-87-9-53-79-8-7-60-78-73-14-47-17-16-10-12-88-55-6-4-1-3-5-45-46-2-100-70-61-68-98-82-0,770.3619735533965,seed604_lns_start1_mixed_best_rm6_tw6_guarded
0-90-65-66-83-64-24-22-20-49-19-18-48-21-23-57-52-15-11-10-99-86-59-87-9-53-8-79-73-12-14-47-16-17-78-60-88-55-3-5-45-4-46-7-6-2-70-61-68-100-98-82-0,782.6696477184239,seed602_lns_start3_late_best_rm5_tw12
0-90-80-91-92-94-95-56-64-66-65-83-23-48-18-76-62-67-50-34-31-29-27-26-28-30-32-33-84-51-85-63-89-19-49-20-22-24-74-86-13-59-97-75-58-77-25-21-57-100-0,841.8912134321773,seed608_lns_start18_late_regret_rm6_tw8_guarded
0-90-65-66-83-64-24-22-20-49-19-18-48-21-23-57-52-15-11-10-99-87-9-53-60-78-73-79-8-7-6-46-45-5-3-1-4-55-98-86-74-13-16-17-47-14-12-88-100-70-61-68-0,876.9873455854009,seed607_lns_start3_late_random_best_rm8_tw10_guarded
0-80-91-92-95-56-66-64-24-22-20-49-19-21-23-48-18-89-76-51-63-85-62-67-84-33-32-30-28-26-27-29-31-34-50-93-71-72-41-42-43-1-4-45-5-3-46-6-2-100-68-61-81-0,878.424448448656,seed601_lns_start27_late_random_best_rm5_tw15
0-90-65-66-83-64-24-22-20-49-19-18-48-21-23-57-52-15-11-10-99-87-9-53-60-78-73-79-8-7-6-2-46-45-5-3-1-4-55-82-86-74-13-16-17-47-14-12-88-100-70-61-68-0,878.5968942956547,seed606_lns_start1_late_random_best_rm6_tw15_guarded
0-90-65-66-83-64-24-22-20-49-19-18-48-21-23-57-52-15-11-10-99-86-87-59-9-53-73-79-8-6-60-78-17-16-47-14-12-88-55-7-46-4-45-3-5-2-70-61-100-98-82-0,880.9347619681391,seed602_lns_start1_mixed_regret_rm6_tw6
0-92-93-71-96-81-54-72-41-39-40-43-42-44-36-35-37-38-67-62-85-76-51-84-63-33-32-30-28-26-27-29-31-34-50-95-91-83-57-74-97-75-58-77-25-89-94-80-0,883.8148646688626,seed605_lns_start3_late_regret_rm8_tw12_guarded
0-90-65-66-83-64-24-22-20-49-19-18-48-21-23-86-15-11-10-99-52-87-9-53-60-78-73-79-8-7-6-2-46-45-5-3-1-4-55-82-74-13-16-17-47-14-12-98-88-100-70-68-61-0,885.4560444347067,seed604_lns_start1_mixed_regret_rm5_tw10_guarded
0-80-92-94-96-81-61-54-93-71-72-41-42-44-43-40-36-35-37-38-39-99-87-9-53-79-8-7-6-2-1-3-5-45-46-4-70-55-88-60-78-73-17-16-47-14-12-10-65-90-68-100-0,897.3763476456531,seed604_lns_start6_late_random_best_rm8_tw8_guarded
0-96-93-71-72-54-81-61-41-37-35-36-40-43-44-42-39-38-68-99-87-9-53-79-8-7-6-2-70-1-3-5-45-46-4-55-88-60-78-73-13-16-17-47-14-12-10-52-83-91-94-0,904.444098549943,seed605_lns_start13_late_random_best_rm8_tw15_guarded
0-80-91-95-92-94-93-71-72-41-37-35-36-40-43-44-42-39-38-67-62-63-76-51-84-85-50-34-31-29-27-26-28-30-32-33-89-74-86-13-97-75-58-77-25-56-96-54-0,913.6948361072536,seed608_lns_start4_random_random_best_rm8_tw6_guarded
0-90-82-65-66-64-83-57-52-86-15-11-10-23-75-97-59-87-9-99-53-79-6-8-7-73-78-12-14-47-17-16-13-98-55-2-4-45-3-1-5-46-60-88-100-70-43-0,925.2061831595453,seed603_lns_start55_late_random_best_rm6_tw6
0-91-94-93-96-54-81-61-41-71-72-39-40-36-35-37-38-43-44-42-8-79-53-99-87-9-10-12-14-47-16-17-73-78-60-88-55-2-4-46-7-6-45-5-3-1-70-68-80-66-90-0,929.6189467661238,seed608_lns_start13_late_random_best_rm8_tw6
0-90-65-66-83-64-56-95-91-92-94-96-93-71-62-85-63-76-23-21-20-51-84-67-50-34-31-29-27-26-28-30-32-33-89-18-48-24-86-74-59-13-97-75-58-77-25-19-49-22-57-0,936.5022188758978,seed604_lns_start21_late_random_best_rm8_tw10_guarded
0-90-66-83-64-20-49-24-57-82-69-98-12-14-47-15-11-10-99-52-87-9-53-78-73-79-8-7-60-6-46-45-5-3-1-4-2-70-55-88-17-16-13-59-97-75-58-25-22-65-0,957.6728667649277,seed604_lns_start29_late_regret_rm5_tw12_guarded
0-80-91-92-94-33-32-30-28-26-27-29-31-34-50-62-76-23-21-48-18-95-67-63-85-84-56-64-66-83-65-57-52-86-74-59-13-97-75-77-58-25-19-49-24-22-20-51-89-0,958.093941614612,seed602_lns_start75_late_random_best_rm6_tw10
0-90-65-66-83-64-24-22-20-49-19-18-48-21-23-57-16-15-11-10-99-87-9-53-60-79-73-78-8-7-6-2-46-5-3-45-4-55-52-86-74-13-17-47-14-12-98-88-100-70-68-61-0,967.0553486912684,seed608_lns_start4_late_regret_rm8_tw10_guarded
0-92-94-93-71-96-81-54-72-41-39-42-43-44-40-36-35-37-38-67-62-76-89-51-84-85-63-33-32-30-28-26-27-29-31-34-50-95-57-74-13-97-75-58-77-25-56-91-80-0,978.8379032840191,seed603_lns_start1_random_best_rm3_tw8_guarded
0-90-65-66-83-64-24-22-20-49-19-18-48-21-23-69-15-11-99-52-59-87-9-53-8-79-73-78-47-17-16-14-12-10-98-55-6-7-46-4-45-5-3-1-2-60-88-100-70-61-81-0,995.2659225336363,seed605_lns_start3_random_random_best_rm8_tw15_guarded
0-90-65-66-83-64-24-22-20-49-19-18-48-21-23-57-52-15-11-10-99-87-9-53-78-73-79-8-7-60-2-6-46-5-3-45-4-55-98-82-86-74-13-16-17-47-14-12-88-100-70-68-61-0,1009.8168501168425,seed606_lns_start2_late_random_best_rm8_tw10_guarded
0-65-66-83-57-52-86-59-97-75-23-64-69-11-15-87-9-99-53-79-8-60-78-73-14-47-17-16-10-13-12-55-2-4-6-7-46-45-5-3-1-70-100-88-98-82-90-0,1012.0820464763199,seed602_lns_start55_late_random_best_rm5_tw12_guarded
0-65-66-83-64-24-22-20-49-19-18-48-21-23-57-52-15-11-99-86-59-87-9-53-73-79-8-7-60-78-47-14-17-16-10-12-88-55-2-3-5-45-4-46-6-100-70-61-68-98-82-0,1017.512635200924,seed602_lns_start4_mixed_regret_rm8_tw12
0-96-71-93-94-92-95-91-66-83-24-23-56-67-62-85-63-76-89-33-32-30-28-26-27-29-31-34-50-84-51-19-22-57-86-74-59-13-97-75-58-77-25-21-48-18-49-20-64-65-80-0,1030.3502368651718,seed608_lns_start20_late_random_best_rm8_tw12_guarded
0-90-65-66-83-64-24-22-20-49-19-18-48-21-23-69-15-11-99-52-86-87-9-53-73-79-8-7-6-2-46-45-5-3-1-4-55-98-82-10-13-16-17-47-14-12-78-60-88-100-70-68-81-0,1033.5670188639933,seed608_lns_start2_late_regret_rm8_tw6_guarded
0-92-94-93-71-96-54-61-41-37-35-36-40-43-42-44-39-38-72-62-67-95-84-76-89-33-32-30-28-26-27-29-31-34-50-56-57-74-59-97-75-58-77-25-51-63-85-91-80-0,1035.057530068244,seed608_lns_start2_late_regret_rm8_tw6_guarded
0-80-91-92-94-93-71-96-54-81-69-42-44-43-40-36-35-37-38-39-41-72-67-84-76-89-63-85-33-32-30-28-26-27-29-31-34-50-56-57-74-13-59-97-75-58-77-25-51-0,1059.674149084949,seed606_lns_start3_late_best_rm6_tw10_guarded
0-91-92-94-93-71-96-54-81-69-42-44-43-40-36-35-37-38-39-41-72-67-84-76-89-63-33-32-30-28-26-27-29-31-34-50-85-51-57-86-74-13-59-97-75-58-77-25-80-0,1063.8891554330994,seed603_lns_start3_late_best_rm6_tw10_guarded
0-90-80-91-92-56-64-66-65-82-69-24-23-18-76-63-85-62-67-94-95-84-50-34-31-29-27-26-28-30-32-33-89-51-57-86-74-59-13-97-75-58-77-25-21-48-19-49-20-22-83-0,1111.6624648115753,seed603_lns_start18_late_regret_rm8_tw8_guarded
0-90-65-66-83-64-56-92-94-96-93-71-50-62-85-63-76-18-23-95-67-84-34-31-29-27-26-28-30-32-33-89-51-20-22-24-74-86-13-59-97-75-58-77-25-21-48-19-49-57-52-0,1119.035504570209,seed603_lns_start17_late_best_rm8_tw15_guarded
0-90-88-60-73-78-12-14-47-17-16-15-11-10-69-65-66-83-23-87-9-99-82-53-79-8-7-6-2-1-3-5-45-46-4-55-98-52-57-64-56-95-91-94-96-54-81-61-70-100-68-0,1123.822236407203,seed605_lns_start46_random_best_rm4_tw6_guarded
0-92-85-33-32-30-28-26-27-29-31-34-50-62-71-41-42-44-43-40-38-37-35-36-39-72-93-67-84-51-89-63-20-83-86-74-59-13-97-75-58-77-25-21-48-18-19-49-22-0,1138.5593354884081,seed601_lns_start44_late_regret_rm8_tw10
0-90-66-64-83-65-57-52-69-86-75-59-16-15-11-97-87-9-99-53-79-8-46-45-5-3-1-55-12-13-17-47-73-7-4-6-2-70-100-88-60-78-14-10-82-98-0,1140.1083042065013,seed607_lns_start55_random_random_best_rm6_tw12
0-90-80-66-83-24-57-86-52-65-69-60-47-17-16-15-11-10-99-87-9-53-78-79-7-8-46-5-3-1-45-2-55-6-4-73-14-12-82-98-88-100-70-68-61-81-54-96-94-91-56-0,1140.1360569040348,seed604_lns_start33_late_best_rm5_tw15
0-92-94-96-93-71-54-81-61-41-39-42-43-40-44-36-35-37-38-72-68-99-9-10-53-79-7-8-6-46-1-3-5-45-2-55-70-4-73-12-14-47-16-17-78-60-88-90-66-91-80-0,1156.5644805122797,seed601_lns_start9_late_best_rm6_tw8
0-80-91-64-56-94-96-54-81-69-11-15-16-23-24-99-52-87-9-53-78-73-79-8-7-6-2-46-45-5-3-1-4-55-98-82-10-12-14-47-17-60-88-100-70-61-68-90-65-66-0,1185.4523629225364,seed601_lns_start45_random_best_rm3_tw8_guarded
0-90-65-66-83-64-24-22-20-49-19-18-48-21-23-69-15-11-99-52-86-87-9-53-78-73-79-8-7-6-2-46-5-3-45-4-55-98-82-10-13-16-17-47-14-12-60-88-100-70-61-68-81-0,1191.310943102884,seed602_lns_start2_late_regret_rm8_tw10_guarded
0-64-92-95-93-71-72-41-42-43-40-36-35-37-44-39-38-67-62-85-76-51-84-50-33-32-30-28-26-27-29-31-34-63-89-18-48-21-19-49-20-22-74-77-58-59-97-75-25-0,1192.6520373915887,seed608_lns_start33_late_best_rm8_tw10
0-81-54-96-80-91-92-94-93-95-62-71-72-41-39-37-35-36-38-40-44-43-42-67-56-84-50-34-31-29-27-26-28-30-32-33-89-63-85-51-74-25-77-58-75-97-59-1-0,1215.6251637658565,seed607_lns_start2_late_random_best_rm8_tw10
0-64-56-95-92-93-71-72-41-37-35-36-40-43-44-42-39-38-67-62-85-63-76-51-84-50-34-31-29-27-26-28-30-32-33-89-18-48-49-24-74-13-59-97-75-58-77-25-21-22-20-0,1219.445668076304,seed601_lns_start30_late_best_rm8_tw15_guarded
0-80-91-92-56-66-64-24-22-20-49-19-48-21-23-18-89-76-63-62-67-95-51-84-85-33-32-30-28-26-27-29-31-34-50-93-71-72-70-2-6-46-4-45-5-3-1-43-40-36-35-37-41-61-68-100-0,1220.2386702269112,seed601_lns_start26_late_regret_rm8_tw15_guarded
0-95-64-83-66-65-82-98-69-15-11-23-76-62-50-67-84-34-31-29-27-26-28-30-32-33-63-85-51-20-22-24-57-52-86-74-59-97-75-58-77-25-21-48-18-19-49-89-0,1224.0499755967212,seed607_lns_start11_late_best_rm6_tw8_guarded
0-90-65-66-83-64-24-22-20-49-19-18-48-21-23-57-52-15-11-10-82-99-87-9-53-98-88-60-78-73-79-7-6-2-46-5-3-45-4-55-86-74-59-13-16-17-47-14-12-100-70-61-68-0,1232.4363619288547,seed606_lns_start3_late_random_best_rm8_tw8
0-91-92-94-93-71-96-81-54-72-41-37-35-36-40-43-44-42-39-38-62-67-84-76-89-33-32-30-28-26-27-29-31-34-50-56-86-74-13-97-75-58-77-25-51-63-85-95-80-0,1238.8243859978402,seed602_lns_start4_late_regret_rm8_tw8_guarded
0-80-92-94-33-32-30-28-26-27-29-31-34-50-62-91-24-23-21-76-51-67-63-85-84-95-56-64-66-65-83-82-52-57-86-74-59-13-97-75-58-77-25-48-18-19-49-20-22-89-0,1255.0844049338016,seed604_lns_start70_late_random_best_rm8_tw8
0-90-66-65-83-64-86-52-82-69-57-10-11-15-97-75-59-87-9-99-53-79-8-7-6-70-43-1-3-5-45-4-46-2-55-88-12-13-16-17-47-14-73-78-60-98-100-0,1265.811247057911,seed604_lns_start55_random_regret_rm5_tw10
0-80-81-68-54-72-41-61-69-43-40-36-35-37-38-39-44-42-8-79-78-53-99-52-87-9-10-16-17-47-14-12-73-60-88-55-2-4-46-45-5-3-1-7-6-70-100-98-82-0,1269.8400588117986,seed608_lns_start19_mixed_random_best_rm8_tw15
0-90-65-66-83-64-20-22-24-57-82-69-98-12-47-17-15-11-10-99-52-87-9-53-8-79-73-60-7-6-46-1-3-5-45-4-2-70-55-88-78-14-16-13-59-97-75-58-77-25-0,1277.5873497213734,seed603_lns_start29_late_random_best_rm5_tw6_guarded
0-90-66-83-64-57-24-22-20-49-19-18-48-21-23-59-15-11-82-99-87-9-10-53-79-8-7-73-78-60-98-88-55-70-6-3-5-45-4-46-2-12-14-47-17-16-86-52-68-61-100-0,1288.1717254459072,seed605_lns_start4_mixed_regret_rm5_tw8
0-81-54-96-80-91-92-94-93-71-62-41-42-44-43-40-36-35-37-38-39-72-67-76-89-63-84-56-95-50-34-31-29-27-26-28-30-32-33-85-51-25-77-58-75-97-59-16-73-0,1303.3739534610586,seed604_lns_start4_late_regret_rm8_tw8_guarded
0-90-65-66-83-64-56-95-92-91-94-93-71-50-62-76-23-67-34-31-29-27-26-28-30-32-33-63-85-84-51-20-22-49-19-48-24-57-86-74-13-59-97-75-58-77-25-21-18-89-0,1310.320377028304,seed606_lns_start19_random_best_rm8_tw10
0-96-94-93-72-39-41-69-42-44-43-40-36-35-37-38-71-62-67-84-50-34-31-29-27-26-28-30-32-33-89-63-85-51-64-86-74-59-97-75-58-77-25-21-48-18-19-49-20-22-0,1324.0367944442066,seed606_lns_start47_late_regret_rm8_tw8_guarded
0-90-65-66-83-64-24-22-20-49-19-18-48-21-23-57-52-15-11-82-99-86-87-9-73-79-8-7-60-53-98-88-70-55-12-10-13-16-17-47-14-78-6-4-45-3-5-46-2-100-61-68-0,1330.1259824627923,seed603_lns_start2_late_regret_rm8_tw6
0-90-65-66-83-64-22-20-49-19-18-48-21-23-24-57-52-15-11-10-99-86-87-9-53-8-79-73-78-82-98-88-55-60-7-6-4-45-3-5-46-2-70-68-100-12-14-47-17-16-59-0,1332.591062022936,seed608_lns_start1_random_regret_rm5_tw6
0-68-96-81-54-93-71-72-41-39-40-43-42-36-35-37-44-38-61-90-82-99-87-9-53-79-8-7-73-12-14-47-16-17-78-60-88-55-2-6-4-45-46-5-3-1-70-100-98-10-0,1335.2446259133785,seed607_lns_start74_late_random_best_rm8_tw6
0-90-65-66-83-64-24-22-20-49-19-18-48-21-23-59-15-11-69-99-52-86-87-9-53-73-79-8-7-6-46-45-5-3-1-4-2-55-98-82-10-12-14-16-17-47-78-60-88-100-70-68-61-0,1337.5209548319715,seed603_lns_start1_random_best_rm3_tw8_guarded
0-80-91-92-94-93-71-96-54-81-69-42-44-43-40-36-35-37-38-39-41-72-67-95-84-50-34-31-29-27-26-32-30-28-33-89-56-74-13-97-75-58-77-25-51-85-63-1-0,1339.1377472369904,seed604_lns_start4_late_random_best_rm5_tw12
0-80-91-92-94-93-71-96-81-54-72-41-39-42-44-43-40-36-35-37-38-67-62-76-89-51-84-85-63-33-32-30-28-26-27-29-31-34-50-95-56-82-10-13-97-75-58-77-25-61-0,1363.9199123241565,seed605_lns_start4_late_regret_rm6_tw10_guarded
0-80-91-92-94-93-71-96-81-54-72-41-42-43-44-40-36-35-37-39-38-62-67-76-95-56-84-50-34-31-29-27-26-28-30-32-33-63-85-51-74-13-97-58-77-25-89-0,1374.2218385619965,seed603_lns_start1_random_best_rm3_tw8
0-90-65-66-64-83-57-52-82-69-47-17-16-15-11-86-23-99-87-9-10-53-60-79-8-7-6-2-1-3-5-45-46-4-55-88-78-73-14-12-13-97-75-58-59-98-100-70-0,1385.3389292435425,seed601_lns_start55_late_regret_rm4_tw12_guarded
0-80-92-94-93-96-81-68-61-41-39-40-43-42-44-36-35-37-38-72-54-99-87-9-53-60-79-8-7-6-2-1-3-5-45-46-4-70-55-88-78-73-13-16-17-47-14-12-10-65-66-91-71-0,1386.051707917244,seed606_lns_start13_late_best_rm8_tw8_guarded
0-80-92-50-93-71-72-41-39-40-43-42-44-36-35-37-38-67-62-85-76-84-34-31-29-27-26-28-30-32-33-63-51-20-22-24-74-86-13-59-97-75-58-77-25-21-48-18-19-49-89-0,1391.2819528332734,seed605_lns_start46_random_best_rm4_tw6_guarded
0-80-92-94-93-71-96-54-81-68-69-61-42-44-40-43-37-35-36-38-39-41-72-67-84-76-89-33-32-30-28-26-27-29-31-34-50-63-85-51-19-18-48-21-74-86-58-22-56-95-91-0,1400.28982936764,seed604_lns_start29_late_best_rm3_tw10
0-90-65-66-83-64-24-22-20-49-19-18-48-21-23-57-52-15-11-99-87-9-53-78-73-79-8-7-60-70-1-3-5-45-4-46-6-2-55-88-98-86-74-59-16-17-47-14-12-10-82-68-100-0,1421.67913752794,seed606_lns_start4_mixed_regret_rm8_tw15_guarded
0-90-65-66-83-64-24-22-20-49-19-18-48-21-23-57-52-15-11-82-99-87-9-12-79-73-53-98-88-6-7-8-46-45-5-3-2-4-55-74-10-16-17-47-14-78-60-100-70-61-68-0,1431.2651601511539,seed603_lns_start4_late_regret_rm8_tw15
0-90-65-66-83-64-24-22-20-49-19-18-48-21-23-57-69-15-11-87-9-99-53-60-78-73-79-8-7-6-2-46-5-3-1-45-4-55-98-52-86-74-59-16-17-47-14-12-88-100-70-68-0,1446.7725061731883,seed605_lns_start4_late_regret_rm6_tw10_guarded
0-90-65-66-83-64-51-20-22-49-19-18-48-21-23-24-57-52-15-11-99-87-9-53-78-73-79-8-7-6-2-46-45-5-3-1-4-55-98-82-86-74-59-13-16-17-47-14-12-88-100-70-68-61-0,1457.121621062473,seed601_lns_start4_mixed_best_rm8_tw8_guarded
0-80-91-92-94-93-71-96-54-81-69-42-44-43-40-36-35-37-38-39-41-72-67-95-84-76-89-63-50-34-31-29-27-26-28-30-32-33-85-51-74-77-75-97-58-25-56-1-0,1458.6453131033063,seed605_lns_start3_late_random_best_rm8_tw10
0-80-92-94-93-71-96-54-81-69-42-44-43-40-36-35-37-38-39-41-72-67-62-76-89-63-85-84-56-91-95-50-34-31-29-27-26-28-30-32-33-51-25-77-58-75-97-59-98-0,1473.1465366651437,seed606_lns_start1_late_random_best_rm6_tw15_guarded
0-90-65-66-56-64-24-22-20-49-19-18-48-21-23-69-15-11-99-52-86-59-87-9-53-79-8-7-6-2-46-45-5-3-1-4-55-98-82-10-13-16-17-47-14-12-78-73-60-88-100-70-68-61-0,1475.068134705451,seed605_lns_start3_late_regret_rm8_tw12_guarded
0-90-65-66-83-64-24-22-20-49-19-18-48-21-23-57-52-15-11-82-99-87-59-9-73-79-8-7-60-53-98-88-70-55-12-10-13-16-17-47-14-78-6-4-45-3-5-46-2-100-61-68-0,1485.5365436315878,seed605_lns_start4_late_regret_rm8_tw15
0-90-56-64-83-57-86-52-82-69-98-11-15-23-76-62-67-95-84-50-34-31-29-27-26-28-30-32-33-89-63-85-51-24-74-59-97-75-58-77-25-21-48-18-19-49-20-22-100-0,1487.2504538374642,seed606_lns_start13_late_best_rm8_tw8_guarded
0-91-92-94-93-71-96-54-81-69-42-44-43-40-36-35-37-38-39-41-72-67-62-84-76-89-33-32-30-28-26-27-29-31-34-50-85-63-51-74-59-97-75-58-77-25-56-95-80-0,1495.1895988474384,seed607_lns_start2_mixed_random_best_rm8_tw10_guarded
0-91-92-94-93-71-96-54-81-69-42-44-43-40-36-35-37-38-39-41-72-67-62-84-76-89-33-32-30-28-26-27-29-31-34-50-85-63-51-57-59-97-75-58-77-25-56-95-80-0,1502.9639787198041,seed604_lns_start3_late_best_rm6_tw12_guarded
0-80-92-50-93-71-72-41-39-40-43-42-44-36-35-37-38-67-62-85-76-51-84-34-31-29-27-26-28-30-32-33-63-64-86-74-59-13-97-75-58-77-25-21-48-18-19-49-22-20-89-0,1510.7405667349212,seed603_lns_start49_random_random_best_rm8_tw8_guarded
0-80-91-92-96-93-71-54-81-41-39-36-40-43-42-44-35-37-38-61-68-90-99-87-9-53-79-8-7-6-2-70-1-3-5-45-46-4-55-88-60-78-73-17-16-47-14-12-10-66-94-72-0,1513.5780393321525,seed604_lns_start13_late_best_rm8_tw6
0-66-56-92-94-96-54-81-61-68-69-60-73-15-11-10-99-52-57-24-23-87-9-53-79-8-6-7-78-47-17-16-14-12-88-55-2-4-46-45-5-3-1-70-100-98-82-65-90-80-0,1532.5826274481492,seed604_lns_start45_late_best_rm8_tw8_guarded
0-91-80-68-61-81-54-96-94-92-62-71-72-41-40-36-35-37-38-39-44-42-93-67-95-56-84-50-33-26-28-30-32-27-29-31-34-63-85-51-20-22-74-58-77-25-21-48-18-19-24-49-89-0,1536.3780108415685,seed606_lns_start55_late_regret_rm8_tw10
0-37-35-36-40-41-92-62-71-42-43-44-39-38-72-93-67-76-89-63-84-33-32-30-28-26-27-29-31-34-50-85-51-22-86-74-59-97-75-58-77-25-21-48-18-19-49-20-83-0,1540.8490618245742,seed604_lns_start44_late_random_best_rm8_tw10
0-90-65-66-83-64-24-22-20-49-19-18-48-21-23-57-86-15-11-99-52-87-9-53-98-88-60-78-73-79-8-7-6-2-46-5-3-45-4-55-82-74-59-16-17-47-14-12-10-100-70-68-61-0,1541.4309603261072,seed606_lns_start2_late_random_best_rm8_tw10
0-90-65-66-83-64-24-22-20-49-19-18-48-21-23-15-11-69-82-99-52-86-87-9-53-8-79-73-78-60-98-55-68-61-1-3-5-45-4-46-7-6-2-100-88-12-14-47-17-16-10-91-0,1552.7593711599216,seed606_lns_start3_mixed_random_best_rm6_tw8_guarded
0-92-50-93-71-72-41-39-40-43-42-44-36-35-37-38-67-76-89-34-31-29-27-26-28-30-32-33-84-85-63-51-83-74-13-59-97-75-58-77-25-21-48-18-19-49-20-22-86-0,1555.0434282183546,seed601_lns_start50_late_random_best_rm3_tw15
0-90-65-66-83-64-24-22-20-49-19-18-48-21-23-57-52-15-11-99-69-8-79-53-9-87-59-10-12-14-47-16-17-73-78-60-88-55-2-4-1-3-5-45-46-7-6-100-70-61-68-98-82-0,1560.0153858818553,seed602_lns_start4_late_regret_rm8_tw8_guarded
0-80-91-92-95-56-66-64-24-22-20-49-19-21-23-48-18-89-76-62-67-33-32-30-28-26-27-29-31-34-84-51-85-63-50-71-93-72-81-2-6-46-4-45-5-3-1-43-36-42-41-61-68-100-0,1566.4573414074616,seed601_lns_start26_late_regret_rm8_tw15
0-80-91-92-94-96-54-71-72-41-39-40-43-42-44-36-35-37-38-93-62-67-95-84-51-76-89-63-85-33-32-30-28-26-27-29-31-34-50-56-86-74-13-97-75-58-77-25-57-82-68-0,1580.4374824886172,seed605_lns_start3_random_random_best_rm8_tw15_guarded
0-90-96-71-93-94-92-95-56-64-66-65-83-23-21-76-62-67-50-34-31-29-27-26-28-30-32-33-89-63-85-84-51-49-20-22-24-74-86-13-59-97-75-58-77-25-48-18-19-57-52-82-0,1584.4109332774499,seed601_lns_start17_late_best_rm8_tw10
0-80-91-56-92-94-93-71-96-61-41-42-43-44-40-36-35-37-38-39-90-99-87-9-53-60-79-8-7-6-2-46-45-5-3-1-4-55-88-10-13-16-17-47-14-12-78-73-100-70-68-81-54-72-0,1586.7670477519162,seed607_lns_start11_late_best_rm6_tw8_guarded
0-91-92-94-93-71-96-81-61-72-41-39-40-42-43-44-36-35-37-38-54-99-87-9-53-2-8-79-78-60-88-68-70-55-1-3-5-45-4-46-6-7-73-17-16-47-14-12-10-90-80-0,1594.2929073732973,seed603_lns_start11_late_random_best_rm8_tw8
0-90-80-91-92-94-95-51-89-20-23-62-50-67-34-31-29-27-26-28-30-32-33-76-63-85-84-56-64-66-65-83-57-52-13-86-74-24-22-49-19-18-48-21-25-77-58-75-97-59-0,1594.9933703394847,seed602_lns_start70_late_random_best_rm8_tw10
0-90-66-65-78-73-60-88-69-98-10-11-15-16-23-24-57-52-99-87-9-53-79-8-7-6-2-1-3-5-45-46-4-70-55-17-47-14-12-82-56-91-80-94-96-54-81-61-68-100-0,1598.402263638275,seed604_lns_start47_random_random_best_rm6_tw10_guarded
0-80-91-92-96-81-54-41-39-37-35-36-40-43-44-42-62-67-71-72-38-93-94-95-56-84-76-89-33-32-30-28-26-27-29-31-34-50-85-63-51-25-77-58-75-97-10-1-0,1600.488535943145,seed602_lns_start4_late_regret_rm8_tw10_guarded
0-91-92-94-93-71-96-54-81-69-42-44-43-40-36-35-37-38-39-41-72-67-62-84-76-89-33-32-30-28-26-27-29-31-34-50-85-63-51-86-74-59-97-75-58-77-25-56-95-80-0,1605.6427964442742,seed601_lns_start1_mixed_best_rm8_tw8_guarded
0-80-91-92-94-93-71-96-54-81-61-41-42-43-44-40-36-35-37-39-38-72-62-95-67-84-76-63-85-50-34-31-29-27-26-28-30-32-33-89-51-74-97-75-58-77-25-56-0,1605.6516993250311,seed603_lns_start4_random_random_best_rm8_tw12
0-80-91-92-81-61-54-72-41-39-40-43-42-44-36-35-37-38-11-15-9-87-99-53-79-8-7-6-2-1-3-5-45-46-4-55-98-10-12-14-47-16-17-73-78-60-88-100-70-68-0,1617.3423210351723,seed606_lns_start16_late_random_best_rm5_tw8_guarded
0-90-82-10-16-17-47-14-12-69-65-66-83-19-23-57-11-15-9-87-86-52-99-53-79-8-7-73-78-60-88-98-55-2-6-46-4-45-5-3-1-100-70-68-61-81-54-96-94-91-80-0,1622.8355291548185,seed603_lns_start30_late_best_rm8_tw12_guarded
0-68-61-81-54-96-94-80-91-92-62-93-41-42-44-43-40-36-35-37-38-39-72-71-67-84-85-63-76-89-33-32-30-28-26-27-29-31-34-50-95-56-74-77-25-21-48-18-19-49-20-22-24-51-0,1629.8175130879686,seed601_lns_start55_late_regret_rm4_tw12_guarded
0-80-92-95-56-64-66-65-82-98-69-11-15-23-89-76-62-67-84-50-34-31-29-27-26-28-30-32-33-63-85-51-20-22-24-57-86-74-59-97-75-58-77-25-21-48-18-19-49-90-100-0,1639.052267724534,seed605_lns_start13_late_random_best_rm8_tw15_guarded
0-80-91-92-50-93-71-72-41-39-40-43-42-44-36-35-37-38-67-76-34-31-29-27-26-28-30-32-33-84-85-63-51-83-86-74-13-59-97-75-58-77-25-21-48-18-19-49-20-22-89-0,1639.2670125438904,seed601_lns_start46_random_random_best_rm8_tw6
0-90-82-10-16-17-47-14-12-69-11-15-52-57-23-24-83-66-65-99-87-9-53-78-73-79-8-7-6-46-45-5-3-1-4-2-55-98-88-60-70-100-68-61-81-54-96-94-91-56-95-0,1654.0464305565004,seed603_lns_start49_random_random_best_rm8_tw8_guarded
0-90-65-52-57-83-64-56-66-69-98-60-78-12-14-47-17-16-15-11-59-87-9-99-82-88-53-73-79-8-7-6-2-46-45-5-3-1-4-55-42-39-41-54-81-70-100-10-58-0,1664.4707823051876,seed603_lns_start62_late_regret_rm5_tw6
0-92-94-93-71-96-54-81-1-42-43-44-40-36-35-37-38-39-41-72-67-62-84-76-89-33-32-30-28-26-27-29-31-34-50-95-56-86-74-97-75-58-77-25-51-63-85-91-80-0,1669.8894034278326,seed608_lns_start4_late_regret_rm8_tw15_guarded
0-90-65-66-83-64-24-22-20-49-19-18-48-21-23-57-15-11-69-82-99-52-87-9-53-60-79-8-7-6-46-45-5-3-1-2-4-55-98-86-74-13-10-12-14-47-17-78-88-100-70-68-61-0,1678.8076877820756,seed604_lns_start4_late_regret_rm8_tw8_guarded
0-90-65-66-83-64-24-22-20-49-19-18-48-21-23-57-52-15-11-99-86-59-87-9-53-98-88-60-79-73-78-8-7-6-2-46-5-3-45-4-55-10-13-16-17-47-14-12-82-68-61-70-100-0,1682.6533122380818,seed607_lns_start2_late_best_rm8_tw10
0-80-56-95-92-96-54-1-43-42-44-40-36-35-37-38-39-41-72-67-62-84-76-89-33-32-30-28-26-27-29-31-34-50-85-63-51-57-74-59-97-75-58-77-25-91-94-93-71-0,1694.6187178641014,seed602_lns_start2_late_regret_rm8_tw10_guarded
0-90-65-66-83-64-24-22-20-49-19-18-48-21-23-57-52-15-11-99-69-53-8-79-10-9-87-59-82-98-55-2-4-45-3-5-46-6-7-60-78-73-17-16-47-14-12-88-100-70-68-81-0,1695.903738724919,seed601_lns_start2_late_regret_rm8_tw15_guarded
0-81-54-72-80-91-68-14-15-11-12-69-61-41-44-39-38-37-35-36-40-43-8-79-53-9-10-16-17-47-73-78-98-55-2-4-45-5-3-1-46-7-6-60-88-100-70-42-0,1707.9743208266996,seed603_lns_start16_late_random_best_rm8_tw15
0-90-80-91-92-95-56-66-65-82-10-15-11-52-57-24-23-76-83-99-87-9-53-79-8-7-6-46-45-5-3-1-2-4-55-98-12-14-13-16-17-47-73-78-60-88-100-70-68-61-81-54-0,1708.2794750720216,seed606_lns_start47_late_regret_rm8_tw8_guarded
0-90-65-66-83-64-24-22-20-49-19-18-48-21-23-52-15-11-82-99-87-9-78-73-79-60-53-88-6-8-46-45-5-3-2-4-7-55-98-12-14-17-47-10-74-86-57-68-61-70-100-0,1708.366281372531,seed604_lns_start3_late_regret_rm8_tw15
0-91-92-94-93-71-96-61-1-42-43-44-40-36-35-37-38-39-41-72-67-62-84-51-76-89-63-85-33-32-30-28-26-27-29-31-34-50-95-56-74-59-97-75-58-77-25-80-54-0,1724.4799424424318,seed603_lns_start4_random_best_rm5_tw8_guarded
0-90-65-66-83-64-56-95-92-94-96-71-93-50-62-76-23-51-67-34-31-29-27-26-28-30-32-33-85-63-84-82-52-86-74-59-13-97-75-58-77-25-21-48-18-19-49-24-22-20-89-0,1724.5054948137226,seed601_lns_start15_random_random_best_rm3_tw15
0-90-65-66-83-57-52-86-82-69-10-11-17-16-15-47-24-23-87-9-99-53-60-79-8-45-5-3-1-55-88-98-12-14-78-73-7-46-4-6-2-100-70-68-81-54-96-94-80-56-0,1726.0709795372177,seed606_lns_start31_random_random_best_rm8_tw8
0-91-92-94-93-71-96-54-81-69-42-44-43-40-36-35-37-38-39-41-72-67-62-84-76-89-33-32-30-28-26-27-29-31-34-50-85-63-51-74-13-97-75-58-77-25-56-95-80-0,1726.9285595824479,seed604_lns_start1_mixed_best_rm6_tw6_guarded
0-80-91-92-94-93-71-96-81-54-72-41-43-40-36-35-37-39-38-44-42-67-62-76-85-95-56-84-50-34-31-29-27-26-28-30-32-33-89-63-51-74-97-75-58-77-25-1-0,1739.376223747473,seed603_lns_start3_mixed_regret_rm6_tw6
0-68-61-81-54-96-93-71-72-41-37-35-36-40-43-44-42-39-38-11-15-9-87-99-53-79-8-7-6-2-1-3-5-45-46-4-70-55-98-52-10-12-14-47-16-17-73-78-60-88-100-0,1748.742140942647,seed603_lns_start18_late_regret_rm8_tw8_guarded
0-92-95-50-93-71-72-41-39-40-43-42-44-36-35-37-38-67-62-63-76-51-84-34-31-29-27-26-28-30-32-33-85-64-83-86-74-59-13-97-75-58-77-25-21-48-18-19-49-22-20-89-0,1751.6145948376497,seed604_lns_start47_random_random_best_rm6_tw10_guarded
0-90-65-66-83-64-85-20-22-49-19-18-48-21-23-24-57-52-11-15-59-87-9-99-53-8-79-73-78-47-17-16-14-12-10-60-88-55-2-4-45-3-5-46-7-6-100-70-61-68-82-98-86-0,1761.4997774627732,seed607_lns_start1_mixed_best_rm8_tw12
0-90-65-66-83-64-56-95-91-92-94-96-93-71-50-62-67-76-23-57-99-84-34-31-29-27-26-28-30-32-33-63-85-51-20-22-24-74-59-13-97-75-58-77-25-21-48-18-19-49-89-0,1766.2872879051993,seed605_lns_start21_late_random_best_rm6_tw10_guarded
0-91-95-50-93-71-72-41-39-40-43-42-44-36-35-37-38-67-62-85-76-51-84-34-31-29-27-26-28-30-32-33-63-64-83-86-74-59-13-97-75-58-77-25-21-48-18-19-49-22-20-89-0,1769.8135930776302,seed604_lns_start45_late_best_rm8_tw8_guarded
0-92-95-50-93-71-72-41-39-40-43-42-44-36-35-37-38-67-62-85-76-84-34-31-29-27-26-28-30-32-33-63-51-83-57-86-74-59-13-97-75-58-77-25-21-48-18-19-49-22-20-89-0,1773.4921240492765,seed601_lns_start45_random_best_rm3_tw8_guarded
0-90-65-66-83-64-24-22-20-49-19-18-48-21-23-57-69-98-11-15-87-9-52-99-53-60-79-73-8-7-6-46-5-3-45-4-2-55-82-86-13-10-12-14-16-17-47-78-88-100-70-68-81-0,1773.9111092430649,seed603_lns_start4_random_best_rm5_tw8_guarded
0-91-92-94-93-71-96-54-81-69-61-42-44-43-40-36-35-37-38-39-41-72-67-62-84-76-89-33-32-30-28-26-27-29-31-34-50-85-63-51-13-97-75-58-77-25-56-95-80-0,1785.8032929494789,seed606_lns_start4_mixed_regret_rm8_tw15_guarded
0-80-91-92-94-96-54-72-71-93-62-69-81-42-44-43-40-36-35-37-38-39-41-67-95-56-84-76-63-85-50-34-31-29-27-26-28-30-32-33-89-25-77-58-75-97-10-60-0,1788.050034465317,seed601_lns_start4_mixed_best_rm8_tw8_guarded
0-80-96-71-93-94-92-91-65-69-24-23-89-76-63-85-62-50-67-34-31-29-27-26-28-30-32-33-84-95-56-64-66-83-57-52-86-74-59-13-97-75-77-25-21-48-18-19-49-20-22-51-0,1791.121450811774,seed606_lns_start89_random_random_best_rm4_tw6
0-92-50-93-71-72-41-40-36-35-43-44-42-39-37-38-67-62-85-76-84-34-31-29-27-26-28-30-32-33-63-51-19-86-74-59-13-97-75-58-77-25-21-48-18-49-20-22-83-89-0,1795.1441704751026,seed601_lns_start50_late_random_best_rm6_tw6
0-90-65-82-98-88-60-78-73-17-47-15-11-69-81-38-39-42-44-8-7-79-53-99-52-87-9-10-55-12-14-16-13-86-74-59-97-75-58-77-25-57-83-94-96-54-0,1805.4704220169783,seed601_lns_start26_late_regret_rm8_tw15_guarded
0-56-95-50-93-71-72-41-39-40-43-42-44-36-35-37-38-67-62-85-76-51-84-34-31-29-27-26-28-30-32-33-63-64-83-86-74-59-13-97-75-58-77-25-21-48-18-19-49-22-20-89-0,1814.5705063896569,seed606_lns_start46_random_best_rm8_tw6_guarded
0-80-92-94-93-71-96-54-81-70-42-43-40-44-36-35-37-38-39-41-72-67-62-84-76-63-85-33-32-30-28-26-27-29-31-34-50-95-56-57-74-59-13-97-75-58-77-25-51-89-0,1818.0894114266905,seed606_lns_start3_mixed_random_best_rm6_tw8_guarded
0-68-96-93-71-54-81-72-41-39-43-36-35-37-40-44-42-38-61-70-53-99-9-15-79-8-7-6-2-1-3-5-45-46-4-55-88-60-78-73-17-16-47-14-12-10-90-66-91-80-94-0,1820.1989398438545,seed608_lns_start10_late_best_rm6_tw6
0-91-92-94-93-71-96-54-81-69-42-44-43-40-36-35-37-38-39-41-72-67-62-84-51-76-89-63-85-33-32-30-28-26-27-29-31-34-50-95-74-13-97-75-58-77-25-83-80-0,1824.0057458137462,seed608_lns_start4_late_best_rm8_tw10_guarded
0-90-65-66-83-64-24-22-20-49-19-18-48-21-23-57-52-15-11-10-99-87-9-53-73-79-8-7-60-78-47-17-16-14-12-88-2-6-46-4-45-5-3-70-100-55-98-97-59-86-82-68-0,1829.5112086339873,seed607_lns_start1_mixed_regret_rm8_tw6
0-90-65-66-83-64-56-95-92-91-94-96-71-93-50-62-76-23-67-34-31-29-27-26-28-30-32-33-84-85-63-51-20-22-24-74-59-13-97-75-77-58-25-21-48-18-19-49-57-89-0,1831.956831182435,seed607_lns_start22_mixed_regret_rm8_tw6
0-90-65-66-83-64-24-22-20-49-19-18-48-21-23-57-52-15-11-10-99-87-9-98-53-60-79-73-78-7-2-6-8-46-45-5-3-4-55-12-14-17-47-59-74-86-82-88-100-70-68-61-0,1835.5403511200086,seed608_lns_start4_late_regret_rm8_tw10
0-80-91-56-95-92-94-96-81-1-42-43-44-40-36-35-37-39-38-41-72-54-71-93-67-84-76-63-50-34-31-29-27-26-28-30-32-33-85-51-74-13-97-75-58-77-25-89-0,1836.2148672644776,seed606_lns_start1_late_random_best_rm3_tw6
0-90-65-66-83-64-24-22-20-49-19-18-48-21-23-57-52-69-99-11-15-73-79-8-53-9-87-59-86-10-16-17-47-14-12-78-60-88-55-2-4-45-3-5-46-7-6-100-70-61-68-98-82-0,1840.1001741972493,seed601_lns_start4_random_regret_rm4_tw12
0-96-93-71-72-54-81-68-61-41-39-42-43-40-36-35-37-38-44-11-15-9-99-53-79-8-7-6-46-1-3-5-45-2-4-70-55-88-60-78-73-17-16-47-14-12-10-90-80-91-94-0,1842.0861321566813,seed608_lns_start10_late_best_rm8_tw12
0-82-83-64-56-95-65-98-69-23-62-67-63-76-89-33-32-30-28-26-27-29-31-34-50-84-85-51-20-22-24-86-74-59-13-97-75-77-58-25-21-48-18-19-49-57-52-100-0,1848.7343211136833,seed603_lns_start12_mixed_random_best_rm6_tw8
0-95-56-64-83-66-65-82-98-69-11-15-23-76-62-67-50-34-31-29-27-26-28-30-32-33-63-85-84-51-20-22-24-57-52-86-74-59-13-97-75-58-77-25-21-48-18-19-49-89-0,1849.844370735249,seed606_lns_start6_late_best_rm8_tw10_guarded
0-91-95-56-64-83-66-82-98-69-11-15-23-76-62-67-50-34-31-29-27-26-28-30-32-33-63-85-84-51-20-22-24-57-52-86-74-59-13-97-75-58-77-25-21-48-18-19-49-89-0,1849.8521009869064,seed604_lns_start6_late_random_best_rm8_tw8_guarded
0-90-65-66-83-64-24-22-20-49-19-18-48-21-23-57-52-15-11-69-99-86-59-87-9-53-8-79-73-78-12-10-16-17-47-14-88-55-2-4-45-3-5-46-6-7-60-100-70-61-98-82-0,1850.9099120481637,seed606_lns_start3_mixed_random_best_rm6_tw8
0-80-92-94-93-71-96-54-81-69-42-44-43-40-36-35-37-38-39-41-72-67-62-76-89-63-85-84-56-91-95-50-34-31-29-27-26-28-30-32-33-51-25-77-58-75-97-59-1-0,1857.6018953351768,seed606_lns_start2_late_random_best_rm8_tw10_guarded
0-90-65-66-83-64-24-22-20-49-19-18-48-21-23-57-52-86-15-11-10-99-82-53-8-79-73-12-9-87-59-16-17-47-14-78-98-88-55-7-6-4-46-45-5-3-2-60-100-70-61-68-51-0,1862.8412325285908,seed602_lns_start3_mixed_regret_rm8_tw10
0-68-61-81-54-96-94-80-91-92-62-93-41-42-44-43-40-36-35-37-38-39-72-71-67-84-85-63-76-89-33-32-30-28-26-27-29-31-34-50-95-56-74-58-77-25-21-48-18-19-49-20-22-24-51-0,1867.9204193540886,seed602_lns_start55_late_random_best_rm5_tw12_guarded
0-80-92-94-93-71-96-54-81-69-42-44-43-40-36-35-37-38-39-41-72-67-62-84-76-89-33-32-30-28-26-27-29-31-34-50-95-91-56-85-63-51-25-77-58-75-97-59-82-2-0,1870.1582351201932,seed607_lns_start3_late_random_best_rm8_tw10_guarded
0-80-92-94-33-32-30-28-26-27-29-31-34-50-62-91-23-21-89-76-51-67-63-85-84-95-56-64-66-65-83-57-52-86-59-74-13-97-75-77-58-25-48-18-19-49-24-22-20-100-0,1902.4782570762304,seed607_lns_start70_mixed_best_rm8_tw6
0-90-65-66-52-59-75-97-15-10-11-69-83-64-23-57-86-87-9-53-79-8-7-88-98-82-55-12-14-16-17-47-13-73-78-60-6-4-5-3-1-45-46-2-100-70-43-0,1904.6993497845274,seed607_lns_start55_late_regret_rm6_tw6
0-90-65-66-83-64-24-22-20-49-19-18-48-21-23-57-52-15-11-99-69-53-8-79-73-9-87-59-10-12-14-47-17-16-13-78-60-88-55-4-45-3-5-46-7-6-2-100-70-61-68-98-82-0,1905.1914809885454,seed608_lns_start4_late_regret_rm8_tw15_guarded
0-80-91-92-94-93-71-72-41-42-43-40-36-35-37-39-54-38-44-81-96-62-67-95-84-76-89-33-32-30-28-26-27-29-31-34-50-85-51-56-74-97-75-58-77-25-63-0,1915.7443358552591,seed606_lns_start1_random_regret_rm3_tw10
0-92-71-94-33-32-30-28-26-27-29-31-34-50-62-67-23-21-48-18-76-89-63-85-84-95-93-96-80-91-56-64-66-65-83-57-52-86-74-59-13-97-75-77-58-25-19-49-24-22-20-51-0,1916.128164585326,seed605_lns_start89_late_best_rm8_tw6
0-90-88-78-73-17-47-14-12-98-69-16-15-11-10-23-24-57-52-99-87-9-53-60-79-7-8-6-46-45-5-3-1-2-4-55-68-61-81-54-96-94-80-91-95-56-64-66-65-82-100-70-0,1921.5962797957409,seed601_lns_start49_late_regret_rm4_tw12
0-82-98-65-83-64-56-66-69-23-89-76-95-62-67-50-34-31-29-27-26-28-30-32-33-63-85-84-51-20-22-24-49-19-18-48-21-74-86-13-59-97-75-58-77-25-52-57-100-0,1923.336985910899,seed601_lns_start12_late_best_rm8_tw8
0-80-91-81-54-72-41-61-69-42-44-43-40-36-35-37-38-39-6-8-79-47-14-10-9-87-99-53-78-73-17-16-12-98-55-2-7-46-4-45-5-3-1-100-70-68-88-60-0,1927.3087780363526,seed601_lns_start17_late_best_rm8_tw10
0-80-91-92-94-93-71-96-54-81-69-42-44-43-40-36-35-37-38-39-41-72-67-62-84-76-89-33-32-30-28-26-27-29-31-34-50-85-63-51-74-13-59-97-75-58-77-25-56-95-0,1939.7877533271928,seed601_lns_start3_mixed_regret_rm8_tw12_guarded
0-81-54-96-80-91-92-94-93-95-62-71-72-41-39-37-35-36-38-40-43-44-42-67-56-84-76-89-34-29-31-27-26-28-30-32-33-50-85-63-51-25-77-58-75-97-59-86-1-0,1940.1127271989826,seed608_lns_start3_late_regret_rm8_tw15
0-68-61-81-54-96-93-71-72-41-37-35-36-40-43-44-42-39-38-99-11-87-53-8-79-73-12-9-10-98-88-55-70-1-3-5-45-46-4-2-6-7-60-78-14-47-17-16-59-52-0,1947.9101445471997,seed602_lns_start18_late_regret_rm8_tw12
0-90-65-66-83-64-20-49-24-57-52-15-16-17-47-14-11-10-99-82-98-88-53-87-9-78-79-8-7-73-60-6-46-5-3-1-45-4-2-70-55-12-13-59-97-75-77-25-100-0,1952.0520360655153,seed601_lns_start29_mixed_random_best_rm3_tw6
0-91-92-94-93-71-96-54-81-69-42-44-43-40-36-35-37-38-39-41-72-67-62-84-76-89-33-32-30-28-26-27-29-31-34-50-85-63-51-74-86-13-97-75-58-77-25-56-95-80-0,1964.310155598087,seed602_lns_start2_late_regret_rm8_tw8_guarded
0-81-54-96-94-92-91-80-1-42-43-44-40-36-35-37-39-38-41-72-71-93-67-62-76-85-95-56-84-50-34-31-29-27-26-28-30-32-33-89-63-51-25-77-58-75-97-0,1979.4933788725775,seed608_lns_start4_late_random_best_rm8_tw15
0-80-91-92-94-95-93-71-72-41-42-43-40-36-35-37-44-39-38-54-81-96-62-67-85-76-84-50-34-31-29-27-26-28-30-32-33-89-74-13-97-75-58-77-25-51-63-56-0,1984.5558600722431,seed608_lns_start4_random_random_best_rm8_tw6
0-70-61-81-54-96-94-93-71-72-41-42-43-44-68-69-11-15-16-17-47-14-53-99-87-9-78-73-79-60-88-98-12-10-13-74-24-22-49-19-48-21-25-77-58-75-97-59-86-52-57-0,1990.141532712806,seed606_lns_start14_mixed_best_rm8_tw15
0-91-56-95-92-94-93-71-72-41-39-40-43-42-44-36-35-37-38-67-62-63-76-23-19-49-51-84-85-50-34-31-29-27-26-28-30-32-33-89-18-48-21-74-86-80-96-54-81-61-68-100-0,2020.8439448288025,seed603_lns_start29_late_random_best_rm5_tw6_guarded
0-90-65-66-83-64-24-22-20-49-19-18-48-21-23-57-52-15-16-11-99-86-59-87-9-82-53-60-78-79-8-7-6-2-1-3-5-45-46-4-55-73-17-47-14-12-13-10-98-88-100-70-61-68-0,2021.779749721501,seed608_lns_start4_mixed_best_rm8_tw6
0-90-65-66-83-64-24-22-20-49-19-18-48-21-23-15-11-69-82-99-87-9-53-98-88-60-78-73-79-8-7-6-2-46-5-3-45-4-55-10-12-14-47-17-16-59-86-52-68-61-70-100-0,2036.8615803328066,seed603_lns_start4_mixed_regret_rm8_tw15
0-81-54-96-80-91-92-94-56-62-93-71-72-41-39-38-37-35-36-40-44-43-42-67-95-84-63-76-89-33-32-30-28-26-27-29-31-34-50-85-51-77-75-97-59-58-25-1-0,2040.148877442032,seed603_lns_start1_late_random_best_rm8_tw8
0-81-54-96-93-94-92-91-80-90-69-42-44-43-40-36-35-37-38-39-41-72-71-67-62-84-76-89-33-32-30-28-26-27-29-31-34-50-85-63-51-74-13-97-75-58-77-25-24-56-95-0,2042.632625968316,seed602_lns_start4_mixed_regret_rm8_tw12_guarded
0-81-54-96-92-91-80-1-42-43-44-40-36-35-37-39-38-41-72-93-67-62-84-51-76-89-63-85-33-32-30-28-26-27-29-31-34-50-95-56-13-97-75-58-77-25-94-71-0,2047.2784314078053,seed601_lns_start1_late_random_best_rm8_tw10
0-80-94-92-91-49-65-69-64-23-21-48-18-76-62-67-50-34-31-29-27-26-28-30-32-33-63-85-84-95-56-66-83-57-52-86-74-59-13-97-75-77-58-25-19-24-22-20-51-89-0,2047.9607690857351,seed602_lns_start75_late_regret_rm8_tw10
0-82-95-56-64-83-65-98-69-23-51-76-62-67-50-34-31-29-27-26-28-30-32-33-63-85-84-20-22-24-57-52-47-13-86-74-59-97-75-58-77-25-21-48-18-19-49-89-100-0,2051.185308657849,seed605_lns_start13_mixed_best_rm8_tw12
0-90-81-54-96-94-93-71-72-41-39-37-35-36-40-43-42-44-38-99-87-15-16-17-47-14-12-53-79-8-73-78-10-60-88-55-2-6-7-46-4-45-5-3-1-70-61-68-80-91-66-0,2052.551834270174,seed603_lns_start10_late_random_best_rm5_tw12
0-92-94-93-96-81-68-61-41-42-43-40-39-44-36-35-37-38-72-54-99-87-9-11-53-79-8-7-6-2-1-3-5-45-46-4-70-55-88-60-78-73-17-16-47-14-12-10-90-66-80-91-71-0,2061.561949361672,seed606_lns_start13_late_best_rm8_tw8
0-92-51-85-63-33-32-30-28-26-27-29-31-34-50-62-67-42-44-43-40-38-37-35-36-39-41-72-71-93-89-83-86-74-59-13-97-75-77-58-25-21-48-18-19-49-22-20-4-0,2066.9933313222746,seed606_lns_start49_late_regret_rm8_tw10
0-92-51-85-63-33-32-30-28-26-27-29-31-34-50-62-76-67-42-44-43-40-38-37-35-36-39-41-72-71-93-83-20-19-21-74-59-13-97-75-58-77-25-48-18-49-22-86-89-0,2069.012608374059,seed605_lns_start46_late_random_best_rm8_tw12
0-90-65-66-83-64-24-22-20-49-19-18-48-21-23-62-95-56-99-52-87-9-11-15-73-79-8-7-53-10-16-17-47-14-12-78-60-88-55-2-4-1-3-5-45-46-6-100-70-61-68-98-82-0,2071.0118077988905,seed603_lns_start3_late_best_rm6_tw10_guarded
0-90-65-66-83-64-24-22-20-49-19-18-48-21-23-57-52-15-16-11-82-99-87-9-78-79-73-53-98-88-2-6-7-46-5-3-45-8-4-55-60-12-14-47-17-13-10-100-70-61-68-0,2071.161566357912,seed604_lns_start1_late_random_best_rm8_tw6
0-92-94-93-71-96-54-81-68-69-42-44-43-40-36-35-37-38-39-41-72-67-62-84-51-76-89-63-85-33-32-30-28-26-27-29-31-34-50-95-74-13-97-75-58-77-25-56-91-80-0,2071.6996167851617,seed605_lns_start2_mixed_random_best_rm8_tw12_guarded
0-92-50-93-71-72-41-39-40-43-42-44-36-35-37-38-67-62-63-76-89-84-34-31-29-27-26-28-30-32-33-85-51-20-22-49-19-18-48-21-74-13-59-97-75-77-25-58-83-0,2075.9776442756556,seed608_lns_start48_random_regret_rm8_tw6
0-92-93-71-72-41-69-42-39-43-44-40-36-35-37-38-67-62-84-50-34-31-29-27-26-28-30-32-33-63-85-51-83-86-74-59-13-97-75-58-77-25-21-48-18-19-49-20-22-89-0,2087.0145499257187,seed606_lns_start47_late_regret_rm8_tw8
0-96-71-93-94-92-95-65-83-64-23-51-62-67-34-31-29-27-26-28-30-32-33-85-76-63-84-50-56-90-52-57-86-74-13-97-75-77-58-25-21-48-18-19-49-22-20-24-89-0,2089.8539643444724,seed608_lns_start17_random_regret_rm8_tw15
0-83-92-93-71-72-69-41-39-42-43-44-40-36-35-37-38-67-84-50-34-31-29-27-26-28-30-32-33-89-63-85-51-20-22-74-49-19-18-48-21-25-77-58-75-97-59-86-13-0,2092.237732446912,seed607_lns_start49_mixed_random_best_rm8_tw8
0-91-92-94-93-71-96-54-81-69-42-44-43-40-36-35-37-38-39-41-72-67-62-84-51-76-89-63-85-33-32-30-28-26-27-29-31-34-50-95-56-74-13-97-75-58-77-25-57-80-0,2096.1816091242204,seed607_lns_start1_late_best_rm8_tw10_guarded
0-80-94-96-81-61-54-93-71-72-41-42-43-44-39-40-36-35-37-38-68-99-87-9-15-53-79-8-7-6-46-1-3-5-45-2-4-70-55-88-60-78-73-17-16-47-14-12-10-90-91-0,2096.999213776606,seed607_lns_start9_late_regret_rm8_tw10
0-80-91-92-94-93-71-72-81-69-42-44-43-40-36-35-37-38-39-41-54-96-67-62-76-89-63-84-56-95-50-34-31-29-27-26-28-30-32-33-85-51-25-77-58-75-97-59-82-1-0,2097.1527034124115,seed608_lns_start4_late_regret_rm8_tw10_guarded
0-90-65-66-83-64-24-22-20-49-19-18-48-21-23-57-52-15-11-82-99-87-59-9-73-79-8-7-53-98-88-55-2-6-46-5-3-45-4-78-12-10-74-16-17-47-14-60-100-70-61-68-0,2097.3880871472147,seed605_lns_start3_late_regret_rm8_tw12
0-91-95-92-94-93-71-96-81-54-72-41-42-44-43-40-36-35-37-38-39-80-67-62-84-76-89-50-34-31-29-27-26-28-30-32-33-85-51-74-13-97-75-58-77-25-56-1-0,2098.1067402729213,seed604_lns_start2_random_best_rm8_tw10
0-90-80-91-92-94-95-56-64-66-65-83-23-48-18-76-62-67-50-34-31-29-27-26-28-30-32-33-63-85-84-51-20-82-13-86-74-57-24-22-49-19-21-77-58-75-97-25-89-100-0,2120.7089174057123,seed605_lns_start18_late_regret_rm6_tw6
0-96-71-93-94-66-83-65-82-69-90-56-95-62-67-23-21-76-63-33-32-30-28-26-27-29-31-34-50-84-64-57-52-86-74-59-13-97-75-58-77-25-48-18-19-49-24-22-20-51-85-89-0,2127.865026445009,seed606_lns_start16_late_random_best_rm5_tw8_guarded
0-90-65-66-83-64-24-22-20-49-19-18-48-21-23-57-52-15-11-69-82-99-87-9-53-79-8-7-73-78-60-98-55-88-6-4-45-3-5-46-2-70-61-68-100-12-14-47-17-16-10-59-0,2134.0404259949946,seed606_lns_start3_mixed_random_best_rm6_tw8
0-80-91-94-96-81-61-68-54-93-71-72-41-39-37-35-36-38-44-99-87-9-11-10-53-8-79-73-17-16-47-14-12-78-60-88-55-2-6-7-46-4-45-5-3-1-43-40-42-70-90-0,2142.7425617127587,seed606_lns_start8_late_best_rm8_tw8
0-91-92-95-56-64-83-66-65-90-69-96-71-93-94-67-62-23-21-48-18-76-63-85-50-34-31-29-27-26-28-30-32-33-84-57-74-86-13-59-97-75-58-77-25-19-49-24-22-20-51-89-0,2149.2744472619843,seed606_lns_start22_late_random_best_rm6_tw15
0-80-96-71-93-94-92-33-32-30-28-26-27-29-31-34-50-62-67-23-21-48-18-76-89-63-85-84-95-91-56-64-66-90-65-83-57-52-86-74-59-13-97-75-77-58-25-19-49-24-22-20-51-0,2153.2477857735203,seed601_lns_start89_late_best_rm8_tw8
0-80-92-50-93-71-72-41-39-40-43-42-44-36-35-37-38-67-62-76-89-63-34-31-29-27-26-28-30-32-33-85-84-51-19-74-86-13-59-97-75-58-77-25-21-48-18-49-20-22-83-0,2162.026968532619,seed601_lns_start44_random_regret_rm4_tw6
0-94-93-71-96-54-81-61-72-41-42-43-40-37-35-36-44-39-38-68-99-87-9-47-53-78-79-8-7-6-46-1-3-5-45-2-4-70-55-10-13-16-17-14-12-73-60-88-90-80-91-66-0,2169.820010081287,seed608_lns_start6_late_random_best_rm8_tw12
0-90-65-66-83-64-63-20-22-24-49-19-18-48-21-23-57-15-11-87-9-99-53-98-88-60-78-73-79-8-7-6-2-46-5-3-45-4-55-10-12-14-47-17-16-59-86-52-68-61-70-100-0,2174.2769909553767,seed603_lns_start1_mixed_regret_rm8_tw15
0-90-65-66-83-64-24-22-20-49-19-18-48-21-23-57-15-11-16-73-79-8-53-98-99-87-59-9-10-12-14-47-17-78-60-88-55-2-6-7-46-4-45-3-5-70-61-68-100-82-52-86-75-0,2176.1423978510084,seed604_lns_start2_mixed_random_best_rm8_tw8
0-80-91-92-94-33-32-30-28-26-27-29-31-34-50-62-67-69-57-23-76-63-85-84-56-66-83-64-95-90-65-52-86-74-59-13-97-75-58-77-25-21-48-18-19-49-20-22-24-51-89-0,2177.2089098504784,seed604_lns_start72_late_best_rm6_tw10
0-91-56-95-92-94-93-71-72-41-39-40-43-42-44-36-35-37-38-67-62-85-63-76-23-19-51-84-50-34-31-29-27-26-28-30-32-33-89-18-48-21-77-74-86-80-96-54-81-61-68-100-0,2187.3005822209466,seed604_lns_start29_late_regret_rm5_tw12_guarded
0-92-50-93-71-72-41-39-40-43-42-44-36-35-37-38-67-62-34-31-29-27-26-28-30-32-33-84-85-63-76-51-20-49-19-22-74-86-13-97-59-75-58-77-25-21-48-18-89-0,2192.463742672511,seed603_lns_start50_random_best_rm5_tw15
0-80-91-92-94-93-71-96-54-81-69-42-44-43-40-36-35-37-38-39-41-72-67-62-76-63-85-51-84-56-95-50-34-31-29-27-26-28-30-32-33-89-25-77-74-58-75-97-82-88-0,2193.321811433631,seed602_lns_start4_late_best_rm8_tw12_guarded
0-90-65-66-83-64-24-22-20-49-19-18-48-21-23-57-15-11-69-98-88-53-99-87-9-73-79-8-7-6-2-46-5-3-45-4-55-82-52-86-74-59-13-16-17-47-14-12-78-60-100-70-68-61-0,2221.011824279972,seed602_lns_start4_late_regret_rm8_tw10_guarded
0-92-50-94-93-71-72-41-39-40-43-42-44-36-35-37-38-67-62-76-89-63-34-31-29-27-26-28-30-32-33-85-84-51-19-74-86-13-59-97-75-58-77-25-21-48-18-49-20-22-83-0,2221.889588047051,seed604_lns_start50_random_best_rm6_tw12
0-90-65-66-83-64-24-22-20-49-19-18-48-21-23-57-52-10-15-11-78-73-79-8-60-53-99-86-87-59-9-12-14-47-17-16-98-55-2-4-45-5-3-46-7-6-70-61-68-100-88-82-89-0,2226.8331741489546,seed601_lns_start2_mixed_random_best_rm8_tw10
0-80-91-92-94-93-71-72-54-81-62-41-42-44-43-40-36-35-37-38-39-61-96-67-84-76-89-33-32-30-28-26-27-29-31-34-50-63-85-51-22-19-18-48-21-58-74-86-56-95-68-0,2243.238726985144,seed602_lns_start29_late_random_best_rm5_tw10
0-92-93-71-72-41-39-69-42-43-44-40-36-35-37-38-67-76-63-84-50-34-31-29-27-26-28-30-32-33-85-51-20-22-86-74-59-13-97-75-58-77-25-21-48-18-19-49-83-89-0,2244.0640278601813,seed603_lns_start48_late_random_best_rm8_tw10
0-90-80-91-92-94-95-56-64-66-65-83-23-62-67-63-76-89-33-32-30-28-26-27-29-31-34-50-84-85-51-20-22-24-57-86-74-59-97-13-82-49-19-18-48-21-25-77-58-75-100-0,2249.587992104166,seed606_lns_start18_mixed_best_rm8_tw10
0-90-65-66-83-64-20-49-24-57-52-10-11-15-16-17-47-14-82-69-98-99-87-9-53-60-79-8-7-73-78-88-55-2-6-46-4-45-5-3-1-70-12-13-59-75-77-25-100-0,2267.249886080225,seed601_lns_start29_mixed_best_rm6_tw8
0-90-65-66-83-64-24-22-20-49-19-18-48-21-23-57-52-15-11-69-82-99-87-9-53-78-73-79-60-8-7-6-2-46-5-3-45-4-55-98-86-13-16-17-47-14-12-10-88-100-70-68-61-0,2268.3100949448553,seed607_lns_start1_late_regret_rm8_tw8
0-90-65-66-83-64-56-95-92-91-94-96-93-71-50-62-76-23-57-99-84-67-34-31-29-27-26-28-30-32-33-63-85-51-20-22-24-86-74-13-59-97-75-58-77-25-21-48-18-19-49-89-0,2274.521713512626,seed607_lns_start22_late_best_rm8_tw12
0-96-93-71-72-54-81-61-41-43-42-37-35-36-40-44-39-38-68-15-9-87-53-79-8-7-6-46-1-3-5-45-2-4-70-55-10-13-16-17-47-14-12-78-73-60-88-90-66-91-80-94-0,2279.533003653491,seed607_lns_start6_late_random_best_rm6_tw6
0-80-91-92-94-93-71-72-54-96-69-42-44-43-40-36-35-37-38-39-41-81-67-62-84-95-50-34-31-29-27-26-28-30-32-33-89-63-56-74-13-97-75-58-77-25-51-1-0,2281.320493711998,seed601_lns_start1_random_regret_rm5_tw12
0-90-65-66-83-64-20-49-24-57-52-69-98-82-10-11-15-14-12-99-87-9-53-88-60-79-73-78-7-6-8-5-3-1-45-46-4-2-55-47-17-16-13-97-75-77-25-59-100-70-0,2284.007638244682,seed602_lns_start29_random_regret_rm6_tw15
0-80-91-56-95-92-94-93-96-81-69-42-44-43-40-36-35-37-38-39-41-72-71-67-62-84-76-89-33-32-30-28-26-27-29-31-34-50-85-63-51-74-13-97-75-58-77-25-64-54-0,2284.880893116003,seed602_lns_start1_late_regret_rm8_tw6_guarded
0-68-61-81-54-96-93-71-72-41-37-35-36-40-43-44-42-39-38-99-11-15-9-87-53-98-79-8-46-45-5-3-1-2-6-7-4-70-55-88-60-78-73-17-16-47-14-12-10-59-52-0,2289.4198651436795,seed603_lns_start18_late_regret_rm8_tw8
0-68-61-81-54-96-93-71-72-41-37-35-36-40-43-44-42-39-38-69-11-15-9-87-99-53-79-8-7-6-46-45-5-3-1-4-2-70-55-98-88-60-78-73-17-16-47-14-12-10-52-82-0,2289.4379484351284,seed608_lns_start18_late_regret_rm6_tw8_guarded
0-81-54-96-80-91-92-94-56-62-93-71-72-41-39-38-37-35-36-40-43-44-42-67-95-84-63-76-89-33-32-30-28-26-27-29-31-34-50-74-59-97-75-58-77-25-51-85-1-0,2292.669823011661,seed601_lns_start3_late_random_best_rm8_tw6
0-90-65-66-83-64-24-22-20-49-19-18-48-21-23-57-52-69-11-15-78-73-79-8-53-99-87-59-9-16-17-47-14-12-10-82-98-55-2-4-1-3-5-45-46-6-7-60-88-100-70-68-61-81-0,2305.1934878335874,seed608_lns_start4_random_random_best_rm8_tw6_guarded
0-80-92-94-93-71-96-54-61-1-42-44-43-40-36-35-37-38-39-41-72-67-62-84-76-63-85-33-32-30-28-26-27-29-31-34-50-95-56-91-86-74-13-97-75-58-77-25-51-89-0,2318.614603787528,seed601_lns_start2_late_regret_rm8_tw15_guarded
0-65-66-83-64-56-91-92-94-96-93-71-50-62-95-67-99-23-18-76-84-34-31-29-27-26-28-30-32-33-63-85-51-20-22-24-74-86-13-59-97-75-58-77-25-21-48-19-49-57-89-0,2323.0550104561275,seed605_lns_start21_mixed_random_best_rm8_tw10
0-90-65-66-83-64-24-22-20-49-19-18-48-21-23-62-95-99-52-86-87-9-11-15-73-79-8-7-53-82-98-88-55-68-61-70-1-3-5-45-4-46-6-2-100-60-78-12-14-47-17-16-10-0,2324.9360095604206,seed606_lns_start3_late_best_rm6_tw10_guarded
0-96-93-71-72-54-81-17-16-15-11-70-38-44-5-8-7-79-53-99-87-9-10-12-47-14-73-78-60-88-55-2-6-45-4-46-3-1-43-40-36-35-37-39-42-41-61-68-100-98-0,2335.6511125016805,seed601_lns_start75_late_best_rm8_tw15
0-80-91-92-94-96-93-71-72-37-35-36-40-43-44-61-38-67-62-50-34-31-29-27-26-28-30-32-33-84-95-85-63-89-18-21-74-86-13-97-75-77-58-25-48-19-49-24-22-20-51-68-0,2336.474586577013,seed608_lns_start60_late_best_rm8_tw15
0-80-91-92-94-93-71-96-54-81-69-42-44-43-40-36-35-37-38-39-41-72-67-62-56-84-76-89-63-50-34-31-29-27-26-28-30-32-33-85-51-77-75-97-58-25-95-1-0,2344.731468426677,seed607_lns_start3_late_random_best_rm8_tw10
0-80-91-92-94-93-71-96-54-81-69-1-42-44-43-40-36-35-37-38-39-41-72-67-62-95-84-34-31-29-27-26-28-30-32-33-50-56-74-13-97-75-58-77-25-51-85-63-89-0,2385.771848905721,seed607_lns_start4_late_random_best_rm8_tw6
0-91-93-71-96-81-61-72-41-39-42-43-40-37-35-36-44-38-54-99-87-9-15-73-79-8-7-6-46-1-3-5-45-2-4-70-68-55-10-13-16-17-47-14-12-78-60-88-90-66-80-94-0,2391.174745420567,seed606_lns_start12_late_regret_rm8_tw6
0-90-68-70-61-81-54-72-41-39-40-43-42-44-36-35-37-38-69-11-15-9-87-99-53-79-8-7-6-46-45-5-3-1-4-2-55-98-82-52-10-16-17-47-14-12-78-73-60-88-100-0,2391.8072174314116,seed608_lns_start20_late_random_best_rm8_tw12_guarded
0-92-50-93-71-72-41-39-40-43-42-44-36-35-37-38-67-62-34-31-29-27-26-28-30-32-33-63-85-84-76-51-20-49-19-22-83-86-74-13-97-75-58-77-25-21-48-18-89-0,2401.954168780693,seed605_lns_start49_random_random_best_rm6_tw8
0-80-81-54-72-61-68-10-16-15-11-69-42-44-39-38-37-35-36-40-43-8-79-53-9-87-86-52-82-98-55-70-1-3-5-45-46-4-2-6-7-60-78-73-17-47-14-12-88-100-41-0,2403.6915517290518,seed605_lns_start21_late_random_best_rm6_tw10_guarded
0-96-81-68-61-54-93-71-72-41-39-42-43-40-37-35-36-44-38-99-87-9-15-53-79-8-7-6-2-1-3-5-45-46-4-70-55-88-60-78-73-17-16-47-14-12-10-90-66-91-80-94-0,2403.8112950130935,seed602_lns_start11_late_random_best_rm5_tw12
0-80-91-92-94-93-71-96-54-81-69-42-44-43-40-36-35-37-38-39-41-72-67-62-95-84-76-89-63-85-34-31-29-27-26-28-30-32-33-50-56-74-97-75-58-77-25-51-1-0,2418.020553788177,seed607_lns_start4_late_best_rm8_tw8
0-80-94-63-95-92-91-69-15-11-23-76-62-67-50-34-31-29-27-26-28-30-32-33-85-84-56-64-66-83-57-86-74-59-13-97-75-58-77-25-21-48-18-19-49-20-22-24-51-89-0,2418.756412481909,seed607_lns_start74_late_random_best_rm8_tw6_guarded
0-90-65-66-83-64-24-22-20-49-19-18-48-21-23-57-69-15-11-78-73-79-8-60-53-99-86-87-59-9-16-17-47-14-12-10-98-88-55-2-1-3-5-45-4-46-7-6-100-70-61-68-82-0,2432.804044062049,seed605_lns_start3_random_random_best_rm8_tw15
0-96-93-71-72-54-81-61-68-69-98-12-14-47-17-16-15-11-10-99-87-9-53-79-8-44-38-39-37-35-36-40-43-42-41-70-55-2-4-1-3-5-45-46-6-7-73-78-60-88-100-0,2445.3181434753787,seed607_lns_start70_mixed_best_rm8_tw6_guarded
0-82-52-57-83-64-56-92-65-98-69-23-76-95-62-67-50-34-31-29-27-26-28-30-32-33-63-85-84-51-20-22-24-49-19-18-48-21-74-86-13-59-97-75-58-77-25-89-100-0,2448.3419788292827,seed604_lns_start12_late_best_rm6_tw8
0-90-66-65-10-16-17-47-14-12-60-88-69-11-15-23-24-57-99-87-9-53-78-73-79-8-5-3-1-45-46-7-6-2-4-55-70-61-80-64-56-95-91-94-96-54-81-68-100-98-82-0,2453.180110440977,seed605_lns_start44_mixed_random_best_rm8_tw10
0-90-65-66-83-64-20-49-24-57-52-82-69-98-14-47-17-15-16-11-10-99-87-9-53-88-60-79-73-78-7-6-8-46-4-45-5-3-1-2-70-55-12-13-59-97-75-25-100-0,2453.4652548847425,seed608_lns_start29_random_random_best_rm5_tw6
0-65-56-95-64-83-82-98-69-15-23-76-62-67-50-34-31-29-27-26-28-30-32-33-63-85-84-51-18-48-19-49-20-22-24-57-52-86-74-13-59-97-75-58-77-25-21-89-100-0,2458.71352399556,seed601_lns_start9_late_best_rm8_tw15
0-90-65-66-83-64-24-22-20-49-19-18-48-21-23-57-52-86-15-11-12-73-79-8-60-53-99-9-87-59-10-16-17-47-14-78-7-6-46-5-3-45-4-2-55-88-61-70-100-98-82-89-0,2459.4281403719724,seed605_lns_start2_mixed_random_best_rm8_tw12
0-90-66-65-12-78-73-60-88-98-69-82-10-15-11-23-24-57-99-87-9-53-79-8-7-6-46-45-5-3-1-2-4-14-47-17-16-52-64-56-95-91-80-94-96-54-81-61-68-70-100-0,2467.226654048897,seed605_lns_start49_random_regret_rm6_tw10
0-80-94-92-95-91-90-82-10-52-57-23-21-48-18-89-76-51-62-67-50-34-31-29-27-26-28-30-32-33-63-85-84-56-64-66-65-83-86-74-59-13-97-75-77-58-25-19-49-24-22-20-0,2470.0320731253264,seed604_lns_start74_late_best_rm8_tw15
0-80-81-96-93-71-72-54-68-61-41-42-44-43-40-36-35-37-38-39-11-15-9-99-53-79-8-7-6-46-1-3-5-45-4-2-70-55-88-60-78-73-17-16-47-14-12-10-90-66-91-94-0,2474.604149611231,seed607_lns_start7_late_random_best_rm8_tw10
0-90-65-66-83-64-24-22-20-49-19-18-48-21-23-57-52-15-11-69-82-99-87-9-73-79-53-60-7-8-6-46-45-5-3-4-2-55-98-86-74-59-10-12-17-47-14-78-88-100-70-68-61-0,2503.982447037805,seed604_lns_start4_late_regret_rm8_tw8
0-90-82-65-66-83-24-22-20-49-19-18-48-21-23-57-52-69-12-15-11-10-99-86-87-9-53-79-8-7-60-88-98-55-2-6-46-4-45-5-3-70-61-68-100-78-73-14-47-17-16-59-0,2505.120671991218,seed606_lns_start3_mixed_regret_rm8_tw15
0-90-65-66-83-64-24-22-20-49-19-18-48-21-23-57-15-11-10-82-99-87-9-53-98-88-60-78-73-79-8-7-6-2-46-45-5-3-4-55-12-14-47-17-16-13-59-74-86-52-100-70-61-68-0,2514.242733400594,seed607_lns_start3_late_random_best_rm8_tw10
0-90-65-66-83-64-20-49-22-24-57-52-82-69-98-12-14-15-11-10-99-87-9-53-88-60-78-73-79-7-6-8-46-5-3-1-45-2-4-70-55-47-17-16-13-97-75-77-25-58-59-100-0,2515.119679227294,seed601_lns_start29_random_random_best_rm8_tw12
0-80-91-92-95-56-66-64-24-22-20-49-19-21-23-48-18-89-76-33-32-30-28-26-27-29-31-34-50-62-67-84-51-85-63-93-71-72-1-3-5-45-4-46-6-2-100-68-61-42-43-37-41-81-0,2517.832407354773,seed607_lns_start27_late_regret_rm8_tw10
0-90-82-65-83-66-56-95-92-91-94-96-71-93-62-76-23-51-67-50-34-31-29-27-26-28-30-32-33-84-85-63-89-18-24-57-86-74-13-59-97-75-58-77-25-21-48-19-49-20-22-64-0,2520.110707499685,seed604_lns_start22_mixed_random_best_rm8_tw6
0-68-61-81-54-96-94-80-91-95-24-23-57-11-15-78-60-79-53-98-99-52-87-9-10-8-7-6-46-45-5-3-1-4-2-55-82-12-14-47-16-17-73-88-100-70-90-65-66-64-56-0,2524.8880298369104,seed608_lns_start45_late_regret_rm8_tw10
0-80-91-92-94-93-71-96-54-81-69-1-42-44-43-40-36-35-37-38-39-41-72-67-95-56-84-76-63-50-34-31-29-27-26-28-30-32-33-85-74-13-97-75-58-77-25-51-89-0,2527.978515488137,seed603_lns_start3_late_best_rm6_tw10
0-91-80-81-68-61-54-72-41-39-40-43-42-44-36-35-37-38-15-11-87-9-99-10-53-88-79-8-5-3-1-45-4-46-7-6-2-55-60-78-73-17-16-47-14-12-98-100-70-0,2548.3915661977717,seed606_lns_start16_late_random_best_rm5_tw8
0-80-96-93-71-72-54-81-61-68-69-98-12-14-47-17-16-15-11-10-99-87-9-53-79-8-44-38-39-37-35-36-40-43-42-41-70-55-2-4-1-3-5-45-46-6-7-73-78-60-88-100-0,2548.528959339184,seed605_lns_start72_mixed_regret_rm8_tw15_guarded
0-90-65-66-64-56-95-91-80-68-69-98-88-11-15-23-24-99-87-9-53-60-79-8-7-70-2-46-5-3-1-45-4-55-78-73-17-16-47-14-12-10-82-52-57-94-96-54-81-100-0,2589.6053057196723,seed607_lns_start49_random_best_rm8_tw6
0-68-61-81-54-96-93-71-72-41-37-35-36-40-43-44-42-39-38-70-69-99-53-11-59-87-9-79-8-46-45-5-3-1-55-2-4-6-7-60-78-73-17-16-47-14-12-10-88-98-52-0,2604.085169767528,seed607_lns_start18_late_regret_rm6_tw6
0-65-66-56-95-64-83-82-98-69-11-23-76-67-62-50-34-31-29-27-26-28-30-32-33-63-85-84-51-18-48-19-49-20-22-24-57-52-86-74-13-59-97-75-58-77-25-21-89-100-0,2612.72632149211,seed603_lns_start6_late_best_rm8_tw15
0-90-94-96-81-61-54-93-71-72-41-42-43-44-68-69-11-15-16-17-47-12-9-87-99-82-53-98-88-60-79-73-78-14-10-13-74-24-19-49-18-21-25-77-58-75-97-59-86-52-57-70-0,2613.431794793584,seed602_lns_start14_late_regret_rm8_tw15
0-90-98-88-60-65-66-83-64-20-49-23-24-57-15-10-82-99-52-87-9-53-8-79-73-78-7-6-46-45-5-3-1-4-2-70-55-12-14-17-47-16-13-59-97-75-77-25-100-0,2616.9807086401165,seed601_lns_start29_late_best_rm5_tw12
0-80-92-94-93-71-96-54-61-41-39-42-43-40-37-35-36-44-38-72-81-99-87-9-15-73-79-8-7-6-46-1-3-5-45-2-4-55-60-78-12-10-13-16-17-47-14-88-70-68-90-66-91-0,2622.8939389613593,seed608_lns_start13_late_regret_rm8_tw12
0-80-81-96-93-71-72-54-68-61-41-42-44-43-40-36-35-37-38-39-11-15-87-9-53-79-7-8-46-1-3-5-45-6-4-2-70-55-88-60-78-73-17-16-47-14-12-10-90-66-91-94-0,2624.7685391652485,seed603_lns_start13_late_best_rm8_tw10
0-91-92-93-71-96-54-81-68-69-61-42-44-43-40-36-35-37-38-39-41-72-67-62-95-84-76-89-33-28-26-27-29-31-30-32-34-50-63-85-51-22-19-18-48-21-25-58-74-86-56-80-94-0,2629.7959205814623,seed602_lns_start29_late_best_rm8_tw8
0-90-65-66-83-64-24-22-20-49-19-18-48-21-23-57-52-15-11-69-99-87-9-53-98-60-79-8-7-6-46-5-3-45-2-4-55-88-10-12-14-47-17-16-13-59-86-82-68-61-70-100-73-0,2639.9633062783305,seed602_lns_start1_mixed_regret_rm8_tw6
0-91-80-68-61-81-54-72-41-37-35-36-40-43-44-42-39-38-69-11-15-9-87-99-53-8-79-73-47-17-16-14-10-12-78-60-55-4-1-3-5-45-46-7-6-2-70-100-88-98-82-0,2647.8006776856837,seed603_lns_start17_late_best_rm8_tw15_guarded
0-68-61-96-93-71-72-41-37-35-36-39-42-43-44-54-81-38-40-8-79-53-99-87-9-10-15-16-17-47-14-12-78-73-60-88-98-55-2-4-45-46-7-6-5-3-1-70-100-0,2648.15085933186,seed604_lns_start72_late_random_best_rm8_tw12
0-83-92-93-71-72-41-39-37-36-40-35-43-44-42-38-67-62-9-86-84-50-34-31-29-27-26-28-30-32-33-63-85-51-20-22-49-19-18-48-21-25-77-58-75-97-59-74-89-0,2655.782836456351,seed601_lns_start48_late_regret_rm8_tw6
0-92-95-56-64-83-82-65-98-69-11-52-57-23-76-62-67-50-34-31-29-27-26-28-30-32-33-63-85-84-51-20-22-24-21-74-86-13-59-97-75-58-77-25-48-18-19-49-89-100-0,2659.562800726538,seed601_lns_start7_late_best_rm6_tw12
0-93-71-96-54-81-68-61-72-41-39-42-44-43-40-36-35-37-38-11-15-9-87-53-79-8-7-6-60-88-70-55-2-1-3-5-45-4-46-73-78-47-17-16-14-12-10-90-80-91-94-0,2661.1378343332044,seed604_lns_start13_late_random_best_rm8_tw6
0-66-56-64-83-57-65-82-98-69-15-11-97-75-23-76-62-67-95-84-50-34-31-29-27-26-28-30-32-33-89-63-85-51-20-22-24-49-19-18-48-21-25-77-58-59-86-74-52-100-0,2662.5833497389194,seed608_lns_start11_late_random_best_rm8_tw15
0-92-95-50-93-71-72-41-39-40-36-35-37-43-44-42-38-62-67-76-89-84-34-31-29-27-26-28-30-32-33-63-85-51-20-22-49-19-18-48-21-74-86-13-59-97-75-58-77-25-83-0,2671.4096767685496,seed608_lns_start50_random_regret_rm6_tw8
0-90-65-66-83-64-24-22-20-49-19-18-48-21-23-57-52-15-11-69-82-99-87-9-53-73-79-60-7-8-6-46-45-5-3-4-2-55-98-78-12-10-74-16-17-47-14-88-70-61-68-100-0,2678.2798330563296,seed607_lns_start3_late_regret_rm8_tw10
0-90-65-66-83-64-57-52-82-69-23-86-11-15-47-17-16-10-99-87-9-53-60-79-8-5-3-1-2-6-7-45-46-4-55-73-78-14-13-59-75-97-12-98-88-100-70-43-0,2678.3226556861728,seed601_lns_start55_late_regret_rm4_tw12
0-90-65-66-83-64-24-22-20-49-19-18-48-21-23-57-82-69-11-15-87-9-99-53-60-78-73-79-8-7-6-46-45-5-3-2-4-55-88-10-12-14-47-17-16-59-74-86-52-98-68-61-70-100-0,2680.8824275603733,seed604_lns_start3_mixed_regret_rm6_tw10
0-90-65-66-64-83-86-52-82-69-15-11-76-57-99-87-9-53-60-79-7-8-45-5-3-1-2-46-6-55-4-73-78-12-10-13-16-17-47-14-88-100-70-98-59-97-75-0,2684.36138293763,seed601_lns_start55_random_regret_rm5_tw8
0-92-50-93-71-72-41-39-40-43-42-44-36-35-37-38-67-62-76-89-34-31-29-27-26-28-30-32-33-85-84-63-51-19-24-74-86-13-59-97-75-58-77-25-21-48-18-49-20-22-83-0,2695.832032080838,seed606_lns_start50_random_best_rm3_tw15
0-80-92-50-93-71-72-41-39-40-43-42-44-36-35-37-38-67-62-76-89-34-31-29-27-26-28-30-32-33-85-84-63-51-19-24-74-86-13-59-97-75-58-77-25-21-48-18-49-20-22-83-0,2695.894084677396,seed605_lns_start46_random_best_rm4_tw6
0-90-65-66-83-64-24-22-20-49-19-18-48-21-23-57-52-11-15-78-73-79-8-69-53-99-9-87-59-86-16-47-17-14-12-10-82-98-55-2-4-46-45-5-3-1-6-7-60-88-100-70-61-68-0,2697.5463663796354,seed608_lns_start4_random_random_best_rm8_tw6
0-90-65-66-83-64-24-22-20-49-19-18-48-21-23-57-52-15-11-99-78-73-79-8-53-87-59-9-10-60-12-16-17-47-14-88-55-2-4-45-3-5-46-7-6-100-70-61-68-98-82-86-95-0,2707.325481308528,seed605_lns_start4_mixed_random_best_rm6_tw15
0-80-90-78-73-17-47-14-10-69-12-16-15-11-23-24-57-99-87-9-52-53-60-79-7-8-5-3-1-45-46-6-2-4-70-55-68-61-81-54-96-91-95-56-64-66-65-82-98-88-100-0,2711.882022893856,seed607_lns_start48_mixed_regret_rm8_tw12
0-90-65-83-64-56-95-92-94-96-71-93-62-50-34-31-29-27-26-28-30-32-33-67-85-84-76-23-21-18-89-63-51-57-52-82-13-86-74-59-97-75-58-77-25-48-19-49-24-22-20-0,2714.0350926960773,seed607_lns_start16_mixed_random_best_rm8_tw15
0-96-93-71-72-54-81-68-61-41-39-42-43-40-36-35-37-38-44-11-15-9-87-99-53-79-8-7-6-2-46-1-3-5-45-4-70-55-10-16-17-47-14-12-78-73-60-88-90-80-91-94-0,2715.4897286713544,seed603_lns_start6_late_best_rm8_tw15
0-90-65-66-83-64-56-95-92-91-94-96-71-93-50-62-67-34-31-29-27-26-28-30-32-33-76-63-85-84-51-23-21-24-22-20-57-86-16-13-74-59-97-75-58-77-25-48-18-19-49-89-0,2718.89980708046,seed602_lns_start20_mixed_random_best_rm8_tw15
0-80-91-92-94-93-71-96-81-54-72-41-39-42-44-43-40-36-35-37-38-67-62-85-63-76-89-51-84-33-30-29-31-34-50-95-74-13-14-47-17-16-59-97-75-77-58-25-21-48-18-56-0,2720.0559076144837,seed608_lns_start67_late_regret_rm6_tw15
0-92-95-50-34-31-29-27-26-28-30-32-33-62-71-93-67-72-44-39-38-37-35-36-40-43-42-41-84-85-63-76-89-18-48-21-19-49-20-22-74-13-97-59-77-75-58-25-64-51-0,2720.983523404174,seed606_lns_start31_random_random_best_rm6_tw10
0-80-91-92-94-93-71-96-54-81-68-61-41-42-44-40-36-35-37-38-39-72-67-62-76-89-49-84-50-33-32-30-27-26-28-29-31-34-63-85-51-20-22-24-19-18-48-21-25-77-58-74-56-95-0,2721.037832616646,seed602_lns_start55_late_random_best_rm4_tw15
0-91-81-68-60-73-98-69-88-14-47-17-16-15-11-23-24-57-52-99-87-9-10-12-53-78-79-8-5-3-1-45-4-46-7-6-2-70-55-90-65-66-64-56-95-96-54-61-100-82-0,2721.4652375762257,seed603_lns_start44_random_random_best_rm5_tw6
0-90-65-66-80-91-95-56-64-69-82-57-24-23-15-16-11-99-9-53-73-79-7-8-5-3-1-45-46-2-55-88-4-6-60-78-17-47-14-12-10-52-94-96-54-81-61-68-70-100-98-0,2722.49054078973,seed601_lns_start50_mixed_regret_rm6_tw12
0-80-91-92-94-93-71-96-54-81-69-42-44-43-40-36-35-37-38-39-41-72-67-62-56-84-76-50-34-31-29-27-26-28-30-32-33-63-51-74-13-97-75-58-77-25-85-95-1-0,2727.7652836250745,seed601_lns_start2_mixed_random_best_rm8_tw10
0-80-91-92-95-56-64-83-66-65-82-69-90-23-89-76-62-94-67-50-34-31-29-27-26-28-30-32-33-84-85-63-51-20-22-57-13-86-74-24-49-19-18-48-21-25-77-58-75-97-100-0,2727.8146183302356,seed601_lns_start18_late_regret_rm8_tw12
0-80-91-92-94-93-71-72-54-96-69-42-44-43-40-36-35-37-38-39-41-81-67-62-76-56-95-84-34-29-31-27-26-28-30-32-33-50-85-74-97-75-58-77-25-51-63-89-0,2737.108844452077,seed608_lns_start4_mixed_best_rm8_tw6
0-80-91-92-94-93-71-96-54-81-69-42-44-43-40-36-35-37-38-39-41-72-67-95-62-84-76-63-85-50-34-31-29-27-26-28-30-32-33-89-74-13-97-58-77-25-51-56-1-0,2751.3558254104496,seed608_lns_start4_mixed_best_rm6_tw12
0-80-91-92-94-93-71-96-81-1-42-44-43-40-36-35-37-38-39-41-72-54-67-62-63-76-84-56-95-50-34-31-29-27-26-28-30-32-33-85-51-74-13-97-75-58-77-25-89-0,2762.8686516937187,seed603_lns_start4_random_best_rm5_tw8
0-80-91-56-95-94-96-81-61-69-10-11-47-17-16-15-23-24-57-52-99-87-9-53-78-73-79-8-46-45-5-3-1-70-55-60-7-6-4-2-68-90-66-64-65-82-88-98-12-14-100-0,2795.331486571191,seed605_lns_start50_random_regret_rm5_tw10
0-81-54-96-80-91-92-94-93-71-62-72-41-42-44-39-38-37-35-36-40-43-67-95-56-84-76-50-34-31-29-27-26-28-30-33-32-89-63-85-51-25-77-58-75-97-13-16-1-0,2804.1546556063195,seed604_lns_start4_late_regret_rm8_tw8
0-98-82-65-83-64-95-92-69-11-59-97-75-23-76-62-67-56-84-50-34-31-29-27-26-28-30-32-33-89-63-85-51-57-24-22-20-49-19-18-48-21-25-77-58-86-74-52-100-0,2810.4429380286265,seed606_lns_start7_late_random_best_rm6_tw15
0-96-93-71-72-54-81-68-70-61-41-42-44-43-40-36-35-37-38-39-69-10-11-15-9-53-79-8-46-45-5-3-1-2-7-6-4-55-88-60-78-73-17-16-47-14-12-86-57-52-98-0,2834.6316271701226,seed606_lns_start0_late_best_rm5_tw12
0-90-65-66-83-64-24-22-20-49-19-18-48-21-23-57-52-15-11-99-82-98-53-7-8-79-73-78-9-87-59-86-10-12-14-47-17-16-13-60-55-2-46-4-45-3-5-6-88-100-70-61-68-63-0,2836.695508982515,seed601_lns_start4_mixed_random_best_rm8_tw8
0-90-65-66-83-64-24-22-20-49-19-18-48-21-23-57-52-15-11-10-99-78-73-79-8-53-9-87-59-86-82-98-60-88-55-7-4-6-46-45-5-3-2-47-17-16-14-12-100-70-68-61-40-0,2836.7078714158415,seed607_lns_start2_mixed_random_best_rm8_tw10
0-92-83-20-51-85-63-33-32-30-28-26-27-29-31-34-50-62-67-44-43-42-38-37-35-36-40-39-41-72-71-93-8-4-13-86-74-59-97-75-58-77-25-21-48-18-19-49-22-89-0,2838.518178041628,seed608_lns_start46_late_random_best_rm8_tw6
0-96-93-71-81-61-54-72-41-39-36-35-37-40-43-44-42-38-11-15-53-99-87-9-79-8-7-6-46-1-3-5-45-4-2-70-55-88-60-78-73-17-16-47-14-91-94-80-66-68-0,2866.3789806695922,seed603_lns_start12_mixed_best_rm8_tw6
0-91-92-95-56-66-65-64-85-63-51-23-89-76-62-67-39-38-37-35-36-40-84-33-32-30-28-26-27-29-31-34-50-55-4-8-5-3-1-45-46-7-6-2-100-80-83-0,2896.717937547003,seed602_lns_start14_mixed_regret_rm8_tw8
0-90-65-66-83-64-57-22-20-49-19-24-23-21-48-18-76-52-99-87-59-15-11-9-10-53-8-79-73-78-17-16-47-14-12-82-98-55-2-4-45-3-5-46-7-6-100-70-61-68-88-60-0,2899.3145148725257,seed604_lns_start4_late_regret_rm8_tw12
0-90-65-66-83-57-52-10-14-47-17-16-15-11-86-24-23-76-99-87-9-12-73-79-8-60-53-98-88-78-7-6-46-1-3-5-45-4-2-55-70-68-61-81-54-96-94-56-91-80-100-82-0,2905.074777612244,seed608_lns_start33_late_regret_rm8_tw12
0-80-91-95-92-94-93-71-54-72-41-42-43-40-36-35-37-39-38-44-96-62-67-85-63-76-51-56-84-50-34-31-29-27-26-28-30-32-81-74-13-97-75-58-77-25-19-89-33-0,2915.126688997215,seed603_lns_start2_mixed_random_best_rm8_tw8
0-81-96-54-72-71-93-94-92-41-39-40-43-44-36-35-37-38-70-15-16-87-9-10-53-8-79-73-17-47-14-12-78-60-88-55-2-6-7-46-4-45-5-3-1-42-61-68-90-66-91-80-0,2915.899133179688,seed601_lns_start11_late_best_rm6_tw10
0-90-65-66-83-64-63-20-22-49-19-18-48-21-23-24-57-52-11-15-87-9-99-53-98-60-78-73-79-7-6-8-46-45-5-3-4-2-55-88-10-12-14-47-17-16-59-74-86-82-68-61-70-100-0,2919.9927393652406,seed601_lns_start4_mixed_best_rm8_tw8
0-80-91-92-94-93-71-96-54-81-69-42-44-43-40-36-35-37-38-39-41-72-67-62-95-84-85-63-76-89-33-32-30-28-26-27-29-31-34-50-56-51-25-77-58-75-97-13-1-0,2924.1473413307913,seed605_lns_start3_late_best_rm8_tw12
0-90-66-98-88-60-78-73-14-47-17-16-15-11-69-23-65-87-9-99-82-53-79-7-8-46-5-3-1-45-2-4-55-12-10-52-57-64-56-95-91-94-96-54-81-61-68-70-100-6-0,2932.809144351123,seed605_lns_start46_random_best_rm4_tw6
0-6-60-78-73-14-69-82-10-12-47-17-16-15-11-99-24-23-86-87-9-53-79-8-7-46-1-3-5-45-2-4-55-88-98-65-52-57-83-66-56-91-80-94-54-81-61-70-100-68-90-0,2939.505131928691,seed605_lns_start31_random_random_best_rm6_tw15
0-90-65-66-83-64-24-22-20-49-19-18-48-21-23-57-52-86-15-11-99-82-98-6-8-79-53-9-87-59-10-16-17-47-14-12-73-55-2-4-45-3-5-46-7-100-70-60-78-88-68-61-31-0,2943.7818623882094,seed602_lns_start2_mixed_best_rm6_tw8
0-90-65-66-83-64-56-95-92-91-94-96-71-93-50-62-67-34-31-29-27-26-28-30-32-33-76-63-85-84-51-23-21-57-52-82-13-86-74-59-97-75-58-77-25-48-18-19-49-24-22-20-89-0,2945.109958475485,seed602_lns_start15_mixed_random_best_rm6_tw8
0-90-65-66-83-57-52-10-12-14-47-17-16-15-11-69-56-76-23-24-99-86-87-9-53-79-8-5-3-1-45-46-7-73-78-60-6-4-2-55-70-61-81-54-96-94-91-80-82-98-100-0,2955.9403682019065,seed601_lns_start32_mixed_best_rm8_tw10
0-95-56-64-83-82-65-98-69-15-11-23-76-62-67-50-34-31-29-27-26-28-30-32-33-63-85-84-51-18-49-20-22-24-57-52-86-74-13-59-97-75-58-77-25-21-48-19-89-100-0,2958.1720009470923,seed604_lns_start6_late_random_best_rm8_tw8
0-80-91-56-95-92-94-93-71-72-41-42-40-43-44-39-36-35-37-38-67-62-76-23-19-51-84-85-33-32-30-28-26-27-29-31-34-50-63-89-18-48-21-58-74-86-22-96-54-81-68-61-0,2959.244895641773,seed601_lns_start29_late_regret_rm3_tw15
0-96-93-71-81-61-54-72-41-39-36-35-37-40-43-44-42-38-11-15-53-99-87-9-79-8-7-6-46-1-3-5-45-4-2-70-55-88-60-78-73-17-16-47-14-12-68-80-91-66-94-0,2963.7636115302203,seed607_lns_start13_mixed_random_best_rm8_tw15
0-90-65-66-83-64-24-22-20-49-19-18-48-21-23-57-52-86-15-11-99-82-98-6-8-79-53-9-87-59-10-16-17-47-14-12-73-55-2-4-45-3-5-46-7-100-70-60-78-88-68-61-32-0,2966.25695541169,seed605_lns_start4_mixed_best_rm6_tw10
0-90-65-66-83-64-24-22-20-49-19-18-48-21-23-57-52-86-15-11-99-82-98-6-8-79-53-9-87-59-10-16-17-47-14-12-73-55-2-4-45-3-5-46-7-100-70-60-78-88-68-61-29-0,2969.260766604047,seed605_lns_start3_mixed_regret_rm8_tw8
0-80-91-95-92-94-93-71-54-72-41-42-43-40-36-35-37-39-38-44-96-62-67-85-63-76-51-56-84-50-34-31-29-27-26-28-30-32-81-74-13-97-75-58-77-25-20-89-33-0,2972.2065097025575,seed603_lns_start2_random_best_rm8_tw10
0-90-65-66-83-64-24-22-20-49-19-18-48-21-23-57-52-86-15-11-99-82-98-6-8-79-53-9-87-59-10-16-17-47-14-12-73-55-2-4-45-3-5-46-7-100-70-60-78-88-68-61-30-0,2972.58200585339,seed603_lns_start1_mixed_regret_rm6_tw10
0-80-68-70-61-81-54-72-41-39-40-43-42-44-36-35-37-38-69-11-15-9-87-99-53-60-8-79-73-78-47-17-16-14-12-10-55-2-4-1-3-5-45-46-7-6-100-88-98-82-52-0,2973.0924692075305,seed601_lns_start19_late_best_rm6_tw15_guarded
0-90-82-10-16-17-47-14-12-69-65-66-83-24-23-57-52-99-86-87-9-11-15-53-79-8-46-45-5-3-1-88-98-78-73-60-7-6-4-2-70-55-100-68-61-81-54-96-94-80-91-56-0,3008.6073862314724,seed601_lns_start33_late_random_best_rm8_tw6
0-96-68-90-65-66-82-98-69-12-14-16-15-11-10-23-24-57-52-99-87-9-53-79-73-17-47-78-60-8-7-46-1-3-5-45-4-2-55-88-6-100-70-61-81-54-94-95-56-64-80-0,3017.094796363112,seed605_lns_start48_random_random_best_rm4_tw15
0-80-91-92-94-93-71-96-81-1-42-44-43-40-36-35-37-38-39-41-72-54-62-67-95-56-84-76-89-50-34-31-29-27-26-28-30-32-33-63-85-51-49-25-77-58-75-97-13-0,3019.2575548531,seed606_lns_start1_random_random_best_rm4_tw12
0-96-93-71-72-54-81-70-6-69-90-42-44-40-38-68-53-99-87-9-10-14-47-16-17-79-8-7-73-78-60-88-55-2-45-4-46-5-3-1-43-36-35-37-39-41-61-100-98-82-0,3023.083402814802,seed602_lns_start73_late_regret_rm8_tw15
0-90-65-66-83-64-56-95-92-91-80-96-71-93-94-62-67-50-34-31-29-27-26-28-30-32-33-63-76-23-21-84-51-85-89-20-22-24-57-86-74-59-13-97-75-58-77-25-48-18-19-49-0,3029.7166383109206,seed604_lns_start20_random_regret_rm8_tw8
0-80-94-92-91-65-49-15-23-21-76-51-62-67-50-34-31-29-27-26-28-30-32-33-63-85-84-95-56-64-66-83-57-52-86-74-59-13-97-75-77-58-25-48-18-19-24-22-20-89-0,3051.8234382335745,seed602_lns_start70_late_best_rm6_tw15
0-98-91-80-81-54-72-41-42-39-40-43-44-36-35-37-38-69-99-11-15-16-87-9-10-12-53-79-8-46-45-5-3-1-4-2-55-88-60-78-14-47-17-73-7-6-100-70-61-68-0,3055.6889706586417,seed602_lns_start17_random_best_rm4_tw15
0-90-65-66-83-64-24-22-20-49-19-18-48-21-23-57-52-11-15-75-59-87-9-99-53-79-73-78-82-98-88-60-7-6-8-46-5-3-1-45-4-2-55-12-16-17-47-14-10-68-61-70-100-0,3059.2638623998005,seed603_lns_start1_mixed_regret_rm8_tw8
0-90-65-66-83-64-24-22-20-49-19-18-48-21-23-57-52-15-11-69-82-99-86-87-59-9-53-60-79-78-73-8-7-6-2-46-5-3-45-4-55-12-10-13-16-17-47-14-88-100-70-61-68-98-0,3060.53238893152,seed605_lns_start3_late_regret_rm8_tw12
0-90-82-65-66-64-20-83-57-24-49-23-59-15-11-69-99-52-87-9-10-53-79-8-73-14-47-17-16-12-13-78-60-88-55-7-46-4-45-5-3-1-2-6-70-100-98-97-75-0,3062.048257848277,seed602_lns_start29_late_random_best_rm8_tw15
0-90-65-66-83-64-24-22-20-49-19-18-48-21-23-57-52-12-15-11-99-82-9-53-79-73-60-2-7-8-45-3-5-46-6-4-55-98-86-74-87-59-10-16-17-47-14-78-88-100-70-68-0,3065.196433539808,seed601_lns_start2_random_best_rm8_tw15
0-90-65-66-83-64-56-95-92-91-94-96-71-93-50-62-67-34-31-29-27-26-28-30-32-33-85-84-76-23-18-89-63-51-57-86-74-59-13-97-75-58-77-25-21-48-19-49-24-22-20-70-0,3076.0829451286645,seed607_lns_start22_mixed_regret_rm8_tw10
0-68-81-54-96-93-71-72-39-36-40-43-42-44-35-37-41-38-61-70-15-87-99-53-79-8-46-1-3-5-45-7-6-2-4-55-88-60-78-73-17-13-16-47-14-12-10-90-80-91-66-94-0,3086.2915965166867,seed606_lns_start8_late_regret_rm6_tw8
0-90-65-66-83-64-24-22-20-49-19-18-48-21-23-57-52-15-11-69-82-99-87-9-73-79-60-88-53-8-7-6-2-46-5-3-45-4-55-98-74-86-10-16-17-47-14-12-78-100-70-61-68-0,3089.5175257861224,seed604_lns_start3_late_regret_rm8_tw12
0-93-96-81-41-39-61-68-98-11-15-14-88-70-42-44-38-8-79-53-99-87-9-10-17-47-73-78-60-55-2-7-6-46-4-1-3-5-45-43-40-36-35-37-72-71-54-100-0,3089.9636202186825,seed607_lns_start69_late_regret_rm8_tw12
0-90-65-66-83-64-24-22-20-49-19-18-48-21-23-59-97-16-15-11-99-78-73-79-60-53-9-87-52-82-98-88-55-7-8-6-2-46-45-5-3-4-17-47-14-12-10-86-57-68-61-70-100-0,3090.2710643260257,seed603_lns_start2_random_regret_rm5_tw6
0-96-71-93-94-92-56-64-83-65-82-69-90-66-95-67-62-23-18-76-63-85-50-34-31-29-27-26-28-30-32-33-84-57-86-74-52-13-59-97-75-58-77-25-21-48-19-49-24-22-20-51-89-0,3110.1789227303907,seed601_lns_start15_late_random_best_rm6_tw8
0-80-91-92-94-93-71-72-41-62-54-42-44-43-40-36-35-37-38-39-61-81-67-84-76-89-33-32-30-28-26-27-29-31-34-50-63-85-51-22-19-18-48-21-25-77-58-74-86-56-95-96-68-0,3110.2699463371173,seed602_lns_start29_late_random_best_rm8_tw15
0-82-98-65-83-64-56-92-66-69-23-21-89-76-95-62-67-50-34-31-29-27-26-28-30-32-33-63-84-85-51-20-22-24-57-52-86-74-13-59-97-75-77-25-48-18-19-49-58-100-0,3130.213512549234,seed605_lns_start12_late_best_rm8_tw8
0-80-94-92-91-65-82-10-16-15-23-21-76-51-62-67-50-34-31-29-27-26-28-30-32-33-63-85-84-95-56-64-66-83-57-52-86-74-59-13-97-75-77-58-25-48-18-19-49-24-22-20-89-0,3135.98833251992,seed604_lns_start69_late_regret_rm8_tw15
0-92-93-71-72-41-69-42-43-40-44-39-38-36-35-37-67-62-84-76-89-50-34-31-29-27-26-28-30-32-33-63-85-51-20-22-49-19-18-48-21-77-58-75-97-59-74-86-83-25-0,3136.1554645005826,seed601_lns_start44_late_regret_rm8_tw6
0-90-16-17-78-73-60-98-69-65-66-24-23-57-15-11-99-52-86-87-9-53-79-8-7-6-46-45-5-3-1-4-2-55-88-47-14-12-10-82-64-56-95-91-96-54-81-61-68-70-100-0,3139.32132703656,seed608_lns_start50_random_random_best_rm8_tw15
0-80-91-92-94-93-71-96-54-81-69-68-42-44-43-40-36-35-37-38-39-41-72-67-62-56-84-76-50-34-31-29-27-26-28-30-32-33-63-51-74-13-97-75-58-77-25-85-95-1-0,3142.300573176405,seed605_lns_start2_mixed_random_best_rm8_tw12
0-80-91-92-94-93-71-96-54-81-1-43-39-42-44-40-36-35-37-38-41-72-67-62-95-56-84-76-63-85-50-34-31-29-27-26-28-30-32-33-86-13-97-75-58-77-25-51-89-0,3148.0708123164995,seed602_lns_start1_late_regret_rm8_tw6
0-90-65-66-83-64-24-22-20-49-19-18-48-21-23-57-52-69-99-11-15-87-9-10-78-53-98-60-79-73-88-55-7-6-8-3-5-45-4-46-2-12-14-47-17-16-59-86-82-68-70-100-0,3148.7460978936824,seed601_lns_start4_random_regret_rm5_tw6
0-80-94-91-66-90-88-2-60-73-78-12-14-47-17-15-11-10-99-87-9-53-79-8-44-39-38-37-35-36-40-43-42-41-61-55-6-7-46-4-45-5-3-1-70-68-81-54-96-93-71-72-0,3149.1849781158103,seed602_lns_start8_random_best_rm6_tw12
0-90-65-66-83-64-24-22-20-49-19-18-48-21-23-57-15-11-99-82-69-98-88-53-87-9-79-73-7-8-2-6-46-45-5-3-4-55-60-78-47-17-16-13-14-12-10-59-86-52-68-100-70-0,3152.2568416459308,seed607_lns_start4_random_regret_rm4_tw12
0-98-10-14-47-73-60-78-17-16-15-12-11-69-61-44-38-37-35-36-8-79-53-99-9-87-88-7-6-46-45-5-3-1-4-2-70-42-43-40-39-41-72-54-91-80-81-68-100-0,3156.777113844909,seed603_lns_start16_random_regret_rm6_tw8
0-81-54-96-80-91-92-94-93-71-62-72-41-42-44-39-38-37-35-36-40-43-67-95-56-84-76-50-34-29-27-26-28-30-31-32-33-89-63-85-51-77-25-58-75-97-59-13-1-0,3161.803484408766,seed606_lns_start3_late_regret_rm8_tw12
0-80-91-92-94-93-71-96-81-1-42-44-43-40-36-35-37-38-39-41-72-54-67-62-85-63-76-84-50-34-31-29-27-26-28-30-32-33-95-56-74-13-97-75-77-58-25-20-51-89-0,3171.079286524523,seed605_lns_start3_random_random_best_rm8_tw12
0-80-91-92-94-93-71-72-54-96-62-81-69-42-44-43-40-36-35-37-38-39-41-67-95-56-84-76-89-50-34-31-29-27-26-28-30-32-33-85-51-25-77-58-75-97-13-1-0,3172.864169334774,seed601_lns_start4_mixed_best_rm8_tw8
0-68-61-81-54-72-80-47-15-11-69-41-39-38-37-35-36-40-43-44-42-2-8-79-53-10-9-87-52-82-98-88-55-70-1-3-5-45-4-46-6-7-60-78-73-17-16-14-12-100-0,3173.6389126218182,seed605_lns_start21_late_random_best_rm6_tw10
0-92-51-85-63-33-32-30-28-26-27-29-31-34-50-67-93-42-44-43-40-38-37-35-36-39-41-72-71-84-76-89-83-86-87-13-74-59-97-75-58-77-25-21-48-18-19-49-20-22-0,3175.5965094498147,seed604_lns_start50_late_random_best_rm6_tw10
0-91-92-95-56-64-83-66-65-90-69-11-23-76-62-67-71-93-96-94-50-34-31-29-27-26-28-30-32-33-63-85-84-57-74-86-13-59-75-58-77-25-21-48-18-19-49-22-20-24-51-89-0,3180.3206854947966,seed602_lns_start22_mixed_random_best_rm6_tw15
0-90-65-66-83-64-24-22-20-49-19-18-48-21-23-57-52-15-11-69-82-99-87-9-10-78-73-79-53-60-8-7-6-2-46-5-3-45-4-55-12-14-17-47-16-13-59-86-98-88-100-70-61-0,3181.467676403805,seed605_lns_start1_mixed_random_best_rm8_tw12
0-92-50-93-71-54-72-41-39-40-36-35-37-43-44-42-38-62-67-34-31-29-27-26-28-30-32-33-63-76-84-85-51-49-20-22-83-86-74-59-13-97-75-58-77-25-21-48-18-19-89-0,3182.4717574557803,seed604_lns_start45_random_regret_rm8_tw12
0-80-81-96-54-72-93-94-92-62-91-69-42-44-43-40-36-35-37-38-39-41-71-67-95-84-76-63-50-34-31-29-27-26-28-30-32-33-85-51-74-86-13-97-58-77-25-89-56-0,3213.826001015376,seed603_lns_start1_mixed_regret_rm8_tw8
0-80-91-92-95-56-64-66-65-83-20-49-23-18-51-62-67-85-63-89-76-84-38-39-2-6-7-8-46-45-5-3-1-4-55-50-33-32-30-28-26-27-29-31-34-37-35-36-40-100-0,3214.993651018251,seed604_lns_start14_mixed_regret_rm5_tw6
0-80-91-92-95-56-64-66-65-83-22-20-23-18-51-62-67-85-63-89-76-84-38-39-2-6-7-8-46-45-5-3-1-4-55-50-33-32-30-28-26-27-29-31-34-37-35-36-40-100-0,3216.217488866081,seed602_lns_start14_mixed_random_best_rm5_tw10
0-80-91-92-94-96-93-71-72-37-35-36-40-43-44-61-38-67-62-50-34-31-29-27-26-28-30-32-33-76-84-95-85-63-51-49-24-86-74-13-97-75-77-25-21-48-18-19-20-22-89-68-0,3218.7726886159276,seed605_lns_start58_late_best_rm6_tw6
0-65-56-64-83-86-52-82-98-69-11-59-97-75-23-76-62-67-95-84-50-34-31-29-27-26-28-30-32-33-89-63-85-51-57-74-24-22-20-49-19-18-48-21-25-77-58-13-100-0,3231.2939251874486,seed606_lns_start11_late_random_best_rm6_tw12
0-90-65-66-83-64-24-22-20-49-19-18-48-21-23-57-52-15-11-82-99-86-87-9-53-88-60-78-79-6-8-46-45-5-3-55-98-10-12-14-47-13-59-97-16-17-73-7-4-2-100-70-61-68-0,3248.6213744277525,seed606_lns_start2_mixed_best_rm8_tw10
0-92-51-85-63-33-32-30-28-26-27-29-31-34-50-62-67-93-42-44-43-40-38-37-35-36-39-41-72-71-84-9-87-83-74-86-13-59-97-75-58-77-25-21-48-18-19-49-20-22-89-0,3253.1823920285938,seed606_lns_start48_late_random_best_rm6_tw8
0-96-71-93-94-92-91-80-90-69-82-23-51-62-67-50-34-31-29-27-26-28-30-32-33-89-76-63-85-84-95-56-64-66-65-83-57-52-86-74-13-59-97-75-77-25-21-48-18-19-49-24-22-20-0,3260.063213848471,seed607_lns_start89_late_best_rm8_tw10
0-90-65-52-86-57-83-82-69-98-88-60-78-73-17-47-15-14-11-99-87-9-53-79-7-8-3-70-94-55-12-10-16-13-74-59-97-75-58-77-25-96-54-39-40-36-35-0,3261.8936002446817,seed603_lns_start26_mixed_regret_rm8_tw6
0-80-91-92-94-93-71-72-81-69-42-44-43-40-36-35-37-38-39-41-54-96-67-62-95-56-84-85-63-76-89-33-32-30-28-26-27-29-31-34-50-51-25-77-58-75-97-13-16-1-0,3262.8030275313276,seed608_lns_start4_late_regret_rm8_tw10
0-68-81-96-80-91-95-56-66-90-82-10-15-11-52-57-24-23-76-64-65-99-87-9-53-79-8-5-3-1-45-46-7-6-4-2-55-88-98-12-16-17-47-14-73-78-60-100-70-61-54-94-0,3272.771958174393,seed606_lns_start47_late_regret_rm8_tw8
0-80-94-92-95-56-88-1-42-43-44-40-36-35-37-38-39-41-54-96-93-67-62-84-76-33-32-30-28-26-27-29-31-34-50-91-74-13-97-75-58-77-25-51-63-85-71-72-81-0,3278.48575577391,seed607_lns_start3_random_regret_rm8_tw10
0-90-65-91-80-96-94-95-56-64-69-11-15-16-66-76-23-24-99-53-73-79-7-8-5-3-1-45-46-6-2-4-55-60-78-17-47-14-12-10-52-57-82-98-88-100-70-68-61-81-54-0,3279.4006230782843,seed604_lns_start50_late_best_rm8_tw15
0-94-96-93-71-72-54-81-68-61-41-42-43-40-36-35-37-38-39-44-99-87-15-11-9-53-79-8-7-6-46-1-3-5-45-4-2-70-55-88-60-78-73-17-16-47-14-12-10-90-80-91-66-0,3291.0862097414756,seed608_lns_start8_late_best_rm8_tw6
0-80-92-96-93-71-54-41-39-42-43-40-37-35-36-44-72-38-81-90-99-87-9-15-53-79-8-7-6-46-1-3-5-45-4-2-55-68-61-70-88-60-78-73-17-16-47-14-12-10-66-91-94-0,3299.122130118072,seed606_lns_start11_late_random_best_rm6_tw12
0-80-91-92-94-93-71-96-54-81-69-42-44-43-40-36-35-37-38-39-41-72-67-62-76-89-56-84-95-34-31-29-27-26-28-30-32-33-50-63-51-74-25-77-58-97-13-1-0,3338.5647293812217,seed605_lns_start3_mixed_best_rm8_tw6
0-90-65-66-83-56-95-91-92-94-93-96-44-71-67-62-50-63-76-18-23-49-20-64-84-34-31-29-27-26-28-30-32-33-85-51-22-24-74-86-13-59-97-75-58-77-25-21-48-19-57-89-0,3345.7529701933036,seed605_lns_start22_late_random_best_rm8_tw10
0-68-81-54-96-94-95-91-80-56-64-23-86-16-15-11-98-69-99-52-87-9-82-53-88-79-8-7-6-46-45-5-3-1-4-2-55-60-78-73-17-47-14-12-10-57-65-66-90-61-100-70-0,3346.9496063660617,seed608_lns_start47_random_random_best_rm5_tw6
0-90-65-66-83-64-24-22-20-49-19-18-48-21-23-62-57-52-99-11-15-9-87-73-79-8-7-60-53-12-10-16-17-47-14-78-88-55-2-4-3-5-45-46-6-100-70-61-68-98-82-86-59-0,3348.9696095272384,seed603_lns_start3_late_best_rm6_tw10
0-80-96-94-93-71-72-54-81-41-39-40-43-44-36-35-37-38-42-11-15-9-87-53-60-8-79-7-46-45-6-88-55-70-2-4-5-3-1-73-78-12-14-47-17-16-13-10-90-68-61-0,3360.189580161727,seed602_lns_start13_late_regret_rm8_tw10
0-92-91-66-83-57-65-82-98-69-24-23-89-76-51-62-67-99-52-64-84-85-63-33-32-30-28-26-27-29-31-34-50-95-56-20-22-49-19-18-48-21-25-77-74-58-75-97-59-86-100-0,3361.51049269822,seed602_lns_start13_late_regret_rm8_tw10
0-92-93-72-37-35-36-40-43-41-69-42-44-39-38-71-67-62-76-84-50-34-31-29-27-26-28-30-32-33-63-85-51-49-20-22-86-74-13-59-97-75-58-77-25-21-48-18-19-89-83-0,3369.2096204412364,seed608_lns_start45_late_regret_rm8_tw10
0-90-65-66-83-64-20-49-24-57-52-11-69-82-98-88-15-10-99-87-9-53-73-79-8-6-60-78-7-46-45-5-3-1-4-2-55-12-14-47-17-13-59-97-75-77-25-100-70-0,3369.6587826802665,seed606_lns_start29_random_regret_rm5_tw8
0-90-65-66-83-64-57-24-22-20-49-19-48-21-23-69-68-11-15-9-87-99-53-8-79-73-78-60-82-98-88-55-2-6-7-4-45-3-5-46-70-100-12-14-47-17-16-10-59-86-52-61-0,3376.643441982298,seed606_lns_start4_random_random_best_rm5_tw6
0-52-80-91-92-94-96-54-72-41-42-43-44-40-36-35-37-39-38-81-93-67-62-85-63-76-51-84-95-71-34-31-29-27-26-28-30-32-50-56-74-13-97-75-58-77-25-89-33-0,3377.890748238794,seed605_lns_start3_random_random_best_rm8_tw15
0-68-61-81-54-96-90-82-98-69-15-11-23-24-65-99-52-87-9-12-53-79-8-5-3-1-45-55-88-10-16-17-47-14-73-78-60-7-4-46-6-2-100-70-80-66-64-56-95-94-91-0,3380.652071802307,seed605_lns_start45_random_regret_rm8_tw12
0-80-91-92-94-93-71-96-81-68-1-42-44-43-40-36-35-37-39-38-41-72-54-67-62-85-63-76-51-84-50-34-31-29-27-26-28-30-32-33-95-56-74-13-97-75-58-77-25-89-0,3382.7711853690803,seed601_lns_start4_random_regret_rm6_tw15
0-90-65-66-83-64-20-22-24-57-52-82-69-98-88-47-15-11-99-73-79-8-7-53-87-9-10-12-78-60-6-46-1-3-5-45-4-2-70-55-14-17-16-13-59-97-75-77-25-100-0,3384.6611679000807,seed606_lns_start29_random_random_best_rm5_tw6
0-90-65-82-10-16-17-47-14-12-98-69-11-15-57-23-24-64-66-99-52-87-9-53-79-7-8-6-73-78-88-55-2-4-46-45-5-3-1-70-60-91-56-95-94-96-54-81-61-68-100-0,3395.5889385472897,seed603_lns_start49_random_random_best_rm8_tw8
0-80-96-94-93-71-72-54-81-61-42-39-40-43-44-36-35-37-38-41-11-15-87-9-10-53-79-8-7-6-46-1-3-5-45-4-2-70-55-88-60-73-78-12-14-47-17-16-13-66-91-90-68-0,3401.848574037451,seed603_lns_start7_late_regret_rm6_tw12
0-54-72-35-36-37-41-81-15-11-69-70-42-44-39-38-40-43-1-3-8-79-53-9-87-16-78-60-55-2-6-4-45-5-46-7-73-17-47-14-12-10-52-82-98-88-68-61-100-0,3406.860551590722,seed604_lns_start19_mixed_random_best_rm8_tw10
0-81-96-91-92-94-93-54-1-42-44-43-40-36-35-37-38-39-41-72-71-67-62-56-84-85-63-76-89-33-32-30-28-26-27-29-31-34-50-74-13-97-75-58-77-25-51-95-80-100-0,3407.4303385900166,seed605_lns_start3_mixed_regret_rm8_tw10
0-90-65-66-83-64-52-57-24-22-20-49-19-23-21-48-18-76-99-11-53-8-79-73-15-9-87-59-86-82-98-55-2-3-5-45-4-46-6-7-60-78-12-14-47-17-16-10-88-100-70-61-68-0,3412.4166845009577,seed603_lns_start2_late_random_best_rm6_tw6
0-92-95-56-64-65-82-98-83-69-62-63-89-76-23-99-67-84-50-34-31-29-27-26-28-30-32-33-85-51-57-74-24-22-20-49-19-18-48-21-25-77-58-75-97-59-52-86-100-0,3422.240630621669,seed604_lns_start8_late_random_best_rm6_tw15
0-80-81-54-72-41-61-68-15-11-69-42-39-38-37-35-36-40-43-8-79-53-10-9-87-52-99-82-98-55-88-12-14-47-16-17-78-73-7-6-2-4-46-45-5-3-1-70-100-60-0,3422.5975433535714,seed605_lns_start22_late_random_best_rm8_tw10
0-65-83-57-86-59-24-22-49-19-18-48-21-23-69-10-11-15-16-87-9-52-99-82-53-88-60-79-73-78-98-55-7-6-8-46-45-5-3-4-2-17-47-14-12-100-70-61-68-90-66-64-0,3434.775615420931,seed601_lns_start2_random_random_best_rm8_tw15
0-68-61-81-54-96-93-71-72-41-37-35-36-40-43-44-42-39-38-69-99-87-9-11-15-17-53-79-8-7-6-2-1-3-5-45-46-4-70-55-88-98-14-16-47-73-60-78-12-10-59-52-0,3437.648214387824,seed608_lns_start18_late_regret_rm6_tw8
0-90-65-66-83-64-24-22-20-49-19-18-48-21-23-57-86-15-11-52-99-82-98-69-53-8-79-73-10-9-87-59-16-17-47-14-12-78-60-55-2-4-45-3-5-46-6-7-70-61-68-100-89-0,3439.430756403924,seed607_lns_start3_random_regret_rm8_tw10
0-80-91-92-94-93-71-96-54-81-69-42-44-43-40-36-35-37-38-39-41-72-67-62-95-56-84-50-34-31-29-27-26-28-30-32-33-89-63-85-51-13-77-25-58-75-97-74-86-1-0,3446.9022655129643,seed604_lns_start4_late_regret_rm8_tw12
0-65-83-57-82-17-98-69-92-64-56-95-62-67-23-21-48-18-76-89-63-85-84-50-34-31-29-27-26-28-30-32-33-51-20-22-24-49-19-25-74-77-58-75-97-59-86-52-13-0,3452.187018125789,seed605_lns_start8_random_random_best_rm6_tw6
0-90-65-66-83-64-24-22-20-49-19-18-48-21-23-57-82-98-69-88-99-11-15-9-87-53-14-17-73-79-8-2-6-7-46-4-45-5-3-70-61-68-55-60-78-12-47-16-10-59-86-52-0,3452.7913857562457,seed605_lns_start3_mixed_regret_rm8_tw10
0-81-41-72-54-80-91-15-11-69-68-61-42-44-39-38-37-35-36-40-43-8-79-17-9-87-10-14-53-98-55-88-60-78-12-16-47-73-7-6-4-46-45-5-3-1-2-100-70-0,3459.6052597400057,seed602_lns_start17_late_random_best_rm8_tw8
0-80-92-94-93-71-96-54-81-1-42-44-43-40-36-35-37-38-39-41-72-62-67-85-63-76-51-84-50-34-31-29-27-26-28-30-32-33-95-56-91-86-74-13-97-75-58-77-25-89-0,3473.315755985803,seed601_lns_start2_late_regret_rm8_tw15
0-80-91-92-94-93-71-96-54-81-69-42-44-43-40-36-35-37-38-39-41-72-67-62-76-51-56-84-95-50-34-31-27-26-28-30-32-33-89-63-85-74-25-77-58-75-97-13-1-0,3473.4325304834915,seed607_lns_start2_mixed_best_rm6_tw6
0-92-50-93-71-72-41-39-40-36-35-37-43-44-42-38-62-67-34-31-29-27-26-28-30-32-33-84-85-76-89-63-51-20-57-86-74-59-13-97-75-77-58-25-21-48-18-19-49-22-83-0,3478.68466700279,seed605_lns_start45_random_regret_rm8_tw12
0-39-41-72-54-81-80-91-16-15-11-69-42-38-37-35-36-40-43-8-79-53-99-87-9-10-12-14-47-17-73-78-60-88-55-1-3-5-45-4-46-7-6-2-100-70-61-68-98-0,3490.0237003261254,seed608_lns_start17_late_random_best_rm8_tw8
0-90-96-71-93-94-92-95-56-66-83-64-24-23-76-62-67-50-34-31-29-27-26-28-30-32-33-63-85-84-51-65-52-87-59-13-74-86-57-22-20-49-19-18-48-21-25-77-58-75-97-82-89-0,3505.386812339362,seed606_lns_start16_late_random_best_rm6_tw12
0-80-94-50-85-92-91-15-11-23-18-76-51-62-67-34-31-29-27-26-28-30-32-33-63-84-95-56-64-66-65-83-57-52-86-74-13-59-97-75-58-77-25-21-48-19-49-24-22-20-89-0,3527.019740620204,seed602_lns_start71_late_random_best_rm6_tw6
0-80-91-92-94-93-71-96-54-81-69-42-44-43-40-36-35-37-38-39-41-72-67-62-56-95-84-76-89-34-31-29-27-26-28-30-33-63-51-74-13-97-75-58-77-25-50-85-1-0,3533.3451041384405,seed605_lns_start4_mixed_best_rm6_tw10
0-92-95-56-64-83-82-65-98-69-15-11-23-76-62-67-50-34-31-29-27-26-28-30-32-33-63-85-84-51-18-49-20-22-24-57-52-86-74-13-59-97-75-58-77-25-21-48-19-89-100-0,3534.66082980181,seed604_lns_start7_late_best_rm8_tw12
0-96-93-71-72-54-81-61-98-12-14-47-17-16-15-11-10-82-90-99-87-9-53-79-8-42-44-43-40-38-36-35-37-39-41-68-55-2-6-7-46-4-45-5-3-1-70-88-60-78-73-0,3549.725406334556,seed605_lns_start69_random_best_rm6_tw12
0-90-66-91-95-56-64-65-82-69-83-24-23-16-15-11-10-99-52-87-9-53-73-79-7-8-6-46-1-3-5-45-4-2-60-78-17-47-14-12-88-55-80-94-96-54-81-61-68-70-100-98-57-0,3559.276427488424,seed604_lns_start47_random_regret_rm5_tw8
0-80-91-92-94-93-71-96-54-81-69-42-44-43-40-36-35-37-38-39-41-72-67-62-56-95-84-76-89-32-34-31-29-27-26-28-33-63-51-74-13-97-75-58-77-25-50-85-1-0,3563.0063040740465,seed604_lns_start3_mixed_best_rm6_tw6
0-80-91-92-94-93-71-72-54-96-81-69-42-44-43-40-36-35-37-38-39-41-67-76-56-84-62-50-34-31-29-27-26-28-30-32-33-89-85-51-74-25-77-58-75-97-95-1-0,3569.789234755708,seed601_lns_start4_mixed_random_best_rm8_tw8
0-91-92-80-96-54-1-42-43-40-36-35-37-44-39-38-41-81-93-94-67-62-95-56-84-76-85-50-34-29-27-26-28-31-30-32-33-63-51-86-74-59-97-75-58-77-25-89-71-72-0,3578.1484336134877,seed606_lns_start3_late_random_best_rm8_tw12
0-92-51-85-63-33-32-30-28-26-27-29-31-34-50-62-67-43-44-42-39-38-37-35-36-40-41-72-71-93-76-20-18-48-21-9-13-86-74-59-97-75-58-77-25-22-49-19-83-89-0,3590.4194140645386,seed605_lns_start44_late_random_best_rm8_tw12
0-80-91-92-33-32-30-28-26-27-29-31-34-50-62-69-23-21-76-94-67-63-85-84-95-56-64-66-65-83-57-52-86-74-59-13-97-75-77-58-25-48-18-19-49-24-22-20-51-89-100-0,3599.3189779847044,seed605_lns_start69_random_best_rm6_tw12
0-96-93-71-72-41-54-81-69-90-82-10-11-15-16-17-47-14-12-99-87-9-53-79-8-44-43-39-38-37-35-36-40-42-61-68-55-2-6-7-46-4-45-5-3-1-70-98-88-60-78-73-0,3614.9340446134465,seed605_lns_start72_mixed_regret_rm8_tw15
0-96-93-71-72-54-81-61-41-42-39-40-43-44-36-35-37-38-68-11-15-87-9-10-53-79-8-46-6-88-2-1-3-5-45-4-7-55-13-16-17-47-14-12-78-73-60-90-66-80-94-70-0,3635.8366313785186,seed602_lns_start13_late_regret_rm8_tw6
0-90-65-66-83-64-56-95-92-94-93-96-44-71-67-62-23-18-76-84-50-34-31-29-27-26-28-30-32-33-63-85-51-20-22-24-86-74-59-13-97-75-58-77-25-21-48-19-49-52-57-82-89-0,3642.7481423139952,seed608_lns_start17_late_random_best_rm8_tw8
0-80-91-92-94-93-96-54-81-1-42-44-43-40-36-35-37-39-38-41-72-71-67-62-76-89-56-95-84-50-34-31-29-27-26-28-30-32-33-63-85-51-18-25-77-74-58-75-97-13-0,3663.850827295978,seed606_lns_start4_random_random_best_rm5_tw6
0-90-68-61-81-54-96-93-71-72-41-42-43-44-70-69-11-15-16-17-47-14-12-9-87-99-82-98-53-79-73-78-60-88-10-13-74-24-22-20-49-19-18-48-21-25-77-58-75-97-59-86-52-57-94-0,3675.6060608792127,seed602_lns_start14_mixed_regret_rm8_tw8
0-88-60-78-73-12-10-14-47-17-16-15-11-69-90-65-66-23-24-64-56-84-99-52-87-53-79-8-5-3-1-45-4-46-7-6-2-70-55-68-80-91-95-94-96-54-81-61-100-98-82-57-0,3685.3688215417224,seed605_lns_start44_late_random_best_rm8_tw12
0-80-91-56-92-94-93-71-96-81-69-42-44-43-40-36-35-37-38-39-41-72-54-67-62-76-89-84-95-50-34-29-27-26-28-30-32-33-63-85-74-13-97-75-58-77-25-51-1-0,3685.5974984668383,seed602_lns_start2_mixed_best_rm6_tw8
0-80-91-92-94-93-71-96-54-81-69-42-44-43-40-36-35-37-38-39-41-72-67-62-76-85-95-56-84-50-34-31-29-27-26-28-30-32-33-89-63-51-25-77-74-58-75-97-13-1-0,3688.930125196355,seed603_lns_start2_late_best_rm8_tw8
0-80-91-92-93-71-96-61-41-39-42-43-40-37-35-36-44-38-68-11-15-16-9-87-99-53-79-8-7-6-46-1-3-5-45-2-4-70-55-88-60-78-73-17-47-14-12-10-90-81-54-72-94-0,3697.166557834111,seed605_lns_start13_late_random_best_rm8_tw15
0-90-65-66-83-64-56-95-92-96-93-71-94-62-50-63-76-23-57-99-67-84-85-34-31-29-27-26-28-30-32-33-89-51-20-22-24-49-19-18-48-21-25-77-58-75-97-59-74-86-52-82-13-0,3698.584872395666,seed602_lns_start17_late_random_best_rm8_tw8
0-56-64-83-66-65-82-90-69-98-11-15-59-23-57-52-99-78-73-79-8-60-53-9-87-16-17-47-14-12-88-55-1-3-5-45-4-46-7-6-2-42-39-41-54-81-70-100-10-58-0,3703.2949100554542,seed605_lns_start58_late_best_rm6_tw6
0-80-91-92-94-93-96-54-81-78-1-42-44-43-40-36-35-37-38-39-41-72-71-67-62-76-84-56-95-50-34-31-29-27-26-28-30-32-33-63-85-74-97-75-58-77-25-51-89-0,3703.318474335708,seed602_lns_start1_mixed_regret_rm8_tw6
0-96-93-71-72-54-81-90-82-10-15-11-98-42-44-38-41-61-53-99-87-9-16-17-47-14-12-78-73-79-60-88-55-2-6-7-8-46-4-45-5-3-1-43-40-36-35-37-39-70-100-68-0,3712.3085148850105,seed608_lns_start72_late_regret_rm6_tw10
0-80-94-50-92-91-12-15-11-23-21-76-51-62-67-34-31-29-27-26-28-30-32-33-63-85-84-95-56-64-66-65-83-57-52-86-74-13-59-97-75-58-77-25-48-18-19-49-24-22-20-89-0,3733.874652330411,seed602_lns_start73_late_regret_rm8_tw15
0-96-93-71-72-54-81-12-10-82-11-15-16-17-47-14-99-87-9-53-79-8-44-43-40-38-36-35-37-39-42-41-61-68-55-1-3-5-45-4-46-7-6-2-100-70-98-88-60-78-73-0,3735.25068871541,seed603_lns_start73_late_regret_rm8_tw10
0-80-91-92-95-56-64-66-65-82-83-24-23-19-89-76-62-67-94-90-99-87-84-50-34-31-29-27-26-28-30-32-33-63-85-51-20-22-49-18-48-21-25-77-74-58-75-97-59-13-100-0,3741.7362646197066,seed606_lns_start0_late_best_rm5_tw12
0-80-91-92-95-56-66-64-24-22-20-49-19-21-23-48-18-89-76-63-62-67-38-44-41-72-71-84-51-85-50-33-32-30-28-26-27-29-31-34-93-81-68-1-5-45-4-46-6-2-100-61-42-43-37-0,3744.3238768957935,seed603_lns_start26_mixed_regret_rm8_tw6
0-65-92-95-56-64-83-82-98-69-15-11-86-23-89-76-62-67-34-31-29-27-26-28-30-33-85-84-50-32-63-51-20-22-24-74-59-97-75-58-77-25-21-48-18-19-49-57-52-100-0,3748.0189522378464,seed608_lns_start6_late_random_best_rm8_tw12
0-96-93-71-72-54-81-82-69-90-42-44-43-40-37-35-36-38-39-99-53-60-8-79-78-9-87-10-16-17-47-12-14-73-7-6-4-45-5-3-1-46-2-70-100-55-88-98-68-61-41-0,3753.7751612715874,seed602_lns_start71_late_random_best_rm6_tw6
0-80-91-92-94-93-71-96-54-81-69-61-42-44-43-40-36-35-37-38-39-41-72-62-95-67-84-76-89-50-34-31-29-27-26-28-30-32-33-63-85-51-56-25-77-58-75-97-13-1-0,3776.9442034378253,seed601_lns_start2_random_best_rm8_tw15
0-91-92-95-56-64-82-83-65-69-98-57-23-76-62-99-67-84-50-34-31-29-27-26-28-30-32-33-89-63-85-51-20-22-24-49-19-18-48-21-25-77-58-75-97-59-86-74-52-100-0,3782.6025872767186,seed602_lns_start13_late_regret_rm8_tw6
0-80-91-56-92-94-93-71-72-61-42-40-43-44-36-35-37-38-39-41-67-62-76-89-23-19-49-84-50-33-32-30-28-26-27-29-31-34-63-85-51-18-48-21-58-74-86-68-81-54-96-95-0,3785.5651083757953,seed606_lns_start29_random_random_best_rm5_tw6
0-92-50-93-71-72-41-39-40-43-42-44-36-35-37-38-67-62-31-27-29-26-28-32-89-76-84-34-30-33-63-85-51-20-22-24-74-13-59-97-75-58-77-25-21-48-18-19-49-83-0,3802.341829710938,seed608_lns_start47_random_random_best_rm5_tw6
0-81-54-96-94-93-71-72-91-80-88-12-14-47-16-15-11-10-99-87-9-53-79-8-44-39-38-37-35-36-40-43-42-41-61-68-55-60-78-73-7-6-4-1-3-5-45-46-2-100-70-90-66-0,3803.3329181819267,seed605_lns_start8_random_random_best_rm6_tw6
0-80-91-92-94-93-71-96-54-81-61-1-42-44-43-40-36-35-37-39-38-41-72-67-62-95-76-51-84-50-34-31-29-27-26-28-30-32-33-56-74-13-97-75-58-77-25-89-85-63-0,3804.1940803056527,seed607_lns_start1_random_regret_rm6_tw8
0-96-93-71-72-54-81-61-41-42-43-40-36-35-37-44-39-38-68-99-87-15-9-53-7-8-79-73-78-14-10-16-17-47-13-12-60-88-55-6-4-1-3-5-45-46-2-70-90-66-91-80-94-0,3835.7356468498356,seed606_lns_start7_late_random_best_rm6_tw15
0-90-65-66-83-64-24-22-20-49-19-18-48-21-23-57-52-15-11-69-82-99-53-78-79-73-9-87-88-2-6-7-8-46-45-4-55-98-14-16-17-47-13-10-12-60-5-3-100-70-61-68-0,3842.4584955376395,seed606_lns_start3_late_random_best_rm8_tw12
0-90-65-66-83-64-24-22-20-49-19-18-48-21-23-57-52-69-88-98-82-99-87-9-11-15-53-60-79-73-78-7-8-6-2-46-5-3-45-4-55-74-59-47-17-16-14-12-10-100-70-61-68-0,3843.4758739252325,seed602_lns_start1_late_regret_rm8_tw6
0-81-41-39-72-54-80-91-69-11-15-42-44-38-37-35-36-40-43-1-8-79-53-99-9-10-16-17-47-14-78-60-55-7-6-4-45-3-5-46-2-88-98-12-73-100-70-61-68-0,3847.3894748341654,seed606_lns_start16_late_random_best_rm6_tw12
0-90-66-64-85-20-22-24-49-19-18-48-21-23-57-52-11-15-75-59-87-9-99-82-98-53-79-73-78-60-88-55-7-6-8-46-3-5-45-4-2-70-61-68-100-10-12-14-47-17-16-86-83-65-0,3898.816652356212,seed605_lns_start3_mixed_best_rm8_tw6
0-90-88-98-82-65-66-83-64-20-49-24-23-57-52-15-11-10-69-99-87-9-53-60-79-73-78-7-6-8-46-5-3-1-45-4-2-55-12-14-47-17-16-13-59-97-75-77-25-100-70-0,3910.1659902662614,seed604_lns_start29_mixed_best_rm8_tw6
0-83-80-92-94-93-71-72-41-39-40-43-42-44-36-35-37-38-67-62-50-34-31-29-27-26-28-33-76-84-85-63-32-30-89-51-20-22-74-49-19-18-48-21-25-77-58-75-97-59-13-0,3917.7446764934393,seed608_lns_start50_random_random_best_rm8_tw15
0-90-94-96-81-61-54-93-71-72-41-42-43-44-68-69-11-15-16-17-47-14-12-87-99-53-79-73-78-60-88-98-82-9-10-13-74-57-24-22-19-48-21-25-77-58-75-97-59-86-52-70-0,3931.910546197445,seed604_lns_start14_mixed_regret_rm5_tw6
0-95-56-64-83-82-65-98-69-11-86-52-57-23-76-62-67-53-84-50-34-31-29-27-26-28-30-32-33-89-63-85-51-20-22-24-49-19-18-48-21-25-77-58-75-97-59-74-100-0,3941.863824646103,seed604_lns_start8_late_regret_rm8_tw6
0-81-54-41-72-80-82-10-15-11-69-70-44-39-38-37-36-40-99-52-87-9-53-79-7-8-46-45-5-3-1-4-6-2-55-98-12-14-47-17-73-78-60-88-100-68-61-42-43-35-0,3943.114585426066,seed602_lns_start20_mixed_random_best_rm8_tw15
0-90-65-66-64-83-57-52-86-59-75-97-15-11-69-82-23-76-99-87-9-53-79-7-8-45-5-3-1-6-46-4-2-55-73-12-10-13-16-17-47-14-78-60-88-98-100-70-43-0,3943.7754315072384,seed606_lns_start55_late_best_rm8_tw12
0-80-91-95-92-94-93-71-96-54-68-1-42-44-43-40-36-35-37-39-38-41-72-81-62-67-84-76-89-33-34-31-29-27-26-28-30-32-50-56-74-97-75-58-77-25-51-85-63-0,3953.1213061311028,seed605_lns_start1_mixed_random_best_rm8_tw12
0-95-56-64-83-82-65-98-69-11-23-76-62-67-50-34-31-29-27-26-28-30-32-33-63-85-84-51-19-49-20-22-24-57-99-52-86-74-13-59-97-75-58-77-25-21-48-18-89-100-0,3969.726295622593,seed601_lns_start11_late_best_rm6_tw10
0-91-92-95-56-64-66-65-83-22-20-48-23-51-89-76-63-85-62-67-38-84-33-32-30-28-26-27-29-31-34-50-80-55-6-7-8-46-4-1-3-5-45-2-100-39-40-36-35-37-0,3977.0036687508,seed602_lns_start14_late_regret_rm8_tw15
0-90-65-66-64-56-91-80-94-95-62-23-24-57-52-11-15-16-47-78-17-99-87-9-10-53-12-14-79-8-7-73-60-88-55-6-4-1-3-5-45-46-2-70-100-68-61-81-54-96-98-82-0,3980.80354241667,seed607_lns_start46_late_regret_rm8_tw15
0-90-66-65-91-56-64-82-98-69-12-16-15-11-10-57-24-23-76-84-99-52-87-9-53-60-79-7-6-46-45-5-3-1-2-55-88-78-73-17-47-14-80-94-96-54-81-61-68-70-100-95-0,3987.186602816959,seed608_lns_start46_late_random_best_rm8_tw6
0-92-93-71-72-41-39-42-69-44-43-40-36-35-37-38-67-62-95-64-84-85-63-18-48-19-49-22-20-51-50-34-31-29-27-26-28-30-32-33-89-21-25-77-58-75-97-59-74-13-0,3989.968808678971,seed608_lns_start33_late_regret_rm8_tw12
0-92-90-65-82-10-98-69-83-64-56-95-62-67-23-76-89-50-34-31-29-27-26-28-30-32-33-84-85-63-51-57-52-86-74-24-22-20-49-19-18-48-21-25-77-58-75-97-59-13-100-0,3991.370019102313,seed607_lns_start13_mixed_random_best_rm8_tw15
0-92-65-82-16-98-69-83-64-56-95-62-67-23-76-89-50-34-31-29-27-26-28-30-32-33-84-85-63-51-57-52-86-74-24-22-20-49-19-18-48-21-25-77-58-75-97-59-13-100-0,4004.3848953407896,seed602_lns_start8_random_best_rm6_tw12
0-90-65-98-88-60-78-73-14-47-17-16-15-11-12-69-66-24-23-76-64-99-87-9-10-53-79-8-7-6-5-3-1-45-46-4-2-55-68-80-56-95-91-94-96-54-81-61-70-100-82-52-57-0,4007.677299836511,seed602_lns_start50_late_regret_rm4_tw12
0-82-83-64-56-95-92-65-98-69-23-89-76-51-62-67-50-34-31-29-27-26-28-30-32-33-63-85-84-22-87-13-59-97-75-74-57-24-20-49-19-18-48-21-25-77-58-86-52-100-0,4007.795130318633,seed601_lns_start12_late_best_rm6_tw12
0-80-92-94-93-71-96-91-56-69-1-42-44-43-40-36-35-37-38-39-41-72-54-81-67-62-76-84-95-50-34-31-29-27-26-28-30-32-33-63-85-74-75-58-77-25-51-89-0,4010.5608375209604,seed606_lns_start2_mixed_best_rm8_tw10
0-90-94-96-81-61-54-93-71-72-41-42-43-44-68-69-11-15-16-17-47-14-12-87-99-53-79-73-78-60-88-98-82-9-10-13-74-24-19-49-48-21-25-77-58-75-97-59-86-57-52-70-0,4017.9261445905295,seed602_lns_start14_mixed_random_best_rm5_tw10
0-68-61-81-54-96-94-80-91-95-56-64-24-23-15-16-17-47-14-11-99-87-9-53-78-79-7-8-73-5-3-1-45-4-46-6-2-55-70-60-12-10-13-52-57-65-82-98-88-100-90-66-0,4028.2336657177084,seed601_lns_start44_late_regret_rm8_tw6
0-92-95-56-64-83-82-65-98-69-11-23-89-76-62-67-50-34-31-29-27-26-28-30-32-33-63-85-84-51-57-52-9-86-74-21-48-18-19-49-20-22-24-25-77-58-75-97-59-100-0,4035.3647001198137,seed606_lns_start8_late_regret_rm6_tw8
0-90-91-92-95-56-64-83-66-65-15-11-57-23-76-85-62-67-94-96-71-93-84-50-34-31-29-27-26-28-30-32-33-63-51-20-22-24-86-74-13-59-97-75-58-77-25-21-48-18-19-49-89-0,4038.567695366011,seed602_lns_start19_late_best_rm8_tw12
0-90-60-65-66-64-83-20-24-49-23-57-52-15-11-10-82-99-87-9-78-79-8-53-98-12-14-47-73-7-6-2-46-4-45-5-3-1-70-100-55-88-17-16-13-59-97-75-77-0,4046.8715863531547,seed607_lns_start29_late_best_rm8_tw8
0-80-91-92-94-96-93-71-72-41-39-42-43-40-44-36-35-37-38-62-67-95-56-84-76-22-23-21-48-18-89-33-32-30-28-26-27-29-31-34-50-63-85-51-19-58-74-86-68-61-81-54-16-0,4064.275438135938,seed606_lns_start29_random_regret_rm5_tw8
0-80-91-92-94-93-71-96-54-81-68-61-41-42-44-40-36-35-37-38-39-72-67-62-84-76-89-18-23-21-48-51-63-85-33-32-30-27-26-28-29-31-34-50-95-56-20-22-24-49-19-25-77-58-74-0,4066.969438524449,seed602_lns_start55_late_regret_rm5_tw6
0-80-91-92-94-93-71-96-54-81-69-1-42-44-43-40-36-35-37-38-39-41-72-67-62-95-56-84-76-63-85-50-34-31-29-27-26-28-30-32-33-89-74-13-75-58-77-25-51-0,4067.7869796967125,seed603_lns_start2_random_regret_rm5_tw6
0-90-65-66-83-64-56-95-92-91-80-96-71-93-94-62-50-67-99-23-76-51-84-85-63-34-31-29-27-26-28-30-32-33-57-13-86-74-59-97-75-58-77-25-21-48-18-19-49-20-22-24-89-0,4075.9722541864967,seed604_lns_start19_mixed_random_best_rm8_tw10
0-80-91-56-95-92-94-96-72-81-61-1-42-44-43-40-36-35-37-39-38-41-54-93-67-62-76-84-71-50-34-31-29-27-26-28-30-32-33-63-85-74-97-75-58-77-25-51-89-0,4079.7152509121547,seed607_lns_start4_random_regret_rm4_tw12
0-80-91-92-94-93-71-72-96-69-1-42-44-43-40-36-35-37-38-39-41-54-67-62-85-63-76-84-50-34-31-29-27-26-28-30-32-33-56-74-13-97-75-58-77-25-51-89-81-0,4080.6952750086193,seed605_lns_start4_mixed_random_best_rm6_tw15
0-80-92-94-33-32-30-28-26-27-29-31-34-50-62-63-76-23-51-95-67-85-84-64-56-91-66-65-90-69-82-83-57-52-86-59-13-74-24-22-20-49-19-18-48-21-25-77-58-75-97-89-0,4084.4572812006963,seed601_lns_start75_late_best_rm8_tw15
0-81-37-35-72-54-46-7-60-14-47-17-16-15-11-99-87-9-10-53-79-8-42-44-43-38-36-40-39-41-61-70-55-2-6-4-45-5-3-1-100-68-98-88-78-73-12-58-0,4092.680517347594,seed607_lns_start89_late_best_rm8_tw10
0-92-95-56-64-66-83-65-82-98-69-62-50-63-89-76-23-99-67-84-34-31-29-27-26-28-30-32-33-85-51-20-22-24-86-74-59-13-97-75-58-77-25-21-48-18-19-49-57-52-100-0,4136.509019556004,seed604_lns_start13_late_random_best_rm8_tw6
0-43-40-36-35-37-72-54-81-69-11-15-41-38-39-42-44-8-79-73-53-82-99-52-87-9-10-16-17-47-14-12-78-60-55-7-6-46-4-1-3-5-45-2-88-98-100-70-61-68-0,4142.726002468424,seed604_lns_start20_random_regret_rm8_tw8
0-90-80-96-94-91-56-66-65-69-64-95-62-23-24-99-11-15-16-9-10-53-78-73-79-7-8-5-3-1-45-46-6-2-4-60-17-47-14-12-88-55-100-70-61-68-98-82-52-57-81-54-0,4150.745796263339,seed604_lns_start50_late_random_best_rm6_tw10
0-81-54-72-80-61-41-39-40-43-42-44-36-35-37-38-99-9-15-17-16-97-87-52-53-79-8-46-45-5-3-1-4-6-7-60-55-68-70-2-100-88-98-82-10-12-47-14-78-73-0,4151.096248231152,seed602_lns_start22_mixed_random_best_rm6_tw15
0-92-51-85-63-33-32-30-28-26-27-29-31-34-50-62-67-42-44-43-40-38-37-35-36-39-41-72-71-93-84-76-89-19-18-48-21-87-13-86-74-59-97-75-77-58-25-49-22-20-83-0,4167.946534539254,seed601_lns_start50_mixed_regret_rm6_tw12
0-90-65-66-83-64-56-95-92-94-96-71-93-50-62-51-23-76-67-34-31-29-27-26-28-30-32-33-63-85-84-55-82-52-13-74-57-24-22-20-49-19-18-48-21-25-77-58-75-97-59-86-89-0,4193.130342436171,seed603_lns_start16_random_regret_rm6_tw8
0-92-94-93-71-96-81-61-72-41-42-43-40-37-35-36-44-39-38-54-68-99-53-78-79-8-46-7-60-9-87-10-12-14-73-47-17-16-13-55-88-2-6-4-45-5-3-1-70-90-80-91-0,4201.641164949341,seed608_lns_start11_late_random_best_rm8_tw15
0-80-81-54-72-39-41-15-11-69-42-44-43-40-36-35-37-38-53-99-52-87-9-16-47-73-79-7-8-46-3-1-5-45-4-6-2-55-88-60-78-17-14-12-10-82-98-68-61-100-0,4212.899869841462,seed607_lns_start22_mixed_regret_rm8_tw10
0-80-91-92-95-56-64-66-65-82-83-20-23-18-51-62-67-85-76-89-63-84-38-39-6-7-8-46-45-5-3-1-4-2-55-90-50-33-32-30-28-26-27-29-31-34-37-35-36-40-100-0,4216.391416521874,seed606_lns_start14_mixed_best_rm8_tw15
0-81-96-71-93-94-92-91-80-68-69-42-44-43-40-36-35-37-38-39-41-72-54-67-62-85-63-76-51-84-50-34-31-29-27-26-28-30-32-33-95-56-74-13-97-75-58-77-25-89-1-0,4216.924787046588,seed608_lns_start3_mixed_best_rm8_tw6
0-80-94-92-91-90-65-82-12-16-69-23-19-76-62-67-50-34-31-29-27-26-28-30-32-33-63-85-84-95-56-64-66-83-57-52-86-74-59-13-97-75-58-77-25-21-48-18-49-24-22-20-51-89-0,4230.832616544798,seed607_lns_start69_late_regret_rm8_tw12
0-96-93-71-72-54-81-61-68-90-69-46-6-12-14-47-17-11-87-9-99-53-79-7-8-44-39-38-37-35-36-40-43-42-41-55-2-1-3-5-45-4-88-98-70-100-60-78-73-0,4232.915085250456,seed604_lns_start69_late_regret_rm8_tw15
0-88-68-93-92-95-50-32-62-71-72-41-39-38-37-35-36-40-43-44-42-67-84-51-85-63-33-30-28-26-27-29-31-34-89-18-48-21-19-49-20-22-25-77-74-58-75-97-59-13-64-0,4239.192792432401,seed601_lns_start32_mixed_best_rm8_tw10
0-90-65-66-83-64-24-22-20-49-18-48-21-23-57-52-15-11-99-87-9-53-8-79-73-78-69-82-98-55-88-7-46-4-45-5-3-1-2-6-60-10-12-14-47-17-16-59-86-68-61-70-100-0,4263.433303353039,seed603_lns_start2_mixed_random_best_rm8_tw8
0-80-94-50-85-92-91-69-15-11-23-18-76-62-67-34-31-29-27-26-28-30-32-33-63-84-95-56-64-66-65-83-57-52-86-74-59-13-97-75-58-77-25-21-48-19-49-24-22-20-51-89-0,4269.458177959974,seed602_lns_start73_late_random_best_rm6_tw15
0-91-92-50-93-71-72-41-39-40-43-42-44-36-35-37-38-67-62-76-89-31-27-29-26-32-84-34-28-30-33-63-85-51-20-22-49-19-18-48-21-25-77-58-75-97-59-74-86-13-83-0,4281.890754623819,seed605_lns_start48_random_random_best_rm4_tw15
0-81-41-72-54-80-90-10-16-15-11-69-68-42-44-43-40-36-35-37-38-39-52-87-9-53-79-7-8-5-3-1-4-45-46-6-2-55-88-60-78-73-17-47-14-12-82-98-100-70-61-0,4281.9868287587,seed605_lns_start21_mixed_random_best_rm8_tw10
0-81-54-41-39-72-80-82-15-11-44-43-40-36-35-37-38-42-70-53-99-52-87-9-73-79-8-46-45-1-3-5-4-7-6-2-55-60-78-12-14-47-17-16-10-98-88-100-68-61-0,4299.204242113936,seed606_lns_start22_late_random_best_rm6_tw15
0-90-65-66-83-64-24-22-20-49-19-18-48-21-23-85-76-57-52-99-11-15-73-79-8-53-10-9-86-87-59-16-17-47-14-12-78-60-55-2-4-45-3-5-46-6-7-88-100-68-61-70-98-82-0,4304.799541799221,seed601_lns_start1_random_regret_rm5_tw12
0-37-36-35-72-71-92-95-62-50-93-41-39-38-40-43-44-42-96-67-84-51-76-89-33-32-30-28-26-27-29-31-34-85-63-18-48-21-19-49-20-22-74-25-77-58-75-97-13-59-64-0,4314.365159828942,seed605_lns_start31_random_random_best_rm6_tw15
0-65-66-56-91-80-94-96-54-81-61-68-69-11-15-23-24-57-87-9-52-99-82-53-88-79-7-6-8-46-45-5-3-1-4-2-73-12-10-13-16-17-47-14-78-60-55-100-70-98-90-95-64-0,4344.805683302407,seed606_lns_start46_late_regret_rm8_tw15
0-96-93-71-72-54-81-90-82-98-69-60-44-38-99-87-9-10-11-16-17-47-14-12-53-79-73-78-88-55-2-6-7-8-46-4-45-3-5-1-43-40-36-35-37-39-41-42-70-100-68-61-0,4346.063346579413,seed602_lns_start70_late_best_rm6_tw15
0-90-65-66-83-64-24-22-20-19-18-48-21-23-57-52-69-82-99-10-11-15-9-87-53-60-79-73-12-7-8-6-2-46-45-5-3-4-55-78-14-17-47-16-59-74-86-98-88-100-70-61-68-0,4348.154353475285,seed606_lns_start1_random_random_best_rm4_tw12
0-65-66-56-92-95-64-83-82-98-69-11-23-76-67-62-50-34-31-29-27-26-28-30-32-33-63-85-84-51-18-21-48-19-49-20-22-24-57-52-74-13-59-97-75-77-58-86-25-89-100-0,4362.227618536778,seed606_lns_start13_late_random_best_rm8_tw12
0-92-90-65-82-10-12-98-69-83-64-56-95-62-67-23-76-89-50-34-31-29-27-26-28-30-32-33-84-85-63-51-57-52-86-74-24-22-20-49-19-18-48-21-25-77-58-75-97-59-13-100-0,4376.3584466076945,seed603_lns_start12_mixed_best_rm8_tw6
0-66-65-82-78-73-17-47-69-90-24-23-15-16-11-99-87-9-53-79-7-8-5-3-1-45-46-6-2-55-4-60-14-12-10-52-57-64-56-91-80-94-96-54-81-61-68-70-100-88-98-0,4397.845414186444,seed608_lns_start50_random_regret_rm6_tw8
0-90-65-66-83-64-57-24-22-49-19-18-48-21-23-69-52-99-11-15-47-73-79-17-16-87-9-12-53-82-98-55-7-8-46-4-45-5-3-1-6-2-70-61-68-100-88-60-78-14-10-86-59-0,4406.346311321741,seed603_lns_start2_random_best_rm8_tw10
0-80-91-92-94-93-71-96-54-81-69-1-43-36-35-37-38-39-44-42-41-72-67-95-56-84-62-50-34-31-29-27-26-28-30-32-33-63-76-74-13-97-75-58-77-25-51-85-89-0,4413.458696989713,seed607_lns_start2_mixed_random_best_rm8_tw10
0-92-95-56-64-83-82-65-98-69-11-23-76-62-67-50-34-31-29-27-26-28-30-32-33-63-85-84-51-49-20-22-24-57-74-87-86-52-13-59-97-75-58-77-25-21-48-18-19-89-100-0,4437.438678706865,seed608_lns_start10_late_best_rm6_tw6
0-80-72-41-54-81-12-15-11-69-70-44-39-38-37-35-36-40-43-99-87-9-10-53-98-79-7-8-46-45-5-3-1-4-6-2-55-88-60-78-73-47-17-16-14-100-68-61-42-0,4448.314861345571,seed602_lns_start15_mixed_random_best_rm6_tw8
0-92-95-56-64-83-82-65-98-69-11-86-23-89-76-62-67-50-34-31-29-27-26-28-30-32-33-63-84-85-51-53-52-74-57-24-22-20-49-19-18-48-21-25-77-58-75-97-59-100-0,4456.967537819787,seed606_lns_start12_late_regret_rm8_tw6
0-90-65-66-83-64-24-22-20-49-19-18-48-21-23-75-59-15-11-69-82-99-57-52-86-87-9-53-78-79-73-60-88-55-7-6-8-46-4-45-5-3-1-2-47-17-16-14-12-10-98-68-61-100-70-0,4479.769879232334,seed603_lns_start1_random_best_rm3_tw8
0-61-90-65-57-12-78-60-69-98-14-47-17-16-15-11-23-52-99-10-87-9-53-73-79-8-46-45-5-3-1-70-55-88-2-4-7-6-100-68-81-54-96-94-80-91-95-56-64-66-82-0,4482.590222409482,seed606_lns_start50_random_best_rm3_tw15
0-80-94-63-85-92-91-90-69-82-11-23-21-18-76-51-62-67-50-34-31-29-27-26-28-30-32-33-84-95-56-64-66-65-83-57-52-86-74-13-59-97-75-58-77-25-48-19-49-24-22-20-89-0,4485.632854659261,seed604_lns_start72_late_random_best_rm8_tw12
0-96-93-71-72-41-54-81-69-11-15-16-17-47-14-12-44-38-68-99-87-9-53-98-88-60-78-73-79-7-6-55-2-45-8-46-4-5-3-1-43-40-36-35-37-39-42-61-70-100-0,4527.648511266109,seed604_lns_start74_late_best_rm8_tw15
0-80-91-92-93-96-54-81-68-61-41-42-43-44-40-36-35-37-39-38-72-71-94-67-62-23-21-48-18-49-20-56-95-84-50-34-31-29-27-26-28-30-32-33-63-85-51-22-24-77-58-74-25-19-89-0,4533.246663431485,seed601_lns_start55_random_regret_rm5_tw8
0-92-95-56-64-83-65-82-98-69-15-66-62-67-50-34-31-29-27-26-28-30-32-33-63-76-84-85-51-23-49-20-22-24-57-52-86-74-13-59-97-75-58-77-25-21-48-18-19-89-100-0,4553.81157258157,seed606_lns_start8_late_best_rm8_tw8
0-90-65-66-83-64-24-22-20-49-19-18-48-21-23-57-52-15-11-99-82-69-98-53-73-79-8-2-6-7-46-5-3-45-55-9-87-74-13-10-12-14-47-17-16-78-60-88-100-70-61-68-4-0,4555.862540103466,seed608_lns_start3_late_regret_rm8_tw15
0-90-65-66-83-64-24-57-52-69-12-10-11-15-86-23-19-49-20-22-87-9-99-82-53-79-8-60-88-98-78-73-55-7-6-46-4-45-5-3-1-2-70-100-68-61-27-26-28-32-0,4559.862064605926,seed608_lns_start67_late_regret_rm6_tw15
0-80-91-92-94-93-71-96-54-81-1-42-44-43-40-36-35-37-38-39-41-72-62-76-84-67-95-50-34-31-29-27-26-28-30-32-33-89-63-85-51-57-74-25-77-58-75-97-13-56-0,4562.12741183876,seed603_lns_start4_mixed_regret_rm8_tw15
0-92-64-95-50-71-72-41-37-35-36-40-43-44-42-39-38-93-67-62-85-76-23-21-51-84-34-31-29-27-28-26-30-32-33-63-89-18-48-19-49-20-22-25-77-74-59-97-75-58-13-0,4562.156201631291,seed608_lns_start31_late_random_best_rm8_tw15
0-90-91-92-93-71-96-81-54-72-42-43-40-39-41-36-35-37-38-44-99-87-9-15-73-79-8-53-10-88-12-14-16-17-47-78-60-55-7-4-1-3-5-45-46-6-2-70-68-61-80-94-0,4564.3742096717215,seed605_lns_start7_late_random_best_rm8_tw15
0-90-65-82-98-88-60-73-17-47-15-11-69-38-39-40-44-70-7-8-79-78-53-9-87-52-99-10-14-12-55-16-13-86-74-59-97-75-58-77-25-57-83-94-96-54-37-35-0,4575.113329070859,seed601_lns_start26_late_regret_rm8_tw15
0-68-43-40-36-35-80-91-92-62-93-41-42-44-39-37-38-72-71-67-76-23-19-84-85-63-33-32-30-28-26-27-29-31-34-50-51-18-48-21-74-86-56-95-94-96-54-81-61-89-0,4578.779911733952,seed601_lns_start29_random_random_best_rm8_tw12
0-68-42-40-43-2-88-69-98-78-47-17-16-15-12-11-10-99-52-87-9-53-79-8-44-38-37-35-36-39-41-72-71-93-96-54-81-61-55-70-4-45-5-3-1-46-7-6-60-73-14-0,4599.564804891496,seed606_lns_start18_mixed_best_rm8_tw10
0-80-91-92-94-93-71-96-54-72-41-39-42-43-40-44-36-35-37-38-62-67-95-84-23-76-89-63-50-34-32-30-31-29-27-26-28-33-85-86-74-77-58-21-48-18-19-22-51-56-81-68-61-0,4617.893777734272,seed608_lns_start29_random_random_best_rm5_tw6
0-80-91-92-94-93-71-54-81-1-42-44-43-40-36-35-37-38-39-41-72-96-67-95-56-84-62-50-34-31-29-27-26-28-76-89-32-30-33-63-85-51-25-77-58-75-97-59-13-86-0,4629.369794063556,seed607_lns_start3_late_regret_rm8_tw10
0-80-91-92-95-56-64-83-66-65-15-90-94-67-62-50-34-31-29-27-26-28-30-32-33-63-85-84-51-76-89-23-22-24-57-82-13-86-74-20-49-19-18-48-21-25-77-58-75-97-100-0,4637.260204337763,seed607_lns_start18_late_regret_rm6_tw6
0-80-91-92-95-64-81-1-42-44-43-40-36-35-37-39-38-41-72-54-96-93-94-67-62-84-51-76-63-85-34-31-29-27-26-28-30-32-33-50-56-74-13-97-75-58-77-25-89-71-0,4641.058965538507,seed606_lns_start3_mixed_regret_rm8_tw15
0-81-54-96-93-94-92-91-80-82-69-1-42-44-43-40-36-35-37-38-39-41-72-71-67-62-76-84-56-95-50-34-31-29-27-26-28-30-32-33-85-74-13-97-75-58-77-25-51-89-0,4656.174372661928,seed603_lns_start1_mixed_regret_rm8_tw15
0-83-80-92-94-93-71-72-41-39-40-43-42-44-36-35-37-38-67-34-31-29-62-76-89-63-84-50-30-28-26-27-32-33-85-51-20-22-49-19-18-48-21-25-77-58-75-97-59-74-86-13-0,4676.9424359020495,seed603_lns_start44_random_random_best_rm5_tw6
0-90-80-91-56-95-94-96-54-61-68-69-98-15-11-52-57-23-24-64-99-87-59-9-53-60-79-7-8-6-88-55-2-4-46-45-5-3-1-70-81-66-65-82-10-12-16-17-47-14-78-73-100-0,4680.957241207988,seed605_lns_start49_random_random_best_rm6_tw8
0-81-54-96-93-94-92-91-80-90-69-1-42-44-43-40-36-35-37-38-39-41-72-71-67-62-95-56-84-76-89-63-50-34-31-29-27-26-28-30-32-33-85-74-13-97-75-58-77-25-51-0,4692.745612393028,seed602_lns_start4_mixed_regret_rm8_tw12
0-81-54-72-80-91-66-12-15-11-69-44-42-41-39-38-37-35-36-40-43-53-99-87-9-10-73-79-8-7-6-46-45-5-3-1-4-2-55-88-60-78-47-17-16-14-98-100-70-68-61-0,4693.131363190794,seed607_lns_start16_mixed_random_best_rm8_tw15
0-92-95-56-64-83-82-65-98-69-11-86-23-89-76-62-67-50-34-31-29-27-26-28-30-32-33-84-85-63-51-52-9-13-74-57-24-22-20-49-19-18-48-21-25-77-58-75-97-59-100-0,4695.25280313554,seed603_lns_start10_late_random_best_rm5_tw12
0-90-65-66-83-64-24-22-20-49-19-18-48-21-23-57-52-15-11-99-82-69-98-53-60-73-79-7-8-46-5-3-45-6-55-10-9-87-59-86-74-13-16-17-47-14-12-78-4-2-100-70-61-68-88-0,4696.191212273749,seed608_lns_start4_late_random_best_rm8_tw15
0-80-91-92-94-93-71-96-54-81-69-68-61-42-44-43-40-37-35-36-38-39-41-72-67-62-84-63-76-19-23-21-48-18-89-33-28-26-27-29-31-34-30-32-50-85-51-22-58-74-86-56-95-0,4703.421658545945,seed602_lns_start29_mixed_random_best_rm5_tw15
0-80-91-92-94-93-71-96-54-81-69-1-42-44-43-40-36-35-37-38-39-41-72-67-95-56-84-76-89-62-50-34-29-27-26-28-31-30-32-33-63-85-51-25-77-58-75-97-59-13-16-0,4707.761922988309,seed604_lns_start3_late_regret_rm8_tw15
0-90-65-66-83-64-24-22-20-49-19-18-48-21-23-57-52-15-11-10-69-8-79-53-98-82-99-9-87-59-86-16-17-47-14-12-78-73-7-6-4-45-3-5-46-2-88-55-100-70-60-68-61-63-0,4716.313069973218,seed604_lns_start2_random_best_rm8_tw10
0-92-51-85-63-33-32-30-28-26-27-29-31-34-50-62-67-41-42-44-43-40-39-38-37-35-36-72-84-76-89-93-71-55-13-74-59-97-75-77-58-25-21-48-18-19-49-20-22-86-83-0,4762.145580386751,seed605_lns_start49_random_regret_rm6_tw10
0-65-98-82-83-64-56-92-66-69-23-19-76-95-62-67-50-34-31-29-27-26-28-30-32-33-63-85-84-51-20-22-24-57-87-74-86-52-13-59-97-75-58-77-25-21-48-18-49-89-100-0,4779.236901534472,seed601_lns_start9_late_random_best_rm8_tw12
0-65-66-56-95-91-94-96-81-68-69-98-11-15-16-57-24-23-76-84-64-99-52-87-9-53-79-7-8-5-3-1-45-46-6-2-55-60-78-73-17-47-14-12-10-88-100-70-61-54-80-90-82-0,4794.449262985197,seed606_lns_start49_late_regret_rm8_tw10
0-80-91-92-94-96-81-54-93-71-72-41-42-40-36-35-43-44-39-37-38-67-62-95-56-84-76-22-19-23-48-51-63-85-50-34-31-29-27-26-28-30-32-33-89-18-21-74-58-97-86-68-61-0,4800.308799050196,seed601_lns_start29_mixed_best_rm6_tw8
0-90-80-91-95-56-66-65-82-98-69-16-15-11-64-76-23-24-87-99-53-73-79-7-8-5-3-1-45-46-6-4-2-55-88-60-78-17-47-14-12-10-13-52-57-100-70-68-61-81-54-96-94-0,4803.183785153537,seed601_lns_start48_late_regret_rm8_tw6
0-90-65-82-98-88-60-73-17-47-15-11-69-38-39-35-36-40-44-70-7-8-79-78-53-9-87-52-99-10-14-12-55-16-13-86-74-59-97-75-58-77-25-57-83-94-96-54-0,4816.788921477981,seed607_lns_start27_late_regret_rm8_tw10
0-90-65-66-52-86-78-60-69-82-12-14-47-17-16-15-11-23-24-57-99-87-9-10-53-73-79-7-8-46-6-98-88-45-5-3-1-4-2-70-55-100-68-61-81-54-96-94-80-91-95-56-64-0,4820.813300445427,seed608_lns_start48_random_regret_rm8_tw6
0-92-93-72-61-6-42-39-40-43-44-36-35-37-38-41-71-67-62-84-50-34-31-29-27-26-28-30-32-33-85-76-51-20-22-49-19-48-21-74-86-13-59-97-75-58-77-25-18-89-63-83-0,4821.851773159037,seed607_lns_start49_random_best_rm8_tw6
0-80-81-54-72-41-42-43-15-11-69-44-40-36-35-37-38-39-61-53-99-52-87-9-16-14-73-79-8-46-4-45-5-3-1-70-55-2-6-7-60-78-17-47-12-10-98-88-100-68-0,4824.56119382206,seed604_lns_start22_mixed_random_best_rm8_tw6
0-80-92-94-93-71-96-54-81-68-69-11-61-42-44-43-40-36-35-37-38-39-41-72-67-62-95-84-63-76-89-33-32-30-28-26-27-29-31-34-50-85-51-22-19-18-48-21-58-74-86-56-91-0,4830.174010647318,seed601_lns_start29_late_best_rm5_tw12
0-92-95-56-64-65-82-98-83-69-62-76-89-23-57-86-52-99-67-84-50-34-31-29-27-26-28-30-32-33-63-85-51-20-22-24-49-19-18-48-21-25-77-74-58-75-97-59-13-100-0,4848.830503225999,seed603_lns_start13_late_best_rm8_tw10
0-96-93-71-72-54-81-68-61-41-39-42-43-44-40-36-35-37-38-69-82-99-53-11-15-10-9-87-16-47-79-8-7-88-55-2-1-3-5-45-46-4-6-73-17-14-12-78-60-100-70-98-0,4874.312079665305,seed602_lns_start70_late_random_best_rm8_tw10
0-90-65-66-83-64-24-22-20-49-19-18-48-21-23-57-52-16-15-11-69-82-99-9-53-88-60-79-73-78-7-6-8-46-5-3-45-4-2-55-98-86-74-87-13-17-47-14-12-10-68-61-70-100-0,4879.039988108517,seed603_lns_start1_late_random_best_rm8_tw8
0-92-50-93-71-72-41-39-40-43-42-44-36-35-37-38-67-31-27-26-62-84-76-89-34-29-28-30-32-33-63-85-51-83-52-86-74-59-97-75-58-77-25-21-48-18-19-49-22-20-13-0,4889.416041168258,seed605_lns_start44_mixed_random_best_rm8_tw10
0-81-80-91-92-56-86-69-42-44-43-40-36-35-37-38-39-41-72-54-96-71-93-94-67-95-62-84-76-89-63-50-34-31-29-27-26-28-30-32-33-85-51-25-77-58-75-97-13-1-0,4920.761941974051,seed605_lns_start3_late_regret_rm8_tw12
0-90-66-64-83-57-52-65-69-98-11-15-16-59-23-76-56-99-87-9-82-53-60-79-73-78-88-55-2-6-7-8-46-45-5-3-1-4-17-47-14-12-10-100-70-81-54-41-39-42-0,4950.280024616901,seed608_lns_start60_late_best_rm8_tw15
0-54-88-60-78-17-47-69-98-82-11-15-16-12-99-10-14-87-9-53-73-79-8-44-39-38-37-35-36-40-43-42-1-4-45-5-3-46-7-6-2-70-100-55-68-61-81-72-41-0,4968.714153114155,seed601_lns_start89_late_best_rm8_tw8
0-54-72-81-70-88-78-12-14-47-17-16-15-11-10-69-99-82-98-53-87-9-60-79-8-44-38-39-37-35-36-40-43-42-41-61-55-73-7-2-6-4-46-45-5-3-1-100-68-90-0,4969.970494806231,seed605_lns_start89_late_best_rm8_tw6
0-80-91-92-94-93-71-72-96-81-69-1-42-44-43-40-36-35-37-38-39-41-54-67-62-95-76-85-84-50-34-31-29-27-26-28-30-32-56-74-13-97-75-58-77-25-89-63-33-0,4993.992493843225,seed602_lns_start3_mixed_regret_rm8_tw10
0-80-91-92-94-93-71-72-96-81-69-1-42-44-43-40-36-35-37-38-39-41-54-67-62-95-76-63-84-50-34-31-29-27-26-28-30-32-56-74-13-97-75-58-77-25-51-89-33-0,4999.869145705376,seed605_lns_start4_mixed_best_rm8_tw12
0-80-91-92-94-93-96-81-1-69-42-44-43-40-36-35-37-38-39-41-54-67-95-84-63-76-51-85-62-33-32-30-28-26-27-29-31-34-50-56-74-59-97-75-58-77-25-89-71-72-0,5008.771827585668,seed604_lns_start3_late_regret_rm8_tw15
0-95-56-64-83-66-65-82-98-69-15-11-23-89-76-62-50-67-34-31-29-27-26-28-30-32-33-63-84-85-51-20-22-24-57-52-86-74-49-19-18-48-21-77-58-75-97-59-13-25-100-0,5011.045991559089,seed603_lns_start11_late_random_best_rm8_tw8
0-92-94-96-80-68-91-66-90-12-17-47-14-16-15-11-10-99-87-9-53-79-8-5-3-1-44-39-38-37-35-36-40-43-42-41-70-55-2-4-45-46-6-7-73-78-60-88-61-81-54-93-71-72-0,5012.340989899107,seed603_lns_start12_mixed_random_best_rm6_tw8
0-80-91-92-94-93-71-96-54-81-69-42-44-43-40-36-35-37-38-39-41-61-72-67-62-63-76-84-95-50-34-31-29-27-26-28-30-32-33-85-74-13-97-75-58-77-25-51-89-56-1-0,5016.873150810032,seed601_lns_start1_mixed_best_rm8_tw12
0-96-93-71-72-41-54-81-90-69-98-15-11-16-17-10-47-14-99-87-9-53-79-8-44-39-38-37-35-36-40-43-42-61-68-55-2-6-7-46-4-45-5-3-1-70-100-88-60-73-78-12-82-0,5021.09385815745,seed608_lns_start69_late_random_best_rm6_tw12
0-68-61-81-54-96-94-80-91-95-62-56-69-11-12-14-47-17-16-15-99-52-24-23-87-9-10-53-79-8-7-73-78-60-55-6-4-45-5-3-1-46-2-70-100-88-98-82-90-65-66-64-57-0,5035.53659530769,seed608_lns_start46_late_random_best_rm4_tw8
0-65-56-92-95-64-83-82-98-69-62-57-52-11-99-23-76-89-67-84-50-34-31-29-27-26-28-30-32-33-63-85-51-20-22-24-49-19-18-48-21-25-77-58-75-97-59-74-86-100-0,5062.84764481496,seed607_lns_start6_late_random_best_rm6_tw6
0-82-66-91-80-81-54-72-41-39-37-35-36-40-43-44-42-38-69-99-53-11-15-59-87-9-16-17-47-78-73-79-8-7-6-2-46-5-3-45-4-1-70-55-100-88-60-12-14-10-98-68-61-0,5065.881973536443,seed608_lns_start17_random_regret_rm8_tw15
0-61-37-36-35-72-71-92-95-62-50-93-41-39-38-40-43-44-42-67-91-64-84-51-76-85-63-34-31-29-27-26-28-30-32-33-89-18-48-21-19-49-20-22-25-77-58-75-97-59-13-74-0,5079.536121707869,seed606_lns_start31_random_random_best_rm8_tw8
0-80-91-92-94-93-71-96-54-81-1-69-42-44-43-40-36-35-37-38-39-41-72-67-62-95-56-84-76-50-34-31-29-27-26-28-30-32-33-89-63-85-51-25-77-58-75-97-59-74-86-0,5092.053330872472,seed604_lns_start1_late_random_best_rm8_tw6
0-80-91-92-95-56-64-83-66-65-82-15-69-90-94-62-67-50-63-76-89-23-51-84-34-31-29-27-26-28-30-32-33-85-20-22-24-57-86-74-49-19-18-48-21-25-77-58-75-97-13-100-0,5100.657639589695,seed602_lns_start18_late_regret_rm8_tw12
0-90-65-66-64-56-95-91-80-94-96-54-81-61-68-69-15-11-23-24-84-99-87-9-53-79-8-7-6-46-45-5-3-1-4-2-70-55-88-60-78-73-17-16-47-14-12-10-52-57-82-98-100-0,5140.6578423278615,seed605_lns_start46_late_random_best_rm8_tw12
0-81-80-91-92-95-56-86-69-42-44-43-40-36-35-37-38-39-41-72-54-96-71-93-94-67-62-84-76-89-63-50-34-31-29-27-26-28-30-32-33-85-74-97-75-58-77-25-51-1-0,5142.37827303387,seed605_lns_start4_late_regret_rm8_tw15
0-80-91-92-94-93-71-72-96-54-81-61-42-40-36-35-37-39-38-44-41-68-99-76-84-62-67-50-34-31-29-27-26-28-30-32-33-63-85-51-20-22-24-49-19-18-48-21-25-77-58-74-56-95-89-0,5166.512910960016,seed607_lns_start55_late_regret_rm6_tw6
0-81-54-96-93-94-92-91-80-65-69-1-42-44-43-40-36-35-37-38-39-41-72-71-67-95-84-62-50-34-31-29-27-26-28-30-32-33-89-76-51-74-13-97-75-58-77-25-85-63-56-0,5191.321362248147,seed601_lns_start4_mixed_regret_rm6_tw15
0-80-91-92-94-93-71-96-54-81-61-69-1-42-44-43-40-36-35-37-38-39-41-72-62-67-84-76-89-33-30-32-34-31-29-27-26-28-50-95-56-74-13-75-58-77-25-51-85-63-0,5197.741331725497,seed607_lns_start1_mixed_regret_rm8_tw6
0-90-96-71-93-94-92-95-56-64-83-66-65-82-11-15-23-76-51-62-67-84-50-34-31-29-27-26-28-30-32-33-89-63-85-20-22-24-49-19-18-48-21-25-77-58-75-97-59-74-86-57-52-13-0,5210.624999616982,seed601_lns_start17_late_best_rm8_tw10
0-80-91-92-94-93-96-54-81-68-69-61-42-44-40-36-35-37-38-39-41-72-71-67-33-62-84-76-89-34-31-29-27-26-28-30-32-50-63-85-95-56-20-22-24-74-58-77-25-21-48-18-19-49-51-0,5227.141109341182,seed603_lns_start55_late_random_best_rm6_tw6
0-90-65-66-91-56-83-52-86-57-24-23-69-11-15-16-17-47-14-12-10-9-87-99-79-8-7-53-88-55-1-3-5-45-4-46-2-6-73-78-60-82-98-100-70-68-61-81-54-96-94-80-13-0,5232.108615542686,seed608_lns_start33_late_best_rm8_tw10
0-68-81-96-71-93-94-92-91-80-66-90-12-14-17-16-15-11-10-99-87-9-53-73-79-8-46-6-7-78-60-88-55-2-4-45-5-3-1-44-39-38-37-35-36-40-43-42-41-72-54-61-70-0,5275.666097973098,seed605_lns_start13_mixed_best_rm8_tw12
0-80-91-92-94-93-71-96-54-81-68-61-42-43-44-40-36-35-37-38-39-41-72-67-62-23-21-48-18-76-84-50-33-32-30-27-26-28-29-31-34-63-85-51-20-22-24-49-19-25-77-58-74-56-95-89-0,5322.665217561995,seed607_lns_start55_random_random_best_rm6_tw12
0-90-65-66-83-64-24-22-20-49-19-18-48-21-23-62-57-52-99-86-87-59-15-11-9-82-53-98-88-60-78-73-79-8-7-6-2-46-5-3-45-4-55-47-17-16-13-10-14-12-100-70-61-68-0,5338.070599215752,seed605_lns_start3_late_random_best_rm8_tw10
0-90-65-66-64-56-91-80-94-95-62-54-96-76-23-24-99-11-15-16-87-9-53-88-79-8-7-6-5-3-1-45-46-4-2-70-55-60-78-73-17-47-14-12-10-52-57-82-98-100-68-61-81-0,5343.900569339234,seed607_lns_start49_mixed_random_best_rm8_tw8
0-81-41-37-35-36-40-42-46-6-7-73-10-11-15-12-14-47-17-16-87-9-99-53-79-8-43-44-39-38-72-54-61-55-70-1-3-5-45-4-2-68-100-88-60-78-98-90-82-58-0,5356.489393899873,seed606_lns_start89_random_random_best_rm4_tw6
0-90-98-82-65-66-83-64-20-62-49-23-24-57-52-99-15-11-9-87-53-73-79-88-2-6-7-8-46-45-5-3-1-4-70-55-60-78-14-47-17-16-13-97-75-77-25-59-10-12-100-0,5374.001581061812,seed604_lns_start29_late_best_rm3_tw10
0-90-65-66-83-64-24-22-20-49-19-18-48-21-23-57-52-69-82-99-88-79-73-15-11-9-87-53-78-8-46-6-2-1-3-5-45-4-7-55-60-12-13-16-17-47-14-10-59-86-98-100-70-68-0,5378.06543941866,seed603_lns_start4_random_random_best_rm8_tw12
0-88-60-73-78-98-90-62-69-47-17-16-15-11-99-52-57-24-23-87-9-53-79-8-5-1-3-45-46-7-6-2-4-55-12-14-10-82-65-56-95-94-96-54-81-61-68-70-100-66-64-0,5393.562373949082,seed601_lns_start46_random_random_best_rm8_tw6
0-80-91-92-94-96-93-71-72-37-35-36-40-43-44-61-38-67-62-50-34-31-29-27-26-28-30-32-33-84-76-23-21-48-18-19-49-20-22-24-86-74-13-97-75-77-25-89-85-63-51-95-68-0,5404.35564147205,seed603_lns_start62_late_regret_rm5_tw6
0-81-54-72-80-86-12-15-11-69-41-39-38-37-35-36-40-43-44-42-99-52-87-9-53-79-7-8-46-45-5-3-1-4-6-2-55-88-60-78-73-17-16-47-14-10-82-98-100-70-68-61-0,5417.965377522573,seed607_lns_start22_mixed_regret_rm8_tw6
0-90-65-66-83-64-22-20-49-19-18-48-21-23-24-57-52-69-99-11-15-16-87-9-73-79-60-53-98-88-2-6-7-45-8-46-5-3-1-4-55-78-17-47-14-12-10-13-59-86-82-100-70-61-68-0,5436.858611981559,seed606_lns_start1_random_regret_rm3_tw10
0-90-65-66-83-64-24-22-20-49-19-18-48-21-23-62-76-57-52-99-9-11-15-73-79-8-53-86-87-59-10-16-17-47-14-12-78-60-55-2-4-45-3-5-46-6-7-88-100-68-61-70-98-82-0,5442.829009316953,seed604_lns_start4_late_random_best_rm5_tw12
0-80-91-92-94-93-71-96-54-81-69-62-72-41-39-36-35-37-38-40-43-44-42-1-8-56-95-67-84-76-89-85-50-34-31-29-27-26-28-30-32-33-63-51-25-77-58-75-97-0,5452.184976257206,seed606_lns_start3_late_random_best_rm8_tw8
0-68-61-42-43-40-36-35-37-39-72-54-81-69-41-38-44-99-87-9-11-15-16-17-47-14-12-10-53-79-8-7-6-46-45-5-3-1-4-2-70-55-100-98-88-60-78-73-57-91-80-0,5586.202836699573,seed603_lns_start15_random_random_best_rm8_tw6
0-90-65-66-52-83-64-24-22-20-49-19-23-21-48-18-76-57-99-86-87-9-15-11-53-69-98-60-78-73-79-8-7-6-2-46-45-5-3-4-55-88-47-17-16-13-14-12-10-82-68-61-70-100-0,5595.0622018351805,seed607_lns_start2_late_random_best_rm8_tw10
0-90-65-66-83-64-24-22-20-49-19-18-48-21-23-62-69-99-57-52-87-9-11-15-78-73-79-60-53-82-98-88-55-6-8-7-46-5-3-45-4-2-70-61-68-100-12-16-17-47-14-10-86-59-0,5685.473034185154,seed606_lns_start1_late_random_best_rm3_tw6
0-81-80-91-92-56-86-69-42-44-43-40-36-35-37-38-39-41-72-54-96-71-93-94-67-95-84-76-62-50-34-31-29-27-26-28-30-32-33-89-85-63-51-25-77-58-75-97-59-13-1-0,5690.768096127758,seed603_lns_start4_late_regret_rm8_tw15
