route,score,source
0-83-18-6-94-96-99-85-98-37-59-97-13-0,85.32182778997878,seed701_explore_lns_start19_mixed_best_rm25_tw6
0-2-73-21-40-53-27-50-3-77-68-80-0,106.2231993369864,seed601_lns_start85_random_best_rm3_tw10
0-45-18-6-94-96-99-93-59-92-97-100-13-0,107.79091036835159,seed701_explore_lns_start4_late_best_rm25_tw15
0-59-98-85-87-99-18-6-94-37-97-13-0,108.77978753354029,seed701_explore_lns_start17_late_random_best_rm15_tw15
0-2-73-21-40-53-50-81-3-77-68-80-0,113.36310771585624,seed602_lns_start83_mixed_random_best_rm8_tw10
0-95-59-99-92-87-2-53-94-6-96-97-13-58-0,115.17139851019746,seed701_explore_lns_start29_random_random_best_rm25_tw10
0-2-73-21-72-4-25-24-29-68-80-54-0,117.05952333263143,seed701_explore_lns_start14_late_random_best_rm20_tw15
0-5-83-18-6-94-96-99-93-59-92-100-97-58-0,117.31268609828979,seed701_explore_lns_start2_late_regret_rm20_tw12
0-2-73-21-40-53-27-76-50-3-77-68-80-0,128.43625179044034,seed604_lns_start86_random_regret_rm8_tw6
0-12-76-79-29-24-55-25-67-39-54-0,129.2311823077323,seed701_explore_lns_start82_random_best_rm15_tw6
0-21-73-40-53-27-50-81-79-3-77-68-80-0,130.9524648886127,seed701_explore_lns_start85_mixed_best_rm20_tw12
0-59-98-85-99-18-6-94-87-97-37-60-89-0,132.25423943607456,seed701_explore_lns_start16_late_regret_rm10_tw12
0-12-76-24-29-34-78-81-79-3-77-68-80-0,135.95357543917618,seed701_explore_lns_start38_mixed_best_rm20_tw6
0-59-98-85-99-18-6-94-87-97-37-91-89-0,137.28757993581496,seed701_explore_lns_start19_late_regret_rm10_tw8
0-59-92-99-6-53-94-95-96-37-100-97-13-89-0,141.75359155162374,seed701_explore_lns_start28_late_best_rm25_tw10
0-52-19-62-30-51-9-81-33-3-77-68-0,143.03938648968932,seed701_explore_lns_start29_mixed_best_rm25_tw6
0-95-92-59-99-6-94-53-87-42-97-96-13-58-0,150.35776556843942,seed701_explore_lns_start29_mixed_best_rm25_tw6
0-52-83-8-45-17-86-44-93-59-97-96-89-0,151.85604103517116,seed603_lns_start79_mixed_best_rm8_tw6_guarded
0-72-75-57-42-87-97-94-6-96-59-37-91-0,153.10057894595113,seed603_lns_start83_random_regret_rm8_tw8_guarded
0-2-73-21-40-53-27-50-3-77-68-80-54-0,153.1365463308744,seed601_lns_start86_random_best_rm8_tw8
0-2-42-14-38-86-16-61-59-97-58-89-0,153.89103339834242,seed701_explore_lns_start56_mixed_random_best_rm25_tw6
0-95-59-99-6-94-53-87-97-92-91-96-13-58-0,156.19945030794318,seed701_explore_lns_start29_random_best_rm25_tw10
0-27-19-11-64-49-36-46-47-48-89-0,156.82114279004955,seed604_lns_start38_random_best_rm3_tw6
0-2-73-21-40-53-28-50-81-3-77-68-80-0,159.67513323547576,seed603_lns_start85_late_random_best_rm8_tw15_guarded
0-27-40-73-74-41-15-57-42-100-91-93-89-0,161.384828737389,seed701_explore_lns_start29_random_random_best_rm25_tw10
0-52-31-88-7-82-48-19-11-62-10-32-70-0,171.08637234623396,seed701_explore_lns_start5_late_regret_rm20_tw15
0-2-73-21-40-53-27-50-81-3-68-80-0,172.0656732721643,seed701_explore_lns_start84_random_best_rm10_tw10
0-2-73-21-40-26-53-27-50-3-77-68-80-0,172.6643730684467,seed604_lns_start84_random_regret_rm6_tw8
0-69-30-51-9-81-33-50-53-58-26-68-0,173.40688812884662,seed701_explore_lns_start42_late_random_best_rm25_tw12
0-69-51-30-32-90-63-64-49-36-48-0,174.3240257465148,seed608_lns_start85_mixed_regret_rm8_tw12
0-52-31-88-7-82-19-11-62-10-32-70-1-0,181.23906727773385,seed701_explore_lns_start19_mixed_best_rm25_tw6
0-92-59-99-18-6-94-87-97-100-37-93-96-58-0,186.81973193747154,seed701_explore_lns_start4_late_random_best_rm20_tw15
0-52-82-8-18-83-84-85-98-92-97-59-37-100-0,194.50756490899846,seed605_lns_start41_mixed_regret_rm6_tw6
0-12-76-79-29-24-55-25-67-39-4-54-0,195.53316875625165,seed701_explore_lns_start82_mixed_best_rm10_tw8
0-52-31-88-7-19-11-62-10-90-32-70-89-0,197.69622243345412,seed701_explore_lns_start4_random_random_best_rm25_tw12
0-27-2-21-40-58-53-26-50-3-77-68-80-0,197.9637589488245,seed701_explore_lns_start85_late_random_best_rm20_tw6
0-52-82-8-83-60-84-85-98-95-92-59-100-13-0,203.09556110923148,seed603_lns_start42_random_regret_rm8_tw6
0-2-73-21-40-53-50-81-3-77-68-80-54-0,203.11590498296334,seed605_lns_start85_random_random_best_rm8_tw12
0-5-99-92-95-87-40-53-94-6-96-97-13-58-0,205.35576984447414,seed701_explore_lns_start30_mixed_best_rm20_tw12
0-2-73-21-40-53-27-80-68-3-77-50-1-0,205.95909699821908,seed606_lns_start83_random_random_best_rm5_tw15
0-52-83-45-46-8-17-84-93-59-97-96-89-0,206.3302239052166,seed607_lns_start80_late_regret_rm8_tw8
0-52-82-8-18-83-84-85-98-92-59-97-100-91-0,207.77933641485225,seed701_explore_guarded
0-52-31-88-7-82-48-47-19-11-62-10-70-0,210.3544643972919,seed601_lns_start85_late_random_best_rm5_tw8_guarded
0-59-99-85-98-87-40-53-94-6-97-37-60-0,210.63699426826554,seed701_explore_guarded
0-12-76-81-51-20-71-9-3-26-58-13-0,214.60567152146677,seed701_explore_lns_start14_late_random_best_rm20_tw15
0-2-73-21-40-53-50-81-3-77-68-80-58-0,214.7099483282148,seed603_lns_start83_random_best_rm8_tw6
0-52-82-8-83-60-84-85-98-59-92-97-37-100-13-0,216.3502925170833,seed701_explore_lns_start41_mixed_random_best_rm15_tw12
0-31-88-7-48-82-8-18-83-84-5-60-96-13-0,216.75311938639408,seed701_explore_guarded
0-27-30-51-71-35-34-78-79-77-26-58-13-0,218.03612259345942,seed701_explore_lns_start4_random_random_best_rm25_tw12
0-27-69-31-30-51-9-81-33-76-3-50-1-0,220.80954640632325,seed701_explore_lns_start80_late_best_rm15_tw10
0-21-73-40-72-74-22-41-75-23-56-39-25-0,224.09522411116092,seed701_explore_lns_start12_late_random_best_rm25_tw12
0-5-45-17-86-16-44-38-14-91-93-96-0,224.23800697587228,seed701_explore_lns_start38_random_best_rm25_tw6
0-2-73-21-40-53-27-50-81-3-77-68-80-0,224.88400259915264,seed601_lns_start86_mixed_regret_rm6_tw12
0-59-99-98-85-61-5-84-83-8-45-17-93-60-0,225.8917263684981,seed701_explore_lns_start85_random_best_rm15_tw8
0-27-40-73-74-41-15-57-42-14-100-93-89-0,225.90180387138824,seed701_explore_lns_start25_random_random_best_rm20_tw8
0-83-5-84-17-61-16-86-44-85-91-37-58-0,227.52779719879706,seed701_explore_lns_start6_late_best_rm20_tw12
0-52-83-8-46-45-17-84-93-59-96-97-13-58-0,227.9618081883364,seed607_lns_start80_late_regret_rm8_tw8_guarded
0-72-75-41-22-74-56-23-67-39-25-55-54-0,230.19224115081437,seed607_lns_start42_mixed_random_best_rm8_tw15
0-52-82-8-83-60-84-85-98-59-92-97-37-100-89-0,230.44090429982725,seed701_explore_lns_start40_late_best_rm20_tw6
0-2-73-72-21-40-58-53-50-3-77-68-80-54-0,232.33076318444256,seed701_explore_lns_start82_late_random_best_rm20_tw15
0-52-82-8-83-84-61-85-98-99-92-59-37-93-60-0,233.02694261743133,seed608_lns_start40_random_regret_rm8_tw12_guarded
0-52-31-88-7-82-48-19-11-62-10-70-1-89-0,233.35091336079665,seed701_explore_lns_start5_late_regret_rm25_tw6
0-72-73-41-22-74-75-56-23-67-39-25-54-0,233.63054887644026,seed701_explore_lns_start39_random_best_rm10_tw15
0-21-72-22-75-56-23-67-39-25-55-24-54-0,233.82931224281822,seed701_explore_lns_start81_late_random_best_rm25_tw6
0-28-33-9-78-34-35-71-65-66-20-1-0,235.53931617162544,seed601_lns_start83_mixed_regret_rm6_tw6_guarded
0-2-40-73-74-41-15-57-42-14-91-93-89-0,236.25472264646402,seed701_explore_lns_start26_random_regret_rm25_tw6
0-12-29-78-34-81-79-3-77-68-80-24-4-0,237.03944769382832,seed701_explore_lns_start37_random_regret_rm10_tw12
0-27-2-57-73-21-40-53-50-3-77-68-80-0,237.71139721124297,seed701_explore_lns_start84_mixed_random_best_rm20_tw12
0-69-31-62-30-20-51-50-53-26-58-13-0,239.6564976784495,seed602_lns_start38_random_regret_rm6_tw12_guarded
0-21-73-40-53-27-50-81-3-77-68-80-24-0,240.4283100505229,seed701_explore_lns_start85_mixed_random_best_rm10_tw10
0-59-98-16-5-18-7-88-62-10-70-68-0,240.87747729089062,seed701_explore_lns_start79_late_regret_rm10_tw6
0-52-31-88-7-82-19-11-62-10-32-70-89-0,242.51749110373203,seed701_explore_lns_start2_late_best_rm10_tw15
0-52-82-8-83-60-84-85-98-59-92-97-37-100-58-0,242.86223906671847,seed601_lns_start42_late_random_best_rm6_tw10
0-98-61-85-5-84-18-7-88-10-68-0,243.55684998065067,seed701_explore_lns_start34_mixed_regret_rm10_tw12
0-69-88-7-48-82-8-18-83-84-5-60-96-13-0,243.67737500284386,seed701_explore_lns_start56_mixed_random_best_rm25_tw6
0-27-40-73-74-41-2-57-15-42-100-93-89-0,243.96377134561766,seed701_explore_lns_start26_late_random_best_rm20_tw10
0-21-72-75-57-42-87-97-94-6-96-59-37-91-0,244.1418953332761,seed701_explore_lns_start83_mixed_regret_rm10_tw12
0-12-29-78-34-79-3-77-68-80-24-4-58-0,244.7840932409041,seed701_explore_lns_start41_random_random_best_rm15_tw8
0-69-31-88-7-62-30-20-51-50-77-80-58-0,245.047981847009,seed701_explore_lns_start41_late_best_rm15_tw15
0-27-2-22-73-21-40-53-50-3-77-68-80-0,246.198156333567,seed602_lns_start82_random_regret_rm8_tw10
0-72-75-22-57-42-87-97-94-6-96-59-37-91-0,246.9886147878401,seed601_lns_start83_mixed_regret_rm6_tw6_guarded
0-31-63-90-30-20-71-35-65-66-1-0,248.04164518362904,seed701_explore_lns_start54_mixed_best_rm15_tw8
0-83-82-8-45-17-86-16-85-59-37-43-0,248.50141473631942,seed701_explore_guarded
0-27-33-9-78-34-35-71-65-66-20-1-0,249.83125123355825,seed601_lns_start86_mixed_regret_rm6_tw12_guarded
0-27-19-11-64-49-36-46-47-48-13-0,250.537726633933,seed605_lns_start37_mixed_regret_rm6_tw10
0-52-82-8-83-84-85-98-92-95-97-59-37-93-60-0,251.82377162200873,seed602_lns_start38_random_regret_rm6_tw12
0-72-75-22-57-42-87-97-6-96-59-37-93-91-0,253.06438639553633,seed602_lns_start83_random_random_best_rm8_tw12_guarded
0-2-73-72-21-40-58-53-27-50-3-77-68-80-0,254.2948947516453,seed601_lns_start82_mixed_random_best_rm6_tw8_guarded
0-27-2-73-74-21-40-53-50-3-77-68-80-0,255.66246004642684,seed604_lns_start86_random_regret_rm5_tw12
0-52-82-8-83-84-85-98-92-95-97-59-37-100-91-0,255.8271116744585,seed601_lns_start38_mixed_regret_rm8_tw8_guarded
0-72-75-57-42-87-97-94-6-96-59-37-91-93-0,255.82870084535602,seed701_explore_lns_start83_mixed_regret_rm10_tw12
0-52-31-88-7-82-47-19-11-62-10-70-13-0,256.75938904485406,seed601_lns_start82_late_regret_rm5_tw6_guarded
0-27-83-45-8-18-60-5-85-84-17-93-89-0,257.9031547110526,seed701_explore_lns_start82_late_random_best_rm20_tw15
0-88-19-11-64-49-36-46-47-48-13-0,257.99350552451915,seed604_lns_start77_random_regret_rm6_tw6
0-27-62-19-11-64-49-36-47-46-48-89-0,258.46375546782417,seed701_explore_lns_start39_random_best_rm25_tw6
0-27-28-40-53-81-51-20-32-10-70-89-0,261.42689952072845,seed701_explore_lns_start54_mixed_regret_rm20_tw8
0-12-76-29-34-78-81-79-3-68-24-54-4-0,262.38162451758416,seed701_explore_lns_start41_late_best_rm15_tw15
0-2-73-21-40-53-26-50-81-3-77-68-80-0,264.1667319325643,seed605_lns_start83_mixed_random_best_rm6_tw10
0-52-82-8-45-83-84-85-98-95-92-59-37-100-0,265.65637723232516,seed701_explore_lns_start40_mixed_best_rm15_tw12
0-12-76-33-51-20-9-81-3-26-58-93-0,268.2258312090724,seed701_explore_lns_start19_mixed_best_rm25_tw6
0-2-73-21-40-53-27-50-51-3-77-68-80-0,269.34685297040204,seed607_lns_start83_mixed_random_best_rm8_tw10
0-69-31-90-32-63-11-64-49-36-47-48-0,270.73979171806656,seed701_explore_lns_start30_mixed_best_rm20_tw12
0-2-53-87-37-98-59-99-94-6-96-13-58-89-0,271.3594706454668,seed701_explore_lns_start12_late_random_best_rm25_tw12
0-95-98-85-99-5-84-60-18-83-45-17-93-100-0,271.3672070890518,seed701_explore_lns_start83_random_random_best_rm15_tw8
0-52-82-8-83-84-85-98-92-95-97-59-37-93-91-0,271.8760461104911,seed602_lns_start38_random_regret_rm6_tw12_guarded
0-21-73-40-53-27-50-81-3-77-68-80-26-0,272.34067240980863,seed608_lns_start85_random_best_rm8_tw12_guarded
0-12-76-29-34-78-81-79-3-77-80-24-4-0,272.7583253295472,seed701_explore_lns_start40_late_regret_rm15_tw10
0-52-82-8-83-84-61-85-98-95-92-97-37-100-91-0,276.8937111866035,seed606_lns_start41_random_regret_rm6_tw6_guarded
0-52-82-8-83-84-99-98-92-95-97-59-37-100-93-0,277.1252230499286,seed603_lns_start38_mixed_random_best_rm6_tw10_guarded
0-42-14-44-38-86-16-61-5-45-17-60-0,277.2082079765272,seed701_explore_guarded
0-12-76-79-29-24-54-55-25-67-39-74-0,278.75125709703025,seed602_lns_start82_late_best_rm5_tw6
0-69-51-30-32-90-63-64-49-36-48-89-0,278.9256605923696,seed601_lns_start85_late_random_best_rm5_tw8
0-21-40-2-57-15-87-94-6-5-43-0,279.43417806598234,seed608_lns_start38_mixed_regret_rm8_tw6
0-12-76-29-34-78-81-79-3-77-24-54-4-0,279.5287791461857,seed701_explore_lns_start38_late_regret_rm15_tw6
0-27-7-19-11-64-49-36-47-46-48-89-0,279.74655201134647,seed601_lns_start42_mixed_random_best_rm8_tw8
0-52-83-8-46-45-17-84-5-96-59-97-93-89-0,279.9846150028458,seed701_explore_lns_start79_late_regret_rm10_tw8
0-2-73-72-21-40-53-26-50-3-77-68-80-54-0,280.92102802174753,seed701_explore_lns_start86_late_best_rm20_tw10
0-27-33-78-34-35-65-71-3-77-58-13-0,281.52280881423445,seed701_explore_lns_start2_mixed_best_rm20_tw12
0-69-30-90-32-63-64-49-36-48-89-13-0,281.91783148924566,seed602_lns_start84_random_random_best_rm8_tw15
0-27-40-73-74-41-2-57-15-14-100-93-89-0,283.93154568729847,seed701_explore_lns_start29_mixed_best_rm25_tw6
0-52-82-8-83-60-84-61-85-98-92-59-97-100-58-0,284.3473112219887,seed701_explore_lns_start38_mixed_regret_rm15_tw12
0-27-2-40-73-74-41-15-57-42-97-93-89-0,286.9458240084967,seed701_explore_lns_start32_late_regret_rm20_tw12
0-21-40-2-57-15-87-97-94-6-96-5-60-0,287.11864596323375,seed605_lns_start37_late_random_best_rm6_tw15_guarded
0-2-73-21-40-53-94-27-50-3-77-68-80-0,289.19414001024666,seed602_lns_start83_random_random_best_rm8_tw12
0-2-73-21-72-4-54-80-68-29-24-25-55-0,289.31117095140047,seed701_explore_lns_start19_late_regret_rm10_tw8
0-2-73-40-53-27-50-81-3-77-68-80-13-0,290.1910953604223,seed701_explore_lns_start86_mixed_regret_rm20_tw8
0-52-83-8-46-45-17-86-61-93-59-96-89-0,291.5846214976882,seed604_lns_start79_late_random_best_rm8_tw10
0-52-82-8-83-84-61-85-98-95-92-59-37-100-60-0,292.663957367815,seed603_lns_start38_random_regret_rm6_tw12
0-72-75-57-42-87-97-94-6-96-59-37-91-58-0,292.77057133651033,seed603_lns_start83_mixed_regret_rm8_tw6
0-42-14-44-86-16-61-17-45-5-96-93-91-0,292.95721016246773,seed604_lns_start40_mixed_random_best_rm8_tw15
0-27-69-31-30-51-9-81-33-3-80-50-1-58-0,294.99385002675695,seed701_explore_lns_start81_late_random_best_rm25_tw6
0-52-82-7-88-31-10-62-11-19-47-46-89-0,295.00300231242136,seed606_lns_start83_late_regret_rm8_tw10_guarded
0-12-76-81-51-20-9-3-26-58-13-93-0,295.9186327327051,seed701_explore_lns_start17_late_random_best_rm15_tw15
0-52-82-8-83-84-85-98-92-95-97-59-37-100-60-0,296.3249642740382,seed601_lns_start38_mixed_regret_rm8_tw8
0-52-83-8-46-45-17-61-86-93-96-60-89-0,296.8359290889983,seed701_explore_lns_start80_late_best_rm10_tw12
0-72-75-57-42-87-97-92-94-6-96-59-37-91-0,297.8948567156938,seed601_lns_start86_mixed_regret_rm6_tw12
0-52-82-8-84-85-98-92-97-95-59-37-100-91-60-0,298.04653383732546,seed604_lns_start40_random_random_best_rm4_tw10
0-69-31-88-62-30-20-51-50-53-26-58-0,298.3297325176404,seed701_explore_lns_start37_random_regret_rm10_tw12
0-21-73-41-22-74-75-56-23-67-39-25-55-54-0,299.83069022558095,seed701_explore_lns_start41_mixed_regret_rm10_tw10
0-52-82-8-84-85-98-92-97-95-96-59-37-100-60-0,301.4901779100951,seed602_lns_start37_random_random_best_rm3_tw12
0-59-98-61-84-5-18-7-88-62-10-70-68-0,301.54300193382517,seed601_lns_start80_late_random_best_rm8_tw10
0-28-51-9-34-35-71-65-66-20-1-58-0,301.6076725113521,seed701_explore_lns_start84_random_regret_rm25_tw12
0-52-82-8-83-84-85-98-92-95-97-37-59-96-60-0,302.34868540646175,seed608_lns_start40_random_random_best_rm4_tw8
0-5-61-85-98-84-60-18-7-10-70-68-0,302.6244211094471,seed701_explore_lns_start26_random_regret_rm25_tw6
0-28-69-76-12-3-81-9-51-66-20-70-1-0,302.89535739593344,seed701_explore_lns_start6_random_best_rm25_tw15
0-12-76-33-78-34-79-3-29-24-54-80-68-77-0,303.76200531862185,seed701_explore_lns_start56_mixed_random_best_rm25_tw8
0-27-28-40-73-74-41-2-57-15-42-100-93-89-0,303.8938963292947,seed701_explore_guarded
0-98-44-85-61-84-5-18-7-70-68-0,304.26141799656773,seed701_explore_lns_start26_mixed_best_rm20_tw10
0-27-31-7-19-11-64-49-36-47-48-46-0,304.9721479877569,seed701_explore_lns_start42_late_regret_rm25_tw10
0-83-45-17-61-16-86-44-14-42-91-93-96-0,305.65200759122433,seed605_lns_start39_random_random_best_rm5_tw8
0-2-42-44-38-86-16-61-37-59-97-58-89-0,306.49970225788434,seed701_explore_guarded
0-95-92-85-16-86-44-14-43-15-41-56-4-0,307.1999214686889,seed701_explore_lns_start85_late_best_rm20_tw10
0-2-15-14-38-86-16-98-59-6-96-58-0,308.227655135971,seed701_explore_lns_start54_mixed_regret_rm15_tw6
0-72-75-2-57-42-87-97-94-6-96-59-37-91-0,308.3538318092245,seed701_explore_lns_start85_mixed_random_best_rm10_tw10
0-27-33-79-78-34-35-65-71-50-77-13-0,309.2930100608553,seed701_explore_lns_start4_late_random_best_rm20_tw15
0-2-73-21-40-53-28-50-81-3-77-68-80-54-0,309.458194961615,seed601_lns_start85_late_random_best_rm5_tw8_guarded
0-5-61-16-85-84-83-18-7-10-70-68-0,311.0959923512131,seed701_explore_guarded
0-98-44-61-84-5-18-88-62-10-70-68-0,311.6636026838122,seed601_lns_start81_late_random_best_rm6_tw10_guarded
0-95-92-85-61-99-6-94-87-42-57-26-4-0,312.06000216429896,seed701_explore_lns_start80_mixed_best_rm20_tw6
0-2-73-40-53-27-50-81-3-77-68-80-26-0,313.0104341473904,seed701_explore_lns_start83_mixed_best_rm20_tw8
0-21-73-41-22-74-75-56-23-67-39-25-55-4-0,314.4382383211508,seed701_explore_lns_start56_mixed_random_best_rm25_tw8
0-5-83-45-17-86-16-44-38-14-91-93-60-0,314.52048889645283,seed701_explore_guarded
0-28-33-78-34-81-9-35-71-65-66-20-0,315.9257053645045,seed701_explore_lns_start82_late_random_best_rm20_tw15
0-42-44-86-16-61-17-45-84-96-59-93-91-0,316.33302360229743,seed606_lns_start39_mixed_best_rm5_tw8
0-75-72-73-57-42-87-97-94-6-96-59-37-91-0,316.37730214428456,seed604_lns_start83_random_random_best_rm8_tw10
0-52-19-62-30-51-9-81-33-3-77-50-1-0,317.27940777095125,seed602_lns_start26_random_regret_rm8_tw15
0-52-82-8-83-84-61-85-98-95-92-97-37-100-60-0,317.39156378618327,seed606_lns_start39_mixed_random_best_rm5_tw8
0-52-82-8-45-84-99-85-98-59-92-97-37-100-60-0,320.6404185694703,seed604_lns_start40_mixed_random_best_rm8_tw15_guarded
0-28-76-24-29-34-78-81-79-3-77-68-80-4-0,320.9317918314595,seed701_explore_lns_start40_random_regret_rm10_tw15
0-2-73-21-40-53-28-50-81-3-77-68-80-58-0,321.0522383068663,seed601_lns_start86_mixed_regret_rm6_tw12_guarded
0-5-61-6-94-96-59-97-87-57-42-37-91-13-0,322.3398171941485,seed701_explore_lns_start83_late_random_best_rm20_tw12
0-28-33-35-71-65-66-90-63-32-70-1-0,322.47695611378265,seed701_explore_lns_start39_random_best_rm15_tw10
0-69-51-30-32-90-63-64-49-48-89-13-0,322.84450324584634,seed605_lns_start83_mixed_best_rm8_tw12
0-21-40-2-57-15-87-94-6-5-45-60-0,323.11662742642466,seed608_lns_start38_mixed_best_rm6_tw10
0-42-14-44-86-16-61-84-45-17-91-93-96-0,323.88485550328267,seed603_lns_start39_random_regret_rm6_tw6
0-21-40-2-57-15-42-87-94-6-37-13-60-0,323.97871364162313,seed701_explore_lns_start40_mixed_random_best_rm25_tw6
0-12-76-79-29-24-55-25-67-39-54-26-0,324.4652185792918,seed601_lns_start85_random_regret_rm6_tw10
0-72-75-57-42-87-97-13-94-6-96-59-37-91-0,325.0503882252057,seed601_lns_start85_late_random_best_rm5_tw8
0-42-14-38-44-16-86-17-45-96-93-91-0,325.7399790393234,seed603_lns_start38_random_regret_rm6_tw12
0-42-14-38-44-91-16-86-17-45-93-58-0,325.7404885760945,seed701_explore_lns_start41_random_best_rm10_tw8
0-61-16-44-14-38-86-17-45-96-93-91-0,326.28514656513977,seed601_lns_start42_late_best_rm5_tw8
0-52-82-8-83-84-85-98-92-95-97-59-37-13-60-0,326.47441884001046,seed604_lns_start39_random_best_rm4_tw12
0-72-2-57-42-87-97-94-6-96-59-37-100-91-93-0,328.37454828003604,seed701_explore_lns_start85_mixed_best_rm20_tw12
0-72-40-53-28-81-9-51-10-70-1-89-0,328.4383209346853,seed701_explore_lns_start54_mixed_regret_rm15_tw6
0-52-82-18-83-84-85-98-92-95-97-59-37-100-60-0,328.5547100864804,seed602_lns_start38_mixed_regret_rm8_tw6_guarded
0-59-98-16-61-5-18-7-88-62-10-70-68-0,328.63279309732246,seed701_explore_lns_start81_late_random_best_rm10_tw6
0-52-82-8-83-60-84-85-98-95-92-59-37-100-58-0,330.2337350916388,seed701_explore_lns_start37_late_best_rm15_tw8
0-52-82-8-45-83-84-85-98-92-95-97-59-100-0,332.5391126979216,seed701_explore_lns_start40_mixed_random_best_rm25_tw6
0-42-14-44-38-86-16-61-45-17-91-93-0,332.58514274149024,seed601_lns_start38_mixed_regret_rm8_tw8
0-5-61-16-86-60-18-88-62-10-70-68-0,333.12085391570304,seed607_lns_start80_late_regret_rm8_tw8_guarded
0-21-40-2-57-42-87-95-94-6-5-96-1-0,333.48470851227864,seed701_explore_lns_start41_mixed_random_best_rm15_tw12
0-59-98-99-85-61-84-5-60-18-83-45-17-100-0,334.64659864645495,seed701_explore_lns_start82_mixed_regret_rm10_tw15
0-19-62-30-51-9-81-33-3-77-50-1-89-0,334.8323154244705,seed701_explore_lns_start31_mixed_best_rm15_tw15
0-27-19-11-64-49-36-46-47-48-89-13-0,335.3833409403311,seed601_lns_start38_mixed_regret_rm8_tw8
0-21-72-41-22-75-56-23-67-39-25-55-54-80-0,335.3851365988811,seed602_lns_start76_mixed_best_rm8_tw10
0-92-16-61-85-5-84-17-45-8-46-47-48-0,335.6000441841231,seed701_explore_lns_start12_late_random_best_rm25_tw12
0-45-61-16-86-38-44-14-42-91-93-96-0,336.664149210941,seed601_lns_start40_mixed_regret_rm6_tw15
0-12-76-79-29-24-55-25-67-39-74-26-0,336.79070751113363,seed601_lns_start83_mixed_regret_rm6_tw6
0-69-31-90-32-63-11-19-49-36-47-48-60-0,341.1278944023841,seed701_explore_lns_start26_mixed_best_rm20_tw10
0-52-83-8-46-45-17-86-16-93-97-96-89-0,342.34117246744233,seed603_lns_start81_late_best_rm8_tw8
0-52-31-88-7-82-47-19-11-62-10-70-1-13-0,343.7239074422758,seed602_lns_start82_random_regret_rm8_tw10_guarded
0-27-40-73-74-41-2-57-15-42-14-100-89-0,346.8890061496951,seed701_explore_lns_start25_mixed_regret_rm15_tw15
0-52-82-8-83-60-84-85-98-92-95-97-37-100-58-0,347.3151190657741,seed602_lns_start41_random_regret_rm8_tw12
0-42-14-38-44-86-16-61-17-45-93-96-0,347.5913543878912,seed603_lns_start38_mixed_random_best_rm6_tw10
0-5-45-17-61-16-86-44-38-14-91-93-96-0,349.399991605434,seed606_lns_start41_random_random_best_rm8_tw15
0-52-82-84-61-85-100-98-92-95-97-37-59-96-60-0,349.59121946866276,seed701_explore_lns_start40_mixed_best_rm20_tw8
0-5-61-85-98-93-84-83-18-8-45-17-60-13-0,352.0044824191102,seed701_explore_guarded
0-83-18-6-94-87-97-92-99-96-59-93-100-17-0,352.58328491178605,seed701_explore_lns_start2_mixed_best_rm25_tw15
0-12-76-79-29-24-55-25-67-39-56-4-54-0,352.68603092261947,seed602_lns_start82_random_regret_rm8_tw10_guarded
0-21-73-72-41-22-74-75-56-23-67-39-25-55-0,353.20805279396797,seed701_explore_guarded
0-12-76-29-24-54-55-25-67-39-74-26-0,353.2974585540883,seed602_lns_start84_random_random_best_rm5_tw15
0-12-76-24-29-34-78-81-79-3-77-68-80-4-0,353.43152892048965,seed601_lns_start38_mixed_regret_rm8_tw8
0-12-76-79-29-24-55-25-67-23-56-39-0,354.38287550546545,seed601_lns_start82_late_regret_rm5_tw6_guarded
0-28-33-9-78-34-35-71-65-66-20-58-0,358.09114292739343,seed602_lns_start86_random_best_rm6_tw15
0-75-23-42-87-95-94-6-96-59-93-37-91-0,358.53620764818294,seed701_explore_lns_start84_mixed_random_best_rm20_tw12
0-95-92-99-98-87-14-38-44-91-97-96-13-58-0,359.48693856763884,seed701_explore_guarded
0-27-18-19-11-64-49-36-47-48-46-0,360.46976694613767,seed701_explore_lns_start37_late_best_rm15_tw8
0-98-44-16-84-5-7-88-62-10-70-68-0,360.7085672843501,seed608_lns_start81_mixed_regret_rm8_tw15
0-28-12-76-79-78-34-35-71-65-66-20-77-0,360.8188000127896,seed601_lns_start81_late_random_best_rm6_tw10_guarded
0-27-31-88-7-82-46-47-19-11-62-10-70-0,361.34164939049185,seed701_explore_lns_start84_random_best_rm15_tw12
0-72-75-57-42-87-97-94-6-96-59-37-91-14-0,361.7792020372866,seed605_lns_start86_random_regret_rm8_tw15
0-28-9-78-34-35-71-65-66-20-1-58-0,363.18669092170785,seed701_explore_guarded
0-69-51-30-32-63-64-49-36-48-89-13-0,364.3048643348242,seed701_explore_lns_start85_mixed_best_rm20_tw12
0-12-76-24-29-34-78-81-79-3-77-68-80-26-0,365.6749979193409,seed701_explore_lns_start37_mixed_random_best_rm10_tw8
0-16-61-85-5-84-18-7-88-10-70-68-0,366.2682867281382,seed701_explore_lns_start33_mixed_random_best_rm20_tw8
0-52-83-8-46-45-61-16-86-17-93-96-89-0,367.7107333018847,seed608_lns_start80_late_random_best_rm8_tw12
0-52-82-8-83-84-85-98-92-95-97-37-59-89-1-0,368.03723188622655,seed606_lns_start39_random_random_best_rm8_tw10_guarded
0-69-30-90-63-32-20-66-71-65-35-1-0,368.09963244488574,seed701_explore_guarded
0-27-69-31-30-51-9-81-33-29-3-50-1-89-0,369.1830927551476,seed607_lns_start80_late_regret_rm8_tw8_guarded
0-2-73-21-40-53-27-50-3-77-68-80-54-24-0,369.4756416822273,seed701_explore_lns_start83_late_random_best_rm20_tw12
0-52-31-88-7-82-19-11-62-10-32-89-13-0,369.7263864460343,seed701_explore_lns_start6_random_best_rm25_tw15
0-28-12-76-79-78-34-35-71-65-66-20-32-0,370.6475929590057,seed603_lns_start79_mixed_best_rm8_tw6_guarded
0-27-69-31-30-51-9-81-33-76-3-50-1-58-0,370.71650446406477,seed601_lns_start81_late_random_best_rm6_tw10
0-69-51-30-32-90-63-64-49-36-46-89-0,371.3628189609665,seed601_lns_start85_late_random_best_rm5_tw8_guarded
0-88-19-62-30-51-9-81-33-3-77-50-1-0,371.55566257240434,seed701_explore_lns_start29_random_random_best_rm25_tw10
0-69-51-30-32-90-63-64-49-36-48-13-0,372.642244436253,seed601_lns_start84_late_random_best_rm8_tw6
0-12-76-79-29-24-55-25-67-23-39-74-0,372.72120313999017,seed601_lns_start84_late_best_rm5_tw12
0-12-76-33-81-78-34-29-24-77-68-80-54-4-0,373.18491066840545,seed701_explore_lns_start39_random_best_rm25_tw6
0-27-40-73-74-41-2-57-15-42-14-100-37-0,373.3831398621232,seed701_explore_lns_start26_late_regret_rm20_tw6
0-12-76-79-78-34-29-24-3-77-68-4-74-0,374.2543428025382,seed701_explore_lns_start77_random_best_rm25_tw6
0-52-82-8-84-61-85-98-59-95-92-37-97-100-60-0,374.34257036849857,seed701_explore_lns_start40_mixed_regret_rm20_tw6
0-12-76-79-29-24-25-67-23-39-55-54-0,375.6476064535574,seed701_explore_lns_start85_late_best_rm25_tw12
0-28-71-35-65-66-32-90-63-10-70-1-0,376.97754697232534,seed603_lns_start41_mixed_random_best_rm8_tw8_guarded
0-33-71-35-65-66-32-90-63-10-70-1-0,377.7599081367156,seed601_lns_start38_mixed_regret_rm8_tw8
0-27-2-73-21-40-58-53-26-3-50-77-68-80-0,378.13140411706814,seed701_explore_lns_start86_mixed_regret_rm20_tw8
0-27-28-33-81-79-78-34-35-71-65-66-20-0,378.13252030582623,seed701_explore_lns_start16_mixed_best_rm25_tw6
0-12-76-79-29-54-55-25-67-39-74-26-0,378.1703547276785,seed606_lns_start82_mixed_best_rm6_tw15
0-72-73-41-22-74-75-56-23-67-39-25-55-54-0,379.08662071309385,seed601_lns_start38_mixed_regret_rm8_tw8
0-59-98-61-84-5-18-7-88-62-10-70-1-68-0,380.69849570950055,seed603_lns_start81_late_best_rm8_tw8_guarded
0-82-19-11-90-63-64-49-36-47-48-60-0,381.0461981658842,seed603_lns_start79_mixed_best_rm8_tw6
0-27-19-11-64-49-36-47-48-46-60-13-0,381.18049173180583,seed606_lns_start39_random_random_best_rm8_tw10_guarded
0-52-82-8-83-84-61-85-98-92-95-97-59-100-60-0,381.4169498725885,seed606_lns_start41_random_regret_rm6_tw6
0-52-82-8-83-60-61-85-98-95-92-59-37-100-97-0,382.0254472287927,seed701_explore_lns_start37_mixed_best_rm10_tw12
0-72-75-23-57-42-87-94-6-96-59-37-97-0,382.758531683364,seed602_lns_start82_mixed_random_best_rm8_tw6
0-52-82-8-83-84-85-98-92-95-97-96-59-100-60-0,382.76675948632476,seed602_lns_start37_random_regret_rm6_tw10
0-69-51-30-32-90-63-64-49-36-89-13-0,384.39345898321164,seed603_lns_start83_mixed_random_best_rm4_tw6
0-52-82-7-88-31-10-62-11-19-47-46-17-0,385.09201120478843,seed602_lns_start84_random_random_best_rm4_tw15_guarded
0-98-99-85-61-5-84-83-18-8-45-60-93-100-0,386.4419077969231,seed602_lns_start84_random_random_best_rm4_tw15_guarded
0-12-29-24-79-78-34-81-33-3-77-68-80-4-0,386.73365813002755,seed701_explore_lns_start42_late_regret_rm25_tw10
0-52-83-8-46-45-17-61-5-59-97-93-60-89-0,386.83012425173774,seed701_explore_lns_start80_late_regret_rm15_tw8
0-95-92-42-57-15-41-22-75-23-39-56-74-4-0,388.1285717114122,seed701_explore_lns_start16_mixed_best_rm25_tw6
0-72-75-57-42-87-97-94-6-96-59-37-91-17-0,389.23987473284296,seed701_explore_lns_start82_mixed_regret_rm10_tw8
0-21-40-53-87-94-6-96-99-59-92-97-37-100-93-0,389.38795410419493,seed701_explore_lns_start6_random_best_rm25_tw15
0-21-40-2-57-15-87-95-94-6-5-45-0,390.4289692476622,seed701_explore_lns_start41_mixed_best_rm10_tw10
0-59-98-5-84-18-7-88-62-10-32-70-68-0,390.761491848707,seed608_lns_start80_late_random_best_rm8_tw12
0-52-82-8-83-60-84-85-98-59-92-97-37-100-43-0,390.778577790599,seed701_explore_lns_start41_mixed_best_rm10_tw10
0-27-40-73-74-41-2-57-42-14-100-91-93-89-0,391.55474692140734,seed701_explore_lns_start26_random_random_best_rm20_tw12
0-2-73-21-40-53-50-81-33-3-77-68-80-26-0,392.3452546223373,seed701_explore_guarded
0-52-82-7-88-31-10-62-11-19-47-46-58-0,393.4739647936043,seed606_lns_start83_random_random_best_rm5_tw8_guarded
0-27-28-40-73-74-41-15-57-42-100-91-93-60-89-0,393.7637203621374,seed701_explore_guarded
0-98-99-85-61-5-84-83-18-8-45-17-93-100-0,394.57345043346993,seed602_lns_start84_random_random_best_rm4_tw6
0-69-51-30-32-90-63-64-49-36-46-48-0,395.035778989533,seed603_lns_start85_late_random_best_rm8_tw15_guarded
0-98-44-85-61-84-5-18-7-10-70-68-0,395.37709780337343,seed701_explore_lns_start31_random_regret_rm10_tw6
0-52-31-88-7-82-47-19-11-62-10-70-89-13-0,395.68657042943266,seed603_lns_start85_late_random_best_rm8_tw15_guarded
0-28-33-9-78-34-35-71-65-66-20-70-1-0,396.23542123638344,seed603_lns_start83_random_regret_rm8_tw8
0-27-69-31-30-51-9-81-33-29-3-50-1-58-0,396.3709183356601,seed601_lns_start81_late_random_best_rm6_tw10_guarded
0-92-59-99-18-6-94-87-97-100-37-93-96-26-0,397.0587938199104,seed701_explore_lns_start7_late_random_best_rm20_tw12
0-52-31-88-7-82-19-11-62-10-32-70-1-89-0,398.3562451090792,seed701_explore_lns_start16_mixed_best_rm25_tw6
0-2-73-21-40-53-28-50-81-3-77-68-80-26-0,398.66805578187837,seed601_lns_start85_late_random_best_rm4_tw15_guarded
0-12-29-79-81-9-35-34-78-3-77-68-80-24-0,399.2210283193523,seed701_explore_lns_start40_late_best_rm20_tw6
0-2-73-21-40-53-27-50-81-3-77-68-80-54-0,400.10095696203666,seed601_lns_start85_late_random_best_rm5_tw8
0-95-92-85-99-94-97-87-42-57-53-26-4-0,401.30218032483276,seed701_explore_lns_start81_mixed_random_best_rm10_tw15
0-98-99-85-84-5-60-18-83-8-45-17-93-100-0,401.3796731930667,seed701_explore_guarded
0-28-21-72-75-56-23-67-39-25-55-54-80-24-0,401.5033455889983,seed701_explore_lns_start26_mixed_random_best_rm20_tw10
0-98-99-85-61-5-84-83-18-60-45-17-93-100-0,402.8121846987037,seed604_lns_start86_random_regret_rm8_tw6
0-28-33-9-81-78-34-35-71-65-66-20-1-0,403.20676461769256,seed601_lns_start82_mixed_random_best_rm6_tw8_guarded
0-28-76-33-78-34-9-35-71-65-66-20-1-0,403.52172411628567,seed603_lns_start83_mixed_regret_rm8_tw6
0-52-82-8-83-84-85-98-99-95-92-59-37-100-97-0,404.14289553120466,seed601_lns_start37_random_regret_rm6_tw8
0-12-76-79-29-24-54-55-67-39-74-26-0,404.26182845199827,seed607_lns_start85_mixed_regret_rm8_tw15
0-98-61-85-93-99-5-84-45-8-83-60-17-100-0,404.6859401436312,seed701_explore_lns_start84_random_random_best_rm10_tw6
0-2-73-21-40-53-27-50-81-33-3-77-68-80-0,405.01887059820024,seed602_lns_start82_random_random_best_rm6_tw15
0-21-40-2-57-87-95-94-6-5-85-43-0,405.4377198162109,seed701_explore_lns_start40_mixed_random_best_rm10_tw15
0-16-61-84-5-18-7-88-62-10-70-77-68-0,405.8647460173009,seed603_lns_start79_mixed_best_rm8_tw6_guarded
0-21-72-22-75-56-23-67-39-25-55-54-80-24-0,406.5287977471146,seed601_lns_start81_late_random_best_rm6_tw10
0-52-82-8-83-84-85-98-92-95-97-59-37-100-43-0,406.9344041907118,seed608_lns_start38_mixed_best_rm6_tw10
0-21-40-2-57-15-43-87-94-6-5-60-89-0,407.0391281847096,seed605_lns_start37_mixed_regret_rm6_tw10
0-12-76-79-29-24-55-25-67-39-56-74-54-0,408.7877698823945,seed604_lns_start82_random_regret_rm8_tw10_guarded
0-52-83-8-46-45-17-86-16-93-59-96-60-89-0,412.12612894525705,seed601_lns_start81_late_random_best_rm6_tw10_guarded
0-69-31-88-7-62-30-20-51-9-50-26-58-0,412.21891726824185,seed601_lns_start37_late_random_best_rm6_tw15
0-5-61-16-86-38-14-44-91-93-96-60-45-0,413.91462462775394,seed602_lns_start41_late_random_best_rm6_tw12_guarded
0-2-73-21-72-4-25-55-24-29-3-68-80-54-0,415.08579409087315,seed701_explore_lns_start4_random_random_best_rm25_tw12
0-21-72-75-57-42-87-97-94-6-96-59-37-91-100-0,416.14859508742046,seed608_lns_start86_mixed_random_best_rm8_tw12
0-69-31-88-62-30-20-9-50-26-53-58-0,416.3097085318525,seed701_explore_lns_start42_random_best_rm20_tw12
0-27-33-9-78-34-35-71-65-66-20-70-1-0,417.12363401920834,seed602_lns_start84_random_random_best_rm4_tw15_guarded
0-21-72-73-40-53-58-26-50-3-77-68-80-74-0,417.50400358724414,seed701_explore_lns_start85_late_best_rm20_tw10
0-52-82-7-88-31-70-10-62-19-47-46-58-0,418.12307230668483,seed701_explore_lns_start83_random_random_best_rm10_tw8
0-95-92-16-44-14-43-15-41-22-56-4-58-13-0,418.39281806404017,seed603_lns_start85_late_random_best_rm6_tw12
0-2-40-53-21-73-72-4-25-55-54-80-68-24-0,418.88668264906346,seed701_explore_lns_start2_mixed_best_rm25_tw15
0-88-62-30-20-51-50-53-58-26-54-55-0,418.94185277464265,seed701_explore_lns_start42_late_regret_rm25_tw10
0-21-40-2-57-15-87-94-6-99-5-96-89-0,419.44653117269513,seed605_lns_start41_random_random_best_rm3_tw15_guarded
0-44-5-60-18-7-88-62-10-32-70-68-0,419.6539920879566,seed604_lns_start80_mixed_random_best_rm8_tw6_guarded
0-52-82-8-18-84-61-85-98-92-97-59-96-37-100-0,420.28528973727595,seed701_explore_guarded
0-52-83-8-46-45-17-86-61-93-97-96-89-0,420.2861231690388,seed603_lns_start80_late_regret_rm8_tw6
0-83-5-84-17-61-85-16-86-44-91-14-43-0,420.34726260394467,seed701_explore_lns_start2_late_best_rm10_tw15
0-15-41-22-72-75-56-23-67-39-25-55-54-0,421.1720567973307,seed701_explore_lns_start37_mixed_best_rm25_tw10
0-95-92-98-85-99-6-94-87-57-15-43-14-100-91-0,424.3450572911815,seed701_explore_guarded
0-62-11-64-49-19-47-36-46-48-89-13-0,424.7489146174714,seed701_explore_lns_start37_mixed_best_rm25_tw10
0-27-2-73-74-41-15-57-42-14-100-91-93-89-0,425.5535080572272,seed701_explore_lns_start30_mixed_best_rm20_tw12
0-27-2-40-73-74-41-15-57-42-100-91-93-89-0,426.9944522943759,seed701_explore_lns_start31_random_regret_rm10_tw6
0-59-98-16-84-5-18-7-88-62-10-70-68-0,427.13461776621807,seed603_lns_start80_late_regret_rm8_tw6
0-12-76-79-29-24-55-25-67-39-4-26-58-0,427.6318725294757,seed607_lns_start82_random_random_best_rm4_tw8_guarded
0-52-83-8-46-45-17-86-16-91-93-96-60-89-0,427.7711438723975,seed701_explore_guarded
0-27-69-31-30-51-9-81-33-29-3-77-50-58-0,428.0286166691602,seed603_lns_start81_late_best_rm8_tw8_guarded
0-61-16-86-38-44-91-85-84-37-14-43-0,428.8574323814213,seed701_explore_lns_start2_mixed_best_rm25_tw15
0-72-75-57-42-87-97-94-6-96-99-59-37-91-0,429.1956084737314,seed701_explore_lns_start85_late_regret_rm10_tw10
0-98-99-85-61-5-84-83-18-8-45-17-60-100-0,431.09875173280295,seed601_lns_start82_mixed_random_best_rm6_tw8_guarded
0-52-82-8-83-84-85-98-100-37-92-59-97-13-43-0,431.9840821067602,seed701_explore_lns_start38_mixed_random_best_rm20_tw8
0-82-83-84-18-6-94-95-96-92-59-37-100-91-13-0,432.8764514817793,seed701_explore_lns_start77_random_best_rm25_tw6
0-27-2-73-21-40-53-26-50-3-77-68-80-13-0,433.37734967619303,seed701_explore_lns_start84_random_random_best_rm10_tw6
0-42-14-44-38-86-16-61-17-45-60-93-13-0,434.21638043127916,seed601_lns_start38_mixed_regret_rm8_tw8_guarded
0-21-40-2-57-15-87-94-6-99-5-96-13-0,434.74044644884725,seed604_lns_start39_random_best_rm4_tw15_guarded
0-52-82-18-83-60-84-61-85-98-92-59-37-100-91-58-0,437.0061490874942,seed701_explore_guarded
0-69-31-7-62-30-20-51-50-26-53-58-0,437.08340567067285,seed602_lns_start38_random_regret_rm6_tw12
0-72-75-41-57-42-87-97-94-6-96-59-93-37-91-0,437.31311714645267,seed701_explore_guarded
0-52-82-8-83-84-16-85-98-92-95-97-37-100-60-0,438.4232825519176,seed701_explore_lns_start42_random_random_best_rm10_tw12
0-2-21-72-22-75-56-23-67-39-25-55-54-24-0,438.6532369741063,seed701_explore_lns_start25_random_random_best_rm20_tw8
0-5-61-44-85-84-83-18-7-10-70-68-0,439.99971822403876,seed701_explore_lns_start29_random_random_best_rm25_tw10
0-52-88-31-70-90-10-62-11-19-47-46-17-0,442.10424688023863,seed701_explore_lns_start85_mixed_best_rm20_tw12
0-52-62-11-19-49-36-47-46-45-17-93-100-0,442.49908893521246,seed701_explore_lns_start56_mixed_random_best_rm25_tw8
0-27-2-73-21-40-58-53-50-3-77-68-80-74-0,442.7716740199046,seed601_lns_start85_random_regret_rm6_tw10
0-42-14-44-38-86-16-61-17-45-60-96-13-0,442.83054253536295,seed603_lns_start38_mixed_random_best_rm6_tw10_guarded
0-83-85-61-84-17-86-16-44-38-14-43-0,443.014071577874,seed701_explore_lns_start5_late_regret_rm25_tw6
0-52-82-8-83-18-84-85-98-92-97-59-37-100-60-0,443.47191850292586,seed601_lns_start42_late_best_rm5_tw8
0-28-33-35-71-65-66-32-90-63-10-70-0,445.15043462123936,seed701_explore_lns_start41_random_best_rm10_tw10
0-52-82-7-88-31-10-62-11-19-47-46-70-0,445.353731520991,seed601_lns_start82_mixed_best_rm4_tw8
0-27-88-7-19-11-64-49-36-47-46-48-89-0,445.6935720503212,seed602_lns_start38_random_regret_rm6_tw12_guarded
0-12-76-79-29-24-54-55-25-67-39-4-74-0,445.86413134393604,seed601_lns_start85_random_regret_rm8_tw12
0-52-83-8-46-45-17-61-86-59-96-93-97-0,446.34433561506444,seed701_explore_lns_start81_mixed_regret_rm15_tw15
0-12-76-79-29-24-55-25-67-39-56-74-26-0,446.4548909567623,seed601_lns_start85_random_random_best_rm4_tw12_guarded
0-95-92-85-99-6-94-87-42-57-53-26-4-0,446.46101186122195,seed601_lns_start81_late_random_best_rm6_tw10
0-52-7-88-31-70-10-62-11-19-47-46-93-0,449.2420158219949,seed602_lns_start84_random_best_rm5_tw10
0-69-51-30-32-90-63-11-64-49-36-48-0,450.4741734580531,seed602_lns_start82_mixed_regret_rm6_tw8
0-27-33-79-29-78-34-71-65-35-77-13-0,450.95315777162784,seed701_explore_lns_start6_late_best_rm20_tw12
0-52-88-62-30-51-9-81-33-3-77-50-1-4-0,451.32357985384726,seed701_explore_lns_start26_mixed_best_rm20_tw10
0-52-82-7-88-31-10-62-11-19-47-46-45-0,451.4872521911443,seed602_lns_start86_mixed_best_rm8_tw8_guarded
0-21-72-75-22-57-42-87-97-94-6-96-59-37-91-0,452.0967710651629,seed701_explore_lns_start86_mixed_regret_rm20_tw8
0-52-82-8-83-84-85-98-92-95-97-37-59-60-1-0,452.354477548068,seed606_lns_start39_random_random_best_rm8_tw10
0-83-45-84-61-85-16-86-44-38-14-91-17-0,456.6065224588926,seed701_explore_lns_start5_late_regret_rm20_tw15
0-52-82-8-83-60-84-85-98-59-92-97-37-100-26-0,457.9291984286529,seed602_lns_start40_late_random_best_rm6_tw15
0-27-33-79-29-78-34-71-65-35-77-50-0,458.77795235795867,seed701_explore_lns_start4_late_best_rm25_tw15
0-72-75-41-57-42-87-97-94-6-96-59-37-91-13-0,458.98679322520906,seed601_lns_start85_late_random_best_rm5_tw8_guarded
0-12-76-79-29-24-55-25-67-39-4-54-26-0,459.1122995541158,seed602_lns_start83_mixed_random_best_rm4_tw8
0-98-99-85-61-5-60-18-8-83-84-17-93-100-0,459.24192223872694,seed602_lns_start82_random_regret_rm4_tw10
0-27-2-73-21-40-53-50-81-77-68-80-26-0,460.147084244063,seed701_explore_lns_start84_late_regret_rm10_tw8
0-21-40-2-57-15-87-95-94-6-5-60-14-0,460.88594469714315,seed701_explore_lns_start38_mixed_random_best_rm20_tw8
0-2-40-73-74-41-15-43-38-14-100-37-13-0,461.0128841692539,seed604_lns_start80_mixed_random_best_rm8_tw6_guarded
0-72-75-57-42-87-97-94-6-96-59-37-91-74-0,464.38747625647727,seed604_lns_start83_mixed_random_best_rm6_tw12
0-69-51-30-90-63-64-49-36-47-48-89-13-0,465.526205569054,seed602_lns_start82_random_random_best_rm8_tw10
0-2-73-21-40-53-27-50-81-3-77-68-80-13-0,466.49147899533193,seed608_lns_start85_mixed_regret_rm8_tw12
0-42-14-44-38-86-16-61-84-45-17-93-91-0,466.7458079354461,seed601_lns_start42_random_best_rm5_tw10
0-69-31-90-32-63-11-64-49-36-47-48-60-0,466.81782814568567,seed602_lns_start26_random_regret_rm8_tw15
0-2-40-73-74-41-15-43-38-14-91-100-13-0,469.0015986823654,seed602_lns_start79_late_random_best_rm8_tw10_guarded
0-82-63-90-11-19-64-49-36-47-48-0,469.19028334765335,seed701_explore_lns_start80_late_regret_rm15_tw8
0-69-28-12-76-50-81-9-51-66-20-1-26-0,471.1351096172266,seed701_explore_lns_start5_late_regret_rm20_tw15
0-12-76-29-34-78-81-79-3-68-80-24-55-4-0,471.6235918429687,seed701_explore_lns_start37_late_random_best_rm10_tw6
0-72-75-2-57-42-87-97-94-6-96-59-93-37-91-0,471.8912260911895,seed608_lns_start85_random_best_rm8_tw12_guarded
0-2-73-21-40-53-27-50-81-3-68-80-77-58-0,472.72145467716814,seed604_lns_start86_random_random_best_rm4_tw8
0-12-76-79-29-24-54-55-25-67-39-74-13-0,474.45738402429856,seed607_lns_start82_late_random_best_rm6_tw15
0-12-76-69-51-20-9-81-3-26-58-13-93-0,476.7138345741629,seed701_explore_lns_start19_late_regret_rm10_tw15
0-2-40-73-74-41-15-43-14-100-91-37-97-13-0,476.8913526430373,seed602_lns_start80_late_random_best_rm8_tw6
0-92-59-99-18-6-94-53-87-97-100-37-93-96-0,477.3425330012923,seed701_explore_lns_start5_late_random_best_rm10_tw10
0-52-82-8-18-83-85-98-92-95-97-59-37-100-60-0,477.78751179700913,seed603_lns_start41_mixed_random_best_rm8_tw8_guarded
0-27-88-19-11-64-49-36-46-47-48-89-13-0,478.06246426497955,seed602_lns_start38_random_regret_rm6_tw12
0-52-82-8-83-60-84-85-98-95-92-59-37-100-43-0,478.1500738155193,seed605_lns_start37_random_best_rm4_tw10
0-69-28-53-12-26-76-81-9-51-20-66-0,478.2527555718908,seed701_explore_lns_start5_late_regret_rm25_tw6
0-12-76-79-29-24-55-25-67-23-39-26-0,479.0703565357037,seed601_lns_start85_late_random_best_rm5_tw8_guarded
0-28-12-29-79-78-34-35-71-65-66-20-77-0,479.48908997375173,seed601_lns_start81_late_random_best_rm6_tw10
0-83-5-84-61-16-86-44-38-14-43-100-96-0,480.62955747359484,seed701_explore_lns_start17_late_random_best_rm15_tw15
0-69-88-7-48-82-8-83-18-84-5-60-96-13-58-0,481.27924180351283,seed701_explore_lns_start54_mixed_regret_rm20_tw8
0-5-61-44-85-98-18-7-88-10-70-68-0,481.6252330660072,seed701_explore_lns_start26_mixed_random_best_rm20_tw10
0-2-40-21-73-72-4-25-55-24-29-68-80-54-0,482.2040871736765,seed701_explore_lns_start19_mixed_best_rm25_tw6
0-27-72-75-57-42-87-97-94-6-96-59-91-37-0,482.7867927053044,seed605_lns_start85_random_random_best_rm8_tw12
0-95-92-85-61-16-44-14-43-15-41-22-56-4-0,483.3166349595695,seed701_explore_lns_start85_late_best_rm25_tw12
0-52-82-8-83-84-85-98-92-95-97-59-37-100-91-60-0,483.92037480202873,seed601_lns_start41_random_random_best_rm4_tw15
0-28-33-9-78-34-35-71-65-66-20-1-58-0,484.2446510756793,seed601_lns_start84_random_random_best_rm6_tw10
0-69-31-88-7-62-10-30-51-50-26-53-58-0,484.6795696688549,seed602_lns_start41_late_random_best_rm6_tw12_guarded
0-28-18-6-94-95-96-99-37-92-97-59-93-100-43-0,486.0595043888982,seed701_explore_lns_start2_mixed_best_rm20_tw12
0-44-38-86-16-61-17-45-5-96-93-91-58-0,486.06700924698407,seed606_lns_start42_mixed_best_rm6_tw15
0-69-30-62-90-32-63-64-49-48-89-13-0,486.2787538302236,seed701_explore_lns_start84_random_regret_rm25_tw12
0-52-82-8-18-83-84-85-98-92-97-59-37-100-17-0,486.46231082796425,seed602_lns_start41_late_random_best_rm6_tw12_guarded
0-21-40-2-57-15-87-99-94-6-96-100-43-0,486.5888227612307,seed606_lns_start41_random_best_rm6_tw8_guarded
0-15-41-22-74-73-72-75-23-67-39-56-25-0,488.4830908138489,seed701_explore_lns_start42_late_regret_rm25_tw10
0-92-98-85-61-84-5-60-18-83-8-45-17-93-100-0,489.1682167689054,seed607_lns_start83_random_random_best_rm8_tw12_guarded
0-2-73-21-40-53-27-50-81-3-77-68-80-26-0,489.31081778230003,seed604_lns_start82_random_regret_rm8_tw10_guarded
0-28-12-29-79-78-34-35-71-65-66-20-32-0,489.3178829199678,seed603_lns_start79_mixed_best_rm8_tw6
0-92-59-99-18-6-94-40-87-97-100-37-93-96-0,490.3048180417737,seed701_explore_lns_start5_late_regret_rm20_tw15
0-52-82-8-83-84-99-85-98-92-95-97-59-100-60-0,491.6489654629462,seed607_lns_start40_mixed_random_best_rm5_tw15
0-52-31-88-7-82-46-19-11-62-10-32-70-0,491.71563858187955,seed602_lns_start82_random_random_best_rm8_tw10
0-12-79-29-24-54-55-25-67-39-74-26-0,492.0776232205727,seed604_lns_start86_random_regret_rm8_tw6
0-27-33-79-29-78-34-35-71-65-50-58-0,493.00893262538415,seed701_explore_lns_start7_late_random_best_rm20_tw12
0-42-14-44-38-86-16-61-17-45-93-96-13-0,494.01219495642874,seed605_lns_start37_random_regret_rm8_tw8_guarded
0-98-99-85-61-84-5-18-8-83-45-17-60-93-0,494.6309585424208,seed605_lns_start83_mixed_regret_rm8_tw6
0-69-31-7-62-10-30-20-51-50-26-53-0,495.03399111120956,seed701_explore_lns_start37_random_random_best_rm10_tw6
0-27-33-79-78-34-35-65-71-50-77-58-13-0,495.68713381957895,seed701_explore_lns_start2_late_best_rm10_tw15
0-69-18-6-94-96-99-59-98-85-87-97-37-91-0,496.54568862262033,seed701_explore_lns_start14_late_random_best_rm20_tw15
0-72-75-73-57-42-87-97-94-6-96-59-37-91-100-0,498.08686757213553,seed701_explore_lns_start85_late_random_best_rm20_tw6
0-21-40-2-57-87-97-94-6-99-5-18-89-0,498.3820413283356,seed701_explore_lns_start38_late_regret_rm15_tw6
0-2-73-40-53-27-50-33-81-78-3-77-68-80-0,498.64717721512966,seed701_explore_lns_start84_random_regret_rm25_tw12
0-45-18-17-61-16-86-44-14-91-93-96-58-0,498.65200771901016,seed607_lns_start42_late_best_rm8_tw15
0-12-76-79-29-55-25-67-23-39-74-26-0,498.72890256377764,seed701_explore_lns_start83_late_random_best_rm20_tw12
0-52-82-8-83-84-61-85-98-92-59-97-37-100-96-60-0,499.29313237758976,seed701_explore_lns_start41_random_best_rm10_tw8
0-2-73-21-72-67-25-55-24-29-68-80-54-0,499.57119598549974,seed701_explore_lns_start17_late_random_best_rm15_tw15
0-88-7-18-60-84-61-44-98-85-13-58-68-0,499.85167950166,seed701_explore_lns_start32_late_regret_rm20_tw12
0-31-30-90-63-32-20-66-71-35-65-1-0,500.01694297445795,seed701_explore_lns_start56_mixed_random_best_rm25_tw6
0-52-83-8-46-45-17-86-16-93-96-97-13-89-0,500.91372606754004,seed603_lns_start81_late_best_rm8_tw8_guarded
0-21-73-40-2-57-87-94-6-99-5-93-91-43-0,500.94640499325,seed701_explore_lns_start37_mixed_best_rm25_tw10
0-27-28-40-53-50-81-9-51-32-10-70-89-0,500.99013114151995,seed701_explore_lns_start54_mixed_best_rm15_tw8
0-52-83-45-46-8-17-86-96-59-97-93-89-0,501.0896032005828,seed701_explore_lns_start80_late_random_best_rm10_tw12
0-69-51-9-3-77-50-76-12-26-58-13-96-93-0,502.5127510312867,seed701_explore_lns_start16_mixed_best_rm25_tw6
0-5-45-17-86-44-16-61-99-6-96-93-91-89-0,503.14004191947464,seed701_explore_guarded
0-52-83-8-46-45-17-86-61-93-59-96-89-60-0,503.5441423826085,seed602_lns_start79_late_random_best_rm8_tw10
0-95-99-61-85-5-83-18-8-45-84-17-60-93-0,505.00056384514585,seed701_explore_lns_start86_mixed_regret_rm10_tw15
0-27-33-9-78-34-35-71-65-66-20-1-58-0,505.1328638585042,seed601_lns_start85_late_random_best_rm5_tw8_guarded
0-59-98-44-61-5-18-7-88-62-10-70-68-0,506.24395740153284,seed601_lns_start79_late_best_rm8_tw15
0-27-2-73-21-40-53-26-50-3-77-68-80-74-0,506.34426265532284,seed701_explore_lns_start82_random_best_rm15_tw6
0-12-29-78-34-35-81-79-3-77-68-80-24-4-0,506.50910548844877,seed701_explore_lns_start40_mixed_regret_rm20_tw6
0-45-18-6-94-96-99-87-97-92-59-37-100-91-93-0,506.73006487441245,seed701_explore_lns_start5_late_regret_rm25_tw6
0-92-98-85-42-87-97-99-96-94-6-53-26-4-0,506.9305961700893,seed701_explore_lns_start81_late_random_best_rm25_tw6
0-52-82-8-18-84-85-98-92-95-97-59-37-100-60-0,507.3525697826079,seed603_lns_start41_mixed_random_best_rm8_tw8
0-72-75-57-42-87-97-94-6-96-59-37-91-26-0,507.61555505900765,seed607_lns_start82_mixed_regret_rm8_tw10
0-52-82-8-83-60-59-85-37-98-92-95-97-96-100-0,508.0934568575682,seed601_lns_start42_random_best_rm5_tw10
0-28-69-76-12-3-81-9-51-66-20-1-26-0,508.18452471406664,seed701_explore_lns_start2_late_best_rm10_tw15
0-59-98-99-94-6-96-97-87-57-42-37-91-72-0,508.8683151029019,seed701_explore_lns_start85_late_best_rm15_tw15
0-72-73-41-22-74-75-56-23-67-39-25-55-26-0,509.25893788973576,seed701_explore_lns_start39_random_best_rm25_tw6
0-2-73-21-40-53-27-50-81-79-3-77-68-80-0,509.67812655799145,seed602_lns_start84_random_random_best_rm5_tw15
0-28-51-9-78-34-35-71-65-66-20-1-58-0,509.7270028855745,seed605_lns_start84_random_random_best_rm3_tw15
0-12-76-79-29-78-34-35-71-65-66-20-1-0,510.1050239210608,seed701_explore_guarded
0-95-92-85-99-6-94-53-87-57-4-26-89-0,511.68028565763444,seed701_explore_lns_start81_mixed_regret_rm15_tw15
0-2-42-14-44-38-86-16-61-5-45-60-89-0,513.0748313336953,seed701_explore_lns_start77_random_best_rm25_tw6
0-52-82-8-83-99-85-98-92-95-97-59-37-100-91-60-0,513.4949813557205,seed701_explore_lns_start40_mixed_regret_rm15_tw10
0-69-30-90-32-63-11-64-49-36-48-89-13-0,514.4353809200173,seed701_explore_lns_start83_random_random_best_rm10_tw8
0-98-44-16-61-5-18-7-88-62-10-70-68-0,515.1256923869666,seed602_lns_start80_late_random_best_rm8_tw6
0-69-7-88-31-20-9-51-50-26-53-58-0,515.1405754350315,seed701_explore_lns_start40_mixed_random_best_rm25_tw6
0-52-31-88-7-82-46-47-19-62-10-70-89-13-0,515.690571670026,seed602_lns_start82_mixed_regret_rm6_tw8
0-52-82-8-83-84-85-92-95-94-6-96-59-37-43-0,516.083237156845,seed604_lns_start77_random_regret_rm6_tw6
0-75-23-57-42-87-97-94-6-96-59-93-37-91-0,516.894443243901,seed601_lns_start82_mixed_random_best_rm6_tw8_guarded
0-52-31-88-7-82-8-19-11-62-10-32-70-1-0,517.1981320976495,seed701_explore_lns_start17_late_random_best_rm15_tw15
0-2-73-21-40-53-94-27-50-3-77-68-80-58-0,517.4807928749977,seed602_lns_start83_random_random_best_rm8_tw12_guarded
0-95-98-16-86-44-14-43-15-41-22-74-56-58-0,517.5857056160257,seed603_lns_start83_random_regret_rm8_tw8_guarded
0-95-92-16-86-44-14-43-15-41-22-74-56-58-0,517.7728872516168,seed605_lns_start84_late_random_best_rm8_tw6_guarded
0-69-31-88-7-62-30-20-51-9-50-26-54-0,519.3161980710605,seed701_explore_lns_start40_late_random_best_rm10_tw12
0-95-44-16-61-5-18-7-88-62-10-70-68-0,519.6327384669623,seed701_explore_lns_start81_late_random_best_rm25_tw6
0-27-40-73-2-87-42-57-15-41-74-58-68-0,521.8946462754691,seed701_explore_lns_start28_late_best_rm25_tw10
0-95-92-85-99-6-94-53-87-42-57-97-4-0,522.5994975437114,seed602_lns_start79_late_random_best_rm8_tw10
0-52-83-45-8-46-17-61-96-59-97-93-60-89-0,523.7608388552569,seed602_lns_start81_late_regret_rm8_tw12
0-82-19-11-90-32-64-49-36-47-48-60-0,524.1924217146889,seed602_lns_start79_mixed_random_best_rm8_tw12
0-72-75-23-57-42-87-97-6-96-59-93-91-37-0,524.8104494001493,seed602_lns_start83_random_random_best_rm8_tw12
0-88-7-18-5-84-61-98-94-53-26-58-68-0,524.8829801795389,seed701_explore_lns_start26_late_random_best_rm20_tw10
0-21-40-2-57-87-99-6-94-42-43-15-0,525.4633594333378,seed606_lns_start41_random_random_best_rm8_tw15
0-28-33-9-81-78-34-35-71-65-66-20-58-0,525.7585913734606,seed602_lns_start82_random_regret_rm8_tw10_guarded
0-98-61-85-5-60-83-18-8-45-84-17-93-100-0,526.5539227068884,seed701_explore_lns_start85_late_regret_rm10_tw10
0-28-12-76-79-29-78-34-35-71-65-66-20-0,527.2003071485786,seed701_explore_lns_start32_late_regret_rm20_tw12
0-95-92-16-86-44-14-43-15-41-22-74-56-4-0,527.2819720533098,seed701_explore_lns_start82_mixed_best_rm10_tw8
0-45-18-99-61-16-86-44-91-93-96-13-17-0,527.5790727272741,seed701_explore_lns_start42_late_random_best_rm25_tw12
0-88-7-18-60-84-61-85-98-10-70-68-0,528.2808081222248,seed701_explore_lns_start30_mixed_best_rm20_tw12
0-21-40-2-57-15-87-94-6-5-60-96-43-0,528.9050231100867,seed701_explore_lns_start38_mixed_best_rm20_tw6
0-69-31-90-32-63-11-64-49-36-47-48-70-0,529.1288233243445,seed701_explore_lns_start32_late_regret_rm20_tw12
0-27-19-11-64-49-36-46-47-48-89-26-0,529.5192125711676,seed605_lns_start41_mixed_random_best_rm8_tw8
0-95-92-16-44-14-43-15-41-22-56-4-54-26-0,530.9355553610795,seed601_lns_start84_late_best_rm5_tw12
0-52-83-45-46-8-60-84-17-86-93-59-89-0,531.1072762074878,seed701_explore_lns_start81_late_random_best_rm25_tw6
0-42-14-44-38-86-16-61-45-17-91-93-13-0,533.8926126836565,seed604_lns_start38_random_best_rm3_tw6
0-12-76-79-29-24-55-25-67-39-4-74-26-0,534.3955693821349,seed602_lns_start84_mixed_random_best_rm5_tw10
0-12-76-79-29-24-55-25-67-39-56-54-26-0,534.6517064480211,seed601_lns_start82_mixed_random_best_rm6_tw8_guarded
0-95-92-99-6-94-53-58-87-97-13-96-38-0,535.6764835348781,seed701_explore_lns_start26_mixed_random_best_rm20_tw10
0-12-76-29-34-78-81-79-3-77-68-24-4-74-0,536.308313458954,seed602_lns_start76_mixed_best_rm8_tw10
0-69-51-30-32-90-63-64-49-36-48-89-13-0,536.5018856154893,seed601_lns_start86_mixed_regret_rm6_tw12
0-95-61-16-86-38-14-44-91-93-96-17-45-0,537.047014563818,seed602_lns_start41_late_random_best_rm6_tw12
0-42-14-38-44-86-16-61-17-45-93-96-58-0,537.3809392346413,seed607_lns_start38_mixed_regret_rm8_tw10
0-27-33-79-78-34-35-65-71-50-77-26-58-0,537.8200364784072,seed701_explore_lns_start6_random_best_rm25_tw15
0-69-31-88-7-62-30-51-50-26-53-13-89-0,539.267929422544,seed701_explore_lns_start37_late_best_rm15_tw8
0-2-73-21-40-53-27-50-81-3-77-68-80-74-0,539.4583919744617,seed606_lns_start82_random_best_rm6_tw12
0-52-82-8-83-84-85-59-95-94-6-96-37-91-43-0,539.8803395739792,seed602_lns_start76_mixed_best_rm8_tw10
0-27-33-35-65-71-34-78-79-3-77-58-13-0,539.8994920242087,seed701_explore_lns_start1_late_best_rm20_tw8
0-44-5-89-18-7-88-62-10-32-70-68-0,542.1951271470253,seed604_lns_start80_mixed_random_best_rm8_tw6
0-82-19-11-90-32-63-64-49-36-47-48-0,543.2472065869684,seed601_lns_start80_late_best_rm6_tw6
0-52-19-62-30-51-9-81-33-3-77-50-1-70-0,544.4775426304031,seed701_explore_lns_start28_late_best_rm25_tw10
0-27-7-19-11-64-49-36-47-46-48-89-13-0,544.761231347139,seed602_lns_start38_mixed_regret_rm8_tw6_guarded
0-95-92-16-86-44-14-43-15-41-22-74-4-54-0,546.1977367063325,seed603_lns_start85_late_random_best_rm8_tw15_guarded
0-42-14-38-44-16-86-17-45-5-93-96-60-0,546.4742937867609,seed606_lns_start41_random_regret_rm6_tw6_guarded
0-52-82-8-18-83-84-99-85-98-92-59-37-100-97-0,546.6258687113673,seed606_lns_start41_random_random_best_rm8_tw15_guarded
0-88-19-62-30-51-9-81-33-3-50-77-26-0,547.5803963405953,seed701_explore_guarded
0-5-61-16-44-38-86-17-45-84-93-91-14-0,547.8688987556128,seed603_lns_start41_mixed_random_best_rm8_tw8_guarded
0-27-40-73-74-41-2-57-15-42-14-91-93-89-0,548.1184192505524,seed602_lns_start26_random_regret_rm8_tw15
0-28-69-76-12-3-81-9-51-66-20-1-48-0,550.0134372674523,seed701_explore_lns_start7_late_random_best_rm20_tw12
0-52-82-8-83-45-17-86-16-100-37-59-96-4-0,550.6993178142664,seed701_explore_lns_start31_mixed_best_rm15_tw15
0-52-83-45-46-8-84-17-86-44-93-96-89-0,552.0792672114065,seed701_explore_lns_start81_late_random_best_rm10_tw6
0-52-82-8-83-84-85-98-99-95-92-59-37-100-91-60-0,552.8173847829046,seed605_lns_start37_random_regret_rm8_tw8_guarded
0-95-98-42-57-15-41-22-74-23-56-39-67-0,553.2802807543251,seed701_explore_lns_start6_random_best_rm25_tw15
0-12-76-79-29-24-55-25-67-23-39-74-58-0,555.409355686627,seed601_lns_start85_late_random_best_rm4_tw15_guarded
0-2-73-72-21-40-53-27-50-81-3-77-68-80-0,555.7600662066831,seed601_lns_start82_mixed_random_best_rm6_tw8
0-72-75-22-57-42-87-97-92-94-6-96-59-37-91-0,557.3859756595194,seed601_lns_start86_mixed_regret_rm6_tw12_guarded
0-21-40-2-57-87-95-94-6-99-5-96-37-43-0,559.2173908324527,seed701_explore_lns_start38_mixed_regret_rm15_tw12
0-28-51-33-78-34-9-35-71-65-66-20-1-0,561.276320577452,seed701_explore_lns_start83_random_random_best_rm10_tw8
0-12-76-29-24-54-55-25-67-39-4-74-26-0,561.6983235146754,seed606_lns_start86_random_regret_rm8_tw8
0-88-7-18-5-98-85-61-84-10-70-68-0,561.7409916760405,seed701_explore_lns_start31_mixed_best_rm15_tw15
0-52-82-8-83-60-84-85-98-59-92-97-37-100-72-0,561.8772357101607,seed701_explore_lns_start41_mixed_regret_rm10_tw10
0-69-31-90-32-63-11-64-49-36-47-48-46-0,563.1176444432391,seed701_explore_lns_start25_mixed_regret_rm15_tw15
0-27-72-40-53-50-81-3-77-68-80-26-74-0,564.8027333453206,seed701_explore_lns_start85_late_best_rm25_tw12
0-95-99-44-38-87-97-94-6-96-13-58-53-0,564.8301236910795,seed701_explore_lns_start26_random_regret_rm25_tw6
0-27-28-40-53-81-9-51-70-10-32-64-0,565.2602016458715,seed701_explore_lns_start56_mixed_random_best_rm25_tw8
0-72-75-57-87-42-98-59-96-6-94-97-37-91-0,565.2892106813547,seed601_lns_start84_late_random_best_rm5_tw10
0-21-40-2-57-87-94-6-95-42-43-15-13-0,565.7301926407027,seed606_lns_start41_random_random_best_rm8_tw15_guarded
0-5-61-16-86-38-44-85-84-17-91-37-43-0,565.8030229733619,seed701_explore_lns_start1_late_best_rm20_tw8
0-95-42-14-61-16-44-38-86-91-93-96-17-0,565.8893494260658,seed601_lns_start38_random_best_rm8_tw6
0-72-75-57-42-87-94-6-96-97-37-91-93-26-0,567.7644871761206,seed701_explore_lns_start82_mixed_regret_rm10_tw15
0-21-40-2-57-15-87-99-94-6-5-43-0,567.8414140640396,seed605_lns_start37_late_random_best_rm6_tw15
0-2-73-21-40-53-27-76-3-81-50-77-68-80-0,568.2140528554755,seed701_explore_lns_start82_mixed_regret_rm10_tw8
0-72-75-57-42-87-97-99-94-6-96-59-37-100-91-0,568.3347902597559,seed605_lns_start84_late_random_best_rm8_tw6_guarded
0-52-19-62-30-51-9-81-33-3-77-50-1-58-0,568.7625325638792,seed701_explore_lns_start25_mixed_regret_rm15_tw15
0-95-92-99-6-94-87-44-38-97-13-58-53-0,568.9211960618743,seed701_explore_lns_start31_mixed_best_rm15_tw15
0-33-51-9-78-34-35-71-65-66-20-1-58-0,570.0174035554855,seed701_explore_lns_start82_random_random_best_rm15_tw8
0-95-40-21-2-57-15-87-94-6-5-43-0,570.1536204187792,seed606_lns_start41_late_random_best_rm5_tw8
0-69-88-7-82-48-47-8-18-83-84-5-60-13-0,572.0642014253116,seed701_explore_lns_start54_mixed_regret_rm15_tw6
0-5-45-17-16-86-38-44-14-42-100-91-96-0,573.8986390692723,seed608_lns_start40_random_regret_rm8_tw12_guarded
0-95-92-16-86-44-14-43-15-41-22-56-4-58-0,573.9285623595141,seed601_lns_start84_late_random_best_rm8_tw6
0-98-44-16-5-18-7-88-62-10-32-70-68-0,575.2424964432075,seed606_lns_start80_late_best_rm6_tw6
0-52-82-8-83-60-84-85-98-99-59-92-37-100-97-58-0,577.5547406788394,seed601_lns_start37_late_random_best_rm6_tw15
0-59-16-86-38-14-15-2-94-6-96-58-0,577.6636161056464,seed701_explore_lns_start56_mixed_random_best_rm25_tw8
0-12-76-79-29-24-55-25-67-39-74-72-54-0,578.3303143247329,seed701_explore_lns_start86_mixed_regret_rm20_tw8
0-52-31-88-7-82-8-19-11-62-10-32-70-89-0,578.4765559236478,seed701_explore_lns_start17_late_random_best_rm15_tw15
0-15-42-14-38-44-91-16-86-17-45-93-0,579.6396862468317,seed701_explore_lns_start38_mixed_regret_rm15_tw12
0-83-45-17-16-86-38-44-14-42-91-93-96-0,579.8283953160803,seed701_explore_lns_start40_mixed_regret_rm20_tw6
0-2-73-21-72-23-67-25-55-4-54-80-68-24-0,580.1417633258332,seed701_explore_lns_start5_late_regret_rm20_tw15
0-83-18-53-6-94-96-99-59-92-97-14-100-93-0,580.3488200332091,seed701_explore_lns_start1_late_best_rm20_tw8
0-42-44-38-86-16-61-45-17-91-93-96-13-0,580.4255705309648,seed605_lns_start41_mixed_random_best_rm8_tw8
0-95-16-86-38-44-14-43-15-41-74-56-4-0,580.9608534317972,seed601_lns_start86_mixed_regret_rm6_tw12_guarded
0-69-31-88-7-62-30-20-51-50-26-53-58-0,581.7583603759009,seed602_lns_start42_random_random_best_rm3_tw15
0-69-12-76-50-79-81-9-51-20-66-1-26-0,582.6909975919444,seed701_explore_lns_start2_mixed_best_rm20_tw12
0-27-19-11-64-49-36-47-48-46-60-89-13-0,582.8015532722702,seed601_lns_start37_random_regret_rm6_tw8
0-42-14-44-38-86-16-61-5-8-45-17-0,583.7666386322645,seed602_lns_start38_mixed_regret_rm8_tw6_guarded
0-27-18-48-19-11-64-49-36-47-46-89-0,584.8301888172625,seed603_lns_start42_random_regret_rm8_tw6
0-12-76-79-29-24-54-55-25-67-39-74-26-0,585.6630885857833,seed601_lns_start85_random_random_best_rm4_tw12
0-27-28-40-73-15-57-87-97-92-98-99-93-100-0,585.7676619975538,seed602_lns_start76_mixed_best_rm8_tw10
0-28-12-76-81-3-77-50-32-90-10-1-26-0,588.7578140412022,seed701_explore_lns_start12_late_random_best_rm25_tw12
0-95-92-42-87-57-41-22-75-23-67-39-56-74-0,589.2654193886397,seed701_explore_lns_start19_mixed_best_rm25_tw6
0-52-31-88-7-82-46-47-19-11-62-10-70-1-0,589.3836164540611,seed602_lns_start86_random_best_rm6_tw15
0-92-99-85-61-5-84-83-18-8-45-17-60-93-100-0,590.2455543963047,seed602_lns_start82_random_regret_rm8_tw10_guarded
0-69-31-88-62-30-20-51-50-1-53-26-58-0,590.3476899630177,seed701_explore_lns_start40_mixed_regret_rm15_tw10
0-95-92-16-86-44-14-43-15-41-22-56-4-54-0,590.7394850082107,seed601_lns_start85_late_random_best_rm4_tw15
0-69-31-88-62-30-20-9-51-50-26-53-58-0,591.2273058171228,seed601_lns_start38_mixed_regret_rm8_tw8_guarded
0-98-16-84-5-18-7-88-62-10-70-68-13-0,591.4294221561498,seed701_explore_lns_start79_mixed_best_rm15_tw8
0-52-88-62-30-51-9-81-33-76-3-77-50-1-0,592.4987182228593,seed701_explore_lns_start26_random_random_best_rm20_tw12
0-2-73-21-72-4-25-55-24-29-68-80-54-96-0,592.5411747296639,seed701_explore_lns_start19_late_regret_rm10_tw15
0-42-14-44-38-86-16-61-17-45-96-93-91-0,594.1081160868059,seed603_lns_start37_random_random_best_rm5_tw6
0-83-45-8-18-5-84-61-85-99-100-93-60-17-0,594.3868040198904,seed701_explore_lns_start86_mixed_regret_rm20_tw8
0-75-23-57-42-87-97-94-6-96-59-37-91-60-0,597.0342808777382,seed701_explore_lns_start86_mixed_regret_rm20_tw8
0-2-40-73-74-22-41-57-15-43-42-14-91-93-0,597.1084324679807,seed701_explore_lns_start26_mixed_random_best_rm20_tw10
0-2-15-57-6-59-16-86-38-14-72-0,597.2896394895915,seed701_explore_lns_start54_mixed_regret_rm20_tw8
0-59-98-85-99-18-6-94-53-87-97-37-43-0,598.1261055252018,seed701_explore_lns_start19_late_regret_rm10_tw15
0-44-85-61-84-5-18-7-19-10-70-68-0,598.4641925750423,seed701_explore_lns_start26_random_random_best_rm20_tw12
0-52-83-8-46-45-17-86-16-93-97-96-89-60-0,598.8838530035476,seed601_lns_start80_late_random_best_rm8_tw10
0-42-61-16-86-38-14-44-91-17-45-96-0,599.2819689340181,seed602_lns_start38_random_regret_rm6_tw12
0-21-40-2-57-87-95-94-6-99-5-96-97-43-0,599.7192698167972,seed701_explore_guarded
0-5-45-17-16-86-38-44-14-42-91-93-96-0,600.5933680892333,seed608_lns_start40_random_regret_rm8_tw12
0-82-19-11-90-32-63-64-49-36-47-60-0,601.0383162894087,seed701_explore_lns_start79_late_random_best_rm10_tw15
0-19-11-64-49-36-46-47-48-18-13-0,602.0825000932408,seed602_lns_start76_mixed_best_rm8_tw10
0-42-14-44-38-86-16-61-17-45-18-60-0,604.7683435916254,seed602_lns_start38_random_regret_rm6_tw12_guarded
0-28-33-9-35-71-65-66-90-63-32-70-1-0,605.0448727523026,seed701_explore_lns_start37_random_random_best_rm10_tw6
0-28-76-79-29-24-12-26-54-55-25-39-67-0,605.9835751480766,seed701_explore_lns_start82_random_random_best_rm15_tw8
0-59-98-85-44-16-61-84-18-7-88-10-70-0,606.9777192885801,seed701_explore_lns_start26_late_regret_rm20_tw6
0-92-59-99-18-6-96-94-87-97-100-37-93-38-0,607.1840319162866,seed701_explore_lns_start2_late_best_rm10_tw15
0-52-83-8-46-45-17-86-61-93-59-97-96-89-0,607.5864341576242,seed701_explore_lns_start79_late_random_best_rm10_tw15
0-59-98-44-61-84-5-18-7-88-10-70-68-0,608.3356276833189,seed602_lns_start26_random_regret_rm8_tw15
0-95-92-99-44-38-87-94-6-96-97-13-53-0,608.4967770085773,seed701_explore_lns_start25_mixed_regret_rm15_tw15
0-95-92-99-94-87-97-13-58-53-6-96-100-38-0,608.4982071426083,seed602_lns_start26_random_regret_rm8_tw15
0-12-76-29-34-78-79-33-50-3-77-68-80-54-24-0,608.6626650176111,seed701_explore_guarded
0-52-82-8-18-83-84-99-85-98-92-59-37-100-43-0,608.9665395233978,seed605_lns_start37_late_random_best_rm6_tw15_guarded
0-52-82-8-83-60-84-85-98-59-92-97-37-100-38-0,609.0426857505802,seed701_explore_lns_start42_late_random_best_rm25_tw12
0-95-92-61-16-86-44-14-43-15-22-74-56-54-0,609.3217642075284,seed701_explore_guarded
0-92-16-86-44-14-43-15-41-22-72-74-56-4-0,610.7332744641176,seed701_explore_lns_start84_mixed_random_best_rm20_tw12
0-52-82-8-83-60-59-85-98-92-95-97-100-38-0,612.1989920086461,seed603_lns_start39_random_regret_rm6_tw6
0-28-33-35-71-65-66-32-90-63-10-70-1-0,613.2869689557945,seed601_lns_start40_mixed_regret_rm6_tw15
0-52-88-19-62-30-51-9-81-33-3-77-50-1-0,613.6705254515288,seed701_explore_lns_start31_random_regret_rm10_tw6
0-27-28-40-53-81-9-51-70-10-26-4-0,614.1417867933977,seed701_explore_lns_start56_mixed_random_best_rm25_tw6
0-52-82-8-83-84-85-98-92-95-97-59-37-100-15-0,614.3351258457186,seed607_lns_start38_random_regret_rm3_tw6
0-5-45-17-61-16-86-44-38-14-42-91-89-0,615.4120501740445,seed606_lns_start41_random_best_rm6_tw8_guarded
0-21-73-40-53-27-50-81-3-77-68-80-23-0,616.0563599142622,seed608_lns_start85_random_best_rm8_tw12
0-52-82-7-88-31-10-62-11-19-47-46-48-70-0,616.7179946060983,seed603_lns_start83_mixed_random_best_rm4_tw6
0-69-51-30-32-90-63-64-49-36-46-48-89-0,620.2567902472929,seed601_lns_start82_late_regret_rm5_tw6_guarded
0-72-75-23-57-42-87-97-94-6-96-59-37-91-0,622.2008112740532,seed601_lns_start83_mixed_regret_rm6_tw6
0-75-23-57-42-87-97-95-94-6-96-59-37-91-0,622.4188419431744,seed605_lns_start84_random_best_rm5_tw10
0-27-30-71-65-35-34-78-79-33-50-58-13-0,625.23493797914,seed701_explore_lns_start2_mixed_best_rm25_tw15
0-88-7-18-84-61-5-6-94-53-26-4-68-0,625.2958532710477,seed701_explore_guarded
0-12-76-79-29-24-55-25-67-23-39-4-26-0,625.8987832318072,seed603_lns_start83_random_regret_rm8_tw8_guarded
0-95-42-14-38-44-86-16-61-91-93-17-45-0,626.0068466985467,seed605_lns_start37_late_random_best_rm6_tw15_guarded
0-31-88-7-62-10-30-51-9-33-26-53-58-0,626.410010364194,seed701_explore_lns_start38_random_best_rm25_tw6
0-42-14-38-44-91-16-86-17-45-93-59-96-0,626.7976489608059,seed606_lns_start39_mixed_random_best_rm5_tw8
0-95-92-16-86-44-14-43-15-41-22-56-4-13-0,627.045188168424,seed604_lns_start86_late_best_rm5_tw10
0-27-52-88-31-70-30-51-9-71-35-65-66-20-0,629.7132151014899,seed701_explore_lns_start12_late_random_best_rm25_tw12
0-69-31-88-7-62-30-20-51-9-50-53-58-0,629.7294026921822,seed602_lns_start40_late_random_best_rm6_tw15
0-83-45-17-86-38-44-16-61-96-93-91-14-0,631.2174958345029,seed603_lns_start41_mixed_random_best_rm8_tw8
0-21-40-2-57-15-87-94-6-99-5-93-43-0,631.7578922708449,seed606_lns_start37_mixed_random_best_rm8_tw6
0-95-92-98-85-99-6-94-87-42-57-53-26-4-0,632.62756294762,seed603_lns_start79_mixed_best_rm8_tw6_guarded
0-72-75-57-42-87-97-94-6-96-59-37-91-38-0,633.622541459912,seed601_lns_start82_late_regret_rm5_tw6_guarded
0-95-92-99-98-87-97-94-6-53-58-13-96-38-0,634.10896370961,seed701_explore_lns_start26_random_random_best_rm20_tw12
0-12-76-29-34-71-78-79-3-77-24-80-4-0,634.4044414632372,seed701_explore_lns_start42_late_random_best_rm25_tw12
0-98-44-16-84-5-18-7-88-62-10-70-68-0,634.9764425183057,seed601_lns_start81_late_random_best_rm6_tw10
0-95-92-16-86-44-14-43-15-41-22-74-4-26-0,635.032706256915,seed601_lns_start82_late_regret_rm5_tw6_guarded
0-52-19-11-64-49-36-47-48-8-46-17-0,635.1605403618925,seed701_explore_lns_start77_random_best_rm25_tw6
0-2-73-21-40-53-50-81-3-77-68-80-23-0,636.0414533076803,seed701_explore_lns_start83_mixed_regret_rm10_tw12
0-28-12-29-79-78-34-35-71-65-66-20-26-0,636.1059155075837,seed701_explore_lns_start25_random_random_best_rm20_tw8
0-21-40-2-57-15-87-99-94-6-96-93-91-43-0,639.8961346049653,seed602_lns_start38_mixed_regret_rm8_tw6_guarded
0-83-45-17-84-61-16-86-44-85-37-91-14-43-0,640.7200448276881,seed701_explore_lns_start6_mixed_best_rm15_tw6
0-2-40-21-73-72-4-25-55-54-24-68-80-58-13-0,641.2363005852912,seed701_explore_lns_start5_late_regret_rm25_tw6
0-69-31-88-7-62-30-51-50-68-26-53-58-0,642.9999414820381,seed701_explore_lns_start40_late_regret_rm15_tw10
0-42-14-44-38-86-16-61-99-96-93-17-45-0,646.050289687947,seed606_lns_start39_random_random_best_rm8_tw10_guarded
0-42-14-38-44-86-61-99-96-93-91-17-45-0,646.1027058028935,seed701_explore_lns_start42_random_random_best_rm10_tw12
0-92-99-98-85-61-5-84-45-8-83-18-60-93-100-0,648.7418202977748,seed607_lns_start82_random_random_best_rm4_tw8_guarded
0-28-51-33-78-34-9-35-71-65-66-1-58-0,649.0149759572469,seed701_explore_lns_start86_mixed_best_rm10_tw8
0-95-99-6-94-87-40-21-2-57-15-43-42-0,650.4721581856944,seed701_explore_guarded
0-52-31-88-7-82-46-47-19-11-62-10-70-89-0,650.6620402800593,seed603_lns_start85_late_random_best_rm8_tw15
0-95-92-44-61-85-98-99-94-87-57-42-37-91-0,650.7786264867816,seed701_explore_lns_start54_mixed_best_rm15_tw8
0-28-69-70-90-63-32-20-71-35-65-66-1-0,652.1724525568663,seed701_explore_guarded
0-2-21-40-53-27-50-81-3-77-68-80-23-0,653.695838527282,seed604_lns_start83_random_random_best_rm8_tw10
0-69-51-30-32-90-63-64-49-36-46-89-13-0,654.6927423449515,seed601_lns_start86_mixed_regret_rm6_tw12_guarded
0-69-88-7-82-8-83-18-60-84-5-37-13-89-48-0,655.7708335136597,seed701_explore_lns_start56_mixed_random_best_rm25_tw8
0-2-73-40-53-27-50-81-3-77-68-80-23-0,656.726121651844,seed608_lns_start86_mixed_random_best_rm8_tw12
0-28-51-71-35-65-66-32-90-63-10-70-1-0,657.1155683763527,seed701_explore_lns_start39_random_best_rm25_tw6
0-72-75-23-57-42-87-97-94-6-96-91-100-37-0,659.3061023859104,seed701_explore_lns_start85_random_best_rm15_tw8
0-12-76-79-29-24-55-25-67-23-39-56-26-0,663.1460883741,seed603_lns_start85_late_random_best_rm8_tw15_guarded
0-95-92-16-44-14-43-15-41-22-75-72-56-4-0,665.4142665966227,seed701_explore_lns_start83_late_random_best_rm20_tw12
0-95-92-16-86-38-44-14-43-15-22-74-4-0,665.9349918556367,seed701_explore_guarded
0-61-16-85-84-17-86-44-38-14-91-37-43-0,666.6133121024541,seed701_explore_lns_start4_random_random_best_rm25_tw12
0-12-76-79-29-24-54-55-25-67-39-56-23-0,666.8296310973664,seed608_lns_start85_random_best_rm8_tw12_guarded
0-69-31-88-7-62-30-51-9-50-26-53-58-0,667.1590255722685,seed602_lns_start41_late_random_best_rm6_tw12
0-98-99-85-61-5-84-83-18-8-45-17-60-93-100-0,667.2735054261163,seed601_lns_start85_late_random_best_rm5_tw8_guarded
0-52-82-8-83-60-85-98-92-95-97-37-100-14-38-0,667.8540090761178,seed606_lns_start39_mixed_best_rm5_tw8
0-21-73-40-53-58-50-81-3-77-68-80-23-0,668.2621752965508,seed701_explore_lns_start84_random_best_rm15_tw12
0-12-76-79-29-24-55-25-67-23-39-74-54-0,668.2643576551084,seed602_lns_start84_late_random_best_rm6_tw15
0-52-82-8-83-18-84-85-98-92-95-97-59-100-60-0,668.4256607595831,seed701_explore_lns_start37_mixed_regret_rm10_tw8
0-59-98-44-5-84-18-7-88-62-10-70-68-0,670.1889614744762,seed701_explore_lns_start80_late_best_rm10_tw10
0-52-82-8-83-84-85-91-98-37-92-95-59-97-13-60-0,670.9161425267989,seed701_explore_lns_start39_random_best_rm25_tw6
0-5-61-16-86-60-18-7-88-62-10-70-68-0,672.4279907262508,seed607_lns_start80_late_regret_rm8_tw8
0-52-82-8-18-84-99-85-98-92-95-97-59-37-100-0,672.7536708956308,seed701_explore_lns_start38_mixed_best_rm20_tw6
0-95-92-16-86-44-14-43-15-41-22-56-4-25-0,672.9401849676744,seed607_lns_start85_mixed_regret_rm8_tw15
0-83-82-8-46-45-17-86-16-59-37-14-43-0,673.1782934492057,seed701_explore_lns_start26_mixed_best_rm20_tw10
0-95-92-16-44-14-43-15-41-22-72-74-56-4-54-0,674.6391956460689,seed701_explore_lns_start83_late_best_rm15_tw15
0-52-82-8-83-84-85-98-92-95-97-59-37-100-60-17-0,676.2172283702329,seed603_lns_start42_mixed_random_best_rm8_tw6
0-21-40-53-6-94-95-87-2-57-15-43-38-0,676.2711113972119,seed604_lns_start40_mixed_random_best_rm8_tw15_guarded
0-42-41-22-74-72-75-56-23-67-39-25-55-54-0,676.7140797504333,seed701_explore_lns_start38_random_random_best_rm25_tw8
0-12-76-29-34-78-81-79-3-77-68-80-24-55-4-0,676.7898682934765,seed701_explore_lns_start39_random_best_rm10_tw15
0-28-12-76-79-78-34-35-71-65-66-20-1-26-0,676.8703571017375,seed701_explore_lns_start29_mixed_best_rm25_tw6
0-95-98-16-86-38-44-14-43-15-41-56-4-0,678.3575957316308,seed602_lns_start82_random_regret_rm8_tw10
0-95-92-16-86-44-14-43-15-41-22-56-4-26-0,679.5744545587933,seed601_lns_start82_late_regret_rm5_tw6
0-42-14-44-38-86-16-61-17-45-96-59-91-0,680.0728101364242,seed602_lns_start41_random_regret_rm8_tw12
0-52-83-8-45-17-84-61-16-86-91-93-59-96-97-0,680.385025882902,seed604_lns_start80_mixed_random_best_rm8_tw6_guarded
0-92-99-98-85-61-5-60-18-8-83-84-17-93-100-0,680.7827693034606,seed602_lns_start86_mixed_best_rm8_tw8
0-2-40-53-21-73-72-4-25-55-54-80-68-77-24-0,682.2896661669135,seed701_explore_lns_start7_late_random_best_rm20_tw12
0-21-40-2-57-15-87-94-6-99-5-91-43-0,683.2273991477289,seed602_lns_start38_mixed_regret_rm8_tw6
0-95-92-61-16-86-44-14-43-15-41-22-56-4-0,684.0654752226459,seed701_explore_lns_start84_random_regret_rm25_tw12
0-95-40-21-2-57-15-87-94-6-5-60-43-0,685.3639299930313,seed605_lns_start41_mixed_regret_rm6_tw6
0-52-82-8-18-60-84-85-98-92-95-59-37-100-26-0,686.3247754283573,seed606_lns_start39_mixed_random_best_rm8_tw6
0-27-52-31-88-7-82-47-19-11-62-10-70-46-0,686.4053785541848,seed602_lns_start83_mixed_random_best_rm8_tw10
0-95-98-16-86-38-44-14-43-15-41-74-26-0,686.6848969273018,seed602_lns_start82_random_regret_rm8_tw10_guarded
0-98-44-61-84-5-18-88-62-10-70-68-26-0,688.5812783071925,seed602_lns_start79_late_random_best_rm8_tw10_guarded
0-12-76-79-29-24-55-25-67-39-56-74-58-26-0,688.8234347728855,seed601_lns_start83_mixed_regret_rm6_tw6_guarded
0-52-62-19-11-64-49-36-47-46-45-17-93-0,688.8276583661661,seed701_explore_guarded
0-30-90-63-64-49-36-47-46-8-60-89-13-0,689.6377480058154,seed701_explore_lns_start5_late_regret_rm20_tw15
0-95-92-99-6-87-97-91-44-38-14-96-13-4-0,690.8200087653802,seed701_explore_lns_start26_late_random_best_rm20_tw10
0-95-92-85-99-6-94-53-87-42-57-74-4-26-0,690.8622622190159,seed701_explore_lns_start79_mixed_best_rm15_tw8
0-15-41-22-74-73-72-56-23-67-39-25-55-54-0,691.1557428761732,seed701_explore_lns_start40_mixed_regret_rm15_tw10
0-95-92-99-6-94-87-43-38-91-97-13-58-68-0,691.4276396943986,seed701_explore_lns_start26_late_regret_rm20_tw6
0-95-42-14-44-86-16-61-17-45-96-93-91-43-0,691.6829172745772,seed701_explore_lns_start42_late_regret_rm25_tw10
0-95-92-61-44-85-99-94-87-57-42-37-91-43-0,692.3947937082494,seed701_explore_lns_start54_mixed_regret_rm15_tw6
0-52-82-8-18-83-84-61-85-98-92-59-97-37-100-60-0,693.1706730404205,seed701_explore_lns_start38_random_best_rm25_tw6
0-82-7-19-11-90-63-64-49-36-47-48-60-0,693.4316156420589,seed701_explore_lns_start80_mixed_best_rm20_tw6
0-12-76-29-79-81-78-34-35-71-65-66-20-0,693.8179160019118,seed701_explore_guarded
0-83-45-17-61-86-16-44-38-14-42-93-96-0,693.9217874769051,seed604_lns_start40_random_random_best_rm4_tw10
0-83-45-17-86-16-61-91-44-38-14-42-93-0,695.3229534383305,seed602_lns_start37_random_random_best_rm3_tw12
0-69-88-7-48-82-8-83-18-84-5-60-96-13-26-0,695.5045769466799,seed701_explore_lns_start54_mixed_best_rm15_tw8
0-69-28-53-12-76-77-81-9-51-20-66-26-0,696.4219469418426,seed701_explore_lns_start2_late_regret_rm20_tw12
0-92-98-61-85-93-99-5-60-18-83-84-45-17-100-0,696.6817236731757,seed604_lns_start83_random_regret_rm4_tw10
0-92-38-44-91-87-97-95-94-6-96-13-58-53-0,696.9172385036011,seed701_explore_lns_start25_random_random_best_rm20_tw8
0-28-33-9-35-71-66-32-90-63-10-70-65-0,697.8918625429861,seed606_lns_start39_random_random_best_rm8_tw10
0-88-7-18-98-85-61-16-44-91-5-93-10-0,700.8229829115182,seed701_explore_lns_start28_late_best_rm25_tw10
0-52-31-88-7-82-46-47-19-11-62-10-70-58-0,700.8882854196318,seed601_lns_start83_random_random_best_rm5_tw15
0-12-76-79-29-24-55-25-67-23-39-54-26-0,700.9680357217173,seed601_lns_start86_mixed_regret_rm6_tw12
0-95-92-16-86-44-14-43-15-41-22-56-4-24-0,701.5934599464174,seed606_lns_start82_mixed_best_rm6_tw15
0-72-2-6-59-16-86-38-14-43-15-58-0,703.660201831488,seed701_explore_lns_start54_mixed_best_rm15_tw8
0-59-98-85-99-6-53-40-87-94-97-37-18-0,704.1542715761012,seed701_explore_lns_start16_mixed_best_rm25_tw6
0-12-76-79-29-24-55-25-67-23-39-74-26-0,705.9314787294762,seed601_lns_start85_late_random_best_rm5_tw8
0-21-40-2-57-15-87-94-6-99-5-96-43-0,706.1584128764716,seed604_lns_start38_mixed_regret_rm6_tw12
0-21-40-2-57-87-94-6-99-96-42-43-15-0,708.1595342136884,seed603_lns_start41_mixed_random_best_rm8_tw8_guarded
0-31-30-90-63-32-20-66-71-35-65-26-0,708.8257086390234,seed701_explore_lns_start54_mixed_regret_rm15_tw6
0-95-16-86-38-44-14-43-15-41-22-74-4-0,708.9161768281293,seed602_lns_start86_mixed_best_rm8_tw8_guarded
0-42-14-44-38-86-16-61-17-45-93-91-43-0,709.3065726645298,seed604_lns_start39_random_best_rm4_tw15_guarded
0-52-82-8-60-84-85-98-92-95-97-59-37-100-38-0,709.7693579898207,seed605_lns_start39_random_random_best_rm5_tw8
0-95-92-61-16-44-14-43-15-41-22-56-4-58-13-0,710.1347009959837,seed701_explore_lns_start82_late_random_best_rm10_tw12
0-95-92-42-57-15-41-22-74-75-23-56-39-67-0,710.165754191301,seed701_explore_lns_start19_late_regret_rm10_tw15
0-69-7-88-31-30-20-9-79-3-50-53-58-0,710.3986376877008,seed701_explore_lns_start39_random_best_rm25_tw6
0-52-19-62-10-30-51-9-33-3-77-50-1-70-0,710.9280936269425,seed701_explore_lns_start26_late_random_best_rm20_tw10
0-12-76-79-29-24-55-25-67-39-56-4-54-26-0,711.1385424355558,seed607_lns_start83_random_random_best_rm8_tw12_guarded
0-52-83-45-8-46-17-86-93-59-97-96-89-60-0,711.454888428356,seed701_explore_lns_start81_late_regret_rm10_tw10
0-83-5-84-17-61-16-86-44-38-14-91-100-43-0,712.1287430194934,seed701_explore_guarded
0-30-90-63-64-49-36-47-48-46-45-60-89-0,712.7428961336356,seed701_explore_lns_start19_late_regret_rm10_tw15
0-59-98-85-84-5-60-18-83-8-45-17-100-38-0,714.342448573123,seed701_explore_lns_start84_random_regret_rm25_tw12
0-83-82-8-46-45-17-86-16-85-59-37-43-0,714.6501201928133,seed701_explore_lns_start26_late_random_best_rm20_tw10
0-12-76-79-3-29-24-54-55-25-67-39-74-0,715.0645914065066,seed701_explore_lns_start84_late_regret_rm10_tw8
0-95-92-85-99-6-94-53-87-57-42-37-97-4-0,715.1315138417077,seed602_lns_start79_late_random_best_rm8_tw10_guarded
0-5-83-8-84-61-16-86-44-38-14-100-91-17-0,716.4975257775811,seed701_explore_lns_start19_late_regret_rm10_tw15
0-30-90-63-64-49-36-47-8-45-46-48-0,717.0953183222177,seed701_explore_lns_start16_late_regret_rm10_tw12
0-69-31-88-7-62-30-20-9-50-26-53-58-0,718.5978760852295,seed701_explore_lns_start40_mixed_regret_rm20_tw6
0-98-16-86-84-5-18-7-88-62-10-70-68-0,719.2087653751771,seed602_lns_start81_late_regret_rm8_tw12
0-5-45-17-86-16-61-91-44-38-14-42-93-0,720.4042089425584,seed601_lns_start39_random_best_rm5_tw6
0-21-40-2-57-87-94-6-99-5-97-15-43-0,720.6858112045393,seed606_lns_start39_mixed_random_best_rm8_tw6
0-83-45-8-17-16-86-44-38-14-91-93-42-0,721.453788997692,seed701_explore_lns_start40_mixed_best_rm20_tw8
0-28-76-33-9-78-34-35-71-65-66-20-1-58-0,722.4141244285843,seed701_explore_lns_start83_random_random_best_rm15_tw8
0-2-40-53-21-73-72-75-4-25-55-54-80-68-24-0,723.1696228135138,seed701_explore_lns_start4_late_best_rm25_tw15
0-83-82-8-45-17-86-44-98-59-37-43-4-0,723.735386066139,seed701_explore_lns_start33_mixed_random_best_rm20_tw8
0-21-40-53-2-57-87-94-99-5-6-58-43-0,724.0854998251401,seed701_explore_lns_start40_late_random_best_rm10_tw12
0-52-83-45-8-17-84-61-86-93-59-96-89-46-0,724.1568324472149,seed606_lns_start80_late_best_rm6_tw6
0-28-33-9-81-78-34-35-71-65-66-20-1-58-0,725.8594314437673,seed601_lns_start86_random_best_rm8_tw8
0-52-31-88-7-82-46-47-19-11-62-10-70-13-0,727.3600860407323,seed601_lns_start82_late_regret_rm5_tw6
0-21-40-2-57-15-87-94-6-99-5-18-0,727.5889852609532,seed601_lns_start38_random_best_rm8_tw6
0-98-99-18-83-8-45-17-84-5-85-100-93-60-89-0,729.3097999974068,seed701_explore_lns_start82_late_random_best_rm10_tw12
0-61-16-86-38-44-99-96-42-14-91-93-17-0,729.6214729853173,seed608_lns_start38_mixed_best_rm6_tw10
0-15-42-14-38-44-16-86-17-45-8-93-0,729.6580124107402,seed701_explore_guarded
0-12-76-29-24-55-25-39-67-23-74-26-54-0,730.7044953756051,seed606_lns_start84_mixed_random_best_rm5_tw10
0-27-99-98-85-61-84-83-8-18-60-5-93-100-17-0,731.9495252683248,seed603_lns_start83_random_best_rm8_tw6
0-14-44-38-86-16-61-17-45-96-93-91-43-0,733.6259888275036,seed701_explore_lns_start41_late_best_rm15_tw15
0-52-19-62-30-51-9-81-33-3-77-50-1-4-0,735.3641059160489,seed701_explore_lns_start26_mixed_random_best_rm20_tw10
0-95-92-98-85-16-44-38-14-43-15-41-56-4-0,736.7166178082166,seed608_lns_start85_mixed_best_rm8_tw12
0-27-40-73-74-41-2-57-42-15-43-14-91-93-0,738.2916374693591,seed701_explore_lns_start31_mixed_best_rm15_tw15
0-27-19-11-64-49-36-46-47-48-18-13-0,738.5749508771104,seed701_explore_guarded
0-2-40-73-74-41-15-43-38-14-91-100-37-13-0,739.4471745388921,seed601_lns_start79_late_best_rm8_tw15
0-69-31-88-7-62-30-20-50-26-53-58-4-0,740.6399308943797,seed701_explore_lns_start40_late_best_rm20_tw6
0-5-61-85-98-99-84-18-7-19-10-70-68-0,740.6633283600254,seed701_explore_lns_start25_random_random_best_rm20_tw8
0-61-16-44-38-86-17-45-99-96-93-91-14-0,741.6208440549052,seed605_lns_start37_random_best_rm6_tw10
0-12-76-79-29-78-34-35-71-65-66-20-26-0,743.6068600795375,seed701_explore_lns_start26_mixed_random_best_rm20_tw10
0-15-41-22-74-73-72-75-56-23-67-39-25-55-0,744.6103597784568,seed701_explore_lns_start40_late_random_best_rm10_tw12
0-45-18-93-61-16-86-44-38-14-42-96-0,748.9174688139011,seed701_explore_lns_start40_mixed_regret_rm15_tw10
0-88-7-18-84-61-85-98-5-60-10-70-68-0,749.6968652791307,seed701_explore_lns_start25_mixed_regret_rm15_tw15
0-28-33-71-35-65-66-20-90-63-32-70-1-0,749.8438927731228,seed604_lns_start37_random_random_best_rm8_tw8
0-27-33-79-29-78-34-35-71-65-50-1-13-0,750.3700690074163,seed701_explore_lns_start2_late_regret_rm20_tw12
0-52-82-7-88-31-70-10-62-11-19-47-36-46-0,752.634714445864,seed605_lns_start83_mixed_best_rm8_tw12
0-83-82-8-45-17-86-16-91-93-59-37-43-4-0,752.6864021027111,seed701_explore_lns_start25_mixed_regret_rm15_tw15
0-5-45-17-61-86-16-44-38-14-42-91-96-0,754.5683807630232,seed606_lns_start41_random_best_rm6_tw8
0-21-40-2-57-87-94-6-18-5-43-15-0,755.9381273464196,seed601_lns_start37_random_regret_rm6_tw8
0-27-99-98-85-61-84-83-18-8-45-17-5-60-100-0,756.727688577871,seed701_explore_lns_start83_mixed_regret_rm10_tw12
0-28-12-76-29-77-3-81-51-9-66-20-1-26-0,757.9446722356581,seed701_explore_lns_start2_mixed_best_rm25_tw15
0-82-19-11-90-63-64-49-36-47-48-46-89-0,758.7045976931195,seed604_lns_start80_mixed_random_best_rm8_tw6_guarded
0-95-92-85-99-6-94-53-87-57-42-91-96-26-0,761.2188877859146,seed701_explore_lns_start80_late_regret_rm15_tw8
0-52-82-7-88-31-70-10-62-11-19-47-46-17-0,761.5739113696175,seed601_lns_start85_random_random_best_rm5_tw6
0-52-31-88-7-82-46-47-19-11-62-10-70-60-0,761.8689848440225,seed603_lns_start84_random_regret_rm5_tw15
0-52-82-8-83-18-60-84-98-92-97-59-37-100-15-0,762.1817831442795,seed701_explore_lns_start40_mixed_random_best_rm10_tw15
0-21-75-40-2-57-87-94-6-5-84-17-43-0,763.1853864036241,seed701_explore_lns_start40_mixed_regret_rm15_tw10
0-21-40-2-57-87-94-6-18-5-99-96-43-0,764.8414757356444,seed607_lns_start40_random_best_rm6_tw10
0-52-82-7-88-31-70-10-62-11-19-47-46-93-0,765.5814137391637,seed607_lns_start82_mixed_random_best_rm5_tw6
0-52-31-88-7-82-46-47-19-11-62-10-70-20-0,765.6302046574733,seed701_explore_lns_start86_mixed_best_rm10_tw8
0-69-31-88-7-62-30-20-51-9-50-26-53-0,767.1294677106212,seed601_lns_start42_late_random_best_rm6_tw10
0-95-92-98-16-86-44-14-43-15-41-23-56-4-0,767.4891621863354,seed701_explore_lns_start86_mixed_regret_rm20_tw8
0-5-45-17-86-44-16-61-99-96-93-91-14-42-0,767.7656749667594,seed701_explore_lns_start42_random_best_rm20_tw12
0-2-21-40-53-94-87-42-57-15-43-14-38-0,768.5877763783143,seed701_explore_guarded
0-45-18-61-16-86-44-38-14-91-93-96-17-0,768.8268856191253,seed701_explore_lns_start40_late_best_rm20_tw6
0-21-40-2-57-15-87-94-6-5-38-43-0,769.6023615287044,seed601_lns_start39_mixed_random_best_rm8_tw8
0-83-82-8-46-45-17-16-5-59-37-100-14-43-0,770.9906556737434,seed701_explore_lns_start32_late_regret_rm20_tw12
0-27-28-40-73-57-87-99-98-85-93-97-15-43-0,771.9544914436182,seed701_explore_lns_start77_random_best_rm25_tw6
0-98-16-84-5-18-7-88-62-10-48-70-68-0,772.2493190542464,seed701_explore_lns_start79_late_random_best_rm10_tw15
0-69-31-88-7-62-30-20-51-9-26-53-58-0,776.065586491583,seed701_explore_lns_start39_mixed_regret_rm10_tw12
0-21-73-40-2-87-99-94-57-15-43-5-89-0,776.2632486205108,seed701_explore_lns_start38_random_random_best_rm25_tw8
0-52-82-7-88-31-70-10-11-19-47-36-46-93-0,776.4305326783863,seed701_explore_lns_start84_random_regret_rm25_tw12
0-42-14-44-38-86-16-17-45-84-96-91-58-0,776.489012723695,seed701_explore_lns_start37_mixed_best_rm10_tw12
0-69-51-30-32-90-63-64-49-36-48-86-0,779.6715332694338,seed701_explore_lns_start82_late_random_best_rm10_tw12
0-82-19-11-90-63-64-49-36-47-48-46-60-0,780.2975288758353,seed603_lns_start79_mixed_best_rm8_tw6_guarded
0-52-83-45-8-84-17-86-16-93-97-96-89-46-0,780.4736227839525,seed601_lns_start79_late_best_rm8_tw15
0-61-16-86-38-44-99-96-42-14-17-45-0,781.0192892611047,seed701_explore_lns_start37_random_regret_rm10_tw12
0-12-76-79-29-24-54-55-25-67-39-56-74-26-0,781.0317968275556,seed602_lns_start83_random_random_best_rm8_tw12_guarded
0-69-31-88-7-62-10-30-20-51-50-26-53-58-0,781.7740141109928,seed603_lns_start42_random_regret_rm6_tw12
0-21-73-41-22-74-75-56-23-67-39-25-55-4-97-0,782.4682588831281,seed701_explore_lns_start54_mixed_best_rm15_tw8
0-52-19-62-10-30-51-9-81-33-3-77-50-1-0,782.5836386826526,seed701_explore_lns_start32_late_regret_rm20_tw12
0-95-16-86-38-44-14-43-15-41-22-56-4-0,782.9185125137069,seed602_lns_start86_mixed_best_rm8_tw8
0-21-40-2-57-87-99-94-6-18-60-5-43-0,783.8284064133672,seed607_lns_start38_random_regret_rm3_tw6
0-31-63-90-30-9-71-66-65-35-1-26-0,786.1212633164283,seed701_explore_lns_start54_mixed_regret_rm20_tw8
0-52-31-88-7-82-19-11-62-10-32-70-1-65-0,786.6582043395767,seed701_explore_lns_start16_late_regret_rm10_tw12
0-52-82-7-88-31-10-62-11-19-47-46-38-0,787.09826115976,seed603_lns_start83_random_regret_rm8_tw8
0-2-40-73-41-15-43-38-14-91-100-37-97-13-0,788.4969025035658,seed601_lns_start81_late_random_best_rm6_tw10_guarded
0-5-83-8-17-84-61-16-44-38-14-100-93-43-0,789.8345115672264,seed701_explore_lns_start14_late_random_best_rm20_tw15
0-95-98-42-57-15-41-22-74-75-23-56-39-67-0,790.1718484622218,seed701_explore_lns_start4_random_random_best_rm25_tw12
0-95-92-16-86-44-14-43-15-41-22-75-56-4-0,790.1832640440598,seed701_explore_lns_start85_late_best_rm15_tw15
0-98-44-86-16-61-18-7-88-62-10-70-68-0,790.597661483293,seed701_explore_lns_start79_late_regret_rm10_tw8
0-2-40-21-73-72-75-4-25-55-54-80-68-3-24-0,790.7649545029172,seed701_explore_lns_start2_late_regret_rm20_tw12
0-27-45-8-18-83-84-61-98-93-99-5-60-17-0,792.0047950189216,seed701_explore_lns_start85_late_best_rm20_tw10
0-75-22-2-57-42-87-97-94-6-96-59-37-91-100-0,792.1038858170976,seed701_explore_lns_start85_late_best_rm20_tw10
0-27-33-79-29-3-78-34-71-65-35-77-50-0,794.6815873552299,seed701_explore_lns_start5_late_regret_rm25_tw6
0-52-31-88-7-82-8-46-47-19-11-62-10-70-0,796.4501746727843,seed604_lns_start85_random_random_best_rm3_tw10
0-52-82-8-83-60-84-85-98-95-97-92-59-37-100-43-0,798.5746839061367,seed604_lns_start38_mixed_random_best_rm6_tw8
0-95-92-16-86-44-14-43-15-41-22-56-4-100-0,798.818898256605,seed607_lns_start85_late_regret_rm8_tw15
0-83-82-18-6-94-96-99-92-87-97-59-100-40-0,800.322681821911,seed701_explore_lns_start4_random_random_best_rm25_tw12
0-69-31-88-62-30-20-51-9-33-50-26-53-58-0,804.6300449255325,seed603_lns_start41_mixed_random_best_rm8_tw8_guarded
0-21-40-53-2-57-87-94-6-5-37-43-15-0,805.7974286773863,seed607_lns_start40_mixed_random_best_rm5_tw15
0-33-71-35-65-66-20-32-90-63-10-70-1-0,805.9971667316933,seed701_explore_lns_start37_mixed_regret_rm10_tw12
0-95-92-44-38-87-97-94-6-99-96-13-58-53-0,810.3153583208971,seed701_explore_lns_start34_mixed_regret_rm10_tw12
0-69-33-79-78-34-29-24-68-80-54-55-4-67-0,810.6160787622235,seed701_explore_lns_start12_late_random_best_rm25_tw12
0-92-98-61-85-99-5-18-83-8-45-17-84-93-100-0,813.0145077841978,seed603_lns_start84_random_regret_rm5_tw15
0-21-40-2-57-87-94-6-99-5-93-37-43-15-0,813.8659993363822,seed701_explore_lns_start37_mixed_regret_rm10_tw8
0-2-75-73-21-40-53-27-50-3-77-68-80-81-0,814.0508404442211,seed701_explore_lns_start83_late_best_rm15_tw15
0-21-40-18-6-94-87-2-57-15-43-38-0,815.0835919730274,seed701_explore_lns_start42_random_best_rm20_tw12
0-52-82-8-45-83-60-84-85-98-92-59-97-37-100-43-0,815.3218413629135,seed601_lns_start38_random_best_rm8_tw6
0-98-61-85-84-5-60-18-83-8-45-17-93-38-0,817.8434645945831,seed605_lns_start84_late_random_best_rm8_tw6_guarded
0-12-76-79-29-55-25-39-67-23-74-26-54-0,820.665420400902,seed701_explore_lns_start85_mixed_random_best_rm10_tw10
0-52-83-8-46-45-17-86-16-61-97-96-89-60-0,821.9126468567696,seed701_explore_lns_start80_late_best_rm10_tw10
0-95-5-98-42-43-15-57-41-22-75-74-56-39-0,822.8817798026676,seed701_explore_lns_start5_late_regret_rm20_tw15
0-92-59-99-18-53-87-97-94-6-96-93-100-38-0,823.084641667409,seed701_explore_lns_start6_late_best_rm20_tw12
0-98-99-85-61-84-83-18-82-8-45-17-5-60-100-0,826.770855619747,seed602_lns_start84_random_best_rm5_tw10
0-52-31-88-7-82-46-47-19-11-62-10-70-26-0,827.3171930140386,seed601_lns_start85_random_regret_rm8_tw12
0-72-75-41-57-42-87-97-94-6-96-59-37-91-38-0,827.5769529976751,seed701_explore_guarded
0-52-82-7-88-31-70-10-62-11-19-47-46-45-0,827.9691523559733,seed602_lns_start86_mixed_best_rm8_tw8
0-31-88-62-7-18-69-50-9-20-1-26-58-0,828.1241544586641,seed701_explore_lns_start40_mixed_best_rm20_tw8
0-52-82-7-88-31-70-10-62-11-19-47-46-100-0,829.4637161422063,seed605_lns_start83_mixed_regret_rm8_tw6
0-27-40-73-74-41-2-57-15-42-14-100-91-93-89-0,830.6086416189291,seed701_explore_lns_start33_mixed_random_best_rm20_tw8
0-27-2-40-73-74-41-15-57-42-100-37-89-32-0,832.8571269364285,seed701_explore_lns_start29_random_best_rm25_tw10
0-95-92-99-6-94-53-26-58-87-97-96-13-38-0,833.6180101346911,seed701_explore_lns_start26_mixed_best_rm20_tw10
0-31-88-7-62-10-30-51-9-33-50-26-53-58-0,835.2537702029249,seed701_explore_guarded
0-95-92-16-44-38-14-43-15-41-22-56-4-54-0,839.8582417161153,seed602_lns_start85_late_best_rm4_tw12
0-2-42-14-44-86-16-61-5-18-45-17-60-89-0,840.4774853510685,seed604_lns_start77_random_regret_rm6_tw6
0-28-12-76-79-29-78-34-35-71-65-66-20-77-0,841.2768493511924,seed701_explore_lns_start81_late_random_best_rm25_tw6
0-83-45-17-61-16-86-44-38-14-42-96-74-0,841.641800956721,seed701_explore_lns_start37_mixed_best_rm25_tw10
0-30-90-63-64-49-36-47-48-46-45-60-96-0,841.8358145584459,seed701_explore_lns_start17_late_random_best_rm15_tw15
0-98-44-86-16-84-18-7-88-62-10-70-68-0,842.8639837145395,seed701_explore_lns_start80_late_regret_rm15_tw8
0-69-7-88-31-30-51-20-9-50-26-53-58-0,844.68127552653,seed605_lns_start42_random_regret_rm8_tw8
0-95-92-16-86-44-38-14-43-15-41-22-56-0,846.5091367735585,seed601_lns_start85_random_regret_rm8_tw12
0-52-88-62-30-51-9-81-33-3-76-50-1-77-80-0,848.4782328374359,seed701_explore_lns_start25_random_random_best_rm20_tw8
0-30-90-63-64-49-36-47-46-8-45-60-89-0,848.9199185713519,seed701_explore_lns_start2_late_regret_rm20_tw12
0-2-98-85-61-5-84-83-18-8-45-17-60-93-100-0,849.4735539577205,seed701_explore_lns_start82_mixed_best_rm15_tw8
0-69-31-88-7-62-10-30-51-9-50-26-53-58-0,850.9597822233225,seed604_lns_start37_random_random_best_rm8_tw8
0-27-28-40-53-50-77-79-33-78-34-35-65-66-0,854.354547233998,seed701_explore_lns_start17_late_random_best_rm15_tw15
0-95-92-85-16-44-38-14-43-15-41-22-56-4-0,855.044330563914,seed601_lns_start84_late_random_best_rm5_tw10
0-28-51-9-33-78-34-35-71-65-66-20-1-77-0,857.2269933696977,seed701_explore_lns_start84_random_best_rm10_tw10
0-28-51-9-33-78-34-35-71-65-66-20-1-58-0,857.4302399924094,seed602_lns_start84_random_random_best_rm8_tw15
0-5-61-16-44-38-86-17-99-96-93-91-14-43-0,858.3468746883459,seed701_explore_lns_start40_mixed_random_best_rm25_tw6
0-42-61-16-86-38-44-91-93-99-96-45-17-0,859.7511987297783,seed701_explore_lns_start38_mixed_random_best_rm20_tw8
0-12-76-79-29-24-55-25-67-39-4-54-26-74-0,860.8951168141552,seed605_lns_start86_random_regret_rm8_tw15
0-28-76-33-51-71-66-32-90-63-10-70-1-65-0,863.0053963588423,seed701_explore_lns_start40_mixed_regret_rm20_tw6
0-27-7-18-19-11-64-49-36-47-46-48-89-0,863.2427086858735,seed604_lns_start39_random_best_rm4_tw15_guarded
0-2-40-21-73-72-75-4-25-55-54-80-68-29-24-0,863.2636156151098,seed701_explore_lns_start1_late_best_rm20_tw8
0-52-83-18-8-45-17-86-61-93-59-97-96-46-0,863.8503610292964,seed608_lns_start81_mixed_regret_rm8_tw15
0-95-92-61-16-86-44-14-43-15-41-22-74-56-4-0,863.8951886909944,seed701_explore_lns_start85_late_regret_rm15_tw15
0-28-27-31-70-10-63-90-32-20-66-65-35-1-0,864.3444545977102,seed701_explore_lns_start37_mixed_best_rm25_tw10
0-82-7-19-11-90-63-64-49-36-47-48-32-0,864.9503797050484,seed601_lns_start81_late_random_best_rm6_tw10_guarded
0-21-73-75-2-57-42-87-97-94-6-96-59-37-91-100-0,865.1310416599767,seed701_explore_lns_start85_late_best_rm25_tw12
0-21-40-2-57-15-87-95-94-6-96-99-93-37-43-0,866.3850745209485,seed701_explore_guarded
0-27-7-19-11-64-49-36-47-46-8-48-13-0,866.6847326014137,seed605_lns_start41_random_random_best_rm3_tw15_guarded
0-21-40-2-57-15-87-94-6-18-5-93-43-0,869.520964147601,seed701_explore_lns_start37_random_regret_rm10_tw12
0-95-98-42-87-57-15-41-22-74-23-56-39-67-0,870.0883718169778,seed701_explore_lns_start4_late_best_rm25_tw15
0-61-16-86-38-44-91-93-96-6-45-17-14-0,871.7515306299481,seed701_explore_lns_start41_mixed_regret_rm10_tw10
0-21-40-2-57-87-94-6-96-99-5-100-43-15-0,871.8960928846539,seed602_lns_start38_random_regret_rm6_tw12_guarded
0-28-76-33-81-35-71-65-66-32-90-63-70-1-0,872.5595122046675,seed701_explore_lns_start41_random_random_best_rm15_tw8
0-83-82-8-46-45-17-86-16-59-37-43-4-0,874.309026810432,seed701_explore_lns_start25_random_random_best_rm20_tw8
0-52-19-62-30-51-9-81-33-3-77-76-50-1-0,875.5661304841439,seed701_explore_lns_start29_random_best_rm25_tw10
0-69-7-88-30-51-71-9-33-50-26-53-58-0,876.6944973692844,seed701_explore_lns_start37_mixed_best_rm25_tw10
0-83-45-8-18-60-99-98-85-84-17-93-100-86-0,878.2125922606438,seed701_explore_lns_start83_late_random_best_rm20_tw12
0-27-83-45-8-18-60-5-84-17-86-98-93-13-0,878.8925876071601,seed701_explore_lns_start86_late_best_rm20_tw10
0-69-28-53-12-76-50-33-81-9-20-66-65-1-0,880.7964628429227,seed701_explore_lns_start4_random_random_best_rm25_tw12
0-21-40-2-57-15-87-94-6-99-5-18-58-0,882.0534224803794,seed604_lns_start38_mixed_random_best_rm6_tw8
0-21-40-2-57-87-94-6-99-5-42-43-15-0,882.1790542468709,seed602_lns_start41_late_random_best_rm6_tw12
0-42-16-86-61-44-38-14-100-96-93-17-45-0,884.0163236083496,seed701_explore_lns_start39_random_best_rm25_tw6
0-95-92-44-61-85-98-99-94-87-42-97-37-91-43-0,884.3653856410864,seed701_explore_lns_start54_mixed_regret_rm20_tw8
0-28-12-29-79-78-34-35-71-65-66-20-32-77-0,885.9205514988805,seed601_lns_start79_late_best_rm8_tw15
0-98-44-16-84-5-18-7-88-62-10-70-77-68-0,887.6602064563956,seed603_lns_start79_mixed_best_rm8_tw6
0-27-28-40-53-50-77-79-33-78-34-35-71-66-0,887.8480431954383,seed701_explore_lns_start16_late_regret_rm10_tw12
0-52-83-45-8-46-17-86-61-93-96-97-89-60-0,888.7790424226248,seed605_lns_start79_late_best_rm8_tw12
0-83-45-8-18-60-84-61-99-5-93-100-86-17-0,891.1058130290949,seed601_lns_start84_late_random_best_rm5_tw10
0-72-75-57-42-87-94-6-18-96-59-91-37-97-0,892.9210313805173,seed701_explore_lns_start84_random_random_best_rm10_tw6
0-2-21-40-53-6-94-87-57-15-43-14-18-0,893.0913413924884,seed701_explore_lns_start39_mixed_regret_rm15_tw6
0-69-31-90-32-63-11-64-49-36-47-48-46-60-0,896.3128314808372,seed701_explore_lns_start29_random_random_best_rm25_tw10
0-83-82-8-45-17-86-16-59-37-43-15-4-0,897.6554458113701,seed701_explore_lns_start26_random_random_best_rm20_tw12
0-69-31-90-63-11-64-49-36-47-48-46-60-93-0,899.8597780465797,seed701_explore_lns_start29_random_best_rm25_tw10
0-2-73-40-41-15-43-14-38-44-91-37-100-0,900.849628209216,seed701_explore_lns_start79_mixed_best_rm15_tw8
0-28-27-69-33-50-77-79-78-34-35-71-66-65-0,900.9884503753947,seed701_explore_lns_start17_late_random_best_rm15_tw15
0-69-31-88-7-62-30-20-51-50-1-53-58-26-0,903.8917139511888,seed701_explore_lns_start39_random_best_rm10_tw15
0-52-31-88-7-82-46-47-19-11-62-10-70-91-0,904.6541684544071,seed701_explore_lns_start82_random_regret_rm10_tw8
0-69-31-7-62-30-51-20-9-50-26-53-58-0,909.8617363421043,seed604_lns_start77_random_regret_rm6_tw6
0-83-45-17-86-44-16-61-6-96-93-91-14-38-0,911.8614493849738,seed701_explore_lns_start38_random_random_best_rm25_tw8
0-27-62-11-64-49-19-47-36-46-48-18-89-0,917.4658160485471,seed701_explore_lns_start40_mixed_random_best_rm25_tw6
0-28-33-9-35-71-66-32-90-63-10-70-1-65-0,917.6129526155468,seed602_lns_start38_random_regret_rm6_tw12
0-21-40-2-87-95-94-18-6-97-57-15-43-0,918.1105059848397,seed608_lns_start40_random_regret_rm8_tw12_guarded
0-52-31-88-7-82-46-47-19-11-62-10-70-97-0,919.9209165383287,seed701_explore_lns_start84_mixed_random_best_rm20_tw12
0-83-45-8-18-60-84-5-99-85-93-100-38-17-0,921.5893253705831,seed701_explore_lns_start85_late_best_rm15_tw6
0-42-14-44-38-86-16-61-17-45-93-91-15-0,921.9525552955448,seed607_lns_start40_random_best_rm6_tw10
0-42-14-44-86-16-61-17-83-18-5-96-93-91-0,922.9957325267357,seed604_lns_start40_mixed_random_best_rm8_tw15_guarded
0-59-98-99-6-94-53-40-87-97-85-91-37-18-0,923.3661005919059,seed701_explore_lns_start17_late_random_best_rm15_tw15
0-42-14-44-38-86-16-61-84-45-17-93-91-43-0,923.9751525402396,seed607_lns_start42_random_random_best_rm5_tw15
0-88-82-8-83-45-17-16-86-38-14-43-4-0,935.5884382557774,seed701_explore_lns_start29_random_best_rm25_tw10
0-95-92-16-86-38-44-14-43-15-22-74-56-4-0,935.9152821297799,seed601_lns_start85_late_random_best_rm5_tw8_guarded
0-52-31-88-7-82-47-19-11-62-10-70-89-38-0,937.8779980436512,seed701_explore_guarded
0-2-40-73-74-41-15-43-38-14-100-37-13-4-0,938.3019377903505,seed701_explore_lns_start80_late_regret_rm15_tw8
0-21-72-75-57-42-87-99-96-6-94-97-37-91-26-0,939.5771291838098,seed701_explore_lns_start84_random_regret_rm25_tw12
0-62-7-88-31-30-51-20-9-50-26-53-58-0,941.499434746582,seed701_explore_lns_start77_random_best_rm25_tw6
0-69-31-88-7-62-30-51-9-50-68-80-26-53-0,941.571040232662,seed701_explore_lns_start38_late_regret_rm15_tw6
0-61-16-86-14-38-44-91-42-97-96-93-60-17-0,942.3918481226565,seed701_explore_lns_start40_mixed_best_rm15_tw12
0-52-31-88-7-82-46-47-19-11-62-10-70-1-13-0,944.1445077946373,seed608_lns_start86_random_random_best_rm6_tw6
0-88-19-62-30-51-9-81-33-3-77-76-50-1-0,944.7170450639921,seed701_explore_lns_start26_random_regret_rm25_tw6
0-28-12-76-29-79-81-78-34-35-71-65-66-20-0,947.4204104426528,seed701_explore_lns_start26_late_random_best_rm20_tw10
0-2-40-73-74-41-15-43-14-44-91-100-37-38-0,947.874847669345,seed603_lns_start81_late_best_rm8_tw8_guarded
0-27-7-19-11-64-49-36-47-46-48-18-13-0,947.9528412839181,seed606_lns_start41_random_best_rm6_tw8_guarded
0-95-92-98-44-85-99-6-94-87-57-15-43-37-91-0,948.762975861968,seed701_explore_lns_start56_mixed_random_best_rm25_tw6
0-95-92-16-86-38-44-14-43-15-41-23-4-0,949.7300046454018,seed601_lns_start83_mixed_regret_rm6_tw6_guarded
0-83-82-8-46-45-17-86-16-85-37-43-4-0,949.8850401214166,seed602_lns_start26_random_regret_rm8_tw15
0-82-47-19-11-90-32-63-64-49-36-48-60-0,952.3989215891885,seed604_lns_start79_late_random_best_rm8_tw10
0-21-40-2-57-87-94-6-18-5-97-15-43-0,952.4667975289092,seed605_lns_start37_random_regret_rm8_tw8_guarded
0-21-40-2-57-87-94-6-18-5-99-96-15-0,954.7993020634397,seed606_lns_start42_random_random_best_rm4_tw6
0-95-40-21-2-57-87-94-6-99-5-43-15-0,956.4760093980027,seed601_lns_start37_late_random_best_rm6_tw15
0-2-73-72-75-4-25-55-24-29-68-80-54-85-0,956.9745774774419,seed701_explore_lns_start6_random_best_rm25_tw15
0-95-99-16-86-38-44-14-43-15-41-74-23-0,960.7029101323388,seed607_lns_start83_random_random_best_rm8_tw12_guarded
0-2-42-14-38-44-16-61-86-17-45-5-60-89-0,963.4010300886421,seed602_lns_start76_mixed_best_rm8_tw10
0-28-33-35-71-65-66-30-90-63-10-70-1-0,965.0024026175811,seed701_explore_lns_start38_mixed_best_rm20_tw6
0-95-15-57-42-14-44-38-86-91-100-93-97-43-0,967.0145592754328,seed701_explore_lns_start12_late_random_best_rm25_tw12
0-95-40-21-2-57-42-87-94-6-5-43-15-0,968.7385429509574,seed608_lns_start41_late_best_rm6_tw8
0-27-28-12-29-79-78-34-35-71-65-66-20-26-0,972.5234107697277,seed701_explore_lns_start26_random_regret_rm25_tw6
0-95-92-16-86-44-38-43-15-41-22-23-56-0,973.0469546646872,seed605_lns_start86_random_regret_rm8_tw15
0-2-40-53-21-73-72-4-25-55-54-80-68-29-24-0,976.903753826108,seed701_explore_lns_start2_late_best_rm10_tw15
0-69-31-88-7-62-30-20-51-9-50-26-53-58-0,977.030871788906,seed601_lns_start38_mixed_regret_rm8_tw8
0-21-40-2-57-15-87-97-94-6-99-5-37-43-0,979.9512368501721,seed603_lns_start42_random_regret_rm8_tw6
0-95-16-86-38-44-14-43-15-41-22-74-56-4-0,980.9957219447132,seed601_lns_start86_mixed_regret_rm6_tw12
0-59-98-44-5-84-18-88-62-10-70-68-53-0,981.4134461490162,seed701_explore_lns_start80_mixed_best_rm20_tw6
0-27-69-28-53-50-77-79-78-34-35-71-66-65-0,981.6117372156117,seed701_explore_lns_start19_mixed_best_rm25_tw6
0-28-31-70-62-10-63-90-32-20-66-65-35-1-0,984.2863630657926,seed701_explore_lns_start42_late_random_best_rm25_tw12
0-92-99-98-85-61-84-83-18-8-45-17-5-60-93-100-0,987.6824415524284,seed606_lns_start84_random_best_rm4_tw15
0-27-82-8-45-83-84-17-86-16-100-37-59-89-46-0,989.7489134221362,seed701_explore_lns_start26_mixed_random_best_rm20_tw10
0-42-14-38-44-16-86-61-99-96-93-91-17-45-0,989.9656775661604,seed602_lns_start37_random_best_rm5_tw8
0-82-7-18-5-61-85-98-99-84-83-8-45-60-0,990.1606811022491,seed701_explore_lns_start85_mixed_best_rm20_tw12
0-21-40-2-87-94-6-18-5-99-97-57-15-0,990.3133765993242,seed605_lns_start37_random_best_rm4_tw10
0-98-44-16-84-5-60-18-7-88-62-10-70-68-0,990.908481511142,seed601_lns_start80_late_best_rm6_tw6
0-98-59-6-94-87-57-42-97-96-37-91-86-38-0,992.8485854863521,seed701_explore_lns_start83_late_best_rm15_tw15
0-5-83-8-84-61-16-86-44-38-14-43-100-17-0,994.3528242467114,seed701_explore_lns_start19_late_regret_rm10_tw8
0-21-40-2-87-94-6-18-99-97-57-15-43-0,995.5409298724035,seed608_lns_start40_random_regret_rm8_tw12
0-12-79-29-24-55-25-67-23-39-74-54-26-0,997.6334189751622,seed603_lns_start83_mixed_regret_rm8_tw6
0-59-61-99-94-6-96-97-87-57-42-37-91-100-75-0,997.688842611643,seed701_explore_lns_start86_late_best_rm20_tw10
0-28-12-76-79-29-78-34-35-71-65-66-20-26-0,997.8936748850244,seed602_lns_start26_random_regret_rm8_tw15
0-28-33-9-35-71-66-20-90-63-32-70-1-65-0,1001.0274143955583,seed602_lns_start41_late_random_best_rm6_tw12_guarded
0-98-44-16-61-84-5-18-7-88-62-10-70-68-0,1009.3286632492195,seed701_explore_lns_start81_late_regret_rm10_tw10
0-5-83-18-84-61-16-86-44-38-14-43-91-17-0,1012.1614067397206,seed701_explore_lns_start6_random_best_rm25_tw15
0-28-33-35-71-66-20-32-90-63-10-70-1-65-0,1014.4981733473447,seed602_lns_start41_late_random_best_rm6_tw12
0-42-14-38-86-44-16-61-17-45-18-96-93-0,1015.0492240750269,seed602_lns_start38_mixed_regret_rm8_tw6
0-21-40-2-57-15-87-99-94-6-18-96-43-0,1015.8205842095726,seed601_lns_start39_random_best_rm5_tw6
0-95-92-16-86-38-44-14-43-15-41-22-74-4-0,1016.5701276619417,seed601_lns_start82_mixed_random_best_rm6_tw8_guarded
0-21-40-2-57-87-94-6-18-99-59-43-15-0,1016.732529769367,seed606_lns_start41_random_regret_rm6_tw6_guarded
0-28-33-35-71-65-66-32-90-63-10-70-1-50-0,1017.2356262191589,seed701_explore_lns_start39_mixed_regret_rm10_tw12
0-30-90-63-64-49-36-47-48-46-8-45-60-0,1018.0047510042674,seed701_explore_lns_start16_mixed_best_rm25_tw6
0-28-76-9-35-71-65-66-32-90-63-10-70-1-0,1019.6929928090078,seed701_explore_lns_start42_late_regret_rm25_tw10
0-52-83-8-45-17-84-61-16-86-93-59-97-96-46-0,1021.4782093266605,seed604_lns_start80_mixed_random_best_rm8_tw6
0-92-99-98-85-61-84-5-60-18-83-8-45-17-91-100-0,1022.0469030907376,seed602_lns_start82_mixed_random_best_rm8_tw6
0-21-40-2-57-15-42-87-94-6-18-5-43-0,1022.1053063816381,seed601_lns_start38_late_best_rm4_tw15
0-52-82-8-83-45-17-86-16-92-59-37-100-43-4-0,1022.5514922640314,seed701_explore_lns_start26_random_regret_rm25_tw6
0-21-40-2-57-87-94-6-18-5-43-15-58-0,1023.415425749319,seed701_explore_lns_start37_random_random_best_rm10_tw6
0-5-99-95-94-40-2-87-57-15-43-42-18-0,1023.5480673625339,seed701_explore_lns_start41_mixed_regret_rm10_tw10
0-83-61-84-17-86-44-16-85-37-91-14-43-38-0,1026.0698999635329,seed701_explore_lns_start4_late_best_rm25_tw15
0-69-31-88-7-62-10-30-20-51-9-50-26-53-0,1028.345360388151,seed701_explore_lns_start41_random_random_best_rm15_tw8
0-95-16-86-38-44-14-43-15-41-22-74-56-54-0,1031.3254960640597,seed607_lns_start82_random_random_best_rm4_tw8_guarded
0-31-63-90-30-20-71-35-65-66-1-50-26-0,1032.7375204748978,seed701_explore_lns_start56_mixed_random_best_rm25_tw8
0-21-40-53-2-57-87-94-6-99-5-43-15-0,1035.1495993478538,seed701_explore_lns_start40_mixed_best_rm20_tw8
0-98-42-87-57-15-41-22-75-74-56-23-39-67-0,1036.497087638279,seed701_explore_lns_start2_mixed_best_rm20_tw12
0-69-31-88-7-62-30-20-51-9-50-53-58-4-0,1037.4979353349438,seed701_explore_lns_start37_mixed_random_best_rm10_tw8
0-42-14-44-86-16-61-99-18-96-93-91-17-45-0,1043.459939491355,seed601_lns_start39_mixed_random_best_rm8_tw8
0-21-40-2-57-15-87-99-94-6-18-100-43-0,1044.5456149762774,seed606_lns_start41_random_best_rm6_tw8
0-2-40-73-41-15-43-14-44-100-37-97-13-38-0,1044.8883834783567,seed701_explore_guarded
0-59-98-61-6-94-97-87-57-42-91-37-96-13-75-0,1046.8343868350482,seed701_explore_lns_start85_late_best_rm15_tw6
0-30-90-63-64-49-36-47-48-46-8-60-5-0,1046.9467652412563,seed701_explore_lns_start6_mixed_best_rm15_tw6
0-27-52-62-11-19-64-49-36-46-45-17-93-100-0,1048.7789873977563,seed701_explore_lns_start54_mixed_regret_rm15_tw6
0-5-99-6-94-87-40-21-2-57-15-43-18-0,1049.8285867846128,seed601_lns_start40_mixed_regret_rm6_tw15
0-69-31-88-62-32-20-9-51-50-26-53-58-4-0,1055.6813308398591,seed701_explore_lns_start38_mixed_best_rm20_tw6
0-2-40-73-74-41-15-43-38-14-91-100-37-13-58-0,1056.6149115235712,seed701_explore_lns_start80_late_best_rm15_tw10
0-98-99-85-61-84-5-60-18-83-8-45-17-93-91-100-0,1057.0103267072914,seed605_lns_start84_random_best_rm6_tw10
0-21-40-2-57-87-94-6-18-5-91-100-43-15-0,1057.7973517737505,seed606_lns_start39_random_random_best_rm8_tw10_guarded
0-28-33-35-71-65-66-32-90-63-10-70-1-60-0,1058.134536378833,seed606_lns_start41_random_random_best_rm8_tw15_guarded
0-69-76-12-3-81-51-9-71-20-1-26-58-93-0,1058.6177633232048,seed701_explore_lns_start17_late_random_best_rm15_tw15
0-83-82-8-46-45-84-17-86-38-14-43-4-0,1066.075365549056,seed701_explore_lns_start28_late_best_rm25_tw10
0-95-42-16-61-86-38-14-44-91-93-96-17-45-0,1069.9506478744204,seed601_lns_start37_late_random_best_rm6_tw15
0-95-92-42-57-15-41-22-74-75-23-56-39-67-55-0,1070.5829435542987,seed701_explore_lns_start14_late_random_best_rm20_tw15
0-42-14-44-38-86-16-61-17-45-96-93-91-43-0,1073.2063696159357,seed701_explore_lns_start38_late_regret_rm15_tw6
0-52-82-8-83-18-60-84-85-98-92-59-37-100-97-53-0,1074.474669194143,seed608_lns_start38_late_best_rm6_tw6
0-28-33-51-30-70-10-63-90-32-66-71-35-65-0,1077.0183973205737,seed701_explore_lns_start40_mixed_best_rm20_tw8
0-2-40-73-74-41-15-43-38-14-91-100-37-93-13-0,1079.2450394898992,seed701_explore_lns_start80_late_best_rm10_tw10
0-5-61-44-85-98-18-7-88-10-70-50-29-0,1080.5157824408748,seed701_explore_lns_start29_mixed_best_rm25_tw6
0-27-28-40-73-15-57-87-97-99-93-98-100-91-38-0,1082.8999538852072,seed604_lns_start77_random_regret_rm6_tw6
0-2-40-73-74-41-15-43-38-14-91-100-37-13-89-0,1083.3724959732294,seed608_lns_start81_mixed_regret_rm8_tw15
0-98-61-99-93-45-8-18-83-84-5-60-17-86-0,1088.8024795724245,seed701_explore_lns_start85_late_random_best_rm20_tw6
0-63-64-49-36-47-48-8-45-5-93-60-46-0,1089.3236787283256,seed701_explore_lns_start4_random_random_best_rm25_tw12
0-98-44-16-84-5-18-7-88-62-10-70-68-26-0,1089.3860835607088,seed604_lns_start79_late_random_best_rm8_tw10
0-92-98-16-86-38-44-14-43-15-41-22-56-4-0,1089.4965781466094,seed701_explore_lns_start86_mixed_regret_rm10_tw15
0-95-92-16-86-38-44-14-43-15-41-22-56-4-0,1090.5724633475193,seed601_lns_start85_late_random_best_rm5_tw8
0-52-82-7-88-31-70-10-62-11-19-47-46-86-0,1095.2435739384118,seed601_lns_start84_late_best_rm5_tw12
0-52-88-7-82-18-31-10-62-11-19-47-46-70-0,1095.8724821220587,seed701_explore_lns_start83_random_best_rm10_tw12
0-28-33-51-71-65-66-32-90-63-10-70-1-35-0,1097.0436545861774,seed701_explore_lns_start42_random_best_rm20_tw12
0-5-45-17-86-44-16-61-99-96-93-91-42-38-0,1097.1221754510423,seed701_explore_lns_start39_mixed_regret_rm15_tw6
0-27-28-40-50-77-79-33-78-34-35-71-66-65-0,1097.8806573656725,seed701_explore_lns_start19_late_regret_rm10_tw15
0-95-92-16-86-44-38-14-43-15-41-22-56-74-0,1098.910702877322,seed602_lns_start83_mixed_random_best_rm4_tw8
0-98-99-85-61-84-5-60-18-83-8-45-17-93-38-0,1105.2169416232457,seed607_lns_start85_late_regret_rm8_tw15
0-28-69-70-90-63-32-20-66-71-65-35-50-1-0,1111.5319915804644,seed701_explore_lns_start38_random_best_rm25_tw6
0-42-14-44-38-86-16-61-91-96-18-45-17-0,1112.9453734355243,seed606_lns_start37_mixed_random_best_rm8_tw6
0-42-15-41-22-74-73-72-75-23-56-39-25-55-67-0,1113.545904243284,seed701_explore_lns_start41_late_best_rm15_tw15
0-69-33-81-35-71-66-32-90-63-10-70-1-65-0,1113.7097795764473,seed701_explore_lns_start77_random_best_rm25_tw6
0-52-82-8-45-17-86-16-98-37-14-38-43-4-0,1122.1318900517547,seed701_explore_lns_start29_random_random_best_rm25_tw10
0-52-62-11-19-64-49-36-47-46-45-17-93-100-0,1123.299170012636,seed701_explore_lns_start56_mixed_random_best_rm25_tw6
0-30-90-63-64-49-36-47-48-46-45-18-89-0,1125.7136121671674,seed701_explore_guarded
0-83-82-18-7-62-19-11-63-64-49-36-60-0,1126.9147203304717,seed701_explore_lns_start12_late_random_best_rm25_tw12
0-5-61-86-38-44-16-17-84-91-100-14-43-15-0,1127.4353174560426,seed701_explore_lns_start19_mixed_best_rm25_tw6
0-95-92-98-61-44-91-85-99-97-87-42-43-57-72-0,1129.8351388599622,seed701_explore_lns_start56_mixed_random_best_rm25_tw8
0-98-99-85-61-84-5-60-18-83-8-45-17-100-38-0,1140.62007807991,seed701_explore_lns_start84_mixed_random_best_rm20_tw12
0-95-92-16-86-38-44-14-43-15-41-22-56-54-0,1140.9022374668657,seed602_lns_start84_mixed_random_best_rm5_tw10
0-52-31-88-7-82-46-47-19-11-62-10-70-89-100-0,1143.0942137511465,seed701_explore_lns_start85_random_regret_rm10_tw15
0-2-40-73-74-41-15-43-38-14-91-100-37-97-13-0,1143.9252333620952,seed601_lns_start81_late_random_best_rm6_tw10
0-30-90-63-64-49-36-47-48-46-45-17-60-89-0,1145.5189918038127,seed701_explore_lns_start17_late_random_best_rm15_tw15
0-83-45-17-86-38-44-16-61-96-93-91-14-42-0,1161.570644044212,seed606_lns_start39_mixed_random_best_rm8_tw6
0-52-82-7-88-31-70-10-62-11-19-47-46-38-0,1163.5801613245887,seed601_lns_start85_late_random_best_rm8_tw8
0-52-98-99-85-61-84-83-18-8-45-17-5-60-100-0,1163.6021004271167,seed701_explore_lns_start84_random_best_rm15_tw12
0-52-83-45-8-6-59-61-86-17-93-96-89-46-0,1164.6175900664157,seed701_explore_lns_start81_mixed_random_best_rm10_tw15
0-72-75-57-87-42-98-59-96-6-94-97-37-91-38-0,1164.8845162047244,seed604_lns_start83_late_random_best_rm6_tw6
0-92-61-16-86-38-44-14-43-15-41-22-56-4-0,1165.5244558468694,seed701_explore_lns_start83_random_random_best_rm15_tw8
0-52-31-88-7-82-46-47-19-11-62-10-70-60-13-0,1169.7273596487134,seed602_lns_start84_random_random_best_rm4_tw6
0-52-83-45-8-46-17-86-61-93-59-97-96-89-60-0,1172.5155313319935,seed601_lns_start81_late_regret_rm6_tw8
0-30-90-32-63-64-49-36-47-46-8-60-5-0,1179.3954549625275,seed701_explore_lns_start5_late_regret_rm25_tw6
0-21-40-53-2-57-87-99-94-6-5-18-89-26-0,1179.485660279493,seed701_explore_lns_start41_late_best_rm15_tw15
0-61-45-8-83-18-60-84-5-85-100-93-17-38-0,1184.917465694315,seed701_explore_lns_start85_late_best_rm15_tw15
0-98-99-5-83-45-8-18-60-84-17-86-38-93-0,1185.1525951044314,seed701_explore_lns_start85_late_best_rm25_tw12
0-95-92-99-16-86-44-38-14-43-15-41-22-56-0,1185.7220038759021,seed701_explore_lns_start82_mixed_best_rm15_tw8
0-52-82-8-45-17-86-38-44-98-37-14-43-4-0,1186.456785410168,seed701_explore_guarded
0-98-44-16-84-5-18-7-88-62-63-10-70-68-0,1189.930277173167,seed602_lns_start79_mixed_random_best_rm8_tw12
0-12-76-29-24-55-25-39-67-23-75-74-26-54-0,1193.7615307826018,seed701_explore_lns_start85_mixed_best_rm20_tw12
0-83-82-8-46-45-17-86-5-93-96-89-53-4-0,1196.847691154898,seed701_explore_lns_start26_late_regret_rm20_tw6
0-30-90-63-64-49-36-47-48-46-45-60-86-0,1198.0192361226193,seed701_explore_lns_start14_late_random_best_rm20_tw15
0-83-82-8-46-45-17-86-16-59-37-14-43-4-0,1198.5638671074846,seed701_explore_lns_start31_random_regret_rm10_tw6
0-92-16-86-38-44-14-43-15-41-22-72-56-4-0,1198.8215924268466,seed605_lns_start84_random_best_rm5_tw10
0-95-99-16-86-38-44-14-43-15-41-22-56-58-0,1203.0821319959402,seed606_lns_start86_random_regret_rm8_tw8
0-21-40-2-57-87-99-18-6-94-42-43-15-0,1205.5835947782548,seed701_explore_lns_start42_mixed_regret_rm20_tw8
0-27-52-82-7-88-31-10-62-11-19-47-46-8-70-0,1209.9913255558777,seed701_explore_lns_start83_random_random_best_rm15_tw8
0-95-92-16-86-38-44-14-43-15-41-22-56-26-0,1210.9133337015164,seed602_lns_start84_mixed_random_best_rm8_tw8
0-95-99-16-86-38-44-14-43-15-41-22-56-4-0,1212.5912167976335,seed601_lns_start83_random_best_rm4_tw8
0-52-31-88-7-82-8-19-11-62-10-32-70-38-0,1215.412998776755,seed701_explore_lns_start4_late_random_best_rm20_tw15
0-52-31-88-7-82-46-47-19-11-62-10-70-23-0,1226.354662682602,seed602_lns_start85_mixed_regret_rm6_tw12
0-30-90-63-64-49-36-47-46-8-60-5-89-58-0,1229.687376978885,seed701_explore_lns_start4_late_best_rm25_tw15
0-95-92-61-16-44-38-14-43-15-41-22-56-4-58-0,1243.4823083437002,seed701_explore_lns_start82_mixed_best_rm15_tw10
0-52-82-7-88-31-10-62-11-19-47-46-8-70-1-0,1259.82827581725,seed701_explore_lns_start83_random_best_rm10_tw6
0-28-33-71-35-65-66-32-90-63-10-70-1-59-0,1259.8822148697498,seed701_explore_lns_start42_random_random_best_rm10_tw12
0-95-40-21-2-57-42-87-94-6-5-14-43-15-0,1264.458619972024,seed701_explore_lns_start42_late_random_best_rm25_tw12
0-21-40-2-57-87-94-6-18-5-85-91-43-15-0,1264.6680420519822,seed603_lns_start38_mixed_random_best_rm6_tw10_guarded
0-21-40-53-2-57-15-87-94-6-18-5-43-0,1276.2611928132287,seed701_explore_lns_start42_random_random_best_rm10_tw12
0-28-76-33-9-35-71-66-32-90-63-10-70-1-65-0,1276.615097886911,seed701_explore_lns_start37_random_regret_rm10_tw12
0-21-40-2-57-87-94-6-18-5-99-93-43-15-0,1280.2263723365293,seed602_lns_start41_random_regret_rm8_tw12
0-28-33-35-71-65-66-32-90-63-10-70-1-53-0,1293.5389345854244,seed601_lns_start37_late_random_best_rm6_tw15
0-2-40-73-74-41-15-43-14-44-91-100-37-13-38-0,1296.8615899800823,seed601_lns_start80_late_random_best_rm8_tw10
0-69-31-88-7-62-30-20-51-9-50-1-53-58-26-0,1299.1642253641937,seed701_explore_lns_start41_random_best_rm10_tw10
0-69-31-88-7-62-10-30-20-51-9-50-26-53-58-0,1299.4470034088736,seed701_explore_lns_start39_random_best_rm15_tw10
0-52-83-45-46-8-84-61-86-17-60-96-93-97-89-0,1306.9786310313614,seed701_explore_lns_start79_late_regret_rm10_tw6
0-30-90-63-64-49-36-47-48-46-8-45-60-89-0,1308.3094035526535,seed701_explore_lns_start19_mixed_best_rm25_tw6
0-2-40-73-74-41-57-15-43-14-37-100-91-38-13-0,1315.6481857302044,seed701_explore_lns_start81_late_random_best_rm25_tw6
0-21-40-2-57-87-94-6-18-5-99-100-43-15-0,1316.781420761578,seed602_lns_start38_random_regret_rm6_tw12
0-95-92-99-6-94-87-38-86-91-96-53-26-4-0,1320.441989951132,seed701_explore_lns_start32_late_regret_rm20_tw12
0-21-40-2-57-87-94-6-18-5-99-37-43-15-0,1322.9701535983793,seed602_lns_start37_random_regret_rm6_tw10
0-69-31-88-18-7-62-30-51-9-50-77-26-53-0,1335.9697847132181,seed701_explore_lns_start37_late_random_best_rm10_tw6
0-21-40-2-57-15-42-87-95-94-6-18-5-43-0,1341.5591270098516,seed601_lns_start42_late_random_best_rm6_tw10
0-21-40-2-57-87-94-6-99-5-18-13-15-43-0,1344.6409163960386,seed601_lns_start42_mixed_random_best_rm8_tw8
0-95-98-14-42-43-15-57-41-22-74-56-23-39-67-0,1346.7960208374943,seed701_explore_lns_start6_late_best_rm20_tw12
0-2-21-40-6-94-99-87-57-15-43-38-18-0,1347.5266404325762,seed604_lns_start40_mixed_random_best_rm8_tw15
0-21-40-2-57-87-94-6-18-5-99-91-43-15-0,1356.5506088109505,seed603_lns_start38_mixed_random_best_rm6_tw10
0-28-33-35-71-65-66-32-90-63-10-70-1-30-0,1358.805800916599,seed701_explore_lns_start40_mixed_random_best_rm25_tw6
0-27-33-71-65-35-34-78-79-3-29-77-53-58-0,1363.3136767251942,seed701_explore_lns_start5_late_regret_rm20_tw15
0-98-44-16-61-84-5-60-18-7-88-62-10-70-68-0,1369.3286632492195,seed701_explore_lns_start80_late_random_best_rm10_tw12
0-21-40-2-57-15-43-87-94-6-96-99-5-18-0,1370.9235120304777,seed602_lns_start40_random_best_rm6_tw15
0-59-98-61-99-94-6-96-97-87-57-42-37-91-100-75-0,1374.6808582447954,seed701_explore_lns_start82_late_random_best_rm20_tw15
0-28-33-9-35-71-66-20-32-90-63-10-70-1-65-0,1385.8218275052336,seed701_explore_lns_start37_late_best_rm15_tw8
0-83-82-8-45-84-17-86-38-16-91-37-43-4-0,1399.072756006705,seed701_explore_lns_start29_mixed_best_rm25_tw6
0-28-33-35-71-65-66-32-90-63-10-70-1-18-0,1407.7357997523086,seed604_lns_start38_mixed_regret_rm6_tw12
0-95-40-21-2-87-94-6-99-5-42-57-15-43-0,1409.2600218794496,seed601_lns_start42_late_best_rm5_tw8
0-83-45-17-86-44-16-61-99-96-93-91-42-14-38-0,1415.2931625688118,seed608_lns_start38_mixed_regret_rm8_tw6
0-28-21-40-2-57-15-87-94-6-99-5-18-43-0,1440.238054483519,seed701_explore_lns_start37_mixed_regret_rm10_tw12
0-21-40-2-57-87-94-6-18-5-99-14-43-15-0,1459.2452923132769,seed605_lns_start41_mixed_random_best_rm8_tw8
0-21-40-2-87-94-6-99-42-57-15-43-14-18-0,1467.6802991430523,seed606_lns_start42_mixed_best_rm6_tw15
0-21-40-2-57-87-94-6-99-5-18-97-15-43-0,1476.5572412053184,seed603_lns_start38_random_regret_rm6_tw12
0-52-31-88-7-18-82-46-47-19-11-62-10-70-58-0,1493.9415166389335,seed701_explore_lns_start85_random_best_rm15_tw8
0-52-82-7-88-31-70-10-62-11-19-47-46-17-38-0,1495.5471828318844,seed606_lns_start82_mixed_best_rm6_tw15
0-21-40-2-57-15-42-87-94-6-99-5-18-43-0,1510.289554158577,seed602_lns_start40_late_random_best_rm6_tw15
0-21-40-2-57-87-94-6-99-5-42-15-43-38-0,1510.8313454348884,seed607_lns_start42_late_best_rm8_tw15
0-42-2-40-73-74-41-15-43-14-91-100-37-13-38-0,1512.8551220099712,seed701_explore_lns_start81_mixed_regret_rm15_tw15
0-69-40-21-2-57-87-94-6-99-5-18-89-38-0,1513.734492676334,seed701_explore_lns_start42_late_regret_rm25_tw10
0-69-90-63-64-49-36-47-48-8-45-5-60-46-0,1516.8440345384395,seed701_explore_lns_start2_mixed_best_rm25_tw15
0-52-31-88-7-82-46-47-19-11-62-10-70-1-38-0,1518.540043123567,seed701_explore_lns_start86_mixed_regret_rm20_tw8
0-83-82-8-46-45-17-16-86-44-37-59-43-38-0,1526.9434487928595,seed701_explore_lns_start30_mixed_best_rm20_tw12
0-30-90-63-64-49-36-47-46-8-60-5-13-43-0,1538.7086380753294,seed701_explore_lns_start7_late_random_best_rm20_tw12
0-52-82-7-88-31-70-10-62-11-19-47-46-89-38-0,1562.4880577435224,seed601_lns_start84_late_random_best_rm8_tw6
0-52-83-45-46-8-17-84-60-89-96-59-93-86-38-0,1595.1900289257896,seed602_lns_start80_late_random_best_rm8_tw6
0-61-16-86-38-44-93-99-45-17-91-14-43-15-0,1600.4152765803774,seed701_explore_lns_start41_mixed_random_best_rm15_tw12
0-30-90-63-64-49-36-47-48-46-8-60-5-43-0,1636.1701511648155,seed701_explore_lns_start5_late_random_best_rm10_tw10
0-28-21-40-2-87-94-6-18-5-99-96-57-15-43-0,1659.596752519667,seed601_lns_start38_mixed_regret_rm8_tw8
0-21-73-40-2-57-15-87-94-6-96-99-5-18-43-0,1659.6351073432563,seed607_lns_start42_mixed_random_best_rm8_tw15
0-28-12-76-79-29-78-34-35-71-65-66-20-10-64-0,1668.6169774401176,seed701_explore_lns_start26_mixed_best_rm20_tw10
0-12-21-40-2-57-15-87-94-6-99-5-18-43-0,1668.738091330308,seed701_explore_lns_start40_random_regret_rm10_tw15
0-2-40-73-74-41-15-43-14-44-91-100-37-97-13-38-0,1669.664556799762,seed605_lns_start79_late_best_rm8_tw15
0-95-40-21-2-57-15-87-94-6-99-5-18-43-0,1675.8501282684451,seed701_explore_lns_start41_random_best_rm10_tw8
