route,score,source
0-65-52-59-23-21-19-64-67-62-50-34-31-29-27-26-28-30-32-33-63-51-18-48-25-49-20-22-24-57-66-56-0,312.100811341639,seed601_lns_start63_late_best_rm8_tw12_guarded
0-65-64-19-21-23-57-52-9-11-12-14-47-17-16-15-13-10-53-60-6-7-8-46-4-3-1-43-35-37-54-68-70-55-0,317.1514265771126,seed602_lns_start36_late_best_rm4_tw8_guarded
0-67-62-64-65-12-14-47-16-15-11-9-59-52-57-24-22-49-19-18-48-21-23-25-20-51-63-33-26-32-34-50-56-66-0,332.82605762478016,seed604_lns_start22_random_random_best_rm5_tw8
0-65-64-19-21-23-57-52-59-9-15-16-47-14-12-11-13-10-53-69-55-70-6-7-8-46-4-3-1-43-35-37-54-68-0,333.15696560576947,seed607_lns_start36_mixed_best_rm8_tw6
0-65-11-12-47-16-15-59-52-57-64-22-23-21-18-19-49-51-63-62-67-33-32-30-31-29-27-26-28-34-50-54-68-0,335.9848090447516,seed603_lns_start85_random_regret_rm5_tw8
0-2-44-42-39-38-61-69-53-9-11-15-16-47-14-12-60-6-7-8-46-4-45-5-3-1-43-40-36-35-37-41-54-68-70-55-0,344.6805708960889,seed602_lns_start23_mixed_regret_rm5_tw15_guarded
0-69-7-45-2-61-42-44-40-36-38-39-41-67-34-31-26-30-32-50-62-56-24-20-49-48-25-58-66-0,350.82627544539133,seed606_lns_start14_mixed_random_best_rm6_tw12_guarded
0-61-2-7-45-42-44-40-36-38-39-41-67-50-34-27-26-28-32-51-20-49-48-25-58-24-56-66-0,351.95790340653815,seed607_lns_start14_mixed_best_rm6_tw8_guarded
0-65-64-23-19-57-52-59-9-16-47-14-12-10-11-13-15-17-53-60-6-7-8-46-4-3-1-43-35-37-54-68-70-55-0,351.9761752120923,seed608_lns_start36_random_regret_rm5_tw12
0-61-2-7-45-5-42-44-40-36-38-39-41-67-50-34-26-30-32-63-51-20-49-48-25-58-24-56-66-0,352.07646878615697,seed604_lns_start14_mixed_regret_rm6_tw15_guarded
0-61-2-7-45-42-44-40-36-38-39-41-67-50-34-27-26-28-32-63-51-20-49-48-25-58-24-56-66-0,352.5978861252469,seed601_lns_start14_mixed_regret_rm6_tw12_guarded
0-61-2-7-45-42-44-40-36-38-39-41-67-33-26-30-32-34-50-62-56-24-20-49-48-25-58-66-0,353.18385753379516,seed604_lns_start14_mixed_random_best_rm6_tw8
0-69-7-45-2-61-42-44-40-36-38-39-41-67-50-34-26-30-32-63-51-20-49-48-25-58-24-56-66-0,353.45500360212486,seed606_lns_start14_mixed_regret_rm8_tw10_guarded
0-61-2-7-45-42-44-40-36-38-39-41-67-62-50-34-26-32-33-63-20-49-48-25-58-24-56-66-0,353.66256531460584,seed601_lns_start14_mixed_best_rm5_tw10
0-61-2-7-45-5-42-44-40-36-38-39-41-67-50-34-32-28-26-33-63-51-20-49-48-25-58-24-56-66-0,353.91106977419065,seed608_lns_start14_mixed_random_best_rm8_tw10_guarded
0-65-52-59-23-21-19-64-67-62-33-50-31-29-28-30-32-26-27-34-63-51-18-48-25-49-20-22-24-57-56-0,355.10949717701055,seed605_lns_start60_late_best_rm6_tw12
0-61-2-7-45-5-42-44-40-36-38-39-41-67-62-50-34-26-30-32-63-51-20-49-48-25-58-24-56-66-0,355.51739078528783,seed601_lns_start14_mixed_best_rm5_tw10_guarded
0-61-2-7-45-5-42-44-40-36-38-39-41-67-62-50-34-26-28-32-63-51-20-49-48-25-58-24-56-66-0,355.51739078528783,seed601_lns_start14_mixed_random_best_rm8_tw15_guarded
0-61-2-7-45-5-42-44-40-36-38-39-41-67-50-34-29-27-26-28-32-63-51-20-49-48-25-58-24-56-66-0,355.89612889865805,seed601_lns_start14_late_best_rm5_tw10_guarded
0-61-2-7-45-42-44-40-36-38-39-41-67-62-50-34-29-27-26-28-32-63-51-20-49-48-25-58-24-56-66-0,356.03880812437774,seed605_lns_start14_mixed_regret_rm8_tw10_guarded
0-69-65-23-21-19-64-57-52-59-9-11-15-16-17-47-14-12-10-13-53-60-6-7-8-46-4-3-1-43-35-37-70-55-68-0,357.0300279139229,seed606_lns_start36_late_regret_rm5_tw15
0-61-45-7-2-42-44-40-36-38-39-41-67-62-50-34-26-30-32-33-63-20-49-48-25-58-24-56-66-0,357.1346680729399,seed608_lns_start14_mixed_regret_rm8_tw10
0-69-7-45-2-61-42-44-40-36-38-39-41-67-50-34-27-26-28-32-63-51-20-49-48-25-58-24-56-66-0,357.27466371462594,seed607_lns_start14_mixed_random_best_rm4_tw15_guarded
0-65-52-23-21-19-64-67-62-33-31-29-27-30-28-26-34-50-63-51-18-48-49-20-22-24-25-58-59-57-66-56-0,357.7681633245754,seed606_lns_start60_late_regret_rm8_tw15
0-65-69-12-47-15-16-11-59-52-57-64-22-23-21-18-19-49-51-63-67-34-31-29-28-30-27-26-33-32-50-56-68-0,357.9888407504688,seed606_lns_start84_random_random_best_rm3_tw6
0-61-2-7-45-42-44-40-36-38-39-41-67-62-50-34-26-29-32-33-63-20-49-48-25-58-24-56-66-0,358.5645850213166,seed605_lns_start14_mixed_regret_rm8_tw10
0-61-2-7-45-42-44-40-36-38-39-41-67-34-27-26-32-50-62-56-24-20-49-48-25-58-59-66-0,358.59952190781337,seed601_lns_start14_mixed_random_best_rm8_tw10_guarded
0-61-2-7-5-45-42-44-40-36-38-39-41-67-62-50-34-26-32-33-63-20-49-48-25-58-24-56-66-0,359.24057993506216,seed604_lns_start14_mixed_regret_rm6_tw15
0-2-45-7-61-42-44-40-36-38-39-41-67-62-50-34-31-29-26-32-33-63-49-48-25-58-24-20-56-66-0,359.3726610950774,seed605_lns_start14_late_regret_rm8_tw8
0-2-45-7-61-42-44-40-36-38-39-41-67-62-50-34-29-26-30-32-33-63-49-48-25-58-24-20-56-66-0,359.3726610950774,seed607_lns_start14_late_best_rm6_tw10
0-2-42-44-40-36-38-39-41-61-69-53-12-14-47-17-16-15-11-9-10-60-6-7-8-46-4-45-5-3-1-43-35-37-54-68-70-55-0,359.7188738681388,seed603_lns_start63_late_random_best_rm8_tw15_guarded
0-61-2-7-45-42-44-40-36-38-39-41-67-62-50-34-32-27-26-33-63-20-49-48-25-58-24-56-66-0,360.09654644666244,seed608_lns_start14_mixed_random_best_rm6_tw15
0-2-45-5-7-61-42-44-40-36-38-39-41-27-26-28-30-32-34-50-62-56-24-20-49-48-25-58-59-66-0,360.3510101292439,seed603_lns_start5_late_random_best_rm8_tw15_guarded
0-69-7-45-2-61-42-44-40-36-38-39-41-67-62-50-34-27-26-28-32-63-51-20-49-48-25-58-24-56-66-0,360.71558571375675,seed603_lns_start14_late_regret_rm6_tw12_guarded
0-69-7-45-2-61-42-44-40-36-38-39-41-67-62-50-34-31-29-27-26-32-63-51-20-49-48-25-58-24-56-66-0,360.71558571375675,seed605_lns_start14_late_regret_rm8_tw8_guarded
0-69-7-45-2-61-42-44-40-36-38-39-41-67-62-50-34-31-29-27-26-28-32-63-51-20-49-48-25-58-24-56-66-0,360.71558571375675,seed605_lns_start14_mixed_random_best_rm4_tw6_guarded
0-61-2-7-45-42-44-40-36-38-39-41-67-62-50-32-27-26-34-63-20-49-48-25-58-24-56-66-0,361.90724181228154,seed603_lns_start14_mixed_best_rm6_tw6
0-61-2-7-45-42-44-40-36-38-39-41-67-62-33-26-27-32-34-50-56-24-20-49-48-25-58-66-0,362.03107408050255,seed601_lns_start14_mixed_random_best_rm8_tw10
0-69-7-45-2-61-42-44-40-36-38-39-41-67-62-50-34-29-27-26-28-32-33-51-20-49-48-25-58-24-56-66-0,362.34847122519324,seed607_lns_start14_late_best_rm6_tw10_guarded
0-69-2-45-5-7-61-42-44-40-36-38-39-41-27-26-28-30-32-34-50-62-56-24-20-49-48-25-58-59-66-0,363.46288905549494,seed601_lns_start6_late_regret_rm8_tw6_guarded
0-61-2-7-45-42-44-40-36-38-39-41-67-62-50-32-26-30-34-63-56-24-20-49-48-25-58-66-0,363.5264521100982,seed604_lns_start14_mixed_random_best_rm6_tw15
0-61-42-44-39-38-67-62-33-30-28-27-29-31-50-63-51-20-49-18-48-25-22-24-58-13-17-10-57-66-56-0,363.6621692872043,seed606_lns_start19_late_best_rm8_tw15
0-61-42-44-39-38-67-62-33-30-28-27-29-31-50-63-51-20-49-18-48-25-22-24-57-58-59-13-17-10-66-56-0,364.07632316715035,seed607_lns_start17_mixed_regret_rm8_tw8
0-2-42-44-40-36-38-39-41-61-69-53-12-14-47-17-16-15-13-9-11-10-60-6-7-8-46-45-4-5-3-1-43-35-37-54-68-70-55-0,364.3782528877303,seed601_lns_start60_late_regret_rm6_tw15_guarded
0-61-2-7-45-5-42-44-40-36-38-39-41-67-34-32-28-26-27-50-62-56-24-20-49-48-25-58-59-66-0,364.4715411875171,seed604_lns_start14_mixed_random_best_rm6_tw8_guarded
0-69-2-45-5-7-61-42-44-40-36-38-39-41-34-31-29-27-26-30-32-50-56-24-20-49-48-25-58-59-66-0,364.66029569395585,seed602_lns_start8_late_regret_rm8_tw6_guarded
0-61-42-44-40-36-38-39-41-45-7-2-69-66-56-67-50-34-32-30-26-51-20-24-49-48-25-58-0,364.68604040392245,seed601_lns_start14_mixed_random_best_rm8_tw10_guarded
0-61-45-7-2-42-44-40-36-38-39-41-67-62-50-34-26-27-28-32-33-63-20-49-48-25-58-24-56-66-0,364.96561996778524,seed602_lns_start14_mixed_best_rm5_tw10
0-61-2-7-45-5-42-44-40-36-38-39-41-67-62-50-34-26-30-32-51-20-24-49-48-25-58-59-66-56-0,365.5414264090592,seed604_lns_start14_mixed_random_best_rm6_tw15_guarded
0-65-64-21-19-57-52-59-9-16-17-47-14-12-10-11-13-15-53-7-8-46-3-1-4-6-60-55-70-43-35-37-54-68-0,365.660886832657,seed607_lns_start36_random_random_best_rm4_tw15
0-65-69-12-47-15-16-11-59-52-57-22-19-23-21-18-33-31-27-29-32-30-28-26-34-67-62-50-63-51-48-49-66-0,366.7374452396927,seed603_lns_start77_random_best_rm5_tw15
0-69-65-23-21-19-64-57-52-59-9-11-15-16-17-47-14-12-10-13-53-60-6-7-8-46-3-1-43-35-37-54-68-70-55-0,366.9562796075847,seed602_lns_start36_late_regret_rm6_tw6
0-2-44-42-39-38-36-40-61-69-53-12-14-11-15-16-47-17-10-60-6-7-8-46-4-45-5-3-1-43-35-37-41-54-68-70-55-0,367.50090806215616,seed606_lns_start60_late_best_rm5_tw6_guarded
0-2-45-7-61-42-44-40-36-38-39-41-67-62-33-30-26-31-32-34-50-56-24-20-49-48-25-58-66-0,367.7371792114837,seed606_lns_start14_mixed_random_best_rm6_tw12
0-69-7-5-45-2-61-42-44-40-36-38-39-41-67-62-50-34-31-29-27-26-28-32-63-51-20-24-49-48-25-58-66-56-0,367.90526935784953,seed603_lns_start14_late_random_best_rm8_tw12_guarded
0-69-65-23-21-19-64-57-52-59-9-11-15-16-17-47-14-12-10-13-53-60-6-7-8-46-4-3-1-43-35-37-54-68-70-55-0,367.93832017728636,seed601_lns_start36_mixed_best_rm5_tw6
0-61-45-2-7-42-44-40-36-38-39-41-67-62-50-34-31-29-26-30-32-63-56-24-20-49-48-25-58-66-0,368.2058092589731,seed607_lns_start14_mixed_random_best_rm8_tw10
0-65-69-12-47-15-16-11-59-52-64-22-23-21-18-19-51-63-34-31-29-27-26-28-30-32-33-50-62-67-56-57-24-49-0,368.5238516691952,seed608_lns_start81_random_best_rm5_tw15
0-69-65-23-21-19-64-57-52-59-9-11-15-16-17-47-14-12-10-13-53-60-7-8-46-3-1-4-6-55-70-43-35-37-54-0,369.5273139604383,seed603_lns_start36_late_best_rm4_tw15
0-61-5-45-7-2-42-44-40-36-38-39-41-67-62-50-33-26-28-30-32-34-63-49-48-25-58-24-20-56-66-0,369.7347860642597,seed603_lns_start14_late_best_rm5_tw8
0-61-5-45-7-2-42-44-40-36-38-39-41-67-62-50-34-26-27-28-32-33-63-20-49-48-25-58-24-56-66-0,369.74880823928754,seed601_lns_start14_late_best_rm5_tw10
0-61-5-45-7-2-42-44-40-36-38-39-41-67-62-50-34-33-26-28-32-63-20-49-48-25-58-24-56-66-0,370.0832553564086,seed602_lns_start14_late_random_best_rm5_tw6
0-65-69-12-14-47-15-16-11-59-52-57-64-22-23-21-18-19-49-51-63-31-29-30-67-62-33-28-26-27-32-34-50-56-0,370.0979906214609,seed602_lns_start73_late_best_rm5_tw6
0-61-42-44-39-38-67-62-33-30-28-27-29-31-50-63-51-64-57-24-22-20-49-19-18-48-25-58-59-13-17-10-66-56-0,370.42849853738596,seed603_lns_start19_late_regret_rm6_tw8
0-69-7-45-2-61-42-44-40-36-38-39-41-67-62-50-34-31-29-27-26-32-51-20-24-49-48-25-58-59-66-56-0,370.7396213375282,seed607_lns_start14_mixed_random_best_rm8_tw10_guarded
0-64-51-63-33-30-28-27-29-31-50-67-62-49-19-18-48-21-23-22-20-66-57-13-17-10-59-58-25-24-56-0,371.022203496614,seed606_lns_start18_late_regret_rm8_tw8
0-65-52-11-15-16-47-12-53-69-2-6-7-8-46-4-45-5-3-1-43-40-38-39-41-37-36-35-26-32-34-50-54-68-70-55-0,371.0471558758563,seed605_lns_start53_random_regret_rm8_tw6
0-69-65-23-21-19-64-57-52-59-9-16-17-47-14-12-10-11-13-15-53-7-6-8-46-4-3-1-55-70-43-35-37-54-0,371.24862424668277,seed608_lns_start36_mixed_best_rm5_tw6
0-2-45-5-42-39-38-36-40-44-61-69-53-12-14-47-16-15-11-9-10-60-7-6-8-46-4-3-1-43-35-37-41-54-68-70-55-0,371.2490674280511,seed603_lns_start63_mixed_regret_rm6_tw10
0-69-65-64-51-63-18-21-23-19-22-57-52-9-11-15-16-47-14-12-10-53-60-6-8-46-5-3-1-45-4-55-70-43-35-37-54-68-0,371.44519719362336,seed604_lns_start11_random_best_rm8_tw6
0-61-2-7-45-5-42-44-40-36-38-39-41-67-62-50-34-29-27-26-28-32-33-51-20-24-49-48-25-58-59-66-56-0,371.63395475170546,seed606_lns_start14_late_regret_rm8_tw12_guarded
0-69-2-7-45-5-42-44-40-36-38-39-41-61-67-50-34-27-26-28-30-32-51-20-24-49-48-25-58-59-66-56-0,371.6396939260809,seed607_lns_start14_late_regret_rm8_tw12_guarded
0-69-65-23-21-19-64-57-52-9-16-17-47-14-12-10-11-13-15-53-7-8-46-3-1-4-6-60-55-70-43-35-37-54-68-0,373.4497009201522,seed602_lns_start36_random_best_rm3_tw10
0-69-65-64-67-62-63-51-23-21-18-19-22-57-52-9-15-16-47-14-11-10-12-53-60-6-8-46-4-5-45-3-1-43-35-37-70-55-68-0,373.56646414077574,seed603_lns_start0_mixed_best_rm8_tw10
0-61-2-7-45-42-44-40-36-38-39-41-67-62-50-34-26-32-33-63-20-49-48-25-58-24-56-66-68-0,373.6458893706432,seed608_lns_start14_mixed_best_rm8_tw6
0-65-69-12-14-47-15-16-11-59-52-57-64-22-23-21-18-19-49-51-63-31-29-30-67-62-33-28-26-27-32-34-50-56-66-0,374.32818351183914,seed603_lns_start75_late_random_best_rm4_tw6
0-65-52-64-23-21-19-51-63-62-67-50-34-31-29-27-26-28-30-32-33-18-48-25-49-20-22-24-57-58-59-13-66-56-0,374.9882157249457,seed603_lns_start63_late_random_best_rm8_tw15_guarded
0-62-63-51-64-65-69-53-12-14-47-16-15-11-9-52-59-58-25-23-21-48-18-19-49-20-22-24-57-66-56-50-32-26-34-0,375.78949498413834,seed603_lns_start16_mixed_regret_rm6_tw12
0-61-5-45-7-2-42-44-40-36-38-39-41-67-62-50-33-32-28-26-31-34-63-56-24-20-49-48-25-58-66-0,376.52811248528127,seed604_lns_start14_late_random_best_rm8_tw8
0-61-42-44-36-40-38-39-41-45-8-7-2-56-67-62-50-34-26-32-33-63-20-49-48-25-58-24-66-0,376.7370481546472,seed608_lns_start14_mixed_regret_rm6_tw10
0-65-52-23-21-19-64-67-62-33-31-29-27-30-50-28-26-34-32-63-51-18-48-49-20-22-24-25-58-59-57-66-0,376.93616143977323,seed608_lns_start60_late_regret_rm8_tw6
0-2-42-44-39-38-61-69-59-9-11-15-16-47-14-12-53-60-7-6-8-46-4-45-5-3-1-43-40-36-35-37-41-54-68-70-55-0,376.93662869042413,seed607_lns_start23_mixed_regret_rm5_tw15
0-69-2-45-5-7-61-42-44-40-36-38-39-41-27-26-28-30-32-34-50-62-56-66-24-20-49-48-25-58-59-13-0,377.0587392050099,seed608_lns_start13_late_random_best_rm8_tw15_guarded
0-65-52-23-21-19-64-63-62-67-34-31-29-27-26-30-33-32-28-50-51-18-48-25-49-20-22-24-57-10-17-66-0,377.4790589728821,seed602_lns_start23_late_best_rm8_tw15
0-65-52-23-21-19-64-67-62-33-27-29-31-50-34-26-28-30-32-63-51-18-48-49-20-22-24-25-58-59-57-66-56-0,377.4808137622955,seed601_lns_start60_late_best_rm6_tw6_guarded
0-69-2-45-5-44-42-40-36-38-39-41-61-67-62-50-34-31-29-27-26-28-30-32-33-63-51-18-48-49-20-22-24-25-58-59-66-56-0,378.3590907218502,seed602_lns_start36_late_best_rm4_tw8_guarded
0-69-65-52-9-11-15-16-47-14-12-53-6-2-1-3-5-45-4-46-8-7-60-55-68-70-43-35-37-41-34-26-32-54-0,379.85709556827794,seed605_lns_start17_mixed_best_rm8_tw8
0-69-65-64-51-18-21-23-19-22-57-52-59-9-13-15-16-17-47-14-11-10-12-53-6-8-46-4-3-1-43-35-37-54-68-70-60-55-0,380.2674293342565,seed604_lns_start14_random_random_best_rm3_tw6
0-69-65-23-21-19-64-57-52-59-9-16-17-47-14-12-10-11-13-15-53-7-8-46-3-1-4-6-60-55-70-35-37-0,380.27244874820025,seed603_lns_start36_late_best_rm5_tw15
0-61-2-7-45-42-44-40-36-38-39-41-67-33-50-34-26-30-32-63-20-49-48-25-58-24-56-66-0,381.176628153776,seed608_lns_start14_mixed_random_best_rm8_tw10
0-69-65-23-21-19-64-57-52-59-9-16-17-47-14-12-10-11-13-15-53-7-6-8-46-4-3-1-43-35-37-70-60-55-0,381.4209645352272,seed604_lns_start36_late_best_rm5_tw6
0-69-2-45-5-7-61-42-44-40-36-38-39-41-67-62-50-34-33-26-27-32-63-20-49-48-25-58-24-56-66-0,381.7399684803921,seed603_lns_start14_late_regret_rm6_tw12
0-61-45-7-2-42-44-40-36-38-39-41-67-34-27-26-28-32-33-63-50-56-20-49-48-25-58-24-66-0,382.2358552631598,seed602_lns_start14_mixed_random_best_rm8_tw6
0-69-65-23-21-19-64-57-52-59-9-16-17-47-14-12-10-11-13-15-53-7-8-46-3-1-4-6-60-55-70-35-37-68-0,382.9662193503998,seed602_lns_start36_late_random_best_rm4_tw15
0-61-2-7-45-42-44-40-36-38-39-41-70-67-62-50-34-26-32-33-63-20-49-48-25-58-24-56-66-0,383.5144998124363,seed603_lns_start14_mixed_best_rm6_tw8
0-69-65-64-62-63-51-19-23-21-18-22-57-52-11-15-16-17-47-14-12-9-10-53-60-6-4-45-46-8-5-3-1-43-35-37-54-68-70-55-0,383.74455047855474,seed601_lns_start2_random_random_best_rm6_tw12
0-61-45-7-2-42-44-40-36-38-39-41-67-34-26-28-32-33-63-62-50-56-20-49-48-25-58-24-66-0,383.8632497934119,seed601_lns_start14_late_regret_rm4_tw12
0-61-45-7-2-42-44-40-36-38-39-41-67-34-31-26-32-33-63-62-50-56-20-49-48-25-58-24-66-0,384.2852351729556,seed604_lns_start14_late_random_best_rm4_tw12
0-65-52-11-15-16-47-12-53-69-70-3-1-5-45-4-46-8-7-6-2-40-38-37-35-36-43-41-54-34-26-32-50-68-55-0,385.11123147046806,seed602_lns_start43_late_random_best_rm6_tw15
0-61-45-7-2-42-44-40-36-38-39-41-67-62-50-31-27-34-33-26-28-32-63-20-49-48-25-58-24-56-66-0,385.3000670849063,seed605_lns_start14_mixed_random_best_rm4_tw6
0-65-52-23-21-19-64-67-62-33-34-31-29-27-26-28-30-32-50-63-51-18-48-49-22-24-57-9-13-59-58-25-20-56-66-0,385.36365583239314,seed606_lns_start60_late_best_rm5_tw6_guarded
0-61-42-44-39-38-67-62-33-30-28-27-29-31-50-63-51-64-22-49-18-21-48-25-20-24-57-58-59-13-17-10-66-56-0,387.73322581823777,seed602_lns_start20_late_best_rm6_tw15
0-65-52-23-21-19-64-67-62-33-31-29-28-30-26-27-34-50-63-51-18-48-25-49-20-22-24-57-58-59-13-17-66-0,387.8954557755994,seed608_lns_start63_late_random_best_rm8_tw12
0-65-52-23-21-19-64-67-62-33-31-29-27-30-50-28-26-34-32-63-51-18-48-49-20-22-24-25-58-59-57-56-0,388.00737218558606,seed607_lns_start60_late_best_rm8_tw10
0-69-65-64-67-62-63-51-23-21-18-19-22-57-52-9-15-16-47-14-11-10-12-53-60-6-8-5-45-46-4-3-1-43-35-37-54-68-70-55-0,388.1538648724214,seed602_lns_start1_mixed_random_best_rm8_tw8
0-42-44-36-38-39-61-67-62-33-30-28-27-29-31-50-63-51-20-25-23-21-48-18-19-49-22-24-57-58-59-13-17-10-66-56-0,389.39458970472754,seed608_lns_start19_late_random_best_rm8_tw6
0-2-45-44-39-38-36-40-42-61-69-53-12-14-47-16-15-11-13-9-10-60-7-6-8-46-4-5-3-1-43-41-35-37-54-68-55-70-0,390.95689079291253,seed601_lns_start63_late_random_best_rm6_tw15
0-65-69-12-47-15-16-11-59-52-57-64-22-23-21-18-19-49-51-63-62-67-50-34-31-30-29-27-26-28-33-32-54-68-60-0,391.4030914189268,seed606_lns_start79_random_random_best_rm6_tw6
0-65-69-12-14-47-15-16-11-59-52-64-57-22-23-21-18-19-49-51-63-31-29-30-67-62-33-28-26-27-32-34-50-68-0,391.9377947636584,seed601_lns_start75_random_best_rm5_tw10
0-65-52-23-21-19-64-67-62-33-31-29-27-30-28-26-32-34-50-63-51-18-48-25-49-20-22-24-57-59-17-56-0,392.8602112493983,seed602_lns_start60_late_random_best_rm6_tw8
0-65-52-23-21-19-64-67-62-33-31-29-27-30-28-26-32-34-50-63-51-18-48-25-49-20-22-24-57-59-13-17-56-0,392.92611540206667,seed603_lns_start63_late_random_best_rm6_tw6
0-64-62-63-51-52-65-69-53-12-14-47-16-15-11-9-13-59-58-25-23-21-48-18-19-49-20-22-24-57-66-56-50-34-26-32-0,393.15149431984224,seed606_lns_start16_mixed_best_rm8_tw15
0-69-2-45-5-7-61-42-44-40-36-38-39-41-67-62-34-31-32-28-26-33-63-50-56-24-20-49-48-25-58-66-0,393.59676438700484,seed603_lns_start14_late_random_best_rm8_tw12
0-65-52-23-21-18-19-64-67-62-33-31-29-27-30-28-26-32-34-50-63-51-49-20-22-24-48-25-57-59-58-17-0,393.83030647440467,seed604_lns_start60_late_random_best_rm8_tw15
0-61-44-40-27-28-29-31-30-33-50-67-62-63-51-20-49-18-48-25-22-24-57-58-59-13-10-17-60-66-56-0,394.37274292371353,seed605_lns_start20_mixed_best_rm8_tw15
0-2-45-7-61-42-44-40-36-38-39-41-67-62-50-63-34-31-26-30-33-32-56-20-24-49-48-25-58-66-0,394.3835863344856,seed601_lns_start14_mixed_best_rm6_tw6
0-61-42-44-40-38-31-30-28-27-29-33-50-67-62-63-51-64-20-18-48-25-49-22-24-57-58-59-13-17-10-66-56-0,395.046395211667,seed607_lns_start19_late_best_rm6_tw8
0-65-52-23-21-19-64-67-62-33-31-29-28-30-26-27-32-34-50-63-51-18-48-25-49-20-22-24-57-59-17-66-56-0,395.07957839132257,seed601_lns_start60_late_random_best_rm6_tw6
0-65-69-12-14-47-15-16-11-52-57-22-23-21-18-19-64-62-50-33-31-27-29-32-30-28-26-34-63-49-59-13-17-10-0,395.21394659034087,seed603_lns_start82_mixed_best_rm8_tw10
0-65-64-62-31-29-33-63-18-21-23-19-22-57-52-9-10-11-13-15-16-17-47-14-12-53-60-6-8-46-4-3-1-43-35-37-54-68-70-55-0,395.21418628534485,seed607_lns_start14_late_regret_rm8_tw12_guarded
0-65-64-30-28-33-63-18-21-23-19-22-57-52-9-13-15-16-17-47-14-12-11-10-53-60-6-8-46-4-5-3-1-43-35-37-54-68-70-55-0,395.9466624585513,seed607_lns_start14_mixed_random_best_rm8_tw10_guarded
0-2-7-61-42-44-39-40-36-38-41-67-62-50-34-31-29-27-26-28-32-56-24-20-49-48-25-58-59-13-17-66-0,395.94702014159185,seed602_lns_start12_random_best_rm8_tw12
0-61-2-7-45-42-44-40-36-38-39-41-67-62-50-34-33-26-27-32-63-20-49-48-25-58-24-66-56-54-0,397.6261903253006,seed607_lns_start14_mixed_random_best_rm8_tw15
0-65-69-12-47-15-16-11-59-52-64-22-23-21-18-19-51-63-33-34-31-29-27-26-28-30-32-50-62-67-57-49-54-0,397.75436959528713,seed606_lns_start85_random_regret_rm6_tw6
0-61-42-44-38-40-33-30-28-27-29-31-50-62-63-51-20-22-49-19-18-23-58-59-13-17-10-57-24-25-48-56-66-0,398.52789372326305,seed606_lns_start19_late_random_best_rm8_tw15
0-2-45-42-44-39-38-61-69-52-59-9-11-15-16-47-14-12-53-60-7-6-8-46-4-5-3-1-40-36-35-37-43-41-54-68-70-55-0,399.4342608715664,seed604_lns_start23_mixed_best_rm8_tw12
0-61-44-42-67-62-33-30-28-27-29-31-50-63-51-64-22-49-19-18-23-21-20-48-25-24-57-58-13-17-10-66-56-0,399.51298144129976,seed604_lns_start17_late_random_best_rm6_tw12
0-61-44-39-38-67-62-33-30-28-27-29-31-50-63-51-64-49-23-21-48-18-19-20-22-57-10-17-13-58-25-24-56-66-0,399.52290463451254,seed601_lns_start17_late_random_best_rm8_tw15
0-67-62-63-51-64-52-57-65-69-53-12-14-47-16-15-11-9-59-58-23-21-48-18-19-25-49-24-22-20-56-50-34-26-32-66-0,399.8871548852294,seed603_lns_start16_mixed_random_best_rm6_tw6
0-61-5-45-7-2-42-44-40-36-38-39-41-67-62-50-63-34-31-32-33-26-56-24-20-49-48-25-58-66-0,400.42059476481114,seed608_lns_start14_late_regret_rm8_tw8
0-2-45-5-7-61-42-44-36-38-40-39-41-34-30-26-28-29-32-50-62-56-66-24-20-49-48-25-58-59-13-17-0,400.59861803491674,seed603_lns_start5_late_random_best_rm8_tw15
0-65-52-23-21-51-62-67-31-29-27-30-33-28-26-32-34-50-63-49-19-18-48-25-22-20-57-58-59-13-17-66-56-0,400.7295862012129,seed608_lns_start63_random_best_rm4_tw6
0-2-45-5-7-61-42-44-36-38-40-39-41-34-30-26-28-31-32-50-62-56-66-24-20-49-48-25-58-59-13-17-0,400.8846450839625,seed604_lns_start10_late_random_best_rm6_tw6
0-65-69-12-47-16-15-11-59-52-57-64-22-23-21-18-19-49-51-63-31-29-30-67-62-33-28-26-27-32-34-50-56-54-68-0,400.95049661923935,seed607_lns_start80_random_random_best_rm5_tw6
0-65-69-12-47-15-16-11-59-52-64-22-23-21-18-19-51-63-34-31-29-27-26-28-30-32-33-50-62-67-57-48-49-20-68-0,401.03323811105065,seed601_lns_start81_random_regret_rm6_tw12
0-2-7-45-61-42-44-36-40-38-39-41-31-29-32-33-28-26-27-34-50-56-66-24-20-49-48-25-58-13-17-0,401.1535648149452,seed604_lns_start2_mixed_best_rm6_tw12
0-69-65-64-62-63-51-18-21-23-19-22-57-52-9-15-16-47-14-12-10-11-13-53-60-8-46-4-6-55-70-3-1-43-35-37-54-68-0,401.7464198439574,seed602_lns_start2_mixed_best_rm6_tw10
0-65-52-23-21-19-64-67-62-33-31-29-28-30-26-27-34-50-63-51-18-48-25-49-20-22-24-57-58-59-13-17-66-56-0,402.10435179980686,seed606_lns_start63_late_regret_rm5_tw8
0-69-65-64-31-30-63-18-21-23-19-22-57-52-9-13-15-16-17-47-14-12-11-10-53-60-6-8-46-4-3-1-43-35-37-54-68-70-55-0,402.17188313281804,seed606_lns_start14_late_regret_rm8_tw12_guarded
0-65-64-67-31-29-33-63-51-18-21-23-19-22-57-52-9-13-15-16-17-47-14-12-11-10-53-60-6-8-46-4-3-1-43-35-37-54-68-70-55-0,402.1761463769968,seed601_lns_start6_late_regret_rm8_tw6_guarded
0-61-2-7-45-42-44-40-36-38-39-41-67-62-50-34-26-32-33-63-20-49-48-25-58-24-56-66-60-0,402.2630944552926,seed601_lns_start14_mixed_random_best_rm8_tw10
0-65-52-23-21-19-64-67-62-33-31-29-27-30-28-26-34-50-63-51-18-48-25-49-20-22-24-57-58-59-17-66-56-0,402.4359479945456,seed602_lns_start60_late_regret_rm6_tw12
0-65-52-23-21-19-64-67-62-33-31-29-27-28-30-34-50-63-51-20-49-25-24-22-18-48-58-59-17-57-66-56-0,402.8538805196787,seed603_lns_start60_late_random_best_rm8_tw8
0-61-5-45-7-2-42-44-40-36-38-39-41-67-62-50-63-34-29-32-33-26-56-24-20-49-48-25-58-66-0,403.1525271460637,seed607_lns_start14_late_random_best_rm8_tw8
0-65-64-62-31-30-63-51-18-21-23-19-22-57-52-9-11-15-16-47-14-12-10-53-60-8-46-3-1-45-4-6-55-70-43-35-37-54-68-0,403.4181859637473,seed606_lns_start9_late_regret_rm8_tw10
0-65-69-12-47-15-16-11-59-52-57-64-22-23-21-18-19-49-51-63-62-67-50-34-31-30-29-27-26-28-33-32-25-68-0,403.53813501727456,seed606_lns_start86_random_best_rm4_tw8
0-65-64-30-33-18-21-23-19-22-57-52-59-9-10-11-13-15-16-17-47-14-12-53-60-6-8-46-4-3-1-43-35-37-54-68-70-55-0,403.66111322369295,seed603_lns_start14_late_random_best_rm8_tw12_guarded
0-69-2-45-5-7-61-42-44-36-38-40-39-41-34-30-26-28-31-32-50-62-56-66-24-20-49-48-25-58-59-13-17-0,403.99652401021365,seed601_lns_start6_late_regret_rm8_tw6
0-65-52-23-21-19-64-67-62-63-33-34-31-29-27-26-28-30-32-50-51-18-48-25-49-20-22-24-57-58-59-13-17-10-66-56-0,404.01570562183963,seed602_lns_start23_mixed_regret_rm5_tw15_guarded
0-65-64-67-31-29-33-63-51-18-21-23-19-22-57-52-9-15-16-17-47-14-12-11-10-53-60-55-70-6-8-46-4-3-1-43-35-37-54-68-0,404.0721076860318,seed608_lns_start13_late_random_best_rm8_tw15_guarded
0-65-64-62-31-29-28-63-51-18-21-23-19-22-57-52-9-11-15-16-47-14-12-10-53-60-6-8-46-4-5-45-3-1-43-35-37-54-68-70-55-0,404.2460553350518,seed603_lns_start12_late_regret_rm6_tw8
0-65-64-29-28-33-63-51-18-21-23-19-22-57-52-9-11-15-16-47-14-12-10-53-60-6-8-46-4-5-45-3-1-43-35-37-54-68-70-55-0,404.3329461950056,seed604_lns_start12_late_random_best_rm8_tw8
0-65-64-62-31-33-63-51-18-21-23-19-22-57-52-9-11-15-16-47-14-12-10-53-60-8-46-3-1-45-4-6-55-70-43-35-37-54-68-0,404.3941481927772,seed604_lns_start10_late_random_best_rm6_tw12
0-69-45-5-2-7-61-42-44-40-36-38-39-41-67-62-32-30-34-26-28-33-63-50-56-24-20-49-48-25-58-66-0,404.484552177947,seed607_lns_start14_late_regret_rm8_tw12
0-69-12-14-47-16-15-59-11-9-53-2-7-6-8-46-5-3-45-70-61-41-42-44-43-39-38-37-35-36-40-26-32-34-54-68-55-0,404.50588930788587,seed604_lns_start66_mixed_random_best_rm8_tw10
0-65-52-23-21-19-64-67-62-33-31-29-27-30-28-26-32-34-50-63-51-18-48-25-49-20-22-24-57-58-59-17-66-56-0,404.6407729141812,seed601_lns_start60_random_random_best_rm3_tw12
0-65-52-23-21-19-64-67-62-33-31-29-27-30-28-26-32-34-50-63-51-18-25-49-20-22-24-57-58-59-17-66-56-0,404.6407729141812,seed601_lns_start60_late_best_rm5_tw12
0-65-52-23-21-19-64-67-62-33-31-29-27-30-28-26-32-34-50-63-51-18-25-49-20-22-24-57-58-59-13-17-56-0,404.7041305970737,seed603_lns_start63_late_random_best_rm6_tw12
0-65-52-23-21-19-64-67-62-33-31-29-27-30-28-26-32-34-50-63-51-18-48-25-49-20-22-24-57-58-59-13-17-66-56-0,404.7066770668496,seed604_lns_start63_random_best_rm6_tw6
0-65-52-23-21-19-64-67-62-33-31-29-27-30-28-26-32-34-50-63-51-18-25-49-20-22-24-57-58-59-13-17-66-56-0,404.7066770668496,seed607_lns_start63_late_random_best_rm6_tw15
0-69-65-64-52-9-15-16-47-14-11-12-53-70-1-3-5-45-4-46-8-7-6-2-60-55-68-54-41-43-35-37-34-26-32-0,404.78061987738505,seed604_lns_start18_mixed_regret_rm8_tw10
0-2-45-5-7-61-42-44-36-38-40-39-41-34-30-26-28-31-32-50-67-56-66-24-20-49-48-25-58-59-13-17-0,405.1672667391957,seed603_lns_start0_late_random_best_rm8_tw15
0-65-69-12-47-15-16-11-59-52-57-64-22-23-21-18-19-49-51-63-62-67-50-34-31-30-29-27-26-28-33-32-20-55-70-68-0,405.2117922576114,seed608_lns_start82_random_random_best_rm8_tw15
0-65-64-30-33-18-21-23-19-22-57-52-59-9-13-15-16-17-47-14-12-11-10-53-60-6-8-46-4-5-3-1-43-35-37-54-68-70-55-0,405.58713214544406,seed605_lns_start14_mixed_random_best_rm4_tw6_guarded
0-42-44-36-38-39-61-67-62-33-30-28-27-29-31-50-63-51-18-48-21-49-20-22-57-13-17-10-59-58-25-24-56-66-0,405.6327019490001,seed601_lns_start20_late_best_rm8_tw12
0-65-64-62-29-30-63-51-18-21-23-19-22-57-52-9-11-15-16-47-14-12-10-53-60-8-46-3-1-45-4-6-55-70-43-35-37-54-68-0,405.80335077088176,seed602_lns_start7_late_random_best_rm6_tw12
0-2-45-44-42-39-38-36-40-61-69-53-12-14-47-16-15-11-9-10-60-7-6-8-46-4-5-3-1-43-41-35-37-54-68-70-55-66-0,406.2093645238496,seed608_lns_start63_late_random_best_rm5_tw10
0-69-65-64-31-33-63-51-18-21-23-19-22-57-52-9-15-16-47-14-12-11-10-53-60-55-70-6-8-46-4-3-1-43-35-37-54-68-0,406.2230709146278,seed603_lns_start9_late_best_rm8_tw8
0-69-65-64-30-33-63-51-18-21-23-19-22-57-52-9-11-15-16-47-14-12-10-53-60-6-8-46-4-5-3-45-1-43-35-37-54-68-70-55-0,406.41874943029944,seed608_lns_start13_random_best_rm8_tw12
0-62-63-51-64-65-69-53-12-14-47-16-15-11-9-52-59-58-25-23-21-48-18-19-49-22-20-24-57-66-56-32-26-34-50-55-0,406.5053357245544,seed601_lns_start16_mixed_regret_rm8_tw8
0-69-65-64-67-30-33-63-51-18-21-23-19-22-57-52-9-15-16-47-14-11-10-12-53-60-6-8-46-4-45-3-1-43-35-37-54-68-70-55-0,406.63045091573224,seed601_lns_start10_late_random_best_rm8_tw6
0-65-64-62-30-28-63-51-18-21-23-19-22-57-52-9-11-15-16-47-14-12-10-53-60-8-46-3-1-45-4-6-55-70-43-35-37-54-68-0,406.66787824543394,seed606_lns_start7_late_regret_rm6_tw15
0-69-65-64-29-33-63-51-18-21-23-19-22-57-52-9-11-10-15-16-47-14-12-53-60-55-70-6-8-46-4-3-1-43-35-37-54-68-0,406.7593563914236,seed608_lns_start13_mixed_best_rm8_tw15
0-65-64-62-28-33-63-51-18-21-23-19-22-57-52-9-11-15-16-47-14-12-10-53-60-8-46-3-1-45-4-6-55-70-43-35-37-54-68-0,407.0152273864013,seed601_lns_start9_late_regret_rm8_tw15
0-65-64-62-31-28-33-63-51-18-21-23-19-22-57-52-9-11-15-16-47-14-12-10-53-60-6-8-46-3-1-4-55-70-43-35-37-54-68-0,407.09355979655084,seed608_lns_start3_late_regret_rm8_tw8
0-2-45-42-44-39-38-36-40-61-69-53-12-14-47-16-15-9-11-13-10-60-7-6-8-46-4-5-3-1-43-35-37-41-54-68-70-55-66-0,407.1241574298843,seed606_lns_start60_late_best_rm5_tw6
0-65-64-67-62-28-33-63-51-18-21-23-19-22-57-52-9-13-15-16-17-47-14-12-11-10-53-60-6-8-46-4-3-1-43-35-37-54-68-70-55-0,407.12826000389794,seed602_lns_start8_late_regret_rm8_tw6_guarded
0-65-64-62-29-33-63-51-18-21-23-19-22-57-52-9-11-15-16-47-14-12-10-53-60-8-46-3-1-45-4-6-55-70-43-35-37-54-68-0,407.1341815713656,seed602_lns_start2_late_regret_rm8_tw15
0-69-2-45-5-7-61-42-44-36-38-40-39-41-34-31-29-27-26-32-33-50-56-66-20-24-49-48-25-58-59-13-17-0,407.45753657186276,seed602_lns_start8_late_regret_rm8_tw6
0-65-52-23-21-19-64-67-62-33-31-29-27-30-28-26-32-34-50-63-51-49-18-48-25-22-20-57-58-59-13-17-66-56-0,407.74514506870037,seed601_lns_start63_mixed_best_rm8_tw8
0-69-65-64-31-29-30-33-63-51-18-21-23-19-22-57-52-9-10-11-13-15-16-17-47-14-12-53-60-6-8-46-4-3-1-43-35-37-54-68-70-55-0,408.40657126264193,seed604_lns_start14_mixed_random_best_rm6_tw8_guarded
0-2-5-45-44-42-38-36-39-40-41-61-62-63-27-29-31-34-28-26-30-32-33-50-56-20-49-48-25-58-24-66-0,408.4258028576937,seed603_lns_start14_random_random_best_rm5_tw8
0-69-65-64-23-21-19-51-63-18-22-57-52-9-11-47-14-16-15-13-10-12-53-60-8-5-45-4-6-46-3-1-43-35-37-54-68-70-55-0,408.4589848000599,seed601_lns_start2_random_random_best_rm6_tw15
0-65-52-23-21-19-64-67-62-33-31-29-28-30-26-27-32-34-50-63-51-22-49-18-48-25-24-57-58-59-17-66-56-0,408.4943793864767,seed603_lns_start60_late_regret_rm8_tw12
0-69-65-64-31-30-63-51-18-21-23-19-22-57-52-9-11-15-16-47-14-12-10-53-60-6-8-46-4-5-45-3-1-43-35-37-54-68-70-55-0,408.51091156431613,seed604_lns_start7_late_random_best_rm4_tw8
0-65-52-23-21-19-64-67-62-33-31-29-28-30-26-27-32-34-50-63-51-22-49-18-48-25-24-57-58-59-13-17-66-56-0,408.5602835391451,seed604_lns_start63_late_best_rm5_tw12
0-65-69-12-14-47-15-16-11-59-52-57-64-22-23-21-18-19-49-51-63-31-29-30-67-62-33-28-26-27-32-34-50-56-20-66-0,408.6720138286295,seed601_lns_start86_late_random_best_rm5_tw6
0-65-69-12-47-15-16-11-59-52-57-64-22-23-21-18-19-49-51-63-31-29-30-67-62-33-28-26-27-32-34-50-56-20-66-0,408.6720138286295,seed602_lns_start78_late_random_best_rm5_tw6
0-42-5-45-2-7-61-44-40-36-38-39-41-67-62-50-32-30-34-27-26-33-63-20-49-48-25-58-24-56-66-0,408.89138657749345,seed601_lns_start14_late_random_best_rm4_tw12
0-65-69-12-47-15-16-11-59-52-57-64-22-23-21-18-19-49-51-63-62-67-50-34-31-30-29-27-26-28-33-32-17-0,409.2087655431974,seed603_lns_start79_random_regret_rm5_tw12
0-65-69-12-47-15-16-11-59-52-57-64-22-23-21-18-19-49-51-63-62-67-50-34-31-30-29-27-26-28-33-32-48-56-55-0,409.2980998926819,seed605_lns_start88_random_random_best_rm6_tw12
0-65-64-29-28-33-63-51-18-21-23-19-22-57-52-9-11-15-16-47-14-12-10-53-60-8-46-3-1-45-4-6-55-70-43-35-37-54-68-0,409.6027293206426,seed608_lns_start13_late_regret_rm6_tw12
0-69-65-64-67-31-63-51-18-21-23-19-22-57-52-9-11-15-16-47-14-12-10-53-60-6-8-46-4-5-45-3-1-43-35-37-54-68-70-55-0,410.0725830022567,seed606_lns_start3_late_random_best_rm4_tw8
0-65-64-62-29-30-63-51-23-21-18-19-22-57-52-9-11-15-16-47-14-12-10-53-60-55-70-6-8-5-46-4-3-1-43-35-37-54-68-0,410.11487929721164,seed607_lns_start12_late_random_best_rm6_tw10
0-65-64-23-51-63-33-31-29-27-28-30-50-62-67-56-66-22-25-21-48-18-19-49-20-24-57-58-13-10-17-60-4-1-0,410.31205162852234,seed601_lns_start67_random_regret_rm6_tw6
0-65-64-31-30-63-18-21-23-19-22-57-52-59-9-13-15-16-17-47-14-12-11-10-53-60-6-8-46-4-5-3-1-43-35-37-54-68-70-55-0,410.3147711916941,seed607_lns_start14_late_best_rm6_tw10_guarded
0-69-65-64-31-28-63-51-18-21-23-19-22-57-52-9-15-16-47-14-12-11-10-53-60-55-70-6-8-46-4-3-1-43-35-37-54-68-0,410.36272061283773,seed606_lns_start4_late_best_rm6_tw6
0-69-65-64-67-31-29-63-51-18-21-23-19-22-57-52-9-15-16-47-14-12-11-10-53-60-55-70-6-8-46-4-3-1-43-35-37-54-68-0,410.504479162273,seed605_lns_start8_late_best_rm8_tw12
0-65-52-23-21-19-64-63-62-67-31-29-28-30-33-32-26-27-34-50-51-18-48-25-49-20-22-24-57-10-17-58-0,410.549921261536,seed606_lns_start23_late_regret_rm8_tw15
0-69-65-52-15-16-47-14-12-11-9-53-7-6-2-45-5-3-1-8-46-4-43-39-36-35-37-26-32-34-54-68-70-60-55-0,410.78653765458245,seed604_lns_start18_mixed_regret_rm6_tw6
0-61-42-44-36-40-38-27-29-31-28-30-33-50-67-62-63-51-22-25-23-48-18-49-24-57-58-59-13-17-10-20-56-66-0,410.8545383873091,seed608_lns_start20_late_regret_rm8_tw12
0-69-65-64-29-30-63-51-18-21-23-19-22-57-52-9-11-15-16-47-14-12-10-53-60-6-8-46-4-5-45-3-1-43-35-37-54-68-70-55-0,410.883280418311,seed602_lns_start7_late_random_best_rm4_tw6
0-2-45-7-61-42-44-36-40-38-39-41-31-29-33-32-28-26-27-34-50-56-24-20-49-48-25-58-59-13-17-66-0,411.0379582967642,seed601_lns_start0_mixed_best_rm5_tw8
0-65-52-23-21-19-64-67-62-33-31-29-28-30-26-27-32-34-50-63-51-18-49-20-22-24-57-17-59-25-48-0,411.0788619799667,seed606_lns_start60_late_best_rm8_tw6
0-65-64-67-30-31-63-51-18-21-23-19-22-57-52-9-15-16-47-14-12-11-10-53-60-8-46-3-1-45-4-6-55-70-43-35-37-54-68-0,411.15051816521134,seed604_lns_start10_late_random_best_rm8_tw15
0-69-65-64-62-67-30-63-51-18-21-23-19-22-57-52-9-11-15-16-47-14-12-10-53-60-8-45-4-6-46-5-3-1-43-35-37-70-55-68-0,411.25424203739306,seed603_lns_start0_mixed_regret_rm8_tw6
0-36-44-42-61-67-62-31-29-27-28-30-33-63-18-21-23-25-48-19-49-51-56-64-20-22-24-57-58-59-13-17-10-66-0,411.3477342086157,seed608_lns_start19_mixed_best_rm8_tw15
0-69-65-64-30-28-33-63-51-18-21-23-19-22-57-52-9-11-15-16-47-14-12-10-53-60-6-8-46-4-5-45-3-1-43-35-37-54-68-70-55-0,411.35917090765145,seed602_lns_start8_late_best_rm5_tw12
0-69-65-64-52-9-11-15-16-47-14-12-53-6-7-60-2-8-46-4-45-5-3-1-43-41-39-37-35-26-32-34-54-68-70-55-0,411.5307446569208,seed604_lns_start19_mixed_regret_rm6_tw10
0-63-67-38-39-42-44-40-36-41-61-69-53-12-14-47-16-15-11-9-10-60-7-6-2-8-46-4-45-5-3-1-43-35-37-54-68-55-70-0,411.55293822286546,seed608_lns_start63_mixed_random_best_rm8_tw15
0-69-65-64-62-29-30-63-51-18-21-23-19-22-57-52-9-11-15-16-47-14-12-10-53-60-6-8-46-4-45-3-1-55-70-43-35-37-54-68-0,411.8917116086896,seed604_lns_start0_late_random_best_rm6_tw10
0-2-44-39-38-36-42-40-41-61-69-53-12-14-47-16-15-11-9-10-60-7-6-8-46-4-45-5-3-1-43-35-37-54-56-68-70-55-0,412.0349655149901,seed608_lns_start63_mixed_random_best_rm8_tw12
0-69-65-64-29-30-33-63-51-18-21-23-19-22-57-52-9-11-15-16-47-14-12-10-53-60-6-8-46-4-5-45-3-1-43-35-37-54-68-70-55-0,412.2498880332757,seed607_lns_start10_late_random_best_rm5_tw8
0-65-64-30-28-33-18-21-23-19-22-57-52-59-9-13-15-16-17-47-14-12-11-10-53-60-6-8-46-4-5-3-1-43-35-37-54-68-70-55-0,412.35850551764145,seed605_lns_start14_late_regret_rm8_tw8_guarded
0-69-65-52-64-23-51-19-21-18-22-57-59-9-12-14-47-17-15-16-13-11-10-53-60-6-8-46-4-5-3-1-43-35-37-54-68-70-55-0,412.398995047023,seed607_lns_start14_random_regret_rm4_tw8
0-65-69-12-14-47-15-16-11-59-52-64-57-22-23-21-18-19-49-51-63-31-29-30-67-62-33-28-26-27-32-34-50-20-66-0,412.44654686575495,seed601_lns_start89_late_best_rm4_tw10
0-65-64-67-62-31-29-63-51-18-21-23-19-22-57-52-9-15-16-47-14-12-11-10-53-60-6-8-46-45-5-3-1-4-55-70-43-35-37-54-68-0,412.6440407813359,seed606_lns_start3_late_random_best_rm6_tw10
0-69-65-64-67-63-51-23-21-18-19-22-57-52-11-15-16-47-14-12-9-10-53-60-6-8-46-5-3-1-45-4-55-43-35-37-54-70-68-0,412.8487062727577,seed604_lns_start2_random_regret_rm6_tw12
0-65-69-12-14-47-15-16-11-59-52-57-64-22-23-21-18-19-49-51-63-31-29-30-67-62-33-28-26-27-32-34-50-56-20-24-66-0,412.85290159425875,seed604_lns_start87_late_best_rm6_tw6
0-69-65-64-67-31-29-33-63-51-18-21-23-19-22-57-52-9-13-15-16-17-47-14-12-11-10-53-60-6-8-46-4-3-1-43-35-37-54-68-70-55-0,412.8644615874643,seed603_lns_start5_late_random_best_rm8_tw15_guarded
0-69-65-64-67-30-63-51-18-21-23-19-22-57-52-9-11-15-16-47-14-12-10-53-60-6-8-46-45-5-3-4-1-43-35-37-54-68-70-55-0,413.2053191730133,seed604_lns_start2_late_regret_rm6_tw6
0-65-64-31-29-30-33-18-21-23-19-22-57-52-59-9-13-15-16-17-47-14-12-11-10-53-60-6-8-46-4-5-3-1-43-35-37-54-68-70-55-0,413.2620185964053,seed603_lns_start14_late_regret_rm6_tw12_guarded
0-69-65-64-62-31-29-63-51-18-21-23-19-22-57-52-9-11-15-16-47-14-12-10-53-60-6-8-46-3-1-4-55-70-43-35-37-54-68-0,413.315656848681,seed602_lns_start11_late_regret_rm5_tw15
0-39-38-36-44-5-45-8-7-2-61-67-62-50-34-27-26-28-32-56-66-20-24-49-48-25-58-59-13-17-60-0,413.32927318944195,seed601_lns_start31_late_random_best_rm8_tw6
0-65-64-67-62-30-28-63-51-18-21-23-19-22-57-52-9-15-16-47-14-12-11-10-53-60-6-8-46-3-1-4-55-70-43-35-37-54-68-0,413.39354310945157,seed602_lns_start8_late_regret_rm8_tw6
0-5-45-2-7-61-42-44-40-36-38-39-41-67-62-29-50-34-33-26-28-32-63-20-49-48-25-58-24-56-66-0,413.51921367457953,seed605_lns_start14_late_random_best_rm5_tw6
0-65-64-62-31-29-30-33-18-21-23-19-22-57-52-59-9-13-15-16-17-47-14-12-11-10-53-60-6-8-46-4-5-3-1-43-35-37-54-68-70-55-0,413.5878250806669,seed607_lns_start14_mixed_random_best_rm4_tw15_guarded
0-69-65-64-67-29-63-51-18-21-23-19-22-57-52-9-11-15-16-47-14-12-10-53-60-6-8-46-4-5-45-3-1-43-35-37-54-68-70-55-0,413.6941060766638,seed601_lns_start0_late_random_best_rm4_tw8
0-69-65-64-31-29-27-28-33-63-18-21-23-19-22-57-52-9-10-11-13-15-16-17-47-14-12-53-60-6-8-46-4-3-1-43-35-37-54-68-70-55-0,413.82963228593974,seed604_lns_start14_mixed_random_best_rm6_tw15_guarded
0-69-65-64-62-30-33-63-51-19-18-21-23-22-57-52-9-11-15-16-47-14-12-10-53-60-55-70-6-8-5-46-4-3-1-43-35-37-54-68-0,413.86436749678734,seed603_lns_start12_late_best_rm5_tw8
0-69-65-64-31-28-33-63-51-18-21-23-19-22-57-52-9-11-15-16-47-14-12-10-53-60-6-4-45-46-8-5-3-1-43-35-37-54-68-70-55-0,413.9001733623479,seed602_lns_start13_late_regret_rm5_tw12
0-65-52-23-21-19-64-63-62-67-31-29-28-30-33-32-26-27-34-50-51-18-48-25-49-20-22-24-57-10-17-13-58-66-0,413.9290484334929,seed603_lns_start23_mixed_regret_rm8_tw10
0-65-52-23-21-64-67-62-33-31-29-27-30-28-26-34-50-63-51-20-49-19-18-48-22-24-57-59-58-25-13-17-0,414.32272057844125,seed604_lns_start63_late_regret_rm8_tw15
0-69-65-64-31-29-28-30-33-63-51-18-21-23-19-22-57-52-9-13-15-16-17-47-14-12-11-10-53-60-6-8-46-4-5-3-1-43-35-37-54-68-70-55-0,414.3325901843931,seed601_lns_start14_mixed_random_best_rm8_tw10_guarded
0-42-44-39-38-61-67-62-33-30-28-27-29-31-50-63-51-48-21-23-25-49-18-19-22-24-57-58-59-13-17-10-20-56-66-0,414.65493414126547,seed604_lns_start19_late_random_best_rm5_tw10
0-69-65-64-29-28-33-63-51-18-21-23-19-22-57-52-9-11-15-16-47-14-12-10-53-60-6-8-46-4-5-45-3-1-43-35-37-54-68-70-55-0,415.021261405473,seed604_lns_start12_late_regret_rm5_tw6
0-69-65-64-62-31-30-33-63-51-18-21-23-19-22-57-52-9-15-16-47-14-12-11-10-53-60-8-46-3-1-45-4-6-55-70-43-35-37-54-68-0,415.136760306967,seed605_lns_start5_late_regret_rm6_tw15
0-69-65-64-31-30-33-63-51-18-21-23-19-22-57-52-9-11-15-16-47-14-12-10-53-60-8-46-3-1-45-4-6-55-70-43-35-37-54-68-0,415.14730230491784,seed601_lns_start3_late_regret_rm5_tw10
0-69-65-64-62-31-29-63-51-18-21-23-19-22-57-52-9-11-15-16-47-14-12-10-53-60-8-46-3-1-45-4-6-55-70-43-35-37-54-68-0,415.1813882404723,seed601_lns_start0_late_random_best_rm5_tw6
0-69-65-62-31-63-51-64-57-52-53-12-14-47-16-15-11-9-59-58-25-23-21-48-18-19-49-24-22-20-56-50-34-26-32-66-0,415.6219749094366,seed607_lns_start16_mixed_random_best_rm8_tw6
0-44-61-67-62-31-29-27-28-30-33-63-51-64-22-25-23-21-48-18-19-49-56-66-57-9-10-14-17-13-59-58-24-20-0,415.8127460643273,seed607_lns_start43_random_random_best_rm6_tw6
0-65-52-23-21-64-67-62-31-29-27-28-30-33-50-34-26-32-63-51-18-48-19-49-22-20-57-58-59-17-66-56-0,416.11539785055686,seed602_lns_start60_mixed_best_rm8_tw15
0-65-64-29-30-51-23-21-18-19-22-57-52-59-9-13-15-16-17-47-14-12-11-10-53-60-6-8-46-4-3-1-43-35-37-54-68-70-55-0,416.320944610071,seed606_lns_start14_late_regret_rm8_tw8
0-69-65-64-62-67-30-63-51-18-21-23-19-22-57-52-9-11-15-16-47-14-12-10-53-55-60-6-8-5-3-46-4-1-43-35-37-70-68-0,416.733813649009,seed604_lns_start10_mixed_random_best_rm8_tw8
0-65-69-12-47-15-16-11-59-52-57-64-22-23-21-18-19-49-51-63-62-67-50-34-31-30-29-27-26-28-33-32-48-20-66-56-54-0,416.8571076373886,seed607_lns_start81_mixed_regret_rm6_tw6
0-69-65-64-67-30-33-63-51-18-21-23-19-22-57-52-9-15-16-47-14-12-11-10-53-60-55-70-6-8-5-46-4-3-1-43-35-37-54-68-0,417.0852480599776,seed601_lns_start2_late_random_best_rm5_tw12
0-39-42-44-5-45-2-7-61-40-36-38-41-67-62-50-34-26-27-28-30-32-33-63-20-49-48-25-58-24-66-56-0,417.0857251679473,seed607_lns_start14_late_best_rm3_tw6
0-69-65-64-67-62-30-63-51-18-21-23-19-22-57-52-9-15-16-47-14-11-10-12-53-60-8-6-46-4-5-3-1-43-35-37-54-68-70-55-0,417.1366901582728,seed602_lns_start5_mixed_best_rm8_tw10
0-69-65-64-62-29-27-33-63-51-18-21-23-19-22-57-52-9-15-16-47-14-12-11-10-53-60-55-70-6-8-46-4-3-1-43-35-37-54-68-0,417.2507065137098,seed608_lns_start13_late_random_best_rm8_tw15
0-69-65-64-31-29-30-63-51-18-21-23-19-22-57-52-9-11-15-16-47-14-12-10-53-60-55-70-6-8-5-46-4-3-1-43-35-37-54-68-0,417.42485459394476,seed601_lns_start7_late_regret_rm5_tw6
0-69-65-64-62-31-28-33-63-51-18-21-23-19-22-57-52-9-15-16-47-14-12-11-10-53-60-6-8-46-3-1-4-55-70-43-35-37-54-68-0,417.44552652480587,seed606_lns_start1_late_best_rm6_tw6
0-69-65-64-29-30-33-63-51-18-21-23-19-22-57-52-9-11-15-16-47-14-12-10-53-60-8-46-3-1-45-4-6-55-70-43-35-37-54-68-0,417.51967115891273,seed603_lns_start3_late_regret_rm5_tw6
0-69-65-64-62-29-30-63-51-18-21-23-19-22-57-52-9-11-15-16-47-14-12-10-53-60-55-70-6-8-5-46-4-3-1-43-35-37-54-68-0,417.7506610782064,seed602_lns_start1_late_random_best_rm5_tw10
0-69-65-64-30-28-33-63-51-18-21-23-19-22-57-52-9-11-15-16-47-14-12-10-53-60-55-70-6-8-5-46-4-3-1-43-35-37-54-68-0,417.8879491301456,seed601_lns_start2_late_regret_rm5_tw12
0-67-61-42-44-39-38-36-40-41-2-7-8-45-3-56-62-50-34-26-32-33-63-20-49-48-25-58-24-66-0,417.9828906345103,seed604_lns_start14_late_regret_rm8_tw15
0-69-65-64-67-31-30-33-63-51-18-21-23-19-22-57-52-9-15-16-47-14-12-11-10-53-60-8-46-45-3-1-4-6-55-70-43-35-37-54-68-0,418.2644073129204,seed606_lns_start7_late_random_best_rm6_tw6
0-65-52-23-21-19-64-67-62-33-31-29-27-30-28-26-34-32-50-63-51-18-48-49-20-22-24-57-17-59-58-25-56-0,418.7391216698353,seed603_lns_start63_late_best_rm6_tw15
0-69-65-64-67-31-30-63-51-18-21-23-19-22-57-52-9-15-16-47-14-12-11-10-53-60-55-70-6-8-5-46-4-3-1-43-35-37-54-68-0,418.8858247150154,seed601_lns_start13_late_random_best_rm8_tw15
0-65-52-15-16-47-14-12-11-9-53-69-2-1-3-5-45-4-46-8-7-6-43-40-39-41-37-35-26-32-34-54-68-70-60-55-0,419.25999283802287,seed602_lns_start20_mixed_random_best_rm6_tw8
0-65-69-12-47-15-16-11-59-52-64-57-22-23-21-18-19-49-51-63-31-29-30-32-67-62-33-28-26-27-34-50-56-20-24-66-0,419.40286297823945,seed601_lns_start77_late_regret_rm8_tw10
0-2-61-39-38-36-40-44-42-41-69-53-12-14-47-16-15-11-9-10-60-7-6-8-45-4-46-5-3-1-43-35-37-54-56-66-68-70-55-0,419.46895999056454,seed605_lns_start63_late_regret_rm8_tw15
0-52-19-21-23-64-67-62-33-31-29-27-30-28-26-32-34-50-63-51-49-18-48-22-24-25-20-57-58-10-13-66-56-0,419.4909242604874,seed602_lns_start23_mixed_best_rm8_tw8
0-65-64-63-33-30-67-51-18-21-23-19-22-57-52-9-15-16-47-14-12-11-10-53-60-55-70-6-8-5-46-4-3-1-43-35-37-54-68-0,420.05513621827316,seed605_lns_start12_late_random_best_rm8_tw6
0-69-65-64-31-28-30-63-51-18-21-23-19-22-57-52-9-15-16-47-14-12-11-10-53-60-55-70-6-8-5-46-4-3-1-43-35-37-54-68-0,420.1064655420308,seed607_lns_start13_late_random_best_rm6_tw6
0-69-65-64-62-31-28-63-51-18-21-23-19-22-57-52-9-15-16-47-14-12-11-10-53-60-55-70-6-8-5-46-4-3-1-43-35-37-54-68-0,420.1447597160994,seed602_lns_start12_late_random_best_rm5_tw6
0-69-65-64-62-31-30-33-18-21-23-19-22-57-52-59-9-13-15-16-17-47-14-12-11-10-53-60-6-8-46-4-3-1-43-35-37-54-68-70-55-0,420.27614029113437,seed601_lns_start14_late_best_rm5_tw10_guarded
0-2-44-42-39-40-36-38-41-61-7-45-5-3-56-67-62-50-34-26-32-33-63-20-49-48-25-58-24-66-0,420.5432136943168,seed605_lns_start14_late_regret_rm8_tw10
0-42-39-36-44-5-45-2-7-61-40-38-41-67-62-50-34-29-27-26-30-32-33-63-20-49-48-25-58-24-66-56-0,420.6255275265253,seed603_lns_start14_late_random_best_rm3_tw15
0-65-64-31-29-51-18-23-21-19-22-57-52-59-9-13-16-15-11-10-14-47-17-12-53-60-6-8-46-4-3-1-43-35-37-54-68-70-55-0,420.644117231646,seed602_lns_start14_late_regret_rm8_tw12
0-69-65-64-62-31-28-30-33-63-51-18-21-23-19-22-57-52-9-15-16-47-14-12-11-10-53-60-6-8-46-5-45-4-3-1-43-35-37-54-68-70-55-0,420.70293469001905,seed602_lns_start2_late_regret_rm8_tw8
0-61-44-39-38-36-67-62-33-30-28-27-29-31-34-50-63-51-56-64-20-18-48-49-22-57-58-59-13-17-10-25-24-66-0,420.79360393965663,seed605_lns_start20_late_random_best_rm8_tw6
0-65-69-12-47-15-16-11-59-52-57-64-22-23-21-18-19-49-51-63-31-29-30-67-62-33-28-26-27-32-34-50-55-60-0,420.8734559192132,seed608_lns_start84_mixed_regret_rm6_tw6
0-69-65-64-29-28-30-63-51-18-21-23-19-22-57-52-9-15-16-47-14-12-11-10-53-60-55-70-6-8-5-46-4-3-1-43-35-37-54-68-0,421.0757101585927,seed601_lns_start0_late_best_rm6_tw8
0-69-65-52-9-11-15-16-47-14-12-53-6-1-3-5-45-4-46-8-7-2-39-38-40-43-35-37-41-34-26-32-50-54-68-70-55-60-0,421.0976429428986,seed608_lns_start19_mixed_best_rm8_tw15
0-69-65-64-62-29-28-63-51-18-21-23-19-22-57-52-9-15-16-47-14-12-11-10-53-60-55-70-6-8-5-46-4-3-1-43-35-37-54-68-0,421.12680028580104,seed601_lns_start3_late_random_best_rm5_tw6
0-69-65-64-52-9-11-15-16-47-14-12-53-6-1-3-5-45-4-46-8-7-2-70-43-39-37-35-36-41-26-32-34-54-68-55-60-0,421.69787806057457,seed608_lns_start18_mixed_regret_rm8_tw10
0-65-64-62-31-29-27-28-33-18-21-23-19-22-57-52-59-9-13-15-16-17-47-14-12-11-10-53-60-6-8-46-4-5-3-1-43-35-37-54-68-70-55-0,421.80498554057505,seed606_lns_start14_mixed_regret_rm8_tw10_guarded
0-65-69-12-14-47-15-16-11-59-52-57-64-22-23-21-18-19-49-51-63-31-29-30-67-62-33-28-26-27-32-34-50-48-20-56-0,422.0650567211917,seed607_lns_start82_late_best_rm5_tw6
0-69-65-64-67-33-63-51-18-21-23-19-22-57-52-9-11-15-16-47-14-12-10-53-60-45-46-6-8-5-3-4-1-43-35-37-54-68-70-55-0,422.2617089517919,seed602_lns_start8_late_regret_rm8_tw8
0-52-69-2-61-42-44-39-38-36-40-41-53-12-14-47-16-15-11-9-13-10-60-7-6-8-46-4-45-5-3-1-43-37-35-54-68-70-55-0,422.3077131359423,seed604_lns_start60_mixed_random_best_rm8_tw15
0-62-61-42-44-36-40-38-39-41-5-45-7-6-2-56-67-50-34-26-30-32-33-63-20-24-49-48-25-58-66-0,422.3090995044312,seed607_lns_start14_mixed_best_rm8_tw8
0-42-5-45-2-7-61-44-40-36-38-39-41-67-62-50-34-31-33-26-27-29-32-63-56-20-24-48-25-58-66-0,422.4606292906157,seed608_lns_start14_late_regret_rm5_tw8
0-42-44-5-45-2-7-61-40-36-38-39-41-67-62-50-31-27-34-26-28-32-33-63-20-49-48-25-58-24-66-56-0,422.72232075066063,seed601_lns_start14_late_random_best_rm3_tw12
0-69-65-64-67-62-31-29-63-51-18-21-23-19-22-57-52-9-15-16-47-14-12-11-10-53-60-8-46-45-3-1-4-6-55-70-43-35-37-54-68-0,423.0437545760788,seed601_lns_start13_late_best_rm6_tw8
0-64-65-69-12-14-47-16-15-11-59-52-57-22-23-21-18-19-49-51-63-31-29-30-32-67-62-33-28-26-27-34-50-20-25-0,423.3813578716607,seed604_lns_start87_random_best_rm8_tw10
0-69-65-64-29-27-28-30-63-51-18-21-23-19-22-57-52-9-15-16-47-14-12-11-10-53-60-6-8-46-3-1-4-55-70-43-35-37-54-68-0,423.3967707576551,seed602_lns_start8_late_regret_rm6_tw6
0-69-65-64-29-27-30-33-63-51-18-21-23-19-22-57-52-9-15-16-47-14-12-11-10-53-60-6-8-46-3-1-4-55-70-43-35-37-54-68-0,423.53475174481713,seed603_lns_start1_late_random_best_rm6_tw10
0-61-42-44-40-38-39-2-6-7-8-46-45-3-5-1-4-43-36-35-37-41-54-68-53-9-10-14-17-13-58-25-48-24-55-70-0,423.6449052010657,seed605_lns_start71_mixed_random_best_rm5_tw8
0-69-65-64-62-67-30-63-51-18-21-23-19-22-57-52-9-15-16-47-14-11-10-12-53-60-6-4-3-5-45-46-8-1-43-35-37-54-68-70-55-0,423.82082764268205,seed603_lns_start6_mixed_random_best_rm6_tw8
0-69-65-64-62-27-28-33-63-51-18-21-23-19-22-57-52-9-15-16-47-14-12-11-10-53-60-6-8-46-3-1-4-55-70-43-35-37-54-68-0,423.87335418221835,seed606_lns_start12_late_regret_rm8_tw6
0-69-65-64-67-62-30-28-63-51-18-21-23-19-22-57-52-9-15-16-47-14-12-11-10-53-60-6-8-46-3-1-4-55-70-43-35-37-54-68-0,424.0818583199191,seed606_lns_start4_late_random_best_rm6_tw12
0-61-42-44-39-38-5-45-8-7-6-2-9-13-17-10-53-54-41-40-36-35-37-43-1-4-46-3-60-55-70-68-56-0,424.09213520641526,seed605_lns_start78_late_regret_rm8_tw6
0-65-69-12-47-15-16-11-59-52-57-64-22-23-21-18-19-49-51-63-31-29-30-67-62-33-28-26-27-32-34-50-56-60-55-0,424.223996203085,seed607_lns_start77_mixed_regret_rm8_tw6
0-65-52-23-21-19-64-67-62-33-31-29-27-30-28-26-32-34-50-63-51-18-48-49-20-22-24-57-59-17-13-58-25-56-0,424.23323289061545,seed601_lns_start63_late_random_best_rm6_tw10
0-69-65-64-62-31-29-30-33-18-21-23-19-22-57-52-59-9-13-15-16-17-47-14-12-11-10-53-60-6-8-46-4-5-3-1-43-35-37-54-68-70-55-0,424.27614029113437,seed604_lns_start14_mixed_regret_rm6_tw10_guarded
0-61-42-44-40-36-38-39-41-45-8-7-2-66-56-67-62-50-34-31-26-32-33-63-20-49-24-48-25-58-0,424.31174001931646,seed603_lns_start14_late_regret_rm6_tw6
0-69-65-64-67-62-29-30-63-51-18-21-23-19-22-57-52-9-15-16-47-14-12-11-10-53-60-8-46-45-3-1-4-6-55-70-43-35-37-54-68-0,424.35403231695574,seed605_lns_start6_late_best_rm6_tw12
0-69-65-64-62-30-63-51-23-21-18-19-22-57-52-9-11-15-16-47-14-12-10-53-60-45-46-6-8-5-3-4-1-43-35-37-54-68-70-55-0,424.4406021546563,seed601_lns_start9_random_random_best_rm3_tw8
0-38-36-44-42-5-45-8-7-2-61-67-50-33-34-27-26-30-32-56-66-20-24-49-48-25-58-59-13-17-60-0,424.6632112968313,seed604_lns_start33_late_best_rm8_tw10
0-65-52-23-21-19-64-67-62-31-29-27-30-63-33-28-26-32-34-50-51-49-18-48-25-24-22-20-57-13-17-10-66-56-0,424.8933321051842,seed605_lns_start23_late_best_rm5_tw8
0-69-65-64-30-63-51-18-21-23-19-22-57-52-59-9-15-16-47-14-12-11-10-53-60-6-8-46-45-5-3-1-4-55-70-43-35-37-54-68-0,424.93056413591415,seed602_lns_start2_random_random_best_rm8_tw6
0-69-65-64-62-67-27-30-63-51-18-21-23-19-22-57-52-9-15-16-47-14-12-11-10-53-60-55-70-6-8-46-4-3-1-43-35-37-54-68-0,425.02680541290897,seed605_lns_start13_late_best_rm8_tw15
0-69-65-52-15-16-47-14-12-11-9-53-6-2-7-8-45-5-3-1-46-4-43-40-39-41-37-35-36-26-32-54-68-70-60-55-0,425.084384475749,seed603_lns_start17_random_regret_rm8_tw15
0-65-52-23-21-19-64-67-62-33-31-29-28-30-26-27-32-34-50-63-51-18-49-20-22-24-57-59-17-13-58-25-48-0,425.2058099304484,seed605_lns_start63_late_regret_rm8_tw15
0-69-65-64-31-28-30-51-18-21-23-19-22-57-52-59-9-13-15-16-17-47-14-11-10-12-53-60-6-46-4-3-1-43-35-37-54-68-70-55-0,425.2305109579073,seed607_lns_start14_late_regret_rm5_tw12
0-69-65-64-27-28-30-63-51-18-21-23-19-22-57-52-9-15-16-47-14-12-11-10-53-60-8-46-3-1-45-4-6-55-70-43-35-37-54-68-0,425.23495456436376,seed602_lns_start4_late_random_best_rm6_tw8
0-69-65-64-29-27-30-63-51-18-21-23-19-22-57-52-9-15-16-47-14-12-11-10-53-60-55-70-6-8-5-46-4-3-1-43-35-37-54-68-0,425.2928706185009,seed601_lns_start11_late_best_rm8_tw6
0-69-65-64-62-31-27-63-51-18-21-23-19-22-57-52-9-15-16-47-14-12-11-10-53-60-55-70-6-8-5-46-4-3-1-43-35-37-54-68-0,425.49029504338745,seed601_lns_start12_late_random_best_rm6_tw6
0-2-44-39-38-36-42-40-41-61-69-53-12-14-47-16-15-11-9-58-10-60-7-6-8-46-4-45-5-3-1-43-35-37-54-68-70-55-0,425.5229541308087,seed608_lns_start63_mixed_random_best_rm6_tw12
0-65-52-11-15-16-47-12-53-69-41-42-38-36-40-3-1-5-45-4-46-8-7-6-2-55-70-43-35-37-34-26-32-50-54-68-0,425.55747324748006,seed602_lns_start57_late_regret_rm8_tw12
0-61-42-44-39-38-40-67-62-33-30-28-27-29-31-50-63-51-64-20-49-18-19-22-24-57-58-59-13-17-10-25-48-56-66-0,425.6211353269012,seed602_lns_start20_late_random_best_rm8_tw6
0-69-65-64-62-27-30-63-51-18-21-23-19-22-57-52-9-15-16-47-14-12-11-10-53-60-55-70-6-8-5-46-4-3-1-43-35-37-54-68-0,425.63147305590206,seed603_lns_start11_late_random_best_rm6_tw10
0-69-65-64-67-62-29-33-63-51-18-21-23-19-22-57-52-9-15-16-47-14-12-11-10-53-60-8-46-45-3-1-4-6-55-70-43-35-37-54-68-0,425.6848631174396,seed607_lns_start4_late_best_rm8_tw10
0-65-69-12-14-47-15-16-11-59-52-57-22-23-21-18-19-64-62-33-31-27-29-32-30-28-26-34-50-63-51-48-49-20-66-56-54-55-0,425.72842238155005,seed606_lns_start80_mixed_regret_rm8_tw12
0-65-69-12-14-47-15-16-11-59-52-57-64-22-23-21-18-19-49-51-63-31-29-30-67-62-33-28-26-27-32-34-50-48-56-66-0,425.80293977555203,seed601_lns_start79_late_best_rm5_tw6
0-69-65-64-62-31-30-63-51-18-21-23-19-22-57-52-9-11-15-16-47-14-12-10-53-60-45-46-6-8-5-3-4-1-43-35-37-54-68-70-55-0,425.850864133304,seed604_lns_start13_random_random_best_rm6_tw8
0-69-42-44-45-5-2-7-61-40-36-38-39-41-67-62-50-34-26-27-28-30-32-33-63-20-49-48-25-58-24-66-56-0,425.89956826687796,seed602_lns_start14_late_regret_rm8_tw12
0-69-65-64-67-62-31-28-63-51-18-21-23-19-22-57-52-9-15-16-47-14-12-11-10-53-60-6-8-46-3-1-4-55-70-43-35-37-54-68-0,425.9477779654723,seed601_lns_start2_late_regret_rm8_tw8
0-69-65-64-28-63-51-23-21-18-19-22-57-52-9-11-15-16-47-14-12-10-53-60-8-46-6-45-5-3-4-1-43-35-37-54-68-70-55-0,425.988991836962,seed601_lns_start11_random_regret_rm3_tw12
0-69-65-64-62-67-31-63-51-18-21-23-19-22-57-52-9-11-15-16-47-14-12-10-53-60-6-4-45-8-5-3-46-1-43-35-37-54-68-70-55-0,426.6973176482669,seed608_lns_start2_mixed_best_rm6_tw15
0-65-69-12-14-47-15-16-11-59-52-57-64-22-23-21-18-19-49-51-63-31-29-30-67-62-33-28-26-27-32-34-50-48-24-20-56-0,426.8353863354607,seed606_lns_start72_late_random_best_rm6_tw6
0-69-65-64-67-62-29-28-63-51-18-21-23-19-22-57-52-9-15-16-47-14-12-11-10-53-60-6-8-46-3-1-4-55-70-43-35-37-54-68-0,426.9298185351739,seed601_lns_start5_late_regret_rm6_tw8
0-36-44-61-67-62-31-29-27-28-30-33-63-51-64-57-24-19-18-48-21-23-22-20-49-25-58-59-9-10-13-17-14-60-66-56-0,427.037421527544,seed608_lns_start48_random_regret_rm8_tw6
0-2-45-5-38-39-44-42-61-69-53-12-14-47-16-15-59-9-11-10-7-6-8-46-4-3-1-43-40-36-35-37-41-54-70-68-55-60-0,427.34721000332104,seed607_lns_start23_random_regret_rm3_tw15
0-69-65-64-67-29-27-33-63-51-18-21-23-19-22-57-52-9-15-16-47-14-12-11-10-53-60-6-8-46-3-1-4-55-70-43-35-37-54-68-0,427.3647136058898,seed604_lns_start10_late_random_best_rm6_tw6
0-69-65-64-67-31-27-33-63-51-18-21-23-19-22-57-52-9-15-16-47-14-12-11-10-53-60-6-8-46-3-1-4-55-70-43-35-37-54-68-0,427.43888957021727,seed603_lns_start5_late_random_best_rm8_tw15
0-69-42-39-62-63-51-64-65-57-52-53-12-14-47-16-15-11-9-59-58-25-23-21-48-18-19-49-24-22-20-32-26-34-50-56-66-0,427.63031537452304,seed608_lns_start16_mixed_random_best_rm8_tw6
0-69-65-64-29-28-51-18-21-23-19-22-57-52-59-9-13-15-16-17-47-14-12-11-10-53-60-6-8-46-4-3-1-43-35-37-54-68-70-55-0,427.8023828854061,seed605_lns_start14_late_random_best_rm8_tw6
0-69-65-64-52-15-16-47-14-11-9-12-53-70-2-3-1-5-45-4-46-8-7-6-60-55-41-43-36-35-37-34-32-26-54-68-0,427.986454240376,seed601_lns_start20_mixed_random_best_rm8_tw12
0-65-69-12-14-47-15-16-11-59-52-57-64-22-23-21-18-19-49-51-63-31-29-30-67-62-33-28-26-27-32-34-50-48-24-56-66-0,428.8487275766822,seed603_lns_start81_late_random_best_rm6_tw6
0-65-64-62-31-29-27-28-33-63-18-21-23-19-22-57-52-59-9-10-11-13-15-16-17-47-14-12-53-60-6-8-46-5-4-3-1-43-35-37-54-68-70-55-0,429.0686564433464,seed601_lns_start14_mixed_random_best_rm8_tw10_guarded
0-39-42-44-5-45-2-7-61-40-36-38-41-67-62-50-29-27-34-26-28-32-33-63-20-49-48-25-58-24-66-56-0,429.25477327310205,seed601_lns_start14_late_random_best_rm3_tw15
0-52-19-21-23-64-67-62-33-31-29-27-30-28-26-32-34-50-63-51-49-18-48-22-24-25-20-57-58-10-17-66-56-0,429.31788072989184,seed601_lns_start23_mixed_random_best_rm8_tw6
0-2-45-5-44-42-39-38-36-40-41-61-69-53-12-14-47-16-15-13-58-9-11-10-60-7-6-8-46-4-3-1-43-37-35-54-68-55-70-0,429.5028809025023,seed604_lns_start60_late_random_best_rm8_tw15
0-69-65-64-62-31-29-27-30-18-21-23-19-22-57-52-59-9-10-11-13-15-16-17-47-14-12-53-60-6-8-46-4-3-1-43-35-37-54-68-70-55-0,429.7246747381379,seed608_lns_start14_mixed_random_best_rm8_tw10_guarded
0-65-69-12-14-47-15-16-11-59-52-64-57-22-23-21-18-19-49-51-63-31-29-30-67-62-33-28-26-27-32-34-50-48-24-66-0,429.7686583622062,seed604_lns_start74_late_random_best_rm8_tw8
0-65-64-31-29-27-51-18-23-21-19-22-57-52-59-9-10-12-11-13-15-16-17-47-14-53-60-6-8-46-4-3-1-43-35-37-54-68-70-55-0,430.00159170285025,seed607_lns_start14_late_regret_rm8_tw12
0-61-2-7-5-45-42-44-40-36-38-39-41-67-62-50-34-26-32-33-63-20-49-48-25-58-24-56-66-4-0,430.11163233531835,seed606_lns_start14_mixed_random_best_rm8_tw15
0-64-65-69-12-47-16-15-11-59-52-57-22-23-21-18-19-49-51-63-33-32-31-29-28-30-67-62-34-27-26-50-48-20-56-66-0,430.17280292904366,seed602_lns_start88_mixed_regret_rm6_tw8
0-69-65-64-31-29-27-28-33-18-21-23-19-22-57-52-59-9-10-11-13-15-16-17-47-14-12-53-60-6-8-46-4-3-1-43-35-37-54-68-70-55-0,430.24147534502976,seed601_lns_start14_mixed_best_rm5_tw10_guarded
0-69-65-64-31-29-27-30-33-18-21-23-19-22-57-52-59-9-10-11-13-15-16-17-47-14-12-53-60-6-8-46-4-3-1-43-35-37-54-68-70-55-0,430.24147534502976,seed601_lns_start14_mixed_random_best_rm8_tw15_guarded
0-65-64-63-33-27-29-67-51-18-21-23-19-22-57-52-9-15-16-47-14-12-11-10-53-60-6-8-46-3-1-4-55-70-43-35-37-54-68-0,430.33460176418544,seed601_lns_start6_late_regret_rm8_tw6
0-65-64-29-27-30-51-18-23-21-19-22-57-52-59-9-10-12-11-13-15-16-17-47-14-53-60-6-8-46-4-3-1-43-35-37-54-68-70-55-0,430.3529815892989,seed603_lns_start14_late_random_best_rm8_tw12
0-69-65-64-29-27-30-51-18-21-23-19-22-57-52-59-9-13-15-16-17-47-14-11-10-12-53-60-6-46-4-3-1-43-35-37-54-68-70-55-0,430.4169160343775,seed606_lns_start14_late_best_rm8_tw10
0-69-65-64-31-30-51-18-23-21-19-22-57-52-59-9-10-12-11-13-15-16-17-47-14-53-60-6-8-46-4-3-1-43-35-37-54-68-70-55-0,430.4517674858634,seed604_lns_start14_late_random_best_rm6_tw12
0-2-45-5-61-42-44-39-38-36-40-69-53-12-14-47-16-15-11-9-13-10-60-7-6-8-46-4-3-1-43-35-37-41-54-68-70-55-56-0,430.5673377732346,seed605_lns_start63_late_regret_rm8_tw6
0-11-64-39-38-36-40-44-42-41-61-69-53-12-14-47-16-15-9-13-10-60-7-6-2-8-46-4-45-5-3-1-43-35-37-54-68-70-55-0,430.84767205448674,seed603_lns_start60_mixed_best_rm6_tw10
0-69-65-64-62-31-29-27-28-33-18-21-23-19-22-57-52-59-9-13-15-16-17-47-14-12-11-10-53-60-6-8-46-4-3-1-43-35-37-54-68-70-55-0,430.878465558177,seed604_lns_start14_mixed_regret_rm6_tw15_guarded
0-2-7-5-61-42-44-39-36-40-38-41-67-62-33-30-34-31-26-27-29-32-50-56-20-49-24-48-25-58-13-17-66-0,430.9977020717128,seed601_lns_start4_random_best_rm8_tw6
0-69-65-64-30-28-63-51-23-21-18-19-22-57-52-9-11-15-16-47-14-12-10-53-60-45-46-6-8-5-3-4-1-43-35-37-54-68-70-55-0,431.0003571244954,seed608_lns_start8_random_best_rm5_tw12
0-65-64-29-27-30-51-18-21-23-19-22-57-52-59-9-15-16-17-47-14-13-11-10-12-53-60-8-46-4-3-1-43-35-37-54-68-70-55-0,431.034571520343,seed607_lns_start14_late_random_best_rm6_tw10
0-69-65-64-31-29-30-51-18-21-23-19-22-57-52-59-9-13-15-16-17-47-14-12-11-10-53-60-1-3-4-46-55-70-43-35-37-54-68-0,431.26587470864894,seed601_lns_start14_late_best_rm6_tw6
0-69-65-52-15-16-47-14-12-11-9-53-7-8-6-2-70-5-3-1-45-46-4-40-38-39-42-41-43-36-35-37-26-32-34-54-68-55-0,431.3088469838539,seed608_lns_start18_random_random_best_rm8_tw8
0-42-39-36-44-5-45-2-7-61-40-38-41-67-62-50-34-31-27-26-30-33-32-63-56-24-20-49-48-25-58-66-0,431.5404753642904,seed602_lns_start14_late_regret_rm3_tw8
0-69-65-64-29-63-51-23-21-18-19-22-57-52-9-15-16-47-14-11-10-12-53-60-6-8-46-5-3-1-45-4-70-55-68-54-43-35-37-0,431.5788326637841,seed604_lns_start13_random_best_rm6_tw15
0-69-65-64-27-28-30-51-18-21-23-19-22-57-52-59-9-13-15-16-17-47-14-11-10-12-53-60-6-46-4-3-1-43-35-37-54-68-70-55-0,431.61799507709753,seed608_lns_start14_late_regret_rm5_tw8
0-65-64-27-28-51-18-23-21-19-22-57-52-59-9-13-16-15-11-10-14-47-17-12-53-60-6-8-46-4-3-1-43-35-37-54-68-70-55-0,431.6833958524232,seed606_lns_start14_late_regret_rm6_tw8
0-69-65-64-62-67-30-63-51-18-21-23-19-22-57-52-9-11-15-16-47-12-10-53-60-45-46-6-8-5-3-4-1-43-35-37-54-68-70-55-0,431.7547476751669,seed602_lns_start1_mixed_regret_rm5_tw15
0-63-62-38-36-39-42-44-40-61-69-53-12-14-47-16-15-9-11-13-10-60-7-6-2-8-46-4-45-5-3-1-43-41-35-37-54-68-70-55-0,431.8925757107595,seed602_lns_start60_mixed_best_rm8_tw12
0-69-65-64-31-29-30-51-18-21-23-19-22-57-52-59-9-13-15-16-17-47-14-12-11-10-53-60-1-3-4-46-6-55-70-43-35-37-54-68-0,432.1514398415663,seed608_lns_start14_late_random_best_rm6_tw8
0-69-65-64-62-67-27-28-63-51-18-21-23-19-22-57-52-9-15-16-47-14-12-11-10-53-60-6-8-46-3-1-4-55-70-43-35-37-54-68-0,432.29942586087026,seed607_lns_start12_late_best_rm6_tw6
0-69-65-64-62-67-27-30-63-51-18-21-23-19-22-57-52-9-15-16-47-14-12-11-10-53-60-8-46-45-3-1-4-6-55-70-43-35-37-54-68-0,432.49501301484935,seed602_lns_start8_late_regret_rm8_tw12
0-2-45-42-61-7-44-40-36-38-39-41-67-62-50-34-31-32-27-26-33-63-20-49-48-25-58-24-56-66-0,432.6611826555442,seed602_lns_start14_late_random_best_rm3_tw12
0-69-65-64-29-63-51-18-21-23-19-22-57-52-59-9-15-16-47-14-12-11-10-53-60-6-8-46-5-45-4-3-1-43-35-37-54-68-70-55-0,432.72207391448194,seed607_lns_start9_random_best_rm8_tw15
0-69-42-44-45-5-2-7-61-40-36-38-39-41-67-62-50-34-31-27-26-30-33-32-63-56-24-20-49-48-25-58-66-0,432.80322432229883,seed606_lns_start14_late_random_best_rm6_tw10
0-2-61-7-42-44-40-36-38-39-41-34-30-29-27-28-26-33-32-50-56-66-24-20-49-48-25-58-59-13-17-0,433.07255830371264,seed608_lns_start2_mixed_best_rm6_tw15
0-62-67-61-42-44-36-40-38-39-41-45-46-7-2-56-63-33-32-28-26-27-34-50-20-49-48-25-58-24-66-0,433.0861971892006,seed601_lns_start14_mixed_best_rm8_tw8
0-69-65-64-31-30-51-23-21-18-19-22-57-52-59-9-15-16-17-47-14-13-11-10-12-53-60-6-46-4-5-3-1-43-35-37-54-68-70-55-0,433.0977845800239,seed607_lns_start14_mixed_best_rm6_tw8
0-69-65-64-62-67-27-33-63-51-18-21-23-19-22-57-52-9-15-16-47-14-12-11-10-53-60-8-46-45-3-1-4-6-55-70-43-35-37-54-68-0,433.5704790916571,seed602_lns_start10_late_best_rm6_tw6
0-42-39-36-44-5-45-2-7-61-40-38-41-67-62-50-34-31-29-32-33-26-27-63-20-49-48-25-58-24-56-66-0,433.6931635445701,seed603_lns_start14_late_random_best_rm5_tw6
0-69-65-64-67-29-30-51-18-21-23-19-22-57-52-59-9-13-15-16-17-47-14-11-10-12-53-60-6-8-4-5-3-1-43-37-35-54-68-70-55-0,433.7717098708554,seed606_lns_start14_random_random_best_rm6_tw15
0-69-65-64-62-67-30-63-51-18-21-23-19-22-57-52-9-11-15-16-47-14-12-10-53-6-8-46-4-45-3-1-43-35-37-54-68-70-60-55-0,433.9791576286066,seed608_lns_start9_mixed_random_best_rm5_tw8
0-69-65-64-31-29-27-28-30-51-18-21-23-19-22-57-52-59-9-13-15-16-17-47-14-11-10-12-53-60-6-8-46-4-1-43-35-37-54-68-70-55-0,434.1751935148961,seed605_lns_start14_late_regret_rm8_tw10
0-7-45-5-8-6-61-42-44-41-39-38-40-36-35-37-43-2-4-46-3-1-70-55-53-9-10-14-17-13-58-25-24-60-68-0,434.4855952085449,seed602_lns_start73_mixed_best_rm6_tw6
0-2-61-7-39-38-36-40-44-42-41-34-31-29-27-26-28-32-33-50-56-66-24-20-49-48-25-58-59-17-13-0,434.728417544966,seed603_lns_start9_mixed_random_best_rm8_tw15
0-65-52-23-21-19-64-67-62-33-31-29-27-30-28-26-34-32-50-63-51-20-22-24-49-18-48-25-58-59-17-66-56-0,434.76652442738396,seed602_lns_start60_mixed_best_rm8_tw8
0-62-67-61-42-44-36-40-38-39-41-2-7-45-3-56-50-34-33-26-28-32-63-20-49-48-25-58-24-66-0,435.0895365051438,seed607_lns_start14_late_random_best_rm5_tw10
0-65-52-23-21-19-64-67-62-33-31-29-28-30-26-27-32-34-50-63-51-18-49-20-22-57-58-59-13-66-24-25-48-0,435.18300706295526,seed608_lns_start63_late_regret_rm8_tw15
0-62-61-42-44-36-40-38-39-41-45-7-6-2-56-67-50-34-33-26-27-32-63-20-49-48-25-58-24-66-0,435.5115506874719,seed602_lns_start14_mixed_random_best_rm5_tw10
0-64-63-28-27-67-62-51-18-21-23-19-22-57-52-9-15-16-47-14-12-11-10-53-69-55-60-6-8-46-3-1-4-70-43-35-37-54-68-0,435.68409436154263,seed603_lns_start6_late_random_best_rm8_tw8
0-69-65-64-29-27-28-33-63-51-18-21-23-19-22-57-52-9-15-16-47-14-12-11-10-53-8-46-3-1-45-4-6-60-55-70-43-35-37-54-68-0,435.7216417290804,seed604_lns_start2_late_random_best_rm8_tw10
0-69-65-64-31-27-28-33-63-51-18-21-23-19-22-57-52-9-15-16-47-14-12-11-10-53-8-46-3-1-45-4-6-60-55-70-43-35-37-54-68-0,435.73443768222,seed603_lns_start10_late_regret_rm6_tw12
0-65-69-12-14-47-15-16-11-59-52-64-57-22-23-21-18-19-49-51-63-31-29-30-67-62-33-28-26-27-32-34-50-48-24-56-0,435.87821419732757,seed601_lns_start70_late_random_best_rm8_tw8
0-5-44-42-61-67-33-30-28-27-29-31-62-50-63-51-18-19-49-20-22-23-21-48-25-24-57-58-59-13-17-10-66-56-0,435.92217965299346,seed607_lns_start18_random_best_rm8_tw12
0-62-63-64-51-19-21-23-57-52-65-69-53-12-14-47-16-15-11-9-59-58-25-48-18-49-24-22-20-56-50-34-26-32-66-68-0,436.14586833739736,seed608_lns_start16_late_regret_rm4_tw12
0-65-52-23-21-19-64-67-62-31-29-27-30-63-33-28-26-34-32-50-56-51-18-25-49-20-22-24-57-58-13-17-10-0,436.1703020714676,seed603_lns_start23_late_regret_rm6_tw10
0-69-65-64-28-33-63-51-23-21-18-19-22-57-52-9-11-15-16-47-14-12-10-53-60-6-8-46-5-3-1-45-4-55-43-35-37-54-70-68-0,436.23223503270856,seed601_lns_start4_random_random_best_rm8_tw15
0-42-44-39-36-38-61-67-31-29-27-28-30-33-63-62-56-64-51-18-48-19-21-23-25-49-22-24-57-58-59-13-17-10-20-66-0,436.35542290277317,seed604_lns_start20_mixed_random_best_rm8_tw8
0-61-2-7-45-42-44-40-36-38-39-41-67-62-50-34-26-32-33-63-20-49-48-25-58-24-66-56-35-0,436.5190121526381,seed601_lns_start14_mixed_regret_rm6_tw12
0-2-42-44-39-38-61-69-59-9-11-15-16-47-14-12-53-60-7-6-8-46-4-45-5-3-1-43-40-36-35-37-41-54-68-70-55-17-0,436.6468014706828,seed601_lns_start23_mixed_regret_rm6_tw6
0-69-65-64-29-28-30-51-18-21-23-19-22-57-52-59-9-13-15-16-17-47-14-12-11-10-53-60-4-5-3-1-46-55-70-43-35-37-54-68-0,437.1599433078332,seed604_lns_start14_late_regret_rm8_tw6
0-2-45-61-42-39-38-36-40-44-69-53-12-14-47-16-15-11-9-10-17-60-7-6-8-46-4-5-3-1-43-37-35-41-54-68-70-55-66-0,437.2215726069152,seed601_lns_start63_late_random_best_rm6_tw8
0-62-67-61-42-44-40-36-38-39-41-2-7-45-3-56-50-34-33-26-27-32-63-20-49-48-25-58-24-66-0,437.359950110846,seed605_lns_start14_mixed_random_best_rm8_tw10
0-62-61-42-44-39-38-36-40-41-45-8-7-6-2-56-67-50-34-33-26-27-32-63-20-49-48-25-58-24-66-0,437.4979098335496,seed602_lns_start14_late_random_best_rm8_tw8
0-65-52-59-23-21-19-64-67-62-31-29-27-30-28-26-32-34-50-63-51-20-49-18-24-22-57-17-58-25-48-56-66-0,437.87635641006415,seed603_lns_start60_mixed_best_rm8_tw6
0-69-42-44-45-5-2-7-61-40-36-38-39-41-67-62-50-31-27-34-26-28-32-33-63-20-49-48-25-58-24-66-56-0,438.0686163720327,seed606_lns_start14_late_regret_rm8_tw8
0-69-65-64-19-52-57-18-21-23-59-9-11-15-16-17-47-14-12-53-60-7-6-4-1-3-46-8-13-10-55-70-37-35-43-0,438.28582331770974,seed603_lns_start36_late_random_best_rm6_tw6
0-69-65-64-31-29-28-30-51-18-21-23-19-22-57-52-59-9-13-15-16-17-47-14-11-10-12-53-60-8-5-46-4-3-1-43-35-37-54-68-70-55-0,438.3717256058306,seed602_lns_start14_mixed_random_best_rm5_tw10
0-69-65-64-31-29-30-33-51-18-21-23-19-22-57-52-59-9-13-15-16-17-47-14-11-10-12-53-60-6-4-5-8-46-3-1-43-35-37-54-68-70-55-0,438.44962882411033,seed607_lns_start14_mixed_best_rm6_tw15
0-65-52-23-21-19-51-67-22-57-64-62-50-34-31-29-27-32-30-28-26-33-63-18-48-25-20-49-24-58-59-13-17-66-0,438.5146850205204,seed608_lns_start63_mixed_random_best_rm8_tw12
0-69-65-64-31-29-30-51-23-21-18-19-22-57-52-59-9-13-15-16-17-47-14-11-10-12-53-60-6-8-5-46-4-3-1-43-35-37-54-68-70-55-0,438.55226947092694,seed606_lns_start14_mixed_regret_rm6_tw10
0-61-2-7-45-42-44-40-36-38-39-41-67-33-26-30-32-34-50-62-56-24-20-49-48-25-58-66-35-0,438.9389011898153,seed608_lns_start14_mixed_regret_rm8_tw6
0-2-45-44-42-61-7-40-36-38-39-41-67-62-50-34-32-30-28-26-27-33-63-56-24-20-49-48-25-58-66-0,439.47951507299723,seed607_lns_start14_late_best_rm8_tw6
0-69-65-64-31-29-27-28-30-51-18-21-23-19-22-57-52-59-9-13-15-16-17-47-14-11-10-12-53-60-6-8-5-46-4-3-1-43-37-54-68-70-55-0,439.7802783626117,seed601_lns_start14_mixed_regret_rm6_tw12
0-69-65-64-31-29-28-30-51-18-21-23-19-22-57-52-59-9-13-15-16-17-47-14-11-10-12-53-60-6-8-46-4-5-1-43-35-37-54-68-70-55-0,439.7908521350062,seed605_lns_start14_mixed_random_best_rm8_tw10
0-69-65-64-31-29-27-28-63-51-18-21-23-19-22-57-52-59-9-13-15-16-17-47-14-11-10-12-53-60-6-8-5-46-4-3-1-43-37-54-68-70-55-0,440.09075916125425,seed608_lns_start14_mixed_regret_rm8_tw6
0-2-45-5-44-39-38-36-40-42-61-69-53-12-14-47-16-15-13-9-11-10-60-7-6-8-46-4-3-1-41-37-35-43-54-66-56-68-55-70-0,440.24810080889165,seed604_lns_start60_late_random_best_rm8_tw15
0-69-65-64-27-30-51-18-21-23-19-22-57-52-59-9-13-15-16-17-47-14-12-11-10-53-60-1-3-4-46-6-55-70-43-35-37-54-68-0,440.3282567632521,seed602_lns_start14_late_regret_rm5_tw6
0-62-64-19-21-23-52-65-69-53-12-14-47-16-15-11-9-59-58-25-48-18-49-20-22-24-57-51-63-32-26-34-50-56-66-54-68-0,440.35015083553094,seed608_lns_start16_late_regret_rm5_tw10
0-69-65-64-62-67-31-29-30-63-51-18-21-23-19-22-57-52-9-15-16-47-14-11-10-12-53-60-8-5-45-3-1-4-46-6-43-35-37-54-68-70-55-0,440.372244245195,seed606_lns_start0_mixed_random_best_rm8_tw6
0-65-64-62-30-27-29-31-67-63-51-18-21-23-19-22-57-52-9-15-16-47-14-11-10-12-53-60-6-1-3-5-8-46-4-70-43-35-37-54-68-55-0,440.4318405934309,seed603_lns_start7_late_random_best_rm8_tw8
0-2-42-44-36-38-61-69-57-59-9-11-15-16-47-14-12-53-60-7-6-8-46-45-5-3-1-43-40-39-41-35-37-54-68-70-4-55-0,440.48432348983977,seed601_lns_start23_mixed_best_rm8_tw12
0-69-65-64-31-29-28-30-51-18-21-23-19-22-57-52-59-9-13-15-16-17-47-14-11-10-12-53-60-6-4-5-8-46-3-1-43-35-37-54-68-70-55-0,440.6867435769073,seed606_lns_start14_mixed_best_rm8_tw6
0-65-52-23-21-19-64-67-31-29-27-30-63-33-28-26-32-34-50-62-51-20-49-18-48-25-24-22-57-58-13-17-66-56-0,441.0253772914707,seed601_lns_start23_late_regret_rm6_tw12
0-65-64-29-28-51-18-23-21-19-22-57-52-59-9-13-16-15-11-10-14-47-17-12-53-60-8-6-46-3-4-1-43-35-37-54-68-70-55-0,441.44228985831495,seed606_lns_start14_late_random_best_rm6_tw10
0-2-44-42-39-38-36-40-41-61-45-5-8-7-56-67-62-63-33-32-28-26-27-34-50-20-49-48-25-58-24-66-0,441.5990295542275,seed608_lns_start14_late_random_best_rm6_tw8
0-69-65-64-29-27-30-51-18-21-23-19-22-57-52-59-9-15-16-17-47-14-13-11-10-12-53-60-8-46-4-3-1-43-35-37-54-68-70-55-0,441.72288673081044,seed605_lns_start14_late_random_best_rm8_tw10
0-69-65-64-62-31-51-18-21-23-19-22-57-52-59-9-11-13-15-16-17-47-14-10-12-53-60-6-8-46-4-5-3-1-70-68-54-37-35-43-55-0,441.75014271555085,seed601_lns_start14_random_random_best_rm6_tw12
0-65-69-12-47-15-16-11-59-52-57-64-22-23-21-18-19-49-51-63-31-29-27-28-30-67-62-50-33-32-26-34-54-56-20-66-0,441.848720044096,seed605_lns_start76_mixed_best_rm6_tw8
0-61-2-7-5-45-42-44-40-36-38-39-41-67-62-50-34-26-32-33-63-20-49-48-25-58-24-66-56-35-0,442.0970267730944,seed605_lns_start14_mixed_regret_rm8_tw15
0-65-69-12-47-15-16-11-59-52-64-22-23-21-18-19-51-63-34-31-29-30-32-50-67-62-33-28-26-27-49-24-57-60-55-0,442.4578490152459,seed605_lns_start87_mixed_regret_rm8_tw15
0-69-65-64-29-27-28-30-51-18-21-23-19-22-57-52-59-9-13-15-16-17-47-14-12-11-10-53-60-4-5-3-1-46-55-70-43-35-37-54-68-0,442.60573039554396,seed602_lns_start14_late_best_rm8_tw15
0-2-44-42-39-38-36-40-41-61-45-5-8-7-6-56-67-62-63-33-32-28-26-27-34-50-20-49-48-25-58-24-66-0,442.673294390017,seed601_lns_start14_late_best_rm6_tw6
0-65-64-31-27-33-63-51-19-18-21-23-22-57-52-9-11-15-16-47-14-12-10-53-69-61-41-37-35-40-43-6-46-4-3-1-70-55-68-54-0,442.98064249722586,seed607_lns_start27_late_best_rm8_tw8
0-65-52-23-21-19-64-67-62-33-31-29-28-30-26-27-32-34-50-63-51-20-22-49-18-25-24-57-58-59-17-56-0,443.1217905309037,seed603_lns_start60_late_regret_rm5_tw6
0-69-65-64-31-29-51-18-21-23-19-22-57-52-59-9-15-13-16-17-47-14-11-10-12-53-60-6-8-5-46-4-3-1-43-35-37-54-68-70-55-0,443.2166064084281,seed608_lns_start14_random_regret_rm8_tw8
0-69-65-64-31-29-27-28-30-51-18-21-23-19-22-57-52-59-9-13-10-11-15-16-17-47-14-12-53-60-6-8-5-46-4-3-1-43-35-37-54-68-70-55-0,443.9695223442055,seed601_lns_start14_mixed_best_rm5_tw10
0-69-65-64-62-31-29-27-28-51-18-21-23-19-22-57-52-59-9-13-10-11-15-16-17-47-14-12-53-60-6-8-5-46-4-3-1-43-35-37-54-68-70-55-0,444.1409853228073,seed608_lns_start14_mixed_random_best_rm8_tw10
0-42-5-45-2-7-61-44-40-36-38-39-41-67-62-31-50-34-33-26-27-32-63-20-49-48-25-58-24-56-66-0,444.2335913329637,seed604_lns_start14_late_regret_rm4_tw15
0-69-65-64-31-29-27-28-63-51-18-21-23-19-22-57-52-59-9-13-10-11-15-16-17-47-14-12-53-60-6-8-5-46-4-3-1-43-35-37-54-68-70-55-0,444.28000314284805,seed603_lns_start14_mixed_best_rm8_tw12
0-69-65-64-31-29-27-28-33-51-18-21-23-19-22-57-52-59-9-13-10-11-15-16-17-47-14-12-53-60-6-8-5-46-4-3-1-43-35-37-54-68-70-55-0,444.5037809636059,seed601_lns_start14_mixed_random_best_rm8_tw10
0-69-65-64-62-27-30-63-51-18-21-23-19-22-57-52-9-15-16-47-14-11-12-10-53-6-8-46-4-45-3-1-43-35-37-54-68-70-60-55-0,444.5573675735537,seed607_lns_start10_mixed_random_best_rm8_tw6
0-65-64-29-28-30-51-18-21-23-19-22-57-52-59-9-13-15-16-17-47-14-11-10-12-53-6-8-46-4-3-1-43-35-37-54-68-70-60-55-0,444.5809482970131,seed607_lns_start14_late_regret_rm8_tw12
0-65-64-31-29-28-30-51-18-21-23-19-22-57-52-59-9-13-15-16-17-47-14-11-10-12-53-6-8-46-4-3-1-43-35-37-54-68-70-60-55-0,444.5937442501527,seed603_lns_start14_late_regret_rm6_tw12
0-42-44-61-67-62-31-29-27-28-30-33-63-51-18-21-19-49-64-57-22-20-48-23-25-24-58-59-9-10-13-17-14-60-66-56-0,444.7030140191007,seed602_lns_start41_mixed_regret_rm6_tw8
0-65-29-51-64-52-57-23-21-18-19-49-22-59-9-10-11-12-14-47-17-16-15-13-53-60-6-46-4-3-1-43-35-37-54-68-70-55-0,445.05615959519054,seed604_lns_start14_late_regret_rm6_tw12
0-2-44-42-39-38-36-40-41-61-5-45-7-6-69-56-67-62-63-33-32-31-26-28-34-50-49-20-24-48-25-58-66-0,445.2406583875507,seed607_lns_start14_late_random_best_rm6_tw10
0-2-44-42-39-38-36-40-41-61-45-5-8-7-56-67-62-63-33-32-29-27-26-34-50-20-49-48-25-58-24-66-0,445.6103213365718,seed607_lns_start14_late_regret_rm5_tw12
0-69-65-64-67-62-31-29-63-51-18-21-23-19-22-57-52-9-15-16-47-14-12-11-10-53-6-8-46-5-45-4-3-1-43-35-37-54-68-70-60-55-0,445.90633574761523,seed601_lns_start7_late_regret_rm8_tw15
0-65-52-23-21-19-64-67-62-33-31-29-27-30-28-26-34-63-51-20-22-49-18-48-25-58-59-13-57-24-50-32-56-0,446.0113168451704,seed601_lns_start63_late_random_best_rm6_tw8
0-65-52-23-21-19-64-67-31-29-27-30-63-33-28-26-32-34-50-62-51-49-18-48-25-24-22-20-57-58-10-17-66-56-0,446.3276788806613,seed604_lns_start23_mixed_regret_rm5_tw10
0-62-61-42-44-36-40-38-39-41-45-7-6-2-56-67-63-33-32-28-26-27-34-50-20-24-49-48-25-58-66-0,446.3852302764494,seed601_lns_start14_mixed_regret_rm4_tw6
0-62-61-42-44-36-40-38-39-41-45-7-6-2-56-67-63-33-32-30-26-27-34-50-20-24-49-48-25-58-66-0,446.3852302764494,seed603_lns_start14_late_best_rm4_tw6
0-2-42-39-38-36-44-40-41-61-69-53-12-14-47-17-16-15-13-9-11-10-7-6-8-46-4-45-5-3-1-43-37-35-54-70-68-66-60-55-0,446.45269542703386,seed601_lns_start60_late_random_best_rm8_tw8
0-69-65-64-31-30-33-18-21-23-19-22-57-52-59-9-10-11-13-15-16-17-47-14-12-53-6-8-46-4-5-3-1-43-35-37-54-68-70-60-55-0,446.49254130901846,seed605_lns_start14_mixed_regret_rm8_tw10_guarded
0-69-65-64-31-29-27-28-51-18-21-23-19-22-57-52-59-9-13-15-16-17-47-14-11-10-12-53-60-6-46-4-5-3-1-70-55-54-37-35-43-68-0,446.7037862761473,seed601_lns_start14_late_regret_rm6_tw6
0-69-65-64-29-27-28-30-51-18-21-23-19-22-57-52-59-9-13-15-16-17-47-14-11-10-12-53-60-6-46-4-5-3-1-70-55-54-37-35-43-68-0,446.84533382866744,seed603_lns_start14_late_regret_rm6_tw6
0-2-44-42-39-38-36-40-41-61-5-45-7-6-56-67-62-63-33-32-34-31-26-28-50-49-20-24-48-25-58-66-0,446.8502132463912,seed605_lns_start14_late_random_best_rm8_tw10
0-69-65-19-21-52-9-15-16-47-14-11-12-53-70-1-3-5-45-4-46-8-7-6-2-60-55-43-41-39-37-35-26-32-54-68-0,447.05630096461636,seed604_lns_start19_late_random_best_rm8_tw15
0-65-69-12-14-47-15-16-11-59-52-57-64-22-23-21-18-19-49-51-63-62-67-50-34-31-30-29-27-26-28-33-32-17-60-4-55-0,447.2290237641182,seed605_lns_start71_mixed_regret_rm8_tw15
0-69-65-64-62-30-63-51-23-21-18-19-22-57-52-59-9-15-16-17-47-14-13-11-10-12-53-60-6-8-46-4-5-3-1-70-68-54-37-35-43-55-0,447.31741184229963,seed605_lns_start14_random_regret_rm8_tw12
0-69-67-44-42-39-38-36-40-41-61-53-59-9-11-15-16-47-14-12-60-7-6-2-8-46-4-45-5-3-43-35-37-54-68-70-1-55-0,447.4072392792308,seed607_lns_start23_mixed_random_best_rm8_tw12
0-2-44-42-39-38-36-40-41-61-45-5-8-7-56-67-62-63-33-32-34-31-26-28-50-49-20-24-48-25-58-66-0,447.4615026839222,seed601_lns_start14_late_regret_rm8_tw8
0-2-45-42-39-38-36-44-40-61-69-53-12-14-47-16-15-11-9-10-17-60-7-6-8-46-4-5-3-1-43-37-35-41-54-56-68-70-55-0,447.82011814745056,seed608_lns_start63_late_regret_rm8_tw15
0-69-65-64-52-15-16-47-14-11-9-12-53-7-6-70-2-45-5-3-1-4-46-8-60-55-41-43-40-35-37-26-32-34-54-68-0,447.93194334050315,seed608_lns_start19_late_random_best_rm8_tw6
0-61-2-7-45-42-44-40-36-38-39-41-67-62-34-49-63-32-28-26-27-50-56-20-24-48-25-58-66-0,447.9405143741478,seed603_lns_start14_mixed_regret_rm6_tw8
0-69-65-64-29-27-30-51-18-21-23-19-22-57-52-59-9-13-15-16-17-47-14-12-11-10-53-60-8-6-46-4-1-3-55-70-43-35-37-54-68-0,447.9862719967533,seed606_lns_start14_late_regret_rm8_tw12
0-65-69-12-47-15-16-11-59-52-57-64-22-23-21-18-19-49-51-63-31-29-30-67-62-33-28-26-27-32-34-50-54-4-60-0,448.1553080650565,seed604_lns_start88_random_regret_rm8_tw6
0-64-65-69-12-47-16-15-11-59-52-57-22-23-21-18-19-49-51-63-31-29-30-32-67-62-33-28-26-27-34-50-56-20-66-70-68-0,448.25900991786966,seed607_lns_start75_mixed_random_best_rm6_tw15
0-65-52-23-21-19-64-67-31-29-27-30-63-33-28-26-32-34-50-62-51-18-48-25-49-20-22-57-10-17-13-58-66-56-0,448.5544117219199,seed605_lns_start23_mixed_regret_rm6_tw15
0-2-45-61-7-42-44-36-40-38-39-41-67-33-30-28-26-29-32-34-50-56-66-24-20-49-48-25-58-59-13-17-0,448.6627888300857,seed601_lns_start12_late_random_best_rm6_tw6
0-45-2-61-42-44-7-40-36-38-39-41-29-31-27-33-26-28-32-34-50-67-56-24-20-49-48-25-58-66-0,448.7217092186518,seed605_lns_start14_random_regret_rm8_tw12
0-2-45-61-7-42-44-40-36-38-39-41-67-33-28-27-26-32-31-34-50-56-66-24-20-49-48-25-58-59-13-17-0,448.9133815705213,seed601_lns_start5_late_best_rm4_tw6
0-69-65-64-27-28-51-18-21-23-19-22-57-52-59-9-13-15-16-17-47-14-12-11-10-53-60-8-6-46-4-1-3-55-70-43-35-37-54-68-0,449.03300753381365,seed603_lns_start14_late_random_best_rm8_tw6
0-2-7-61-42-44-39-38-36-40-41-50-34-27-26-28-32-33-20-59-58-25-48-49-24-56-66-13-17-0,449.05704834422113,seed606_lns_start0_mixed_random_best_rm8_tw6
0-2-45-44-42-61-7-40-36-38-39-41-67-62-50-31-30-34-29-27-26-28-32-33-63-56-24-20-49-48-25-58-66-0,449.1683313441116,seed601_lns_start14_random_random_best_rm5_tw6
0-65-19-21-23-59-52-64-67-33-30-27-29-31-28-26-32-34-50-51-18-49-20-22-24-57-17-58-25-48-56-66-0,449.2913552265612,seed602_lns_start60_mixed_best_rm8_tw12
0-2-45-36-38-39-44-40-42-61-69-53-12-14-47-16-15-9-11-10-60-7-6-8-46-4-5-3-1-43-37-35-41-54-68-70-55-24-0,449.41831571143206,seed601_lns_start63_mixed_best_rm8_tw8
0-42-44-5-45-2-7-61-40-36-38-39-41-67-62-29-50-34-33-26-27-32-63-20-49-48-25-58-24-56-66-0,449.45255359597564,seed602_lns_start14_late_regret_rm4_tw12
0-69-65-21-52-9-15-16-47-14-11-12-53-70-2-1-3-5-45-4-46-8-7-6-60-55-43-41-39-37-35-34-26-32-54-68-0,449.4594745199224,seed603_lns_start19_mixed_regret_rm8_tw6
0-69-65-64-31-29-51-18-21-23-19-22-57-52-59-9-13-15-16-17-47-14-11-10-12-53-6-8-46-4-3-1-43-35-37-54-68-70-60-55-0,449.4938808836718,seed605_lns_start14_late_random_best_rm3_tw10
0-69-65-64-19-51-23-21-18-22-57-52-53-7-8-12-10-11-9-59-13-15-16-17-47-14-60-6-46-4-3-1-43-35-37-54-68-70-55-0,449.7223107068343,seed606_lns_start14_mixed_regret_rm4_tw6
0-65-64-29-27-28-33-63-51-18-21-23-19-22-57-52-59-9-10-11-13-15-16-17-47-14-12-53-6-8-46-4-5-3-1-43-35-37-54-68-70-60-55-0,449.9923798664524,seed606_lns_start14_mixed_random_best_rm6_tw12_guarded
0-69-65-64-62-31-29-30-33-63-18-21-23-19-22-57-52-59-9-10-11-13-15-16-17-47-14-12-53-6-8-46-4-5-3-1-43-35-37-54-68-70-60-55-0,450.0080376178026,seed607_lns_start14_mixed_best_rm6_tw8_guarded
0-2-5-42-44-39-38-36-40-41-61-69-53-12-11-15-14-47-16-17-13-9-10-60-7-6-8-46-4-45-3-1-43-35-37-70-68-55-56-54-0,450.0436198313946,seed608_lns_start60_late_regret_rm8_tw6
0-2-45-5-61-7-42-44-36-38-40-39-41-34-31-29-27-26-33-32-50-56-66-20-24-49-48-25-58-59-13-17-0,450.05498003093385,seed606_lns_start4_late_random_best_rm6_tw12
0-69-65-64-31-27-28-51-18-21-23-19-22-57-52-59-9-11-10-13-15-16-17-47-14-12-53-60-6-8-46-4-5-3-1-70-68-54-37-35-43-55-0,450.11756929684464,seed606_lns_start14_mixed_regret_rm6_tw15
0-69-65-52-11-15-16-47-12-53-7-6-2-42-38-39-1-3-5-45-8-46-4-43-40-41-37-36-35-26-32-34-50-54-68-70-55-0,450.2522415715949,seed604_lns_start56_random_best_rm8_tw10
0-69-52-59-11-15-16-47-14-12-9-53-61-2-6-7-8-46-45-5-3-42-38-40-44-43-36-35-37-39-41-68-55-70-54-34-26-32-0,450.7612667173781,seed603_lns_start68_random_best_rm4_tw8
0-2-45-61-7-38-36-40-39-44-42-41-67-34-31-29-28-26-33-32-50-56-66-24-20-49-48-25-58-59-13-17-0,451.21449459750966,seed603_lns_start11_late_random_best_rm6_tw10
0-69-65-64-29-30-51-18-21-23-19-22-57-52-59-9-13-15-16-17-47-14-11-10-12-53-6-8-46-4-3-1-43-35-37-54-68-70-60-55-0,451.2692635074805,seed601_lns_start14_late_random_best_rm3_tw12
0-69-65-64-31-29-30-51-18-21-23-19-22-57-52-59-9-13-15-16-17-47-14-11-10-12-53-6-8-46-4-3-1-43-35-37-54-68-70-60-55-0,451.28205946062013,seed601_lns_start14_late_best_rm5_tw10
0-45-2-42-44-7-61-40-36-38-39-41-67-62-50-34-31-29-26-30-33-32-63-48-24-20-49-25-58-66-56-0,451.37985477867505,seed602_lns_start14_mixed_random_best_rm8_tw6
0-69-65-64-30-28-51-18-21-23-19-22-57-52-59-9-13-15-16-17-47-14-11-10-12-53-6-8-46-4-3-1-43-35-37-54-68-70-60-55-0,451.4528295039992,seed604_lns_start14_late_best_rm3_tw10
0-69-65-64-29-30-51-23-21-18-19-22-57-52-59-9-11-12-14-47-15-16-17-13-10-53-60-6-4-5-8-46-3-1-43-35-37-54-68-70-55-0,451.45812058664507,seed605_lns_start14_mixed_random_best_rm4_tw6
0-2-5-61-7-38-36-40-39-44-42-41-67-50-34-31-29-26-28-32-33-56-66-24-20-49-48-25-58-59-13-17-0,451.5045384612657,seed607_lns_start10_mixed_random_best_rm8_tw6
0-69-2-42-44-36-38-40-39-41-7-61-33-30-27-26-28-32-34-50-56-66-24-20-49-48-25-58-59-13-17-0,451.8677428618503,seed606_lns_start3_late_random_best_rm6_tw10
0-2-44-42-39-38-36-40-41-61-45-5-8-7-56-67-62-63-33-28-31-29-26-32-34-50-49-20-24-48-25-58-66-0,451.9350017979977,seed602_lns_start14_late_regret_rm5_tw6
0-69-2-45-61-7-42-44-40-36-38-39-41-67-33-28-27-26-32-31-34-50-56-66-24-20-49-48-25-58-59-13-17-0,452.0252604967724,seed607_lns_start12_late_random_best_rm6_tw10
0-69-12-14-47-16-15-11-59-9-53-61-42-39-38-44-2-6-7-8-46-4-45-5-3-1-43-40-36-35-37-41-54-20-68-70-60-55-0,452.0268877218003,seed606_lns_start23_random_regret_rm8_tw6
0-2-45-61-7-42-44-36-40-38-39-41-67-33-30-29-27-26-32-34-50-56-66-24-20-49-48-25-58-59-13-17-0,452.1459339305094,seed601_lns_start6_late_best_rm6_tw12
0-2-5-45-61-44-42-39-38-36-40-41-67-28-30-62-50-34-31-29-27-26-32-33-63-49-20-24-66-58-25-48-56-0,452.2605571636054,seed606_lns_start14_mixed_regret_rm4_tw6
0-40-44-42-61-2-6-7-8-46-45-5-3-1-43-38-37-35-36-39-41-54-55-53-9-10-14-60-4-17-13-58-25-48-24-0,452.38966653538455,seed607_lns_start75_mixed_random_best_rm6_tw15
0-2-45-61-7-42-44-36-40-38-39-41-67-62-33-27-26-28-32-34-50-56-66-24-20-49-48-25-58-59-13-17-0,452.4851882669112,seed601_lns_start7_late_regret_rm5_tw6
0-69-65-64-27-28-51-19-18-21-23-22-57-52-59-9-11-13-10-15-16-17-47-14-12-53-60-6-4-5-8-46-3-1-43-35-37-54-68-70-55-0,452.77301855662745,seed602_lns_start14_mixed_random_best_rm8_tw6
0-36-44-42-39-38-5-45-2-8-7-67-62-34-29-28-26-30-32-50-20-24-49-48-25-58-59-13-17-60-66-56-0,452.99150598056656,seed607_lns_start27_late_best_rm8_tw8
0-69-65-64-31-29-28-30-51-18-21-23-19-22-57-52-59-9-13-15-16-17-47-14-11-10-12-53-46-4-5-3-1-43-35-37-54-68-70-60-55-0,453.05266310741723,seed602_lns_start14_late_random_best_rm8_tw8
0-2-45-61-7-42-44-36-40-38-39-41-67-33-30-27-26-32-31-34-50-56-66-24-20-49-48-25-58-59-13-17-0,453.07694909687575,seed601_lns_start3_late_random_best_rm5_tw6
0-69-11-12-61-42-44-39-38-36-40-41-57-53-14-47-16-15-9-13-10-60-7-6-2-8-45-4-46-5-3-1-43-35-37-54-68-70-55-0,453.09002514845673,seed602_lns_start60_mixed_best_rm8_tw8
0-2-45-61-7-42-44-40-36-38-39-41-62-33-28-29-27-26-32-34-50-56-66-24-20-49-48-25-58-59-13-17-0,453.1627687251346,seed601_lns_start13_late_random_best_rm8_tw15
0-52-23-21-51-67-31-29-27-30-63-33-28-26-34-32-50-62-64-22-20-49-18-48-25-24-57-58-13-17-10-66-56-0,453.2378208854782,seed604_lns_start23_mixed_random_best_rm8_tw6
0-2-42-44-36-38-61-69-59-9-11-15-16-47-14-12-53-60-7-6-8-46-4-45-5-3-1-43-40-35-37-39-41-54-68-70-55-24-0,453.3140971549938,seed605_lns_start23_mixed_regret_rm6_tw15
0-69-2-5-44-42-39-36-38-40-41-45-8-7-61-67-62-50-34-31-30-28-33-26-27-32-63-20-24-48-25-58-66-56-0,453.31698744084633,seed603_lns_start14_late_regret_rm8_tw8
0-61-39-38-36-40-41-42-44-6-7-2-8-46-45-5-3-1-43-37-35-70-68-55-53-14-17-9-13-10-66-56-24-20-48-25-58-0,453.7124546380396,seed604_lns_start88_random_regret_rm8_tw6
0-64-62-61-42-44-38-36-40-67-31-28-27-29-30-33-50-63-51-19-49-20-23-25-48-18-22-24-57-58-59-13-17-10-66-56-0,453.72125300260564,seed603_lns_start19_mixed_regret_rm8_tw6
0-69-65-64-31-28-51-18-21-23-19-22-57-52-59-9-13-15-16-17-47-14-11-10-12-53-6-8-46-4-3-1-43-35-37-54-68-70-60-55-0,454.1456753852588,seed603_lns_start14_late_random_best_rm3_tw15
0-69-65-64-31-29-27-28-30-51-18-21-23-19-22-57-52-59-9-13-15-16-17-47-14-11-10-12-53-60-6-8-46-5-3-1-4-55-68-54-37-35-43-0,454.172016011485,seed603_lns_start14_mixed_best_rm6_tw8
0-69-65-64-31-28-30-51-18-21-23-19-22-57-52-59-9-13-15-16-17-47-14-11-10-12-53-6-8-46-4-3-1-43-35-37-54-68-70-60-55-0,454.30001889091847,seed602_lns_start14_late_regret_rm4_tw12
0-39-38-36-42-44-40-5-45-8-7-6-46-2-70-61-41-37-35-43-1-3-4-53-14-17-10-9-13-58-25-48-20-66-56-54-68-0,454.3360645629127,seed605_lns_start87_mixed_regret_rm8_tw15
0-2-45-44-42-61-7-40-36-38-39-41-67-62-63-33-32-30-26-27-34-50-56-20-49-24-58-25-48-66-0,454.4105238138879,seed601_lns_start14_mixed_random_best_rm3_tw6
0-65-52-23-21-19-64-67-62-31-29-27-30-63-33-28-26-32-34-50-51-49-18-48-25-24-22-20-57-58-10-17-13-66-56-0,454.50521390644417,seed601_lns_start23_random_regret_rm6_tw12
0-69-65-64-31-29-28-51-18-21-23-19-22-57-52-59-9-13-15-16-17-47-14-11-10-12-53-6-8-46-4-3-1-43-35-37-54-68-70-60-55-0,455.12771595496037,seed601_lns_start14_late_random_best_rm4_tw12
0-69-65-64-29-28-30-51-18-21-23-19-22-57-52-59-9-13-15-16-17-47-14-11-10-12-53-6-8-46-4-3-1-43-35-37-54-68-70-60-55-0,455.2692635074805,seed604_lns_start14_late_regret_rm4_tw15
0-45-5-42-44-36-38-39-40-41-2-7-61-34-31-29-28-26-33-32-50-56-66-24-20-49-48-25-58-59-13-17-0,455.4674281366772,seed603_lns_start0_late_random_best_rm6_tw6
0-2-45-5-61-7-42-44-36-38-39-40-41-34-30-26-29-31-33-32-50-56-66-24-20-49-48-25-58-59-13-17-0,455.8255635376021,seed607_lns_start12_late_best_rm6_tw6
0-69-65-64-27-28-33-51-18-21-23-19-22-57-52-59-9-13-15-16-17-47-14-11-10-12-53-60-6-5-8-46-3-4-1-43-35-37-54-68-70-55-0,455.8955525848473,seed607_lns_start14_mixed_random_best_rm8_tw10
0-62-61-42-44-39-38-36-40-41-45-8-7-6-2-56-67-63-33-32-31-27-26-34-50-20-49-48-25-58-24-66-0,455.90842709869037,seed604_lns_start14_late_regret_rm8_tw6
0-64-63-62-61-42-44-36-40-38-27-28-29-31-30-33-34-50-67-56-51-18-23-25-48-49-20-22-24-57-58-59-13-17-10-66-0,455.9854155439455,seed604_lns_start19_late_random_best_rm8_tw15
0-62-31-29-27-28-30-33-64-65-52-57-59-58-25-23-21-48-18-19-49-22-51-50-34-26-32-56-66-20-24-13-17-0,456.20646037702966,seed608_lns_start63_mixed_random_best_rm8_tw15
0-65-52-23-21-19-64-67-31-29-27-30-63-33-28-26-32-34-50-62-51-49-18-48-22-57-10-17-13-58-25-24-66-56-0,456.5724363067005,seed606_lns_start23_random_regret_rm8_tw6
0-69-65-64-31-29-28-51-23-21-18-19-22-57-52-59-9-13-15-16-17-47-14-11-10-12-53-60-6-8-46-4-5-3-1-70-68-54-37-35-43-55-0,456.61671324127275,seed601_lns_start14_mixed_random_best_rm3_tw6
0-2-45-44-42-61-7-40-36-38-39-41-67-63-33-30-28-27-26-29-34-32-50-56-24-20-49-48-25-58-66-0,456.6201836497477,seed601_lns_start14_random_random_best_rm6_tw12
0-65-52-11-15-16-47-12-53-69-2-6-7-8-46-45-5-3-40-38-1-4-42-43-41-39-37-35-26-32-34-50-54-68-70-55-0,456.81448787255425,seed608_lns_start48_random_regret_rm8_tw6
0-64-65-69-12-47-16-15-11-59-52-57-22-23-21-18-19-49-51-63-31-29-30-32-67-62-33-28-26-27-34-50-56-20-66-60-0,457.04467253577536,seed607_lns_start81_mixed_best_rm8_tw8
0-69-65-64-29-28-30-51-23-21-18-19-22-57-52-59-9-15-16-17-47-14-13-11-10-12-53-60-6-8-46-4-5-3-1-70-68-54-37-35-43-55-0,457.22877651131773,seed602_lns_start14_late_random_best_rm3_tw12
0-65-52-23-21-64-67-31-29-27-30-63-33-28-26-32-34-50-62-51-19-48-18-49-20-22-10-17-13-58-25-24-66-56-0,457.30657632437294,seed601_lns_start23_mixed_best_rm8_tw12
0-45-5-42-44-36-38-39-40-41-2-7-61-67-62-50-34-26-28-31-32-56-66-24-20-49-48-25-58-59-13-17-0,457.628098969999,seed603_lns_start1_late_random_best_rm6_tw10
0-69-65-64-31-29-27-30-51-18-21-23-19-22-57-52-59-9-13-15-16-17-47-14-11-10-12-53-60-6-8-46-4-5-1-70-55-54-37-35-43-68-0,457.6832147300685,seed607_lns_start14_late_random_best_rm5_tw10
0-61-42-44-36-40-38-39-41-45-6-7-46-8-5-3-1-2-4-43-35-37-54-68-55-53-10-9-24-20-25-58-13-17-60-70-0,457.7048616668083,seed601_lns_start79_late_best_rm5_tw6
0-42-39-36-44-5-45-2-7-40-38-41-61-67-50-62-56-34-32-30-33-26-29-31-63-20-24-49-48-25-58-66-0,457.8121363992219,seed603_lns_start14_late_random_best_rm8_tw6
0-61-42-44-40-36-38-39-41-45-7-2-69-66-33-32-28-26-34-50-56-20-49-24-59-58-25-48-13-17-0,457.93145549615986,seed603_lns_start7_late_random_best_rm8_tw8
0-2-45-5-61-7-42-44-36-38-39-40-41-34-31-30-27-26-33-32-50-56-66-20-24-49-48-25-58-59-13-17-0,458.085014710893,seed601_lns_start5_late_regret_rm6_tw8
0-69-65-64-31-29-27-28-30-51-18-21-23-19-22-57-52-59-9-13-15-16-17-47-14-11-10-12-53-6-46-4-5-1-43-35-37-54-68-70-60-55-0,458.51172984635116,seed604_lns_start14_late_regret_rm8_tw15
0-69-65-64-29-27-28-51-18-21-23-19-22-57-52-59-9-13-15-16-17-47-14-11-10-12-53-60-6-8-46-4-5-3-1-70-68-54-37-35-43-55-0,458.9971709463712,seed601_lns_start14_mixed_best_rm6_tw6
0-65-69-12-14-47-15-16-11-59-52-57-64-22-23-21-18-19-49-51-63-31-29-30-67-62-33-28-26-27-32-34-50-20-24-48-25-58-66-0,459.03333917952614,seed605_lns_start78_late_regret_rm8_tw6
0-65-42-44-36-38-39-61-69-59-9-11-15-16-47-14-12-53-7-6-2-8-46-4-45-5-3-1-43-40-37-35-41-54-68-55-70-60-13-0,459.0534229822765,seed601_lns_start23_mixed_random_best_rm8_tw6
0-69-65-64-27-28-30-51-18-21-23-19-22-57-52-59-9-13-15-16-17-47-14-11-10-12-53-60-6-8-46-4-5-3-1-70-68-54-37-35-43-55-0,459.12396686694836,seed605_lns_start14_late_regret_rm8_tw8
0-69-65-64-31-29-27-51-18-21-23-19-22-57-52-59-9-13-15-16-17-47-14-11-10-12-53-6-8-46-4-3-1-43-35-37-54-68-70-60-55-0,459.13503408094,seed601_lns_start14_late_best_rm4_tw15
0-2-45-5-61-7-42-44-36-38-39-40-41-34-30-26-27-29-33-32-50-56-66-20-24-49-48-25-58-59-13-17-0,459.3136413386957,seed601_lns_start2_late_regret_rm8_tw8
0-69-65-21-23-52-15-16-47-14-11-9-12-53-70-2-3-1-5-45-4-46-8-7-6-60-55-41-43-36-35-37-34-32-26-54-68-0,459.3776632831832,seed602_lns_start20_late_random_best_rm8_tw6
0-69-42-45-5-2-7-61-44-40-36-38-39-41-67-62-31-50-34-33-26-27-32-63-20-49-48-25-58-24-56-66-0,459.40998032142517,seed607_lns_start14_late_regret_rm8_tw12
0-2-5-45-61-44-42-39-36-38-40-41-67-62-63-33-28-30-26-27-29-31-34-32-50-18-49-22-51-56-20-24-48-25-58-66-0,459.46437421924077,seed602_lns_start36_late_best_rm4_tw8
0-69-65-64-31-27-30-51-18-21-23-19-22-57-52-59-9-13-15-16-17-47-14-11-10-12-53-6-8-46-4-3-1-43-35-37-54-68-70-60-55-0,459.49921992052833,seed601_lns_start14_late_regret_rm4_tw8
0-2-5-45-7-61-67-33-30-28-27-29-31-37-35-36-40-44-42-39-38-41-1-3-4-46-8-6-60-17-13-10-55-70-43-0,459.65052899409005,seed602_lns_start16_late_regret_rm5_tw10
0-42-61-39-38-36-40-44-41-6-7-2-8-46-45-5-3-1-43-37-35-54-68-70-53-10-13-9-24-20-48-25-58-66-56-0,459.7388459041133,seed605_lns_start71_mixed_regret_rm8_tw15
0-2-45-5-61-7-42-44-36-38-39-40-41-34-30-28-26-27-33-32-50-67-56-66-24-20-49-48-25-58-59-13-17-0,459.7389464957902,seed602_lns_start11_late_regret_rm5_tw15
0-65-52-23-21-19-18-22-64-62-31-29-27-30-33-28-34-26-32-50-63-51-20-49-24-56-66-57-13-17-10-58-25-48-0,459.7614860358984,seed607_lns_start23_mixed_random_best_rm8_tw12
0-62-42-44-36-38-39-40-41-61-45-7-2-34-31-29-27-26-28-32-50-56-66-24-20-49-48-25-58-59-13-17-0,459.9169106831464,seed602_lns_start9_late_best_rm5_tw8
0-69-65-64-31-29-27-28-51-18-21-23-19-22-57-52-59-9-13-15-16-17-47-14-11-10-12-53-8-46-4-3-1-43-35-37-54-68-70-60-55-0,460.0764913913481,seed607_lns_start14_mixed_best_rm8_tw8
0-69-65-64-67-62-30-63-51-18-21-23-19-22-57-52-59-9-15-16-47-14-11-10-12-53-8-6-46-4-5-3-1-43-35-37-54-68-70-60-55-0,460.2226130572173,seed604_lns_start2_mixed_best_rm6_tw12
0-69-65-64-31-29-30-51-18-21-23-19-22-57-52-59-9-13-15-16-17-47-14-11-10-12-53-8-5-46-4-3-1-43-35-37-54-68-70-60-55-0,460.241280428297,seed601_lns_start14_mixed_regret_rm4_tw6
0-69-65-59-19-61-41-39-38-36-40-44-42-53-9-11-15-16-47-14-12-60-7-6-2-8-45-4-46-5-3-1-43-35-37-54-68-70-55-0,460.2668786379445,seed604_lns_start23_mixed_random_best_rm8_tw6
0-2-42-44-36-38-61-69-65-59-9-11-15-16-47-14-12-53-7-6-8-46-4-45-5-3-1-43-40-39-35-37-41-54-68-70-55-60-17-0,460.5115751977397,seed602_lns_start23_mixed_best_rm8_tw8
0-44-61-67-62-63-33-30-28-27-29-31-50-51-64-22-20-49-19-18-21-23-25-58-59-13-17-10-57-24-48-56-66-60-0,460.7072433381411,seed608_lns_start18_random_random_best_rm8_tw8
0-69-65-64-31-27-28-30-51-18-21-23-19-22-57-52-59-9-13-15-16-17-47-14-11-10-12-53-6-8-46-4-3-1-43-35-37-54-68-70-60-55-0,460.727846548331,seed607_lns_start14_late_random_best_rm8_tw8
0-61-42-44-40-36-38-39-41-45-8-7-2-66-56-67-62-50-32-30-26-33-63-49-24-20-34-48-25-58-0,460.9379270887608,seed601_lns_start14_late_regret_rm6_tw6
0-69-65-64-31-29-30-51-18-21-23-19-22-57-52-59-9-13-15-16-17-47-14-11-10-12-53-55-6-8-4-5-3-1-43-37-35-54-68-70-60-0,460.9572828029333,seed601_lns_start14_mixed_best_rm8_tw8
0-61-42-44-40-36-38-39-41-45-8-7-6-2-66-56-67-62-50-34-31-26-33-63-49-24-20-32-48-25-58-0,461.1899258329531,seed602_lns_start14_late_best_rm8_tw15
0-64-39-44-61-67-62-31-29-27-28-30-33-63-51-19-18-21-23-25-48-49-20-22-24-58-59-9-13-17-14-10-57-66-56-60-0,461.29782779010105,seed602_lns_start57_late_regret_rm8_tw12
0-62-31-29-67-61-42-44-38-36-40-27-28-30-33-50-63-51-25-23-21-48-18-19-49-22-20-24-57-58-59-13-17-10-66-56-0,461.45581593996724,seed604_lns_start19_mixed_regret_rm6_tw10
0-69-65-52-15-16-47-14-12-11-9-53-6-2-70-41-40-1-3-5-45-4-46-8-7-60-55-68-43-35-37-50-34-26-32-54-0,461.6044591631944,seed604_lns_start20_mixed_random_best_rm8_tw8
0-7-45-5-8-6-61-42-44-41-39-38-40-36-35-37-43-2-4-46-3-1-55-53-9-10-14-60-17-13-58-25-48-24-68-70-0,461.83790357930656,seed605_lns_start76_mixed_best_rm6_tw8
0-62-39-61-42-44-38-36-40-67-33-30-28-27-29-31-50-63-51-25-23-21-48-18-19-49-22-20-24-57-58-59-13-17-10-66-56-0,461.9574136402914,seed601_lns_start17_mixed_regret_rm6_tw10
0-2-5-42-44-7-61-36-38-39-40-41-34-29-27-26-28-32-50-62-56-66-24-20-49-48-25-58-59-13-17-0,462.49627653046696,seed601_lns_start7_late_best_rm8_tw8
0-2-5-42-44-7-61-36-38-39-40-41-34-31-27-26-28-30-32-50-56-66-24-20-49-48-25-58-59-13-17-0,462.49627653046696,seed602_lns_start3_late_best_rm5_tw8
0-2-42-44-7-61-38-36-40-39-41-67-62-50-34-30-31-29-27-26-32-56-66-24-20-49-48-25-58-59-13-17-0,462.6022060360077,seed601_lns_start4_random_random_best_rm8_tw15
0-69-65-64-31-29-27-28-51-18-21-23-19-22-57-52-59-9-13-15-16-17-47-14-11-10-12-53-60-6-3-5-8-46-4-1-43-35-37-54-68-70-55-0,462.7624271423368,seed606_lns_start14_mixed_regret_rm8_tw10
0-69-65-64-31-29-27-28-30-51-18-21-23-19-22-57-52-59-9-13-15-16-17-47-14-11-10-12-53-8-6-46-4-3-1-43-37-54-68-70-60-55-0,462.89654202529977,seed605_lns_start14_mixed_regret_rm8_tw15
0-65-52-23-64-67-62-33-30-28-27-29-31-50-63-51-20-49-21-48-18-19-22-56-66-57-24-25-58-13-17-10-60-4-1-0,462.94824200700094,seed604_lns_start65_random_best_rm4_tw12
0-62-33-61-42-44-39-38-40-67-30-28-27-29-31-50-63-51-25-23-21-48-18-19-49-22-20-24-57-58-59-13-17-10-66-56-0,463.0391262770123,seed601_lns_start20_mixed_random_best_rm8_tw12
0-69-42-44-45-5-2-7-40-36-38-39-41-61-67-62-56-63-33-26-29-30-34-31-32-50-20-24-49-48-25-58-66-0,463.0917302519229,seed606_lns_start14_late_regret_rm6_tw8
0-2-5-42-44-7-61-36-38-39-40-41-34-29-31-26-28-30-32-50-56-66-24-20-49-48-25-58-59-13-17-0,463.09860179750956,seed602_lns_start10_late_best_rm6_tw6
0-44-61-67-62-31-29-27-28-30-33-63-51-18-21-23-19-49-64-56-57-22-20-9-10-60-14-17-13-59-58-25-48-24-66-0,463.25115777752933,seed604_lns_start56_random_best_rm8_tw10
0-45-5-42-44-36-38-39-40-41-2-7-61-67-62-50-33-26-31-32-34-56-66-24-20-49-48-25-58-59-13-17-0,463.277374868411,seed602_lns_start8_late_regret_rm6_tw6
0-65-52-59-23-21-51-64-63-62-67-29-34-31-27-26-28-30-32-33-50-18-19-49-20-22-24-57-58-25-48-17-66-0,463.4826030548091,seed605_lns_start63_late_regret_rm8_tw6
0-64-19-21-23-59-65-67-62-33-31-29-27-30-28-26-32-34-50-63-51-20-49-18-24-22-57-17-58-25-48-56-66-0,463.5549387739283,seed604_lns_start60_mixed_random_best_rm8_tw15
0-2-45-5-42-44-39-38-36-40-41-61-69-53-12-11-15-14-47-17-16-13-9-10-60-7-6-8-46-4-3-1-43-35-37-32-54-68-70-55-0,463.9403937790133,seed601_lns_start60_late_random_best_rm6_tw12
0-69-65-64-31-29-28-51-18-21-23-19-22-57-52-59-9-13-15-16-17-47-14-11-10-12-53-8-5-46-4-3-1-43-35-37-54-68-70-60-55-0,464.0869369226372,seed603_lns_start14_late_best_rm4_tw6
0-62-42-44-38-61-64-63-33-30-28-27-29-31-34-50-67-56-51-18-48-19-21-23-25-49-20-22-57-10-17-13-59-58-24-66-0,464.09577267834624,seed603_lns_start17_random_regret_rm8_tw15
0-2-42-44-7-61-36-38-39-40-41-34-33-30-28-26-27-32-50-56-66-24-20-49-48-25-58-59-13-17-0,464.5844700074132,seed601_lns_start7_late_regret_rm8_tw15
0-69-65-52-11-15-16-47-12-53-7-6-2-45-42-41-40-39-38-36-37-35-43-1-3-5-8-46-4-70-54-34-26-32-50-68-55-60-0,464.59737314875423,seed607_lns_start43_random_random_best_rm6_tw6
0-65-52-23-21-19-64-67-62-31-29-27-30-63-33-28-26-34-32-50-56-51-20-22-49-18-48-25-24-57-58-13-10-66-0,465.208911527816,seed601_lns_start23_mixed_regret_rm6_tw6
0-2-5-45-61-44-42-39-38-36-40-41-67-62-31-30-33-50-28-26-27-29-34-32-63-51-18-48-49-20-22-24-25-58-66-56-68-54-0,465.3127974811746,seed606_lns_start36_late_best_rm8_tw6
0-2-45-5-44-42-39-38-61-69-53-9-11-15-16-47-14-12-60-6-7-8-46-4-3-1-43-40-36-35-37-41-54-68-70-55-10-17-13-58-0,465.33847124082297,seed606_lns_start63_late_best_rm8_tw15_guarded
0-69-65-64-52-15-16-47-14-12-11-9-53-7-8-6-2-70-3-1-45-46-4-43-39-40-36-35-37-38-41-54-34-32-26-68-55-60-0,465.661537487639,seed607_lns_start18_random_best_rm8_tw12
0-2-5-42-44-36-38-39-40-41-7-61-67-33-28-26-27-31-32-34-50-56-66-20-24-49-48-25-58-59-13-17-0,465.73033020923106,seed601_lns_start0_late_random_best_rm4_tw10
0-69-65-64-28-63-51-19-23-21-18-22-57-52-59-9-15-16-47-14-11-12-10-53-55-70-6-8-45-46-60-4-3-1-43-35-37-54-68-0,466.30233275864674,seed601_lns_start4_random_best_rm8_tw6
0-69-65-64-31-29-28-30-63-51-18-21-23-19-22-57-52-59-9-13-15-16-17-47-14-11-10-12-53-6-4-5-8-46-3-1-43-35-37-54-68-70-60-55-0,466.5232927239087,seed601_lns_start14_mixed_random_best_rm8_tw10
0-69-65-64-31-29-27-28-30-51-18-21-23-19-22-57-52-59-9-13-15-16-17-47-14-11-10-12-53-6-4-5-46-3-1-43-35-37-54-68-70-60-55-0,466.68518369805304,seed605_lns_start14_mixed_best_rm8_tw10
0-2-5-42-44-7-61-36-38-39-40-41-34-29-27-26-28-32-50-67-56-66-24-20-49-48-25-58-59-13-17-0,466.7788981857001,seed601_lns_start0_late_random_best_rm5_tw6
0-2-42-44-38-61-69-59-9-11-15-16-47-14-12-53-7-6-8-46-4-45-5-3-1-41-40-39-37-35-36-43-54-68-70-55-60-13-0,466.8774150503596,seed604_lns_start23_mixed_regret_rm5_tw10
0-69-65-64-31-29-27-28-30-51-18-21-23-19-22-57-52-59-9-13-15-16-17-47-14-11-10-12-53-8-6-46-3-1-43-35-37-54-68-70-60-55-0,467.0797462221515,seed606_lns_start14_mixed_random_best_rm8_tw15
0-2-61-7-42-44-40-36-38-39-41-62-33-30-28-26-27-29-31-32-34-50-66-24-20-49-48-25-58-59-13-17-56-0,467.2241471109023,seed604_lns_start2_random_regret_rm6_tw12
0-61-42-44-36-40-38-39-41-45-6-7-46-8-5-3-1-2-4-43-35-37-54-70-55-53-9-10-17-13-58-25-48-24-60-68-0,467.4304331365817,seed601_lns_start86_late_random_best_rm5_tw6
0-2-5-61-67-33-30-28-27-29-31-36-40-38-41-44-1-3-45-4-46-8-7-6-60-17-13-10-55-70-43-35-37-54-68-0,467.454090707203,seed608_lns_start16_mixed_random_best_rm8_tw6
0-65-52-59-23-21-18-19-64-67-62-33-32-31-29-28-30-26-27-34-63-51-22-49-20-24-57-66-56-50-48-25-13-17-0,467.5632027052892,seed608_lns_start63_mixed_random_best_rm6_tw12
0-61-42-39-38-36-40-44-41-2-6-7-46-45-8-5-3-1-43-35-37-54-68-55-53-10-9-13-17-14-58-25-48-24-60-4-70-0,467.6556959028699,seed608_lns_start81_mixed_best_rm6_tw10
0-69-65-64-31-29-27-28-30-51-18-21-23-19-22-57-52-59-9-13-15-16-17-47-14-11-10-12-53-8-6-46-4-3-1-43-35-37-54-68-70-60-55-0,468.0617867918532,seed604_lns_start14_mixed_regret_rm6_tw15
0-2-5-45-61-67-33-30-28-27-29-41-38-36-40-39-44-42-1-3-4-46-8-7-6-60-17-13-10-55-70-43-35-37-54-68-0,468.1185228206758,seed607_lns_start16_mixed_random_best_rm8_tw6
0-2-5-45-61-33-30-28-27-29-31-41-38-36-40-39-44-42-1-3-4-46-8-7-6-60-17-13-10-55-70-43-35-37-54-68-0,468.6106914635716,seed603_lns_start16_mixed_random_best_rm6_tw6
